filename,extension,relative_path,file_size_bytes,readable,width,height,aspect_ratio,mode,channels,format,sha256,anomalies,class_name,dataset_name,dataset_role
IMG20241103120555.jpg,.jpg,Blast/IMG20241103120555.jpg,5450,True,300,300,1.0,RGB,3,JPEG,977444a74c9c42575c4695ead68185e16a46e05fdae588ef65f501fcbab1f817,,Blast,RiceLeafDisease_BD5,EXTERNAL_FIELD_DATASET
IMG20241103120555_01.jpg,.jpg,Blast/IMG20241103120555_01.jpg,5581,True,300,300,1.0,RGB,3,JPEG,bec90cd0a96d3bfc7478e4899d6d9dbd8f440d6851332b359e581f7aa47c9b89,,Blast,RiceLeafDisease_BD5,EXTERNAL_FIELD_DATASET
IMG20241103120556.jpg,.jpg,Blast/IMG20241103120556.jpg,5530,True,300,300,1.0,RGB,3,JPEG,ff2faebc32724d0b18732602b9ed9b9dbe8603579da8f680ac4b4b2cfe89da6a,,Blast,RiceLeafDisease_BD5,EXTERNAL_FIELD_DATASET
IMG20241103120607.jpg,.jpg,Blast/IMG20241103120607.jpg,4594,True,300,300,1.0,RGB,3,JPEG,003c580528116860da7156b2281f8f5f996c9815c7c6df886235b75bbee2fc6f,,Blast,RiceLeafDisease_BD5,EXTERNAL_FIELD_DATASET
IMG20241103120608.jpg,.jpg,Blast/IMG20241103120608.jpg,4649,True,300,300,1.0,RGB,3,JPEG,1c181aa60a2434598bc8c3d396d12eb949022c32492f3dce4d07cb9d463da3e6,,Blast,RiceLeafDisease_BD5,EXTERNAL_FIELD_DATASET
IMG20241103120618.jpg,.jpg,Blast/IMG20241103120618.jpg,5420,True,300,300,1.0,RGB,3,JPEG,31d86162fddac7cbbf95702dc19fb33a95c8781c244afec7edef6f301c90a937,,Blast,RiceLeafDisease_BD5,EXTERNAL_FIELD_DATASET
IMG20241103120619.jpg,.jpg,Blast/IMG20241103120619.jpg,5416,True,300,300,1.0,RGB,3,JPEG,f4a60672f744cf444da8948f6f92e3d8bd0e8a06b14634d32a7a6f79ab9a0b6b,,Blast,RiceLeafDisease_BD5,EXTERNAL_FIELD_DATASET
IMG20241103120624.jpg,.jpg,Blast/IMG20241103120624.jpg,7982,True,300,300,1.0,RGB,3,JPEG,3a9fdc04f7d72e6661eafa6fb582e8cb225fb4f4268dd1ff66a551d6dbd78b88,,Blast,RiceLeafDisease_BD5,EXTERNAL_FIELD_DATASET
IMG20241103120624_01.jpg,.jpg,Blast/IMG20241103120624_01.jpg,7725,True,300,300,1.0,RGB,3,JPEG,d4cbdf0a44cc65bfdafe6d6484df12e0f1fbfcc4edf8b8dca97ae5395532d4d7,,Blast,RiceLeafDisease_BD5,EXTERNAL_FIELD_DATASET
IMG20241103120625.jpg,.jpg,Blast/IMG20241103120625.jpg,7648,True,300,300,1.0,RGB,3,JPEG,cb952ef5c1c8b6ec010901cc00a0ef740e9595b5cffec3580f34c23e7c8d8fc1,,Blast,RiceLeafDisease_BD5,EXTERNAL_FIELD_DATASET
IMG20241103120631.jpg,.jpg,Blast/IMG20241103120631.jpg,7032,True,300,300,1.0,RGB,3,JPEG,b77d1cb8cc5d1b7bdc185126f3a0f091ffe3ec9c96eab3005c16fec85c9867c7,,Blast,RiceLeafDisease_BD5,EXTERNAL_FIELD_DATASET
IMG20241103120632.jpg,.jpg,Blast/IMG20241103120632.jpg,6981,True,300,300,1.0,RGB,3,JPEG,f9ceffe088ed01aa988bcb5e10c80a1203f9e7977e69e17cd3367b3f9971d57c,,Blast,RiceLeafDisease_BD5,EXTERNAL_FIELD_DATASET
IMG20241103120640.jpg,.jpg,Blast/IMG20241103120640.jpg,5541,True,300,300,1.0,RGB,3,JPEG,4b852ae5e140f7808bdedaec8f9bda58e6fb76f81ebabf0a2d06fe8643718403,,Blast,RiceLeafDisease_BD5,EXTERNAL_FIELD_DATASET
IMG20241103120640_01.jpg,.jpg,Blast/IMG20241103120640_01.jpg,5355,True,300,300,1.0,RGB,3,JPEG,08b058ff9fa31e200e3ed93595d2b303b2071331b968f7ad798a18f2ea51e8e8,,Blast,RiceLeafDisease_BD5,EXTERNAL_FIELD_DATASET
IMG20241103120653.jpg,.jpg,Blast/IMG20241103120653.jpg,6529,True,300,300,1.0,RGB,3,JPEG,2de70be747e765f38a14638b818130d4594d8dee93e2f911ab673e308e1a0b77,,Blast,RiceLeafDisease_BD5,EXTERNAL_FIELD_DATASET
IMG20241103120701.jpg,.jpg,Blast/IMG20241103120701.jpg,5375,True,300,300,1.0,RGB,3,JPEG,25fd345f39981c371ce0d3efcff539de2bd7ef589ac47b00da43d1f16046e24d,,Blast,RiceLeafDisease_BD5,EXTERNAL_FIELD_DATASET
IMG20241103120715.jpg,.jpg,Blast/IMG20241103120715.jpg,5602,True,300,300,1.0,RGB,3,JPEG,3585af22e91404b9755a148051b3b1fa170610c5396ac94af8b46fe496b4f74a,,Blast,RiceLeafDisease_BD5,EXTERNAL_FIELD_DATASET
IMG20241103120721.jpg,.jpg,Blast/IMG20241103120721.jpg,8173,True,300,300,1.0,RGB,3,JPEG,1190b53a0ac1d2ffcbcbe79e2b09f8f96552a2b121fd1470c641a95fa10c1fc7,,Blast,RiceLeafDisease_BD5,EXTERNAL_FIELD_DATASET
IMG20241103120743.jpg,.jpg,Blast/IMG20241103120743.jpg,7705,True,300,300,1.0,RGB,3,JPEG,155beceac074336a4885561fa223a37c7822970c100da2bfdc84f4a4a896e965,,Blast,RiceLeafDisease_BD5,EXTERNAL_FIELD_DATASET
IMG20241103120744.jpg,.jpg,Blast/IMG20241103120744.jpg,7181,True,300,300,1.0,RGB,3,JPEG,b62f2ce24db8c85b80c139aecabac36af8ae5e10d6d3ac0b3713a2d053da8f27,,Blast,RiceLeafDisease_BD5,EXTERNAL_FIELD_DATASET
IMG20241103120758.jpg,.jpg,Blast/IMG20241103120758.jpg,7117,True,300,300,1.0,RGB,3,JPEG,df9643a16523bd2ceb99e376d6087b76efb25cb5cda0bd70b4682b62fcbe6b4e,,Blast,RiceLeafDisease_BD5,EXTERNAL_FIELD_DATASET
IMG20241103120758_01.jpg,.jpg,Blast/IMG20241103120758_01.jpg,7051,True,300,300,1.0,RGB,3,JPEG,65ea0395dd86e6b8ad6a86dff0f953b672e9ff148dcc664f07df783268619cc6,,Blast,RiceLeafDisease_BD5,EXTERNAL_FIELD_DATASET
IMG20241103120810.jpg,.jpg,Blast/IMG20241103120810.jpg,4603,True,300,300,1.0,RGB,3,JPEG,7167d812a3b4ece76988cba1160486da086426231f7dd7a3e0568af23c8843c1,,Blast,RiceLeafDisease_BD5,EXTERNAL_FIELD_DATASET
IMG20241103120812.jpg,.jpg,Blast/IMG20241103120812.jpg,4462,True,300,300,1.0,RGB,3,JPEG,11f3af0c237ad3d5ff8d2e9a3ae3b80681a8e07c943d7693a4fd23f262e09853,,Blast,RiceLeafDisease_BD5,EXTERNAL_FIELD_DATASET
IMG20241103120813.jpg,.jpg,Blast/IMG20241103120813.jpg,4472,True,300,300,1.0,RGB,3,JPEG,8a518ec60f8c0bca360560bd2ba2c6b704b91daf50fae328bd3ae546d1e44372,,Blast,RiceLeafDisease_BD5,EXTERNAL_FIELD_DATASET
IMG20241103120817.jpg,.jpg,Blast/IMG20241103120817.jpg,5788,True,300,300,1.0,RGB,3,JPEG,8189f5d15151f482b3ccb197bc27c876d9937b6be9f8fcbfe45d82b1cf5acff0,,Blast,RiceLeafDisease_BD5,EXTERNAL_FIELD_DATASET
IMG20241103120819.jpg,.jpg,Blast/IMG20241103120819.jpg,5482,True,300,300,1.0,RGB,3,JPEG,65df0930a2ae26c69d948c4e5f29ac27a7070f2b1362deda910941477c287ecd,,Blast,RiceLeafDisease_BD5,EXTERNAL_FIELD_DATASET
IMG20241103120819_01.jpg,.jpg,Blast/IMG20241103120819_01.jpg,5524,True,300,300,1.0,RGB,3,JPEG,ae6801202ecad928fb77a55cf188cbabaf8d7666487a841f43b9eeb4ad519489,,Blast,RiceLeafDisease_BD5,EXTERNAL_FIELD_DATASET
IMG20241103120828.jpg,.jpg,Blast/IMG20241103120828.jpg,7467,True,300,300,1.0,RGB,3,JPEG,924b708a47dcf63a679d404d4610fe065ad48fe6d160e5a91788b3dc7fb4a98f,,Blast,RiceLeafDisease_BD5,EXTERNAL_FIELD_DATASET
IMG20241103120828_01.jpg,.jpg,Blast/IMG20241103120828_01.jpg,7379,True,300,300,1.0,RGB,3,JPEG,a84ac7c2a9a4083178cb766284b1d1ca398d16cfa830b632dad48c4a876d771a,,Blast,RiceLeafDisease_BD5,EXTERNAL_FIELD_DATASET
IMG20241103120840.jpg,.jpg,Blast/IMG20241103120840.jpg,7836,True,300,300,1.0,RGB,3,JPEG,1916d21a599d043c3d35bb24638a5973f59a671e6a9ab6be087289c0974570a5,,Blast,RiceLeafDisease_BD5,EXTERNAL_FIELD_DATASET
IMG20241103120854.jpg,.jpg,Blast/IMG20241103120854.jpg,8414,True,300,300,1.0,RGB,3,JPEG,c8590082d378a28bb734d19919d5d3fcbb1ca286d3f339d55880d5720d065d9c,,Blast,RiceLeafDisease_BD5,EXTERNAL_FIELD_DATASET
IMG20241103120904.jpg,.jpg,Blast/IMG20241103120904.jpg,3953,True,300,300,1.0,RGB,3,JPEG,869af1cf295a708c5a8ab6183a3613cd507d60991ec9f39e2a9ffa653f28f109,,Blast,RiceLeafDisease_BD5,EXTERNAL_FIELD_DATASET
IMG20241103120905.jpg,.jpg,Blast/IMG20241103120905.jpg,3899,True,300,300,1.0,RGB,3,JPEG,d05cc5f43aa9cb5dc8cf73681161df3e105507ab55d28cc224b53497820b9545,,Blast,RiceLeafDisease_BD5,EXTERNAL_FIELD_DATASET
IMG20241103120910.jpg,.jpg,Blast/IMG20241103120910.jpg,4067,True,300,300,1.0,RGB,3,JPEG,89da52dfe06509c953b091d2aed7549b0923679d0ee63b03bcc4dd4427f8c466,,Blast,RiceLeafDisease_BD5,EXTERNAL_FIELD_DATASET
IMG20241103120918.jpg,.jpg,Blast/IMG20241103120918.jpg,5313,True,300,300,1.0,RGB,3,JPEG,dcf94d27acc85181f9efad1f20441b77c2af8a51860f180af0660965e694da33,,Blast,RiceLeafDisease_BD5,EXTERNAL_FIELD_DATASET
IMG20241103120921.jpg,.jpg,Blast/IMG20241103120921.jpg,5423,True,300,300,1.0,RGB,3,JPEG,89dfa424a2ede354f287e691e1192583253388e65bfbeef79d20d7bdd6a5d132,,Blast,RiceLeafDisease_BD5,EXTERNAL_FIELD_DATASET
IMG20241103120932.jpg,.jpg,Blast/IMG20241103120932.jpg,6762,True,300,300,1.0,RGB,3,JPEG,56c458ef42925ddcd859f92c6761e0b116a252dd35778c5807960c29673a1931,,Blast,RiceLeafDisease_BD5,EXTERNAL_FIELD_DATASET
IMG20241103120939.jpg,.jpg,Blast/IMG20241103120939.jpg,8215,True,300,300,1.0,RGB,3,JPEG,9d3efc692a1a6b98133df6967c2e29820b67b67ee32d89d66873414e9cd82970,,Blast,RiceLeafDisease_BD5,EXTERNAL_FIELD_DATASET
IMG20241103120939_01.jpg,.jpg,Blast/IMG20241103120939_01.jpg,8238,True,300,300,1.0,RGB,3,JPEG,87c593dc94a31eadcc678545d03de73883fa4d32db309ff28498481849e66f19,,Blast,RiceLeafDisease_BD5,EXTERNAL_FIELD_DATASET
IMG20241103120950.jpg,.jpg,Blast/IMG20241103120950.jpg,5596,True,300,300,1.0,RGB,3,JPEG,b074ac680ff2ffab591a14c53b447ee7d68f937fc5d7a7a7558cd6a50ed86f5d,,Blast,RiceLeafDisease_BD5,EXTERNAL_FIELD_DATASET
IMG20241103120952.jpg,.jpg,Blast/IMG20241103120952.jpg,6027,True,300,300,1.0,RGB,3,JPEG,64b3e19bb354bc5bbd87ff9c7b3a66d48f84aef4dfacf95797eb4709af35199c,,Blast,RiceLeafDisease_BD5,EXTERNAL_FIELD_DATASET
IMG20241103121010.jpg,.jpg,Blast/IMG20241103121010.jpg,6732,True,300,300,1.0,RGB,3,JPEG,d55b825adf3d4f48180d7703a8ae73fed03d8c0c21edd77421fd48b164f620fd,,Blast,RiceLeafDisease_BD5,EXTERNAL_FIELD_DATASET
IMG20241103121011.jpg,.jpg,Blast/IMG20241103121011.jpg,6613,True,300,300,1.0,RGB,3,JPEG,498345663e0ae70da08142bcdce1756ae8b510678ad7aef8847952714f680d7b,,Blast,RiceLeafDisease_BD5,EXTERNAL_FIELD_DATASET
IMG20241103121012.jpg,.jpg,Blast/IMG20241103121012.jpg,6560,True,300,300,1.0,RGB,3,JPEG,c3b1efd879735bd895be914ebdbce6f1a082b5ba5ebe3edb8a876ecc7e170aca,,Blast,RiceLeafDisease_BD5,EXTERNAL_FIELD_DATASET
IMG20241103121100.jpg,.jpg,Blast/IMG20241103121100.jpg,4119,True,300,300,1.0,RGB,3,JPEG,078c9368126a2d94213f518e0a3d9f25b07dd9c0b3b6ea1a7290489a8ff7e00e,,Blast,RiceLeafDisease_BD5,EXTERNAL_FIELD_DATASET
IMG20241103121102.jpg,.jpg,Blast/IMG20241103121102.jpg,3877,True,300,300,1.0,RGB,3,JPEG,2fecefef3d88b956a6f8d8ecee3b90be164999d7defb5fe6bb8fad4dd3ed55d6,,Blast,RiceLeafDisease_BD5,EXTERNAL_FIELD_DATASET
IMG20241103121103.jpg,.jpg,Blast/IMG20241103121103.jpg,3845,True,300,300,1.0,RGB,3,JPEG,76e3ab82e410502ffb948edd78269b428978cf582aeaae545331e8059666c862,,Blast,RiceLeafDisease_BD5,EXTERNAL_FIELD_DATASET
IMG20241103121106.jpg,.jpg,Blast/IMG20241103121106.jpg,5698,True,300,300,1.0,RGB,3,JPEG,bd8784de97ca116e1ead906ff14cfca39f2216f639afb5ec6d2d4323064e4d05,,Blast,RiceLeafDisease_BD5,EXTERNAL_FIELD_DATASET
IMG20241103121107.jpg,.jpg,Blast/IMG20241103121107.jpg,5848,True,300,300,1.0,RGB,3,JPEG,c46b97c8898e4d1835f2690b2f2de2a667dbb566d51412747eac858d48fef5a0,,Blast,RiceLeafDisease_BD5,EXTERNAL_FIELD_DATASET
IMG20241103121112.jpg,.jpg,Blast/IMG20241103121112.jpg,7419,True,300,300,1.0,RGB,3,JPEG,27247d860f17cb6bc10515e89bb050e103af2a0d2b58075f1de95a49a450908d,,Blast,RiceLeafDisease_BD5,EXTERNAL_FIELD_DATASET
IMG20241103121113.jpg,.jpg,Blast/IMG20241103121113.jpg,7327,True,300,300,1.0,RGB,3,JPEG,2339787c2098c66bc3374d00d4625fc4e4b8eae63dc11e505edbb303b9437d2b,,Blast,RiceLeafDisease_BD5,EXTERNAL_FIELD_DATASET
IMG20241103121120.jpg,.jpg,Blast/IMG20241103121120.jpg,6426,True,300,300,1.0,RGB,3,JPEG,4394cad94e380fb2eb02ff89628cff09f10bebf6b24be03eb42e8de51af1cc0d,,Blast,RiceLeafDisease_BD5,EXTERNAL_FIELD_DATASET
IMG20241103121121.jpg,.jpg,Blast/IMG20241103121121.jpg,6199,True,300,300,1.0,RGB,3,JPEG,153ee79f18b3715eb25f64b4d859338bce5911a29a42737338bd11f71ad172e8,,Blast,RiceLeafDisease_BD5,EXTERNAL_FIELD_DATASET
IMG20241103121122.jpg,.jpg,Blast/IMG20241103121122.jpg,6176,True,300,300,1.0,RGB,3,JPEG,127b967b531bdd14df046376ad04bca2dd9a0cb1899aac18342b0b14e6b50464,,Blast,RiceLeafDisease_BD5,EXTERNAL_FIELD_DATASET
IMG20241103121129.jpg,.jpg,Blast/IMG20241103121129.jpg,7634,True,300,300,1.0,RGB,3,JPEG,bfbce8868b025c867c4bb6c5cf0e02a4a8f64d133e076249e83d5b6ba228e1cd,,Blast,RiceLeafDisease_BD5,EXTERNAL_FIELD_DATASET
IMG20241103121135_01.jpg,.jpg,Blast/IMG20241103121135_01.jpg,7401,True,300,300,1.0,RGB,3,JPEG,a511239d953c1bcbd9b0e36b8416914ad05e2d8dde02606890617a7cd586b9f6,,Blast,RiceLeafDisease_BD5,EXTERNAL_FIELD_DATASET
IMG20241103121150.jpg,.jpg,Blast/IMG20241103121150.jpg,5508,True,300,300,1.0,RGB,3,JPEG,30a9631c891cb6586e71da2b55e375ccfad4cb017c337ccdf9c085e5c8edb8eb,,Blast,RiceLeafDisease_BD5,EXTERNAL_FIELD_DATASET
IMG20241103121151.jpg,.jpg,Blast/IMG20241103121151.jpg,5273,True,300,300,1.0,RGB,3,JPEG,e34f8516e2c304ed5ccf779abe676611836720e90ed18b9ef5a725ead7fec26b,,Blast,RiceLeafDisease_BD5,EXTERNAL_FIELD_DATASET
IMG20241103121200.jpg,.jpg,Blast/IMG20241103121200.jpg,4006,True,300,300,1.0,RGB,3,JPEG,f60ae7a824785c8e1556256be51fa74324412c4e9f36868707e37c2d235866c2,,Blast,RiceLeafDisease_BD5,EXTERNAL_FIELD_DATASET
IMG20241103121203.jpg,.jpg,Blast/IMG20241103121203.jpg,4275,True,300,300,1.0,RGB,3,JPEG,4bd262a497f9d9f90889ba78645c7f7f33c4204cf56be438e0fc458eb8c4deb0,,Blast,RiceLeafDisease_BD5,EXTERNAL_FIELD_DATASET
IMG20241103121204.jpg,.jpg,Blast/IMG20241103121204.jpg,4230,True,300,300,1.0,RGB,3,JPEG,06b9b00708fbc5194c6445a012e90437b658c2648410e03c71139091e872db70,,Blast,RiceLeafDisease_BD5,EXTERNAL_FIELD_DATASET
IMG20241103121253.jpg,.jpg,Blast/IMG20241103121253.jpg,4579,True,300,300,1.0,RGB,3,JPEG,263cf7efc0aa4d11f283c8316e346099860352ce3daf3b019861cb0de781df22,,Blast,RiceLeafDisease_BD5,EXTERNAL_FIELD_DATASET
IMG20241103121254.jpg,.jpg,Blast/IMG20241103121254.jpg,4489,True,300,300,1.0,RGB,3,JPEG,302196015cae163d18051a75f7f2a8aa5bc64f1306760bf2b47eeb4e9c18b7f6,,Blast,RiceLeafDisease_BD5,EXTERNAL_FIELD_DATASET
IMG20241103121255.jpg,.jpg,Blast/IMG20241103121255.jpg,4624,True,300,300,1.0,RGB,3,JPEG,f98b7879f0014749a9c2bd1da7cc3cb614e1119d5711a760d57753a8c4b2215b,,Blast,RiceLeafDisease_BD5,EXTERNAL_FIELD_DATASET
IMG20241103121301.jpg,.jpg,Blast/IMG20241103121301.jpg,5471,True,300,300,1.0,RGB,3,JPEG,71a6f7b3ff29d989aecdb20225c8210a9bd6776f6b06fcea850083018d50ea66,,Blast,RiceLeafDisease_BD5,EXTERNAL_FIELD_DATASET
IMG20241103121302.jpg,.jpg,Blast/IMG20241103121302.jpg,5566,True,300,300,1.0,RGB,3,JPEG,d5bf4266ff57a646b5db980f4a96a1d896960c132757ef595c661e423cb1307d,,Blast,RiceLeafDisease_BD5,EXTERNAL_FIELD_DATASET
IMG20241103121323.jpg,.jpg,Blast/IMG20241103121323.jpg,7226,True,300,300,1.0,RGB,3,JPEG,6a0bca5af85a4e0aacea81269edbf0b45e08236a2191a8fc5862d333dfc27428,,Blast,RiceLeafDisease_BD5,EXTERNAL_FIELD_DATASET
IMG20241103121324.jpg,.jpg,Blast/IMG20241103121324.jpg,7159,True,300,300,1.0,RGB,3,JPEG,d7c9155c5685727247f55822b0f42bdc57588597c4b553eb80ca9e4011e60688,,Blast,RiceLeafDisease_BD5,EXTERNAL_FIELD_DATASET
IMG20241103121333.jpg,.jpg,Blast/IMG20241103121333.jpg,5319,True,300,300,1.0,RGB,3,JPEG,dd2ae1b46a92c36df7947ceeb288ad51ee2be2a2992ecfe9236b4aedd87a093c,,Blast,RiceLeafDisease_BD5,EXTERNAL_FIELD_DATASET
IMG20241103121334.jpg,.jpg,Blast/IMG20241103121334.jpg,5263,True,300,300,1.0,RGB,3,JPEG,288521c069e77b9f1a0460d8619ee6d809d5df3ead68efc8aef022544d5a94b7,,Blast,RiceLeafDisease_BD5,EXTERNAL_FIELD_DATASET
IMG20241103121336.jpg,.jpg,Blast/IMG20241103121336.jpg,5149,True,300,300,1.0,RGB,3,JPEG,d7eeffe7517cb2879c2cf51f0d7b4c359e9f92262e69689c136b5fbe4f7d95f6,,Blast,RiceLeafDisease_BD5,EXTERNAL_FIELD_DATASET
IMG20241103121343.jpg,.jpg,Blast/IMG20241103121343.jpg,7329,True,300,300,1.0,RGB,3,JPEG,1c91e53a8d50a7d68cceb94b67cf1ae423056053ec8432f67d21189be3c8007f,,Blast,RiceLeafDisease_BD5,EXTERNAL_FIELD_DATASET
IMG20241103121344.jpg,.jpg,Blast/IMG20241103121344.jpg,6909,True,300,300,1.0,RGB,3,JPEG,6aacfb8ef009320b0590826b4598b7f7f3e46fdd57559a9a57e7393af065c1d7,,Blast,RiceLeafDisease_BD5,EXTERNAL_FIELD_DATASET
IMG20241103121440.jpg,.jpg,Blast/IMG20241103121440.jpg,4553,True,300,300,1.0,RGB,3,JPEG,139e7aca82862ece8d0ec233639ad3e9785a8164257d6b77b6fcd647baa8f32a,,Blast,RiceLeafDisease_BD5,EXTERNAL_FIELD_DATASET
IMG20241103121441.jpg,.jpg,Blast/IMG20241103121441.jpg,4742,True,300,300,1.0,RGB,3,JPEG,c1c64b7c286c7609a93b2ed5b1002c7fb855d4427d13fc407a970558d7700dfe,,Blast,RiceLeafDisease_BD5,EXTERNAL_FIELD_DATASET
IMG20241103121450.jpg,.jpg,Blast/IMG20241103121450.jpg,5761,True,300,300,1.0,RGB,3,JPEG,70d411c3b59f5dbb84987050ff2a90bd13a0cc870ee3a90eb8acc415e109731e,,Blast,RiceLeafDisease_BD5,EXTERNAL_FIELD_DATASET
IMG20241103121450_01.jpg,.jpg,Blast/IMG20241103121450_01.jpg,5792,True,300,300,1.0,RGB,3,JPEG,fea03fd149abb7b3ee23815794268caa08c230c3069b451b4a3451fae26f5d25,,Blast,RiceLeafDisease_BD5,EXTERNAL_FIELD_DATASET
IMG20241103121501.jpg,.jpg,Blast/IMG20241103121501.jpg,8105,True,300,300,1.0,RGB,3,JPEG,f68d5e0104972b9af57c7a5f284eddb89574cbb365f48c2fd7e62b85e8440d99,,Blast,RiceLeafDisease_BD5,EXTERNAL_FIELD_DATASET
IMG20241103121503.jpg,.jpg,Blast/IMG20241103121503.jpg,8179,True,300,300,1.0,RGB,3,JPEG,dace705de9c6f3e7bda04b088e837095889abae08ac68500ea02ae6b8353c313,,Blast,RiceLeafDisease_BD5,EXTERNAL_FIELD_DATASET
IMG20241103121503_01.jpg,.jpg,Blast/IMG20241103121503_01.jpg,7904,True,300,300,1.0,RGB,3,JPEG,6a8845195932108b033e3ec145674e9947339c274d618d8bb1e15bbb33cc0101,,Blast,RiceLeafDisease_BD5,EXTERNAL_FIELD_DATASET
IMG20241103121549.jpg,.jpg,Blast/IMG20241103121549.jpg,5114,True,300,300,1.0,RGB,3,JPEG,c697cd4e69cd07ac5fce7da9255ba0e12d6cb77c5b17527024ec905507b0d6ad,,Blast,RiceLeafDisease_BD5,EXTERNAL_FIELD_DATASET
IMG20241103121550.jpg,.jpg,Blast/IMG20241103121550.jpg,5188,True,300,300,1.0,RGB,3,JPEG,262a4fef8a402dc6ce6f2cdee4167f212084d10d2c791a77fcd14810e1e4ff6e,,Blast,RiceLeafDisease_BD5,EXTERNAL_FIELD_DATASET
IMG20241103121552.jpg,.jpg,Blast/IMG20241103121552.jpg,4637,True,300,300,1.0,RGB,3,JPEG,4ee54d5c4596fbf37c9e50140b4d964a6695bfc8e030f9479476518186acea16,,Blast,RiceLeafDisease_BD5,EXTERNAL_FIELD_DATASET
IMG20241103121558.jpg,.jpg,Blast/IMG20241103121558.jpg,5876,True,300,300,1.0,RGB,3,JPEG,13d0041f6037966e2cf160720a89ae72f8dd7c25d4937c5523b5d32696ec6326,,Blast,RiceLeafDisease_BD5,EXTERNAL_FIELD_DATASET
IMG20241103121559.jpg,.jpg,Blast/IMG20241103121559.jpg,5746,True,300,300,1.0,RGB,3,JPEG,649336bc3a660a774cb97b25716671545fe0ae0e86f54bae76f3a0bc44f657b1,,Blast,RiceLeafDisease_BD5,EXTERNAL_FIELD_DATASET
IMG20241103121609.jpg,.jpg,Blast/IMG20241103121609.jpg,8009,True,300,300,1.0,RGB,3,JPEG,47510588da58133f87df69507207c8327e7b195239c656af5a0a25beb21bd1a6,,Blast,RiceLeafDisease_BD5,EXTERNAL_FIELD_DATASET
IMG20241103121610.jpg,.jpg,Blast/IMG20241103121610.jpg,8074,True,300,300,1.0,RGB,3,JPEG,64d7a90a2ebbd880d1c6e2d9cc8d15733c2fd20fa4ea3471e47db8bacd54d4bc,,Blast,RiceLeafDisease_BD5,EXTERNAL_FIELD_DATASET
IMG20241103121610_01.jpg,.jpg,Blast/IMG20241103121610_01.jpg,8024,True,300,300,1.0,RGB,3,JPEG,16e09626323c14a334c938ec49a3cd450bf04eb75b3781ea91fe6f978a2b51a6,,Blast,RiceLeafDisease_BD5,EXTERNAL_FIELD_DATASET
IMG20241103121613.jpg,.jpg,Blast/IMG20241103121613.jpg,8480,True,300,300,1.0,RGB,3,JPEG,d6f2d16bce9ea31384d9c49ab90703288d988be7a1e0300dccd41d2e3a42d526,,Blast,RiceLeafDisease_BD5,EXTERNAL_FIELD_DATASET
IMG20241103121623.jpg,.jpg,Blast/IMG20241103121623.jpg,8566,True,300,300,1.0,RGB,3,JPEG,f634d3286bda6f1d977119b7da87598bca631afe1e24f1b07b92fde736669864,,Blast,RiceLeafDisease_BD5,EXTERNAL_FIELD_DATASET
IMG20241103121624.jpg,.jpg,Blast/IMG20241103121624.jpg,8657,True,300,300,1.0,RGB,3,JPEG,da0f43114a1ce4a38cb7fce5b2f7d4cde878cf0b5d30b7b7a1ddf652dd1e5c18,,Blast,RiceLeafDisease_BD5,EXTERNAL_FIELD_DATASET
IMG20241103121625.jpg,.jpg,Blast/IMG20241103121625.jpg,8598,True,300,300,1.0,RGB,3,JPEG,3d3166d4ee00c8298292b7d15775d82ca97295a40e0bb337cdc387b2a7e30ddc,,Blast,RiceLeafDisease_BD5,EXTERNAL_FIELD_DATASET
IMG20241103121643.jpg,.jpg,Blast/IMG20241103121643.jpg,4912,True,300,300,1.0,RGB,3,JPEG,0a6c097db8b5ffad45dd6af35cf8c4a2984854382b6db0fe45d1b9a2060f7914,,Blast,RiceLeafDisease_BD5,EXTERNAL_FIELD_DATASET
IMG20241103121644.jpg,.jpg,Blast/IMG20241103121644.jpg,4957,True,300,300,1.0,RGB,3,JPEG,40ff389030d7141f35de21d2f51c7ffca18c3e36e9508fe7bb52842a3df0bdc5,,Blast,RiceLeafDisease_BD5,EXTERNAL_FIELD_DATASET
IMG20241103121705.jpg,.jpg,Blast/IMG20241103121705.jpg,7175,True,300,300,1.0,RGB,3,JPEG,cdc1376223f4e94355adfb5a6e9953f9c6f491d2d0281c31b17d98b120c7feb5,,Blast,RiceLeafDisease_BD5,EXTERNAL_FIELD_DATASET
IMG20241103121706.jpg,.jpg,Blast/IMG20241103121706.jpg,7010,True,300,300,1.0,RGB,3,JPEG,3af2caad8c0a81932e60da9e8aa2fed4e428815ed834411169b18de0e24e1cf9,,Blast,RiceLeafDisease_BD5,EXTERNAL_FIELD_DATASET
IMG20241103121711.jpg,.jpg,Blast/IMG20241103121711.jpg,7427,True,300,300,1.0,RGB,3,JPEG,baa4a7a958c6a5e6d4d7411264985db388f89f818e092d5480473b478bd3171a,,Blast,RiceLeafDisease_BD5,EXTERNAL_FIELD_DATASET
IMG20241103121712.jpg,.jpg,Blast/IMG20241103121712.jpg,7207,True,300,300,1.0,RGB,3,JPEG,9552e3117943e99af99973637af8f4fc6a2b4440498dd43eb6d1f2f6cba1c3ec,,Blast,RiceLeafDisease_BD5,EXTERNAL_FIELD_DATASET
IMG20241103121719.jpg,.jpg,Blast/IMG20241103121719.jpg,5929,True,300,300,1.0,RGB,3,JPEG,ea6d52363222ab47ae2af9ed6effa47a656bc5c19b19a4b5777394ff013ed8ff,,Blast,RiceLeafDisease_BD5,EXTERNAL_FIELD_DATASET
IMG20241103121719_01.jpg,.jpg,Blast/IMG20241103121719_01.jpg,5751,True,300,300,1.0,RGB,3,JPEG,205c4d813f853e976000ca9d20ace8c4998414ff56edde325caee29a9bbd2ab9,,Blast,RiceLeafDisease_BD5,EXTERNAL_FIELD_DATASET
IMG20241103121720.jpg,.jpg,Blast/IMG20241103121720.jpg,5968,True,300,300,1.0,RGB,3,JPEG,eed6ee9dae11d453a2bfbfd6bbd33b907f29ac95eca7da66010adbf29b335056,,Blast,RiceLeafDisease_BD5,EXTERNAL_FIELD_DATASET
IMG20241103121736.jpg,.jpg,Blast/IMG20241103121736.jpg,5617,True,300,300,1.0,RGB,3,JPEG,8fd0666c46b7c0164f3bdee866f7acea63b9272783c644360911cde22d096296,,Blast,RiceLeafDisease_BD5,EXTERNAL_FIELD_DATASET
IMG20241103121809.jpg,.jpg,Blast/IMG20241103121809.jpg,4792,True,300,300,1.0,RGB,3,JPEG,f29a2140de472acfb3f94348e73a5cef04fceee8730e9a1fad65fb0386130eee,,Blast,RiceLeafDisease_BD5,EXTERNAL_FIELD_DATASET
IMG20241103121827.jpg,.jpg,Blast/IMG20241103121827.jpg,5376,True,300,300,1.0,RGB,3,JPEG,05b4db05ebe4797d2c8bbaf2a47dc9620a857fe5cde039bb1ce13e5cb65145ec,,Blast,RiceLeafDisease_BD5,EXTERNAL_FIELD_DATASET
IMG20241103121827_01.jpg,.jpg,Blast/IMG20241103121827_01.jpg,5387,True,300,300,1.0,RGB,3,JPEG,0a30a0fcfb1256727cb32f6f0a5a25969bf9beca872bd6edfaeb5deb76418c97,,Blast,RiceLeafDisease_BD5,EXTERNAL_FIELD_DATASET
IMG20241103121828.jpg,.jpg,Blast/IMG20241103121828.jpg,5393,True,300,300,1.0,RGB,3,JPEG,6469b711dfe86f90bd02bd3b07a6f0fb5d172b753a7c82281d3530a9361f47bd,,Blast,RiceLeafDisease_BD5,EXTERNAL_FIELD_DATASET
IMG20241103121842.jpg,.jpg,Blast/IMG20241103121842.jpg,6318,True,300,300,1.0,RGB,3,JPEG,b29f823543d94d258e17c5080b369a3391081f7e2a9b43518b6ed8138c7b6c1b,,Blast,RiceLeafDisease_BD5,EXTERNAL_FIELD_DATASET
IMG20241103121843.jpg,.jpg,Blast/IMG20241103121843.jpg,6295,True,300,300,1.0,RGB,3,JPEG,75560afb738089d9905e26d2f1087472d3839a808465f13c4ed555ccd90b7cf7,,Blast,RiceLeafDisease_BD5,EXTERNAL_FIELD_DATASET
IMG20241103121852.jpg,.jpg,Blast/IMG20241103121852.jpg,4781,True,300,300,1.0,RGB,3,JPEG,8e1611901bcd3f758f9d21998750ab656a8c3b8847367001aa6a9463ae318bae,,Blast,RiceLeafDisease_BD5,EXTERNAL_FIELD_DATASET
IMG20241103121921.jpg,.jpg,Blast/IMG20241103121921.jpg,5974,True,300,300,1.0,RGB,3,JPEG,8e912d3711dcb0fa42c09959721ce092901efbad4fde146a82cdc932af1dfae6,,Blast,RiceLeafDisease_BD5,EXTERNAL_FIELD_DATASET
IMG20241103121924.jpg,.jpg,Blast/IMG20241103121924.jpg,4545,True,300,300,1.0,RGB,3,JPEG,d5648f5b35b42ea12df98b6059e8f868d20a315326e27d4b7569ba6991ac0b6e,,Blast,RiceLeafDisease_BD5,EXTERNAL_FIELD_DATASET
IMG20241103121952.jpg,.jpg,Blast/IMG20241103121952.jpg,7643,True,300,300,1.0,RGB,3,JPEG,1b49143f1d8f0b05c16f1c2da54d81919352d2594572cfd7450c5739fa0a8dea,,Blast,RiceLeafDisease_BD5,EXTERNAL_FIELD_DATASET
IMG20241103122002.jpg,.jpg,Blast/IMG20241103122002.jpg,9190,True,300,300,1.0,RGB,3,JPEG,987e4a314cec210c9f96d519034709039ddaccdb158e42d1a16c28a767b01846,,Blast,RiceLeafDisease_BD5,EXTERNAL_FIELD_DATASET
IMG20241103122005_01.jpg,.jpg,Blast/IMG20241103122005_01.jpg,7794,True,300,300,1.0,RGB,3,JPEG,bd9357605273400d038ea9056318a8a17882bcdecd1df9c38d79ad361067e6f4,,Blast,RiceLeafDisease_BD5,EXTERNAL_FIELD_DATASET
IMG20241103122013.jpg,.jpg,Blast/IMG20241103122013.jpg,7061,True,300,300,1.0,RGB,3,JPEG,10e92d4f0a2d6d460737cbed8132b3ff8a260d6b0d38254805d311513a78281c,,Blast,RiceLeafDisease_BD5,EXTERNAL_FIELD_DATASET
IMG20241103122013_01.jpg,.jpg,Blast/IMG20241103122013_01.jpg,6986,True,300,300,1.0,RGB,3,JPEG,5c02a6d581399673b1fc181f721a184f85838616b41fcddde368396ea254a3c8,,Blast,RiceLeafDisease_BD5,EXTERNAL_FIELD_DATASET
IMG20241103122014.jpg,.jpg,Blast/IMG20241103122014.jpg,7046,True,300,300,1.0,RGB,3,JPEG,496db3fdadbd23232535fed6acd4576f1c4d81822e37bfcd3fcff4104e207ddc,,Blast,RiceLeafDisease_BD5,EXTERNAL_FIELD_DATASET
IMG20241103122025.jpg,.jpg,Blast/IMG20241103122025.jpg,5711,True,300,300,1.0,RGB,3,JPEG,602dad703a0c9c71ef06936f0fb9d63fe877fbf066cd11a9ac24baf8d85e5fa5,,Blast,RiceLeafDisease_BD5,EXTERNAL_FIELD_DATASET
IMG20241103122026.jpg,.jpg,Blast/IMG20241103122026.jpg,5482,True,300,300,1.0,RGB,3,JPEG,ce31c53acc8eac042a57a87f664b8e7661dc8e471221141140280cae14531826,,Blast,RiceLeafDisease_BD5,EXTERNAL_FIELD_DATASET
IMG20241103122032.jpg,.jpg,Blast/IMG20241103122032.jpg,7806,True,300,300,1.0,RGB,3,JPEG,63d654d75d06ff48e245d2c05a26b9579d5919c25d7401252ef873c977e3ee8d,,Blast,RiceLeafDisease_BD5,EXTERNAL_FIELD_DATASET
IMG20241103122033.jpg,.jpg,Blast/IMG20241103122033.jpg,7512,True,300,300,1.0,RGB,3,JPEG,493f58f7791483644ba411cbfdec1f0f087e3ea013dd5633e4488038c4f8abcd,,Blast,RiceLeafDisease_BD5,EXTERNAL_FIELD_DATASET
IMG20241103122034.jpg,.jpg,Blast/IMG20241103122034.jpg,7471,True,300,300,1.0,RGB,3,JPEG,bc8e9ffb2394760cb932179d5db98308286d55d8c7728e7a88a17648b6b023b7,,Blast,RiceLeafDisease_BD5,EXTERNAL_FIELD_DATASET
IMG20241103122044.jpg,.jpg,Blast/IMG20241103122044.jpg,7475,True,300,300,1.0,RGB,3,JPEG,0177c5576e4afcd745636d8e197ba39bb01f082681a463581be78f6d469d0f0e,,Blast,RiceLeafDisease_BD5,EXTERNAL_FIELD_DATASET
IMG20241103122051.jpg,.jpg,Blast/IMG20241103122051.jpg,6773,True,300,300,1.0,RGB,3,JPEG,f02beb9d6829892981b3b9999efb1917b598253178e35f314b5872de1a5215dc,,Blast,RiceLeafDisease_BD5,EXTERNAL_FIELD_DATASET
IMG20241103122052.jpg,.jpg,Blast/IMG20241103122052.jpg,6804,True,300,300,1.0,RGB,3,JPEG,df0a9e9e17efe394615e04a402e04c7e44e724e50e31202c8500508ca12843bf,,Blast,RiceLeafDisease_BD5,EXTERNAL_FIELD_DATASET
IMG20241103122053.jpg,.jpg,Blast/IMG20241103122053.jpg,6493,True,300,300,1.0,RGB,3,JPEG,77ad93ae6cbece10fc48ae23a5fe2f615d8ad530816a98551ee1ec5682006f1f,,Blast,RiceLeafDisease_BD5,EXTERNAL_FIELD_DATASET
IMG20241103122105.jpg,.jpg,Blast/IMG20241103122105.jpg,4991,True,300,300,1.0,RGB,3,JPEG,d4a158cfa982dbec67a1df7521d95da02ebd8ba3c1a0cf8da557043cc2c0b435,,Blast,RiceLeafDisease_BD5,EXTERNAL_FIELD_DATASET
IMG20241103122106.jpg,.jpg,Blast/IMG20241103122106.jpg,4676,True,300,300,1.0,RGB,3,JPEG,69dcaf8ecc71101b50123746991ab87398b5b0626306406d906fb65f0b380d97,,Blast,RiceLeafDisease_BD5,EXTERNAL_FIELD_DATASET
IMG20241103122134.jpg,.jpg,Blast/IMG20241103122134.jpg,8011,True,300,300,1.0,RGB,3,JPEG,aa450f63fac9e3200a1d0fa9f594260eb1e41f7b8218472f98f7fa59bbafa445,,Blast,RiceLeafDisease_BD5,EXTERNAL_FIELD_DATASET
IMG20241103122135.jpg,.jpg,Blast/IMG20241103122135.jpg,5552,True,300,300,1.0,RGB,3,JPEG,c824edbbaa012b2ba32da19ec1fd51e1a1813433016f70e45345e6f6b33bb8d7,,Blast,RiceLeafDisease_BD5,EXTERNAL_FIELD_DATASET
IMG20241103122136.jpg,.jpg,Blast/IMG20241103122136.jpg,5642,True,300,300,1.0,RGB,3,JPEG,94b0861e0f2c7b72fa492484e029e8e149ca5085ddd847273c99f51d0a13c353,,Blast,RiceLeafDisease_BD5,EXTERNAL_FIELD_DATASET
IMG20241103122201.jpg,.jpg,Blast/IMG20241103122201.jpg,6667,True,300,300,1.0,RGB,3,JPEG,0b8393f0c32bff754a90e15afd12dc99fa51a3bf5ee7a94f46bce3a8608541eb,,Blast,RiceLeafDisease_BD5,EXTERNAL_FIELD_DATASET
IMG20241103122202.jpg,.jpg,Blast/IMG20241103122202.jpg,7462,True,300,300,1.0,RGB,3,JPEG,fd0a0d1e026067095885c2098d2eb5f2914d2d7b1e4c0aa1895ccfb4ce681f21,,Blast,RiceLeafDisease_BD5,EXTERNAL_FIELD_DATASET
IMG20241103122203.jpg,.jpg,Blast/IMG20241103122203.jpg,6115,True,300,300,1.0,RGB,3,JPEG,da40255bcb96ecc0c040bbee97c9d8b61cce140c297e2b8c55089728c05bd3d1,,Blast,RiceLeafDisease_BD5,EXTERNAL_FIELD_DATASET
IMG20241103122220.jpg,.jpg,Blast/IMG20241103122220.jpg,7763,True,300,300,1.0,RGB,3,JPEG,503b407fd98b718407d0cfa7f5ea46cd8eb55ca90e7db9c31eb28d6d1dd4d04d,,Blast,RiceLeafDisease_BD5,EXTERNAL_FIELD_DATASET
IMG20241103122221.jpg,.jpg,Blast/IMG20241103122221.jpg,7629,True,300,300,1.0,RGB,3,JPEG,2e462d109fd6600e9ac6a2a2bb9a4cba6f548e87bb62270439de82fe2e45efe4,,Blast,RiceLeafDisease_BD5,EXTERNAL_FIELD_DATASET
IMG20241103122222.jpg,.jpg,Blast/IMG20241103122222.jpg,7819,True,300,300,1.0,RGB,3,JPEG,bd1e8e7509b629d792d8b42a91844f8bf08b95f9d2b814a3e5a3af80993658be,,Blast,RiceLeafDisease_BD5,EXTERNAL_FIELD_DATASET
IMG20241103122319.jpg,.jpg,Blast/IMG20241103122319.jpg,6061,True,300,300,1.0,RGB,3,JPEG,9475e611ac64156474804b8825512041b05aa79b0bca25ce9e6d1a50af047db6,,Blast,RiceLeafDisease_BD5,EXTERNAL_FIELD_DATASET
IMG20241103122320.jpg,.jpg,Blast/IMG20241103122320.jpg,6097,True,300,300,1.0,RGB,3,JPEG,2971ddd06abd62cd7c3143bba06c436f050410a4bffcccd2422083804fa74b48,,Blast,RiceLeafDisease_BD5,EXTERNAL_FIELD_DATASET
IMG20241103122322.jpg,.jpg,Blast/IMG20241103122322.jpg,6091,True,300,300,1.0,RGB,3,JPEG,ccd43f2407d8a178f7e73439c0818c94659606c0a85970727653f2e0f320ba79,,Blast,RiceLeafDisease_BD5,EXTERNAL_FIELD_DATASET
IMG20241103122341.jpg,.jpg,Blast/IMG20241103122341.jpg,6341,True,300,300,1.0,RGB,3,JPEG,aafb5cf056d11e7afd0cb6610503aa504bb0ac793fb386c7ad13802d892f121b,,Blast,RiceLeafDisease_BD5,EXTERNAL_FIELD_DATASET
IMG20241103122354.jpg,.jpg,Blast/IMG20241103122354.jpg,7633,True,300,300,1.0,RGB,3,JPEG,1fb114d99fc33dc6ac9fdf08b01363967cbf3f456734e65df33c33dce153fb2c,,Blast,RiceLeafDisease_BD5,EXTERNAL_FIELD_DATASET
IMG20241103122355.jpg,.jpg,Blast/IMG20241103122355.jpg,7820,True,300,300,1.0,RGB,3,JPEG,92fa92d7129d1108957d8e261ed63033d87c81f33f158a2a7364e4770215d78a,,Blast,RiceLeafDisease_BD5,EXTERNAL_FIELD_DATASET
IMG20241103122356.jpg,.jpg,Blast/IMG20241103122356.jpg,5645,True,300,300,1.0,RGB,3,JPEG,918d46019c2ca2115e00b43635e12bbed58a84d446b8e12bb619e4ce67ac047c,,Blast,RiceLeafDisease_BD5,EXTERNAL_FIELD_DATASET
IMG20241103122357.jpg,.jpg,Blast/IMG20241103122357.jpg,5730,True,300,300,1.0,RGB,3,JPEG,f11114dafbfdb8dd53fd786dc50359faa844be5f753c67ce9133a38f35ed2979,,Blast,RiceLeafDisease_BD5,EXTERNAL_FIELD_DATASET
IMG20241103122402_01.jpg,.jpg,Blast/IMG20241103122402_01.jpg,4596,True,300,300,1.0,RGB,3,JPEG,1fcd01d433d2d5accd00a4c29497c75433af4485da9bc4d5ec853e924faee1e3,,Blast,RiceLeafDisease_BD5,EXTERNAL_FIELD_DATASET
IMG20241103122411.jpg,.jpg,Blast/IMG20241103122411.jpg,4377,True,300,300,1.0,RGB,3,JPEG,92b6e88cbf3f1bda9f2974f34741066903a67223e11d0448ff48b148f2bf31d2,,Blast,RiceLeafDisease_BD5,EXTERNAL_FIELD_DATASET
IMG20241103122427.jpg,.jpg,Blast/IMG20241103122427.jpg,5570,True,300,300,1.0,RGB,3,JPEG,ac00c7bcd9c124972d5f1a1453ff4811c212bfc1546a701bb21548ffc2d5ed54,,Blast,RiceLeafDisease_BD5,EXTERNAL_FIELD_DATASET
IMG20241103122434.jpg,.jpg,Blast/IMG20241103122434.jpg,3722,True,300,300,1.0,RGB,3,JPEG,e63c3a5afc718bda3febdce1597f49070f000fa01009569925ca374e1e8f81b4,,Blast,RiceLeafDisease_BD5,EXTERNAL_FIELD_DATASET
IMG20241103122435.jpg,.jpg,Blast/IMG20241103122435.jpg,3595,True,300,300,1.0,RGB,3,JPEG,0f915c93f8cdacf30c3c94ffe64d0fc91d9bde6caef34c553976c44ed8305fb0,,Blast,RiceLeafDisease_BD5,EXTERNAL_FIELD_DATASET
IMG20241103122438.jpg,.jpg,Blast/IMG20241103122438.jpg,5010,True,300,300,1.0,RGB,3,JPEG,2165ba031aca3695979153f7ba140d90bed2b67fa33cd354d0b5d87aa80022d7,,Blast,RiceLeafDisease_BD5,EXTERNAL_FIELD_DATASET
IMG20241103122439.jpg,.jpg,Blast/IMG20241103122439.jpg,4976,True,300,300,1.0,RGB,3,JPEG,1bf35a6c714905f71ff3a6bc975709ca739d1816c7b612f8529feeca7bcf2215,,Blast,RiceLeafDisease_BD5,EXTERNAL_FIELD_DATASET
IMG20241103122448.jpg,.jpg,Blast/IMG20241103122448.jpg,3918,True,300,300,1.0,RGB,3,JPEG,287607f6b2cdfc4220d0102d8781eae96186dfaf0d6231454d5843ebf09927d7,,Blast,RiceLeafDisease_BD5,EXTERNAL_FIELD_DATASET
IMG20241103122450.jpg,.jpg,Blast/IMG20241103122450.jpg,4052,True,300,300,1.0,RGB,3,JPEG,d1ebacb6fe8045f6eacf1aae5ba1ce83ab98118e9f9c77f793773c50972fdfce,,Blast,RiceLeafDisease_BD5,EXTERNAL_FIELD_DATASET
IMG20241103122451.jpg,.jpg,Blast/IMG20241103122451.jpg,3809,True,300,300,1.0,RGB,3,JPEG,7f167a72c68d5ac153efd3ae96d3ec74b07fd8e3a2cfbb94b6082a50cdb3734e,,Blast,RiceLeafDisease_BD5,EXTERNAL_FIELD_DATASET
IMG20241103122911.jpg,.jpg,Blast/IMG20241103122911.jpg,6714,True,300,300,1.0,RGB,3,JPEG,5ca25b4d76784dda6ae918edc78d0b7c1a50e49b7cf5889f57808095c3bc1f76,,Blast,RiceLeafDisease_BD5,EXTERNAL_FIELD_DATASET
IMG20241103122912.jpg,.jpg,Blast/IMG20241103122912.jpg,5853,True,300,300,1.0,RGB,3,JPEG,233c28a488451b93f091a577f71bbf67db3a51fead77b59a23556ae2075a0841,,Blast,RiceLeafDisease_BD5,EXTERNAL_FIELD_DATASET
IMG20241103122912_01.jpg,.jpg,Blast/IMG20241103122912_01.jpg,5895,True,300,300,1.0,RGB,3,JPEG,ca7487d7395c5c11f9f1e30c3409991f2dd8870e1442248bf23fd20d055bc4bb,,Blast,RiceLeafDisease_BD5,EXTERNAL_FIELD_DATASET
IMG20241103122915.jpg,.jpg,Blast/IMG20241103122915.jpg,4929,True,300,300,1.0,RGB,3,JPEG,f3ec59c71d5abbfc17662429da079744d6c28e4dbfefb34544b0045eb1269e77,,Blast,RiceLeafDisease_BD5,EXTERNAL_FIELD_DATASET
IMG20241103122916.jpg,.jpg,Blast/IMG20241103122916.jpg,4843,True,300,300,1.0,RGB,3,JPEG,a037424bbab36202b21c826ca249a37922ba392edf82995ad4919c96f20fb36d,,Blast,RiceLeafDisease_BD5,EXTERNAL_FIELD_DATASET
IMG20241103122933.jpg,.jpg,Blast/IMG20241103122933.jpg,4474,True,300,300,1.0,RGB,3,JPEG,86d938863b5198077e7e11f7dbb37c00ff316d5f0e73c3e93100d25fb4eb6726,,Blast,RiceLeafDisease_BD5,EXTERNAL_FIELD_DATASET
IMG20241103122933_01.jpg,.jpg,Blast/IMG20241103122933_01.jpg,4499,True,300,300,1.0,RGB,3,JPEG,ab7b7642e574f0f00726d996156ee8e045b123803c3b6478113eb2e81cbd70e4,,Blast,RiceLeafDisease_BD5,EXTERNAL_FIELD_DATASET
IMG20241103122943.jpg,.jpg,Blast/IMG20241103122943.jpg,4489,True,300,300,1.0,RGB,3,JPEG,dc80ea01fdb116c72c7d0c837b990e947f772368fe22389efa734b781d7b8370,,Blast,RiceLeafDisease_BD5,EXTERNAL_FIELD_DATASET
IMG20241103122943_01.jpg,.jpg,Blast/IMG20241103122943_01.jpg,4490,True,300,300,1.0,RGB,3,JPEG,8f537bd826cac16b5cf1d8a0dbb9391d192998f252abe9d6584a0e6b728856ec,,Blast,RiceLeafDisease_BD5,EXTERNAL_FIELD_DATASET
IMG20241103122956.jpg,.jpg,Blast/IMG20241103122956.jpg,5787,True,300,300,1.0,RGB,3,JPEG,39e439f28e0eb93554b6d86b2b73d50e69c45c26bebd31968ac47039a63cb98c,,Blast,RiceLeafDisease_BD5,EXTERNAL_FIELD_DATASET
IMG20241103122957.jpg,.jpg,Blast/IMG20241103122957.jpg,5785,True,300,300,1.0,RGB,3,JPEG,febf485f55e543df533b123cc085d6105435fe0d3191728c85c29f8696e58743,,Blast,RiceLeafDisease_BD5,EXTERNAL_FIELD_DATASET
IMG20241103122958.jpg,.jpg,Blast/IMG20241103122958.jpg,5800,True,300,300,1.0,RGB,3,JPEG,615e7e7dd9b369c16e30eaf785262d1afb682e9f1f909b84259097d14f3f3903,,Blast,RiceLeafDisease_BD5,EXTERNAL_FIELD_DATASET
IMG20241103123015.jpg,.jpg,Blast/IMG20241103123015.jpg,5993,True,300,300,1.0,RGB,3,JPEG,d98c2745f498b0a5de81a52d87efdca4d16cf6f5502e0a51eda241c7ec66250e,,Blast,RiceLeafDisease_BD5,EXTERNAL_FIELD_DATASET
IMG20241103123016.jpg,.jpg,Blast/IMG20241103123016.jpg,5910,True,300,300,1.0,RGB,3,JPEG,370af9ffa2b706abb65af5ef99bb44ac363c4574474aee6453d509e49efea005,,Blast,RiceLeafDisease_BD5,EXTERNAL_FIELD_DATASET
IMG20241103123017.jpg,.jpg,Blast/IMG20241103123017.jpg,5964,True,300,300,1.0,RGB,3,JPEG,eefcb578e085fcb0b425f087b9d41a3aae034c4d88bb2622cd5d7a6708d0a449,,Blast,RiceLeafDisease_BD5,EXTERNAL_FIELD_DATASET
IMG20241103123046.jpg,.jpg,Blast/IMG20241103123046.jpg,4550,True,300,300,1.0,RGB,3,JPEG,cc55655ca1908c2958e00897f4782c3169676c0da025bcf4ece79341aedcd617,,Blast,RiceLeafDisease_BD5,EXTERNAL_FIELD_DATASET
IMG20241103123048.jpg,.jpg,Blast/IMG20241103123048.jpg,4492,True,300,300,1.0,RGB,3,JPEG,60f6e51d9f3c196297e0ab05fe3cc03da33be788ac207a34609f74c0ac550c32,,Blast,RiceLeafDisease_BD5,EXTERNAL_FIELD_DATASET
IMG20241103123048_01.jpg,.jpg,Blast/IMG20241103123048_01.jpg,4477,True,300,300,1.0,RGB,3,JPEG,50b6ce682545c3d14d297871e7d63ce7590dd9e3a8821937db9d239cf1886141,,Blast,RiceLeafDisease_BD5,EXTERNAL_FIELD_DATASET
IMG20241103123115.jpg,.jpg,Blast/IMG20241103123115.jpg,4513,True,300,300,1.0,RGB,3,JPEG,f0467e5768f4b5d1ea3d882be53eb38aacbc95382d1251e8431a5951ec8569bf,,Blast,RiceLeafDisease_BD5,EXTERNAL_FIELD_DATASET
IMG20241103123127.jpg,.jpg,Blast/IMG20241103123127.jpg,4783,True,300,300,1.0,RGB,3,JPEG,1879629dd4f167fba00eb928b14382fff0bed968b89499e247a5d70a0691d7a3,,Blast,RiceLeafDisease_BD5,EXTERNAL_FIELD_DATASET
IMG20241103123128.jpg,.jpg,Blast/IMG20241103123128.jpg,4827,True,300,300,1.0,RGB,3,JPEG,8d25aa2eac06058e789bcbea31d47f125472e7d2f6d710e7c5e15aa06790af5c,,Blast,RiceLeafDisease_BD5,EXTERNAL_FIELD_DATASET
IMG20241103123129.jpg,.jpg,Blast/IMG20241103123129.jpg,4916,True,300,300,1.0,RGB,3,JPEG,298315a90ad679e53533f9e28fdccb3f13c38838fc82395a00798c3ed1f798f3,,Blast,RiceLeafDisease_BD5,EXTERNAL_FIELD_DATASET
IMG20241103123138.jpg,.jpg,Blast/IMG20241103123138.jpg,5884,True,300,300,1.0,RGB,3,JPEG,646eef56ca81b31739c19575e2207b4782671059f0333a0cf863d1f1d57253a2,,Blast,RiceLeafDisease_BD5,EXTERNAL_FIELD_DATASET
IMG20241103123144.jpg,.jpg,Blast/IMG20241103123144.jpg,6900,True,300,300,1.0,RGB,3,JPEG,09aae646d27b6b101e13e7d73db8fc41f20e72dd4f40c05e68011d63e8dea492,,Blast,RiceLeafDisease_BD5,EXTERNAL_FIELD_DATASET
IMG20241103123151.jpg,.jpg,Blast/IMG20241103123151.jpg,5999,True,300,300,1.0,RGB,3,JPEG,c9d4f78aee0a5a86569253ed156072f633250dbd88eca9522f106fb5eacb607e,,Blast,RiceLeafDisease_BD5,EXTERNAL_FIELD_DATASET
IMG20241103123200.jpg,.jpg,Blast/IMG20241103123200.jpg,6150,True,300,300,1.0,RGB,3,JPEG,af07a2c3e94859390f0e06a78b55fb8fb1ae208c12267ec6459a0d1099e3eb25,,Blast,RiceLeafDisease_BD5,EXTERNAL_FIELD_DATASET
IMG20241103123202.jpg,.jpg,Blast/IMG20241103123202.jpg,6034,True,300,300,1.0,RGB,3,JPEG,dc42c1bb57e8fc2504666b0ce01468e26f69310e712cae9ca39539d3600f84f6,,Blast,RiceLeafDisease_BD5,EXTERNAL_FIELD_DATASET
IMG20241103123230.jpg,.jpg,Blast/IMG20241103123230.jpg,4417,True,300,300,1.0,RGB,3,JPEG,da1bae0826b9179d00160a08f6946beb58a951b5f0ab7654a6b3b4b63dc5701c,,Blast,RiceLeafDisease_BD5,EXTERNAL_FIELD_DATASET
IMG20241103123231.jpg,.jpg,Blast/IMG20241103123231.jpg,4379,True,300,300,1.0,RGB,3,JPEG,98152e995f25977861626228c0cdde93118cfbe754031354a55e712e0042e067,,Blast,RiceLeafDisease_BD5,EXTERNAL_FIELD_DATASET
IMG20241103123231_01.jpg,.jpg,Blast/IMG20241103123231_01.jpg,4322,True,300,300,1.0,RGB,3,JPEG,e7aceaa0ecc410c621ee6b3cd6cc52999da1f28c89fa682fac248fda4f05f846,,Blast,RiceLeafDisease_BD5,EXTERNAL_FIELD_DATASET
IMG20241103123251.jpg,.jpg,Blast/IMG20241103123251.jpg,6297,True,300,300,1.0,RGB,3,JPEG,594457dbbb02be2d3577bc0fb8e84326d2db41227d7c8676a4fd8278ca307390,,Blast,RiceLeafDisease_BD5,EXTERNAL_FIELD_DATASET
IMG20241103123252.jpg,.jpg,Blast/IMG20241103123252.jpg,6317,True,300,300,1.0,RGB,3,JPEG,9a42cb577d3434330c6a9d3c93ec9e06136e3783eee9afb1783adc35e91a12c6,,Blast,RiceLeafDisease_BD5,EXTERNAL_FIELD_DATASET
IMG20241103123256.jpg,.jpg,Blast/IMG20241103123256.jpg,4630,True,300,300,1.0,RGB,3,JPEG,aed35c1ee65630d5ee7a44da39d63e8d33696d4139e90840002128960d7f966b,,Blast,RiceLeafDisease_BD5,EXTERNAL_FIELD_DATASET
IMG20241103123447.jpg,.jpg,Blast/IMG20241103123447.jpg,5901,True,300,300,1.0,RGB,3,JPEG,a420efc3dd59f8ff56dbb6ffdc334147fa932068c64b39841fd5b83c46c2f667,,Blast,RiceLeafDisease_BD5,EXTERNAL_FIELD_DATASET
IMG20241103123448.jpg,.jpg,Blast/IMG20241103123448.jpg,5837,True,300,300,1.0,RGB,3,JPEG,591be8ca2c61e542ad87bce6481c832f8087b9c6e5624b138720b35a6e121512,,Blast,RiceLeafDisease_BD5,EXTERNAL_FIELD_DATASET
IMG20241103123449.jpg,.jpg,Blast/IMG20241103123449.jpg,5782,True,300,300,1.0,RGB,3,JPEG,575f155564cab47634169cd2b0270408516b7f7261a6ff958c3f6d8ee07992a1,,Blast,RiceLeafDisease_BD5,EXTERNAL_FIELD_DATASET
IMG20241103123500.jpg,.jpg,Blast/IMG20241103123500.jpg,7780,True,300,300,1.0,RGB,3,JPEG,8e2e1d617e3b7e5808582897897276fe25abbba667f871030c070fc6892eb0c5,,Blast,RiceLeafDisease_BD5,EXTERNAL_FIELD_DATASET
IMG20241103123501.jpg,.jpg,Blast/IMG20241103123501.jpg,8278,True,300,300,1.0,RGB,3,JPEG,e1b6026865b83b3deb72cd72184f5f46e4b83a50ffb8e1341624bed1c46bb534,,Blast,RiceLeafDisease_BD5,EXTERNAL_FIELD_DATASET
IMG20241103123502.jpg,.jpg,Blast/IMG20241103123502.jpg,7311,True,300,300,1.0,RGB,3,JPEG,dafcaa74aab2fdaa24bdc94bd1dccafe18a4087608c36e63caab67182ba5a9c8,,Blast,RiceLeafDisease_BD5,EXTERNAL_FIELD_DATASET
IMG20241103123503.jpg,.jpg,Blast/IMG20241103123503.jpg,7532,True,300,300,1.0,RGB,3,JPEG,6e3cf504a611dbb26a72d0af3ef346423a7a91b899ab985cca03e65a77a0e032,,Blast,RiceLeafDisease_BD5,EXTERNAL_FIELD_DATASET
IMG20241103123504.jpg,.jpg,Blast/IMG20241103123504.jpg,7470,True,300,300,1.0,RGB,3,JPEG,e45541771d409e6a41b848d2ace7423df826b0ac4ebb9b14b9437282e2bbd72d,,Blast,RiceLeafDisease_BD5,EXTERNAL_FIELD_DATASET
IMG20241103123525.jpg,.jpg,Blast/IMG20241103123525.jpg,8534,True,300,300,1.0,RGB,3,JPEG,6c58958399d6ad64e770b03fdef0a6947c2d68ce71df51475549b11bc5e6735f,,Blast,RiceLeafDisease_BD5,EXTERNAL_FIELD_DATASET
IMG20241103123541.jpg,.jpg,Blast/IMG20241103123541.jpg,8891,True,300,300,1.0,RGB,3,JPEG,99b21efcdf1081cffaa29176e71c336f71808d66f9f8182370af73fcc6a4dd7f,,Blast,RiceLeafDisease_BD5,EXTERNAL_FIELD_DATASET
IMG20241103123542.jpg,.jpg,Blast/IMG20241103123542.jpg,9009,True,300,300,1.0,RGB,3,JPEG,428c1b7712137f18917c9ec9e4db26c2280c951f52b101357b123b13b6c1ed1f,,Blast,RiceLeafDisease_BD5,EXTERNAL_FIELD_DATASET
IMG20241103123559.jpg,.jpg,Blast/IMG20241103123559.jpg,8862,True,300,300,1.0,RGB,3,JPEG,7c8c4f22c645066c90ce9bc05be1e62207beab76dd4744544e8e46ffe0a40fcb,,Blast,RiceLeafDisease_BD5,EXTERNAL_FIELD_DATASET
IMG20241103123619.jpg,.jpg,Blast/IMG20241103123619.jpg,6881,True,300,300,1.0,RGB,3,JPEG,e020da1bec8c454afd349c7fd52555960326bffec14c5687af2015fca1dc502a,,Blast,RiceLeafDisease_BD5,EXTERNAL_FIELD_DATASET
IMG20241103123653_01.jpg,.jpg,Blast/IMG20241103123653_01.jpg,4494,True,300,300,1.0,RGB,3,JPEG,f54a46d962d28d31c58476495433f1e4fe2f4eae2cc63ad5476016958705406d,,Blast,RiceLeafDisease_BD5,EXTERNAL_FIELD_DATASET
IMG20241103123654.jpg,.jpg,Blast/IMG20241103123654.jpg,4479,True,300,300,1.0,RGB,3,JPEG,a89aa195713d97b230d4fe050b89889c5300302c8e103b08d4835ccc0c5f02bd,,Blast,RiceLeafDisease_BD5,EXTERNAL_FIELD_DATASET
IMG20241103123655.jpg,.jpg,Blast/IMG20241103123655.jpg,4556,True,300,300,1.0,RGB,3,JPEG,8c64f89722b42ad04d3d8ab646a6b7546dab004565adb12d0ea5aa74347abe36,,Blast,RiceLeafDisease_BD5,EXTERNAL_FIELD_DATASET
IMG20241103123733.jpg,.jpg,Blast/IMG20241103123733.jpg,5666,True,300,300,1.0,RGB,3,JPEG,a0acbc28476d11d13abdcb9ee27093de1459c9c518e84f72c791f12baedf8bfd,,Blast,RiceLeafDisease_BD5,EXTERNAL_FIELD_DATASET
IMG20241103123744.jpg,.jpg,Blast/IMG20241103123744.jpg,6832,True,300,300,1.0,RGB,3,JPEG,5a268c8231207a6bacf1accb932b047f8532ea98b54f181f89907c978d66c165,,Blast,RiceLeafDisease_BD5,EXTERNAL_FIELD_DATASET
IMG20241103123744_01.jpg,.jpg,Blast/IMG20241103123744_01.jpg,6699,True,300,300,1.0,RGB,3,JPEG,d5a3607dd89024999c64990de2da8c780a5a2dfd3d6b78523e0ef850ff047251,,Blast,RiceLeafDisease_BD5,EXTERNAL_FIELD_DATASET
IMG20241103123802.jpg,.jpg,Blast/IMG20241103123802.jpg,7187,True,300,300,1.0,RGB,3,JPEG,ee1e3a6506857ff5280f318d1cc5e5d6cce6f9b856d2af3d3729c88698ccdadb,,Blast,RiceLeafDisease_BD5,EXTERNAL_FIELD_DATASET
IMG20241103123802_01.jpg,.jpg,Blast/IMG20241103123802_01.jpg,7074,True,300,300,1.0,RGB,3,JPEG,56d4a1063b1f43b09668e1a284644cadfc5c8912ec24381279ea680ef2472f0d,,Blast,RiceLeafDisease_BD5,EXTERNAL_FIELD_DATASET
IMG20241103123803.jpg,.jpg,Blast/IMG20241103123803.jpg,7077,True,300,300,1.0,RGB,3,JPEG,6e2391ba895192bcc000f4ab545b81725e3fdf39842c640b6cf86627a0daf0a5,,Blast,RiceLeafDisease_BD5,EXTERNAL_FIELD_DATASET
IMG20241103123940.jpg,.jpg,Blast/IMG20241103123940.jpg,5038,True,300,300,1.0,RGB,3,JPEG,88999d409719c76d287560a69b839f08a04c10f58db9730df71c3c785cdc9df3,,Blast,RiceLeafDisease_BD5,EXTERNAL_FIELD_DATASET
IMG20241103123941.jpg,.jpg,Blast/IMG20241103123941.jpg,4992,True,300,300,1.0,RGB,3,JPEG,5855769649e14e37f094759e3d474dab981a338f846b3be3dd75a58c0b9b901e,,Blast,RiceLeafDisease_BD5,EXTERNAL_FIELD_DATASET
IMG20241103123945.jpg,.jpg,Blast/IMG20241103123945.jpg,4973,True,300,300,1.0,RGB,3,JPEG,466e807cedf218de726a531489d9610f36f3a1b125a62e015d22bd448a9c54eb,,Blast,RiceLeafDisease_BD5,EXTERNAL_FIELD_DATASET
IMG20241103123947.jpg,.jpg,Blast/IMG20241103123947.jpg,5030,True,300,300,1.0,RGB,3,JPEG,7492de132d5c501e8ed467a83696c5d5b9ceb081a29bb1dccc80a4a232b2ec9f,,Blast,RiceLeafDisease_BD5,EXTERNAL_FIELD_DATASET
IMG20241103123950.jpg,.jpg,Blast/IMG20241103123950.jpg,6157,True,300,300,1.0,RGB,3,JPEG,71d76cbe90233184cb36292d70bcc9e11f65663d384b69f1685af52b9517f070,,Blast,RiceLeafDisease_BD5,EXTERNAL_FIELD_DATASET
IMG20241103124013.jpg,.jpg,Blast/IMG20241103124013.jpg,6194,True,300,300,1.0,RGB,3,JPEG,48b6f3793bf152fef48bc4cf21ba2305346e6eb987111d85039a314b7884c7b8,,Blast,RiceLeafDisease_BD5,EXTERNAL_FIELD_DATASET
IMG20241103124014.jpg,.jpg,Blast/IMG20241103124014.jpg,6130,True,300,300,1.0,RGB,3,JPEG,17f6c9259ceed4adf81a1764d377b7b418e0660676f8eddad65c5b95232a07e9,,Blast,RiceLeafDisease_BD5,EXTERNAL_FIELD_DATASET
IMG20241103124025.jpg,.jpg,Blast/IMG20241103124025.jpg,8244,True,300,300,1.0,RGB,3,JPEG,5c64d10f97c8d3b1d0ac9a2a8e99c7be544d0554bedf7606631f2efed21e6b53,,Blast,RiceLeafDisease_BD5,EXTERNAL_FIELD_DATASET
IMG20241103124027.jpg,.jpg,Blast/IMG20241103124027.jpg,7370,True,300,300,1.0,RGB,3,JPEG,b43e7b5586c11e213a56be5df18118a90ecdde5530eb0e8075cb96acd0e98406,,Blast,RiceLeafDisease_BD5,EXTERNAL_FIELD_DATASET
IMG20241103124033.jpg,.jpg,Blast/IMG20241103124033.jpg,6929,True,300,300,1.0,RGB,3,JPEG,81a8704474c421da1aa03b6b97934c66990b08907a3b7950f87d1a2572718d2a,,Blast,RiceLeafDisease_BD5,EXTERNAL_FIELD_DATASET
IMG20241103124101.jpg,.jpg,Blast/IMG20241103124101.jpg,7026,True,300,300,1.0,RGB,3,JPEG,4045a323f751b1acd11412882281c07c985e5bdd85cd428d985bb668629cf07d,,Blast,RiceLeafDisease_BD5,EXTERNAL_FIELD_DATASET
IMG20241103124102.jpg,.jpg,Blast/IMG20241103124102.jpg,7132,True,300,300,1.0,RGB,3,JPEG,cd155a1c0575763d45d47e6a3dc7f4bc1b68294d85c0c1cd4103cfa250c9e04f,,Blast,RiceLeafDisease_BD5,EXTERNAL_FIELD_DATASET
IMG20241103124111.jpg,.jpg,Blast/IMG20241103124111.jpg,6621,True,300,300,1.0,RGB,3,JPEG,849437a89b195bb36a1a1bd82d0fd73532758d344d3ff66432fcb9a90993cf43,,Blast,RiceLeafDisease_BD5,EXTERNAL_FIELD_DATASET
IMG20241103124112.jpg,.jpg,Blast/IMG20241103124112.jpg,6560,True,300,300,1.0,RGB,3,JPEG,040b8227778a239b31ba988c7d1f8dfee726d55b78a6b2e1935dadbbf9dcd08e,,Blast,RiceLeafDisease_BD5,EXTERNAL_FIELD_DATASET
IMG20241103124118.jpg,.jpg,Blast/IMG20241103124118.jpg,7467,True,300,300,1.0,RGB,3,JPEG,8b0c9f24b9f9e312f1657c6f03f08d477d4ef4676b0b9a29361e281887cb42b0,,Blast,RiceLeafDisease_BD5,EXTERNAL_FIELD_DATASET
IMG20241103124118_01.jpg,.jpg,Blast/IMG20241103124118_01.jpg,6945,True,300,300,1.0,RGB,3,JPEG,33ac855b5c69d8d9dcc8562b9a44d690bc5a886650b2ef4260c01f0c22c05a3c,,Blast,RiceLeafDisease_BD5,EXTERNAL_FIELD_DATASET
IMG20241103124122.jpg,.jpg,Blast/IMG20241103124122.jpg,6776,True,300,300,1.0,RGB,3,JPEG,72eafad7ff410863b15c1ad8eb5ccac1cb9fcee84973e51b5698ee6d268d2671,,Blast,RiceLeafDisease_BD5,EXTERNAL_FIELD_DATASET
IMG20241103124123.jpg,.jpg,Blast/IMG20241103124123.jpg,6747,True,300,300,1.0,RGB,3,JPEG,ac4d9146cb185438e0855cd9fb2812499c4c7408a48b7afe76041e96225a0f3a,,Blast,RiceLeafDisease_BD5,EXTERNAL_FIELD_DATASET
IMG_20241103_120527.jpg,.jpg,Blast/IMG_20241103_120527.jpg,6856,True,300,300,1.0,RGB,3,JPEG,c4d48be402a15809f6fb9c348e362ffb430ea0403ebcd9291e3dcaf05dcded3e,,Blast,RiceLeafDisease_BD5,EXTERNAL_FIELD_DATASET
IMG_20241103_120530.jpg,.jpg,Blast/IMG_20241103_120530.jpg,6973,True,300,300,1.0,RGB,3,JPEG,807a2916e37b4b6bd56c472c6e8223faf84008e5bffb4ee12f314e94cc699f08,,Blast,RiceLeafDisease_BD5,EXTERNAL_FIELD_DATASET
IMG_20241103_120537.jpg,.jpg,Blast/IMG_20241103_120537.jpg,5101,True,300,300,1.0,RGB,3,JPEG,488480d96b46c119993e249d3c11918fbf69415ba3c75e75cbe225aed5659004,,Blast,RiceLeafDisease_BD5,EXTERNAL_FIELD_DATASET
IMG_20241103_120539.jpg,.jpg,Blast/IMG_20241103_120539.jpg,4997,True,300,300,1.0,RGB,3,JPEG,dc9c57307bed87ca68a5b18220eaffbdcc8a567c974944595c5f9c86297ce985,,Blast,RiceLeafDisease_BD5,EXTERNAL_FIELD_DATASET
IMG_20241103_120547.jpg,.jpg,Blast/IMG_20241103_120547.jpg,6468,True,300,300,1.0,RGB,3,JPEG,53787e61e0f1c322e17e369fa15dd2c195477670856388bb5f6033e5b0ab793e,,Blast,RiceLeafDisease_BD5,EXTERNAL_FIELD_DATASET
IMG_20241103_120548.jpg,.jpg,Blast/IMG_20241103_120548.jpg,6223,True,300,300,1.0,RGB,3,JPEG,4e27e84a1d7abd7d3ed17407e80507d1c6b8889b65ea98e2be13ee426e267648,,Blast,RiceLeafDisease_BD5,EXTERNAL_FIELD_DATASET
IMG_20241103_120554.jpg,.jpg,Blast/IMG_20241103_120554.jpg,4312,True,300,300,1.0,RGB,3,JPEG,00caeaf6ec96e786e7ceefd047c2b64201f56fc885c51f35a662b6cf507a1877,,Blast,RiceLeafDisease_BD5,EXTERNAL_FIELD_DATASET
IMG_20241103_120556.jpg,.jpg,Blast/IMG_20241103_120556.jpg,4906,True,300,300,1.0,RGB,3,JPEG,f75f38d6973d9d622129f51c3f168027c8a55036089cd7dba7668942cd681a4f,,Blast,RiceLeafDisease_BD5,EXTERNAL_FIELD_DATASET
IMG_20241103_120602.jpg,.jpg,Blast/IMG_20241103_120602.jpg,6250,True,300,300,1.0,RGB,3,JPEG,112352e78485d44799148be55b35d4dc145a2222f1d2fdcb653cc9b16fe0623f,,Blast,RiceLeafDisease_BD5,EXTERNAL_FIELD_DATASET
IMG_20241103_120603.jpg,.jpg,Blast/IMG_20241103_120603.jpg,6212,True,300,300,1.0,RGB,3,JPEG,c1917b461f7fd9782d7a66dc4e17f18e5658a4f06b6e4f3b3cc2634ed87ce279,,Blast,RiceLeafDisease_BD5,EXTERNAL_FIELD_DATASET
IMG_20241103_120606.jpg,.jpg,Blast/IMG_20241103_120606.jpg,9114,True,300,300,1.0,RGB,3,JPEG,419dca725894b55100bfd3be9b3a566f72eff0dacf7205fd054e0e2f9b4225b8,,Blast,RiceLeafDisease_BD5,EXTERNAL_FIELD_DATASET
IMG_20241103_120606_1.jpg,.jpg,Blast/IMG_20241103_120606_1.jpg,4400,True,300,300,1.0,RGB,3,JPEG,762795382ebc80dd9b1fd350d42ac33b162997b9f04669a946665f0fbc25c126,,Blast,RiceLeafDisease_BD5,EXTERNAL_FIELD_DATASET
IMG_20241103_120607.jpg,.jpg,Blast/IMG_20241103_120607.jpg,9101,True,300,300,1.0,RGB,3,JPEG,af3255e4742f32efcef61c5ff4fcf905a48376c4404cbff7c3e53a98df8bf284,,Blast,RiceLeafDisease_BD5,EXTERNAL_FIELD_DATASET
IMG_20241103_120609.jpg,.jpg,Blast/IMG_20241103_120609.jpg,9164,True,300,300,1.0,RGB,3,JPEG,8506bd0c0afea1ef64b7c041b3ba06c72d957281b4f00a5fcef1ea183bd9a197,,Blast,RiceLeafDisease_BD5,EXTERNAL_FIELD_DATASET
IMG_20241103_120658.jpg,.jpg,Blast/IMG_20241103_120658.jpg,8588,True,300,300,1.0,RGB,3,JPEG,b1354b24102ddfde04b8828dd21125f43331e3bc2243aa70739084581bd4ef78,,Blast,RiceLeafDisease_BD5,EXTERNAL_FIELD_DATASET
IMG_20241103_120703.jpg,.jpg,Blast/IMG_20241103_120703.jpg,8692,True,300,300,1.0,RGB,3,JPEG,bf1d7fa93499e87a8c4a4d611ccde46f6f58080fbcb63cdac26fb71e762cb69f,,Blast,RiceLeafDisease_BD5,EXTERNAL_FIELD_DATASET
IMG_20241103_120704.jpg,.jpg,Blast/IMG_20241103_120704.jpg,9036,True,300,300,1.0,RGB,3,JPEG,93d1f39d74ea0ecfbfc82ca2709da6ea8a67b30f6a691dc33d25192101033719,,Blast,RiceLeafDisease_BD5,EXTERNAL_FIELD_DATASET
IMG_20241103_120705.jpg,.jpg,Blast/IMG_20241103_120705.jpg,4116,True,300,300,1.0,RGB,3,JPEG,58e281fd26cfb396ac09ead14c81ac769e0ecae591d8f4bde6b43f7c5035047f,,Blast,RiceLeafDisease_BD5,EXTERNAL_FIELD_DATASET
IMG_20241103_120710.jpg,.jpg,Blast/IMG_20241103_120710.jpg,8021,True,300,300,1.0,RGB,3,JPEG,41b6577f05e28c684fcda12c7638eee5bc284e671cec80a403d4b748bc60ca03,,Blast,RiceLeafDisease_BD5,EXTERNAL_FIELD_DATASET
IMG_20241103_120711.jpg,.jpg,Blast/IMG_20241103_120711.jpg,8110,True,300,300,1.0,RGB,3,JPEG,5c7fc7bad6895bf2f05b5d022ab3036cee34405b497a1e97bab557a4b3003a7f,,Blast,RiceLeafDisease_BD5,EXTERNAL_FIELD_DATASET
IMG_20241103_120718.jpg,.jpg,Blast/IMG_20241103_120718.jpg,7124,True,300,300,1.0,RGB,3,JPEG,eda8902d8c217e584f78b7cf096b1ba5efaab5aaaa29be2ee8ebda23d745a32c,,Blast,RiceLeafDisease_BD5,EXTERNAL_FIELD_DATASET
IMG_20241103_120720.jpg,.jpg,Blast/IMG_20241103_120720.jpg,7354,True,300,300,1.0,RGB,3,JPEG,46158a06bd750ec9f5db582367ac73c726d601d713c5fa72e122213c9cb3c624,,Blast,RiceLeafDisease_BD5,EXTERNAL_FIELD_DATASET
IMG_20241103_120724.jpg,.jpg,Blast/IMG_20241103_120724.jpg,8012,True,300,300,1.0,RGB,3,JPEG,f6cfafe7209350f2b054e30bea4081a9ddcb82551aa72beb0f06fa52037a20e7,,Blast,RiceLeafDisease_BD5,EXTERNAL_FIELD_DATASET
IMG_20241103_120724_1.jpg,.jpg,Blast/IMG_20241103_120724_1.jpg,5583,True,300,300,1.0,RGB,3,JPEG,4029943cb41ef7731e81e3b882ffdfe6744b877dadbaaddcceda1eb3ab07f7ab,,Blast,RiceLeafDisease_BD5,EXTERNAL_FIELD_DATASET
IMG_20241103_120725.jpg,.jpg,Blast/IMG_20241103_120725.jpg,5566,True,300,300,1.0,RGB,3,JPEG,a0125e063cda45e4b84f17eacba298885f997afdac9e4bb0a9a1b858f2cb1663,,Blast,RiceLeafDisease_BD5,EXTERNAL_FIELD_DATASET
IMG_20241103_120736.jpg,.jpg,Blast/IMG_20241103_120736.jpg,6035,True,300,300,1.0,RGB,3,JPEG,3f7506d39f6ad2fda905e8ec48723b0466865278e177c88b992aaf801b1f53aa,,Blast,RiceLeafDisease_BD5,EXTERNAL_FIELD_DATASET
IMG_20241103_120745.jpg,.jpg,Blast/IMG_20241103_120745.jpg,3730,True,300,300,1.0,RGB,3,JPEG,021ab83dc1164377ae3bf839be2b14ab818745c6ed40e46b621e18f8e0e815b2,,Blast,RiceLeafDisease_BD5,EXTERNAL_FIELD_DATASET
IMG_20241103_120755.jpg,.jpg,Blast/IMG_20241103_120755.jpg,6816,True,300,300,1.0,RGB,3,JPEG,86dca58c224a1662aac22d73feabec6c7562759417dcdee032cf2049b447abc0,,Blast,RiceLeafDisease_BD5,EXTERNAL_FIELD_DATASET
IMG_20241103_120756.jpg,.jpg,Blast/IMG_20241103_120756.jpg,6858,True,300,300,1.0,RGB,3,JPEG,92563330ed5940e9f6eb5c2edc24cbc9a86d3aff53b06c3d584d922e9a37b4a7,,Blast,RiceLeafDisease_BD5,EXTERNAL_FIELD_DATASET
IMG_20241103_120810.jpg,.jpg,Blast/IMG_20241103_120810.jpg,5107,True,300,300,1.0,RGB,3,JPEG,131c6deb20cd02e452a916c0826bba16b753ab65c165e260b5d9b31bf328db00,,Blast,RiceLeafDisease_BD5,EXTERNAL_FIELD_DATASET
IMG_20241103_120811.jpg,.jpg,Blast/IMG_20241103_120811.jpg,4946,True,300,300,1.0,RGB,3,JPEG,9e51ca1d26b6f6060e2f2205d52c9c518d3ef98a182e3c9fa3287f7098636f74,,Blast,RiceLeafDisease_BD5,EXTERNAL_FIELD_DATASET
IMG_20241103_120818.jpg,.jpg,Blast/IMG_20241103_120818.jpg,4742,True,300,300,1.0,RGB,3,JPEG,aa4fdf0696dba0912ec494b3719f38a9cdd5b42e474f6d03387e054f6d75fcc0,,Blast,RiceLeafDisease_BD5,EXTERNAL_FIELD_DATASET
IMG_20241103_120819.jpg,.jpg,Blast/IMG_20241103_120819.jpg,4962,True,300,300,1.0,RGB,3,JPEG,a18a539ff124cf7d12e1ddf50718186f994e9bd9cea135a56d1a2d50471995b8,,Blast,RiceLeafDisease_BD5,EXTERNAL_FIELD_DATASET
IMG_20241103_120829.jpg,.jpg,Blast/IMG_20241103_120829.jpg,5475,True,300,300,1.0,RGB,3,JPEG,c13d25b544145cd278dbeb3603899bad88cd56212609353eea0533888bfacd61,,Blast,RiceLeafDisease_BD5,EXTERNAL_FIELD_DATASET
IMG_20241103_120835.jpg,.jpg,Blast/IMG_20241103_120835.jpg,5292,True,300,300,1.0,RGB,3,JPEG,a0998b467c40aac67f2b562f79cf1aca32658493a21d3ff81d77d67c6e1eb18b,,Blast,RiceLeafDisease_BD5,EXTERNAL_FIELD_DATASET
IMG_20241103_120836.jpg,.jpg,Blast/IMG_20241103_120836.jpg,5252,True,300,300,1.0,RGB,3,JPEG,56d9d36a1935aff102232d31d0a1197b81f9a000a95017eb275b6c79dd83c013,,Blast,RiceLeafDisease_BD5,EXTERNAL_FIELD_DATASET
IMG_20241103_120838.jpg,.jpg,Blast/IMG_20241103_120838.jpg,5438,True,300,300,1.0,RGB,3,JPEG,c2ecbb0451d510596600d48285c8291e4a52b19bce8c8716795767fc39bde86b,,Blast,RiceLeafDisease_BD5,EXTERNAL_FIELD_DATASET
IMG_20241103_120843.jpg,.jpg,Blast/IMG_20241103_120843.jpg,5802,True,300,300,1.0,RGB,3,JPEG,8754e0ca95265e8efc5311763ca82d246a8e0d85c727b4f5300dbd58c7a54629,,Blast,RiceLeafDisease_BD5,EXTERNAL_FIELD_DATASET
IMG_20241103_120851.jpg,.jpg,Blast/IMG_20241103_120851.jpg,4234,True,300,300,1.0,RGB,3,JPEG,8823ccfd0b5ba47f67d734c8733984562b33972f747279ab9d4adc152e4e2217,,Blast,RiceLeafDisease_BD5,EXTERNAL_FIELD_DATASET
IMG_20241103_120908.jpg,.jpg,Blast/IMG_20241103_120908.jpg,6920,True,300,300,1.0,RGB,3,JPEG,12f7a21b7cf3a3e74dc7f0b04dd25919415cb54755b4c8dcac903677949fccd6,,Blast,RiceLeafDisease_BD5,EXTERNAL_FIELD_DATASET
IMG_20241103_120909.jpg,.jpg,Blast/IMG_20241103_120909.jpg,6965,True,300,300,1.0,RGB,3,JPEG,1620a8a41c886d0d3a54db06aaef5952f3c125dc89e36e10b62ad56d3e752f91,,Blast,RiceLeafDisease_BD5,EXTERNAL_FIELD_DATASET
IMG_20241103_120912.jpg,.jpg,Blast/IMG_20241103_120912.jpg,4379,True,300,300,1.0,RGB,3,JPEG,fab6ccc04c0749babc52fcc52d09dcb6310d9cd777956c6af5c3a7ea16219a9c,,Blast,RiceLeafDisease_BD5,EXTERNAL_FIELD_DATASET
IMG_20241103_120913.jpg,.jpg,Blast/IMG_20241103_120913.jpg,4288,True,300,300,1.0,RGB,3,JPEG,91b7458792510386def075331f6461ef8721ab20fcaac1d8936c6340d38210e6,,Blast,RiceLeafDisease_BD5,EXTERNAL_FIELD_DATASET
IMG_20241103_120916.jpg,.jpg,Blast/IMG_20241103_120916.jpg,6850,True,300,300,1.0,RGB,3,JPEG,c461dd860d88532bde1dbab991b958375066101e5ba7671922b62dac866f59dd,,Blast,RiceLeafDisease_BD5,EXTERNAL_FIELD_DATASET
IMG_20241103_120917.jpg,.jpg,Blast/IMG_20241103_120917.jpg,6932,True,300,300,1.0,RGB,3,JPEG,211ffa674f1769ec5902c28f8e0a8af4daaa937474e3e1cf5d5dc2edef204d42,,Blast,RiceLeafDisease_BD5,EXTERNAL_FIELD_DATASET
IMG_20241103_120918.jpg,.jpg,Blast/IMG_20241103_120918.jpg,6851,True,300,300,1.0,RGB,3,JPEG,3a486e27df0fbe2e20c60abad3119dad1f27c9e1d6a910e9373260f54c4e2a04,,Blast,RiceLeafDisease_BD5,EXTERNAL_FIELD_DATASET
IMG_20241103_120921.jpg,.jpg,Blast/IMG_20241103_120921.jpg,5961,True,300,300,1.0,RGB,3,JPEG,ddff99e301684cf37ecc95ab630078ccb2a8876b647e43d738a7636096b617b7,,Blast,RiceLeafDisease_BD5,EXTERNAL_FIELD_DATASET
IMG_20241103_120930.jpg,.jpg,Blast/IMG_20241103_120930.jpg,5538,True,300,300,1.0,RGB,3,JPEG,7247a51957510cf4ae4a6ad29e6e2ad74fe0b8b9ebb124e98be8e8ed40885b9b,,Blast,RiceLeafDisease_BD5,EXTERNAL_FIELD_DATASET
IMG_20241103_120932.jpg,.jpg,Blast/IMG_20241103_120932.jpg,3868,True,300,300,1.0,RGB,3,JPEG,2b60f7aceb80614fc170e758cc309c50066e7d47691b53142df6fb916dec1b35,,Blast,RiceLeafDisease_BD5,EXTERNAL_FIELD_DATASET
IMG_20241103_120934.jpg,.jpg,Blast/IMG_20241103_120934.jpg,6934,True,300,300,1.0,RGB,3,JPEG,417387ec199b661e09dbf1fa12f8d7fb3d86b3082017742806c88f16c3c8f9b7,,Blast,RiceLeafDisease_BD5,EXTERNAL_FIELD_DATASET
IMG_20241103_120934_1.jpg,.jpg,Blast/IMG_20241103_120934_1.jpg,3579,True,300,300,1.0,RGB,3,JPEG,c8b75739e515d677696f19c674bed29cb777821aa2488c2a558fab1416097654,,Blast,RiceLeafDisease_BD5,EXTERNAL_FIELD_DATASET
IMG_20241103_120935.jpg,.jpg,Blast/IMG_20241103_120935.jpg,6947,True,300,300,1.0,RGB,3,JPEG,b0894b33da246fb04e1d43e44ae4265fe1350fee75d87706e9ffbedf5be3bfa2,,Blast,RiceLeafDisease_BD5,EXTERNAL_FIELD_DATASET
IMG_20241103_120935_1.jpg,.jpg,Blast/IMG_20241103_120935_1.jpg,3546,True,300,300,1.0,RGB,3,JPEG,470949541116479fb18bc641bc6e07d38856aea703f7a46d7df06be3960a56f3,,Blast,RiceLeafDisease_BD5,EXTERNAL_FIELD_DATASET
IMG_20241103_120936.jpg,.jpg,Blast/IMG_20241103_120936.jpg,6890,True,300,300,1.0,RGB,3,JPEG,2a6bad8e40fa594d647562c9786628990188bfc5858e1ac9bf409899fae70a3c,,Blast,RiceLeafDisease_BD5,EXTERNAL_FIELD_DATASET
IMG_20241103_120942.jpg,.jpg,Blast/IMG_20241103_120942.jpg,7407,True,300,300,1.0,RGB,3,JPEG,9716368649f9148aeb9fefeb7bd36c11b3567213d2c7924547bca3de0860bb7f,,Blast,RiceLeafDisease_BD5,EXTERNAL_FIELD_DATASET
IMG_20241103_120943.jpg,.jpg,Blast/IMG_20241103_120943.jpg,7426,True,300,300,1.0,RGB,3,JPEG,cec7e75059d17f2dc22be1d7c9e389e9323e9025d15fed1f0766171f22f9dfad,,Blast,RiceLeafDisease_BD5,EXTERNAL_FIELD_DATASET
IMG_20241103_120950.jpg,.jpg,Blast/IMG_20241103_120950.jpg,5972,True,300,300,1.0,RGB,3,JPEG,8f5c4bac6f0188ee61dd3dec28ba7f3d181d047bd591e102956e83bb1579eaf2,,Blast,RiceLeafDisease_BD5,EXTERNAL_FIELD_DATASET
IMG_20241103_120956.jpg,.jpg,Blast/IMG_20241103_120956.jpg,6417,True,300,300,1.0,RGB,3,JPEG,56ea3a49626be6f4c30069ba31310bcc8712a8fd2b181574c7c6d3d24d580a3b,,Blast,RiceLeafDisease_BD5,EXTERNAL_FIELD_DATASET
IMG_20241103_121000.jpg,.jpg,Blast/IMG_20241103_121000.jpg,10661,True,300,300,1.0,RGB,3,JPEG,9703aac2b5047fcd0f8efbb7830fccc577af3a3130d2f82e4a489e1293c5d2cf,,Blast,RiceLeafDisease_BD5,EXTERNAL_FIELD_DATASET
IMG_20241103_121001.jpg,.jpg,Blast/IMG_20241103_121001.jpg,10711,True,300,300,1.0,RGB,3,JPEG,f35f62f5db086c5e1ad53f413705e5db48b22a840b644352b29e78fbde1eb6b3,,Blast,RiceLeafDisease_BD5,EXTERNAL_FIELD_DATASET
IMG_20241103_121014.jpg,.jpg,Blast/IMG_20241103_121014.jpg,8735,True,300,300,1.0,RGB,3,JPEG,97afbc7a33ccc29f0879ae08a7a59f4f70ca13a327f8b9e2bd34f3d928b2bc01,,Blast,RiceLeafDisease_BD5,EXTERNAL_FIELD_DATASET
IMG_20241103_121015.jpg,.jpg,Blast/IMG_20241103_121015.jpg,8761,True,300,300,1.0,RGB,3,JPEG,5fedef34ec8dfc198ed0b66c4315400b0631e544710c30e97b70c33351b1716e,,Blast,RiceLeafDisease_BD5,EXTERNAL_FIELD_DATASET
IMG_20241103_121022.jpg,.jpg,Blast/IMG_20241103_121022.jpg,6912,True,300,300,1.0,RGB,3,JPEG,d0f9cf226dcd3279b90fa320d45be030a56e34d1796d8f5730d0fd7d40483811,,Blast,RiceLeafDisease_BD5,EXTERNAL_FIELD_DATASET
IMG_20241103_121024.jpg,.jpg,Blast/IMG_20241103_121024.jpg,6689,True,300,300,1.0,RGB,3,JPEG,5c25e21ad1b979f386aa263d5c1770ec31c051da580c9b65bfd23ccbbf0dac19,,Blast,RiceLeafDisease_BD5,EXTERNAL_FIELD_DATASET
IMG_20241103_121029.jpg,.jpg,Blast/IMG_20241103_121029.jpg,8726,True,300,300,1.0,RGB,3,JPEG,81562b23f324a2581cc5e304f3a894d303536adf3f095e66e9e4c7032243d40c,,Blast,RiceLeafDisease_BD5,EXTERNAL_FIELD_DATASET
IMG_20241103_121038.jpg,.jpg,Blast/IMG_20241103_121038.jpg,7470,True,300,300,1.0,RGB,3,JPEG,6fa7eeddaf1d7d80faa0c7410affea5fe2d445d7bd20fb0a4ff93049000e3560,,Blast,RiceLeafDisease_BD5,EXTERNAL_FIELD_DATASET
IMG_20241103_121039.jpg,.jpg,Blast/IMG_20241103_121039.jpg,7519,True,300,300,1.0,RGB,3,JPEG,e2c108d1a6ef3f7117f749f9509d24786651de97fb44c7dd449b41d015c6303c,,Blast,RiceLeafDisease_BD5,EXTERNAL_FIELD_DATASET
IMG_20241103_121045.jpg,.jpg,Blast/IMG_20241103_121045.jpg,7483,True,300,300,1.0,RGB,3,JPEG,18e3ecde6a7f46951a6b4dd277429c6d7946a06bc55893b4a6bc56b180591089,,Blast,RiceLeafDisease_BD5,EXTERNAL_FIELD_DATASET
IMG_20241103_121045_1.jpg,.jpg,Blast/IMG_20241103_121045_1.jpg,4579,True,300,300,1.0,RGB,3,JPEG,db1c89dc1cb53c4dbbfb4fb93cc9fe190501bc59942182ff3f8eed6811dde59c,,Blast,RiceLeafDisease_BD5,EXTERNAL_FIELD_DATASET
IMG_20241103_121046.jpg,.jpg,Blast/IMG_20241103_121046.jpg,4657,True,300,300,1.0,RGB,3,JPEG,b332755bb56631570a72b49ad991d443fd089079a60d25efe0061d03e6890175,,Blast,RiceLeafDisease_BD5,EXTERNAL_FIELD_DATASET
IMG_20241103_121056.jpg,.jpg,Blast/IMG_20241103_121056.jpg,5878,True,300,300,1.0,RGB,3,JPEG,914a588882e568d1cebd183a9e26550d65a20037e0f035a64f3b754fa0b74cdc,,Blast,RiceLeafDisease_BD5,EXTERNAL_FIELD_DATASET
IMG_20241103_121057.jpg,.jpg,Blast/IMG_20241103_121057.jpg,6042,True,300,300,1.0,RGB,3,JPEG,b8ec11264b71784b190a4e6b44f4195491729f77bb54c660706e0a21bbcea964,,Blast,RiceLeafDisease_BD5,EXTERNAL_FIELD_DATASET
IMG_20241103_121058.jpg,.jpg,Blast/IMG_20241103_121058.jpg,5814,True,300,300,1.0,RGB,3,JPEG,da27c3381936cf9f44cb6243b70645f35a81f1013b1ea6cbcbac8e9eaf360788,,Blast,RiceLeafDisease_BD5,EXTERNAL_FIELD_DATASET
IMG_20241103_121103.jpg,.jpg,Blast/IMG_20241103_121103.jpg,8627,True,300,300,1.0,RGB,3,JPEG,bcf149d64f27e3ac1610b43e184d2f057b3c2ea86dad738d7795311e27e897a4,,Blast,RiceLeafDisease_BD5,EXTERNAL_FIELD_DATASET
IMG_20241103_121112.jpg,.jpg,Blast/IMG_20241103_121112.jpg,9854,True,300,300,1.0,RGB,3,JPEG,2cbb887d2a1ff97d9bfba6485491f943650e92095d7ecffe3f9c10ca67fcbe9e,,Blast,RiceLeafDisease_BD5,EXTERNAL_FIELD_DATASET
IMG_20241103_121121.jpg,.jpg,Blast/IMG_20241103_121121.jpg,8034,True,300,300,1.0,RGB,3,JPEG,606e5f7180de2d688105c91b7e204446d573c872b0e926b1fd594e2ad07ea292,,Blast,RiceLeafDisease_BD5,EXTERNAL_FIELD_DATASET
IMG_20241103_121123.jpg,.jpg,Blast/IMG_20241103_121123.jpg,8114,True,300,300,1.0,RGB,3,JPEG,5947f5df47716c5bcffa9c8066edc400f712e6250688332d39e0ddc1480074c4,,Blast,RiceLeafDisease_BD5,EXTERNAL_FIELD_DATASET
IMG_20241103_121125.jpg,.jpg,Blast/IMG_20241103_121125.jpg,5054,True,300,300,1.0,RGB,3,JPEG,f9de12b7378974fe8b985ed74128e1bb43b2814bfa19079b86fd921b5a1a0d67,,Blast,RiceLeafDisease_BD5,EXTERNAL_FIELD_DATASET
IMG_20241103_121126.jpg,.jpg,Blast/IMG_20241103_121126.jpg,5047,True,300,300,1.0,RGB,3,JPEG,7f06a3920105a9d96a14a401651a04706462067980ec7d6b06d5e0b4695722f8,,Blast,RiceLeafDisease_BD5,EXTERNAL_FIELD_DATASET
IMG_20241103_121127.jpg,.jpg,Blast/IMG_20241103_121127.jpg,5110,True,300,300,1.0,RGB,3,JPEG,0f37b821ffb002c597517eb95c3cfa1308fca0ef4a6b025cd2f5bd1877d59bd5,,Blast,RiceLeafDisease_BD5,EXTERNAL_FIELD_DATASET
IMG_20241103_121127_1.jpg,.jpg,Blast/IMG_20241103_121127_1.jpg,5016,True,300,300,1.0,RGB,3,JPEG,29a4b20edcdf1755a928e3b096768d595c0ac7ac1760363367303e45bb76fc9f,,Blast,RiceLeafDisease_BD5,EXTERNAL_FIELD_DATASET
IMG_20241103_121128.jpg,.jpg,Blast/IMG_20241103_121128.jpg,5038,True,300,300,1.0,RGB,3,JPEG,cbfb87bdc43698829c04d846b39cd46d7d737cbb80736bef09fd384f22d2d4b9,,Blast,RiceLeafDisease_BD5,EXTERNAL_FIELD_DATASET
IMG_20241103_121129.jpg,.jpg,Blast/IMG_20241103_121129.jpg,5058,True,300,300,1.0,RGB,3,JPEG,6782eec6d82c399d6f9191c317af86935f6fe1d5236daf26a1dba3011b62a642,,Blast,RiceLeafDisease_BD5,EXTERNAL_FIELD_DATASET
IMG_20241103_121132.jpg,.jpg,Blast/IMG_20241103_121132.jpg,7599,True,300,300,1.0,RGB,3,JPEG,1d4897d50c55eb4d8ee4d4d4bb905f64b00cf38f9105c3aec0e607fc661b9f69,,Blast,RiceLeafDisease_BD5,EXTERNAL_FIELD_DATASET
IMG_20241103_121136.jpg,.jpg,Blast/IMG_20241103_121136.jpg,7128,True,300,300,1.0,RGB,3,JPEG,24a3e28003dcaf7bfbb180469ed355c7d965b0844af5eb5a31d0f512fb7f61c8,,Blast,RiceLeafDisease_BD5,EXTERNAL_FIELD_DATASET
IMG_20241103_121138.jpg,.jpg,Blast/IMG_20241103_121138.jpg,8455,True,300,300,1.0,RGB,3,JPEG,72f65ff41aa2a942940e01abe2afcf533882b27b84a7fb9a1efb5bf4f1309337,,Blast,RiceLeafDisease_BD5,EXTERNAL_FIELD_DATASET
IMG_20241103_121139.jpg,.jpg,Blast/IMG_20241103_121139.jpg,8495,True,300,300,1.0,RGB,3,JPEG,cf525d73540f81a2a7a1943a46bba50d71e905a2747cc3aca4edef1ba47bb40c,,Blast,RiceLeafDisease_BD5,EXTERNAL_FIELD_DATASET
IMG_20241103_121152.jpg,.jpg,Blast/IMG_20241103_121152.jpg,4707,True,300,300,1.0,RGB,3,JPEG,e6cadaef80f0c7b32004d82dd54f16b2e96b8db3afab2199c0b766797e8a6641,,Blast,RiceLeafDisease_BD5,EXTERNAL_FIELD_DATASET
IMG_20241103_121152_1.jpg,.jpg,Blast/IMG_20241103_121152_1.jpg,4580,True,300,300,1.0,RGB,3,JPEG,ebc7e9e0f65b99ce5e947fec0b1e28234486b6583521d0bae4f06ddc4d77dfd9,,Blast,RiceLeafDisease_BD5,EXTERNAL_FIELD_DATASET
IMG_20241103_121153.jpg,.jpg,Blast/IMG_20241103_121153.jpg,4791,True,300,300,1.0,RGB,3,JPEG,5e881abcf916d57c51e30c967903a817fb891886d013fe2ae19732590b1ea951,,Blast,RiceLeafDisease_BD5,EXTERNAL_FIELD_DATASET
IMG_20241103_121153_1.jpg,.jpg,Blast/IMG_20241103_121153_1.jpg,4557,True,300,300,1.0,RGB,3,JPEG,69f1c1cec8ede8674714a665e92644c7235f2c2f200966d00ba80f7ad390e83a,,Blast,RiceLeafDisease_BD5,EXTERNAL_FIELD_DATASET
IMG_20241103_121154.jpg,.jpg,Blast/IMG_20241103_121154.jpg,4824,True,300,300,1.0,RGB,3,JPEG,d9691ad63a28ec9134e2bea6f850dc63712138f5ac15d46ddd778b6941b85089,,Blast,RiceLeafDisease_BD5,EXTERNAL_FIELD_DATASET
IMG_20241103_121154_1.jpg,.jpg,Blast/IMG_20241103_121154_1.jpg,4701,True,300,300,1.0,RGB,3,JPEG,7ece5191b97f1e41b4f63ab5e87ecc8a57697d091c7ac53d77c815bb85be3f4c,,Blast,RiceLeafDisease_BD5,EXTERNAL_FIELD_DATASET
IMG_20241103_121159.jpg,.jpg,Blast/IMG_20241103_121159.jpg,5258,True,300,300,1.0,RGB,3,JPEG,7a0e2b49d54759f568fe18041420b7851e90f4033079a034fbaf7fdd8fd4f57b,,Blast,RiceLeafDisease_BD5,EXTERNAL_FIELD_DATASET
IMG_20241103_121200.jpg,.jpg,Blast/IMG_20241103_121200.jpg,4666,True,300,300,1.0,RGB,3,JPEG,7148a87475e5165a95c25ce55057996bf1c998f366b121d91293ae66990dac3d,,Blast,RiceLeafDisease_BD5,EXTERNAL_FIELD_DATASET
IMG_20241103_121202.jpg,.jpg,Blast/IMG_20241103_121202.jpg,4701,True,300,300,1.0,RGB,3,JPEG,59569f5224d91c0eaf026a7e32af6feb33286b4f876bb8ed369e279c007c7c61,,Blast,RiceLeafDisease_BD5,EXTERNAL_FIELD_DATASET
IMG_20241103_121207.jpg,.jpg,Blast/IMG_20241103_121207.jpg,5855,True,300,300,1.0,RGB,3,JPEG,471d8cfb7306df9a82cef0ac61aa01353122864edf00ea6b880169354060918e,,Blast,RiceLeafDisease_BD5,EXTERNAL_FIELD_DATASET
IMG_20241103_121208.jpg,.jpg,Blast/IMG_20241103_121208.jpg,5947,True,300,300,1.0,RGB,3,JPEG,5dc3c64465057cb9c0beebbf3113a9e490bc018dc02be41ec61f3db1baa7c51c,,Blast,RiceLeafDisease_BD5,EXTERNAL_FIELD_DATASET
IMG_20241103_121210.jpg,.jpg,Blast/IMG_20241103_121210.jpg,4950,True,300,300,1.0,RGB,3,JPEG,fb422781f950ea7527e65dd86da59f88f684f4abcdf7502c14db5b0f5ac0b007,,Blast,RiceLeafDisease_BD5,EXTERNAL_FIELD_DATASET
IMG_20241103_121211.jpg,.jpg,Blast/IMG_20241103_121211.jpg,5010,True,300,300,1.0,RGB,3,JPEG,8200ef6f3ddf540815ad1dca49b2da1c2b34ccb3b71938350a7472793fa26b27,,Blast,RiceLeafDisease_BD5,EXTERNAL_FIELD_DATASET
IMG_20241103_121217.jpg,.jpg,Blast/IMG_20241103_121217.jpg,5639,True,300,300,1.0,RGB,3,JPEG,883da7d8b0858a29a0eb23d30dec0568ee72b91ef7cd2c6e79e6167bf87f12ee,,Blast,RiceLeafDisease_BD5,EXTERNAL_FIELD_DATASET
IMG_20241103_121218.jpg,.jpg,Blast/IMG_20241103_121218.jpg,4737,True,300,300,1.0,RGB,3,JPEG,24d130581f56790bf74ef284518708953b6f633026be47e6a962bb429c8c3bb9,,Blast,RiceLeafDisease_BD5,EXTERNAL_FIELD_DATASET
IMG_20241103_121218_1.jpg,.jpg,Blast/IMG_20241103_121218_1.jpg,5719,True,300,300,1.0,RGB,3,JPEG,3466f884a7a4e484844db744edb742c3ec082b4a25887242a3e5f4990ec600dd,,Blast,RiceLeafDisease_BD5,EXTERNAL_FIELD_DATASET
IMG_20241103_121218_1_1.jpg,.jpg,Blast/IMG_20241103_121218_1_1.jpg,5570,True,300,300,1.0,RGB,3,JPEG,9261110b5647c05e6a2ac4f8b37c5a00e7f096bd9fd37872192ee2e8f2f53a4b,,Blast,RiceLeafDisease_BD5,EXTERNAL_FIELD_DATASET
IMG_20241103_121219.jpg,.jpg,Blast/IMG_20241103_121219.jpg,4767,True,300,300,1.0,RGB,3,JPEG,7a7df4cdf36b0d2caea8d8317f57fd80f585a6c55a3c96c3271ab5fef54352b9,,Blast,RiceLeafDisease_BD5,EXTERNAL_FIELD_DATASET
IMG_20241103_121219_1.jpg,.jpg,Blast/IMG_20241103_121219_1.jpg,5541,True,300,300,1.0,RGB,3,JPEG,06d1e3032ddd0a6531eabe00796a7e09ba629d639af93943fe0eaf4bfbcc2006,,Blast,RiceLeafDisease_BD5,EXTERNAL_FIELD_DATASET
IMG_20241103_121227.jpg,.jpg,Blast/IMG_20241103_121227.jpg,4386,True,300,300,1.0,RGB,3,JPEG,7168740ac505c8b41fdd1758ae5ab8b7bef14f437446d6400eb72e772a8ade09,,Blast,RiceLeafDisease_BD5,EXTERNAL_FIELD_DATASET
IMG_20241103_121227_1.jpg,.jpg,Blast/IMG_20241103_121227_1.jpg,4338,True,300,300,1.0,RGB,3,JPEG,ab0b3f3bfd05d0999871225594e873c3158f87deddc2be24e7ef55f2ccab4ec0,,Blast,RiceLeafDisease_BD5,EXTERNAL_FIELD_DATASET
IMG_20241103_121235.jpg,.jpg,Blast/IMG_20241103_121235.jpg,4410,True,300,300,1.0,RGB,3,JPEG,8c00325f83357fff6fb8756692943703152d629516a80cfaaae661fd00fc42bf,,Blast,RiceLeafDisease_BD5,EXTERNAL_FIELD_DATASET
IMG_20241103_121245.jpg,.jpg,Blast/IMG_20241103_121245.jpg,7735,True,300,300,1.0,RGB,3,JPEG,14887f7cfad5a068848e58273d3efcb157ae402c9d7ad131d01d72c5d3b0876c,,Blast,RiceLeafDisease_BD5,EXTERNAL_FIELD_DATASET
IMG_20241103_121253.jpg,.jpg,Blast/IMG_20241103_121253.jpg,4925,True,300,300,1.0,RGB,3,JPEG,92ea0df2cbee838feb42b2cfe10af8f44668503087cb357d17fac9c471d94a56,,Blast,RiceLeafDisease_BD5,EXTERNAL_FIELD_DATASET
IMG_20241103_121255.jpg,.jpg,Blast/IMG_20241103_121255.jpg,4949,True,300,300,1.0,RGB,3,JPEG,4be6ea84f903a7941d436ee39df7874a7788e77b264d758594be20d5bf9cde8b,,Blast,RiceLeafDisease_BD5,EXTERNAL_FIELD_DATASET
IMG_20241103_121255_1.jpg,.jpg,Blast/IMG_20241103_121255_1.jpg,5285,True,300,300,1.0,RGB,3,JPEG,85ceb835f0e84fe5f045bfddb97badac7f7e1e2e91314b039cb3b73cf40dc72b,,Blast,RiceLeafDisease_BD5,EXTERNAL_FIELD_DATASET
IMG_20241103_121256.jpg,.jpg,Blast/IMG_20241103_121256.jpg,5096,True,300,300,1.0,RGB,3,JPEG,b7830b1235d2be6e06c0fb389f1a28f4fbc558b3a84677f3b76634a283d5e156,,Blast,RiceLeafDisease_BD5,EXTERNAL_FIELD_DATASET
IMG_20241103_121257.jpg,.jpg,Blast/IMG_20241103_121257.jpg,5070,True,300,300,1.0,RGB,3,JPEG,f467f184111bb1e6736f40e377aa1e13449e55fa8f463aeb81f5949526b28476,,Blast,RiceLeafDisease_BD5,EXTERNAL_FIELD_DATASET
IMG_20241103_121257_1.jpg,.jpg,Blast/IMG_20241103_121257_1.jpg,4979,True,300,300,1.0,RGB,3,JPEG,0bcc08b5eb467dd6e5aceba924531a4c904d4034917c30c0279c00370934d612,,Blast,RiceLeafDisease_BD5,EXTERNAL_FIELD_DATASET
IMG_20241103_121258.jpg,.jpg,Blast/IMG_20241103_121258.jpg,4970,True,300,300,1.0,RGB,3,JPEG,6dcb4e8a173a9824048843ae15bac57da8538953d7fd5987ab73049965a265a0,,Blast,RiceLeafDisease_BD5,EXTERNAL_FIELD_DATASET
IMG_20241103_121303.jpg,.jpg,Blast/IMG_20241103_121303.jpg,3950,True,300,300,1.0,RGB,3,JPEG,ae232dfba739b4619e535f63ab315ca6d8f638a171c62c7e87a00d4c864977c5,,Blast,RiceLeafDisease_BD5,EXTERNAL_FIELD_DATASET
IMG_20241103_121304.jpg,.jpg,Blast/IMG_20241103_121304.jpg,6940,True,300,300,1.0,RGB,3,JPEG,7b423821dc80c2b80be724746278ff53bb086a3aeb2231e7cfcc4da053f05928,,Blast,RiceLeafDisease_BD5,EXTERNAL_FIELD_DATASET
IMG_20241103_121304_1.jpg,.jpg,Blast/IMG_20241103_121304_1.jpg,4001,True,300,300,1.0,RGB,3,JPEG,3e29e56d3f3fc34b09b558f8c9cec4aacb4fa26fa0c0c3229db67055e382d816,,Blast,RiceLeafDisease_BD5,EXTERNAL_FIELD_DATASET
IMG_20241103_121314.jpg,.jpg,Blast/IMG_20241103_121314.jpg,6383,True,300,300,1.0,RGB,3,JPEG,99abe263108b07feaa63de35a7c3aacd0e706158ee81fcbfce7d26e38a650ead,,Blast,RiceLeafDisease_BD5,EXTERNAL_FIELD_DATASET
IMG_20241103_121315.jpg,.jpg,Blast/IMG_20241103_121315.jpg,6378,True,300,300,1.0,RGB,3,JPEG,5ad598856c265cc891ed56587ac538b7a6cba797c6f78b40ea4ed3da906c1b19,,Blast,RiceLeafDisease_BD5,EXTERNAL_FIELD_DATASET
IMG_20241103_121320.jpg,.jpg,Blast/IMG_20241103_121320.jpg,3892,True,300,300,1.0,RGB,3,JPEG,ac4def1368fd557bdb1a609e4c95894f098a316abceb4a6a5339a8a206b65b7d,,Blast,RiceLeafDisease_BD5,EXTERNAL_FIELD_DATASET
IMG_20241103_121322.jpg,.jpg,Blast/IMG_20241103_121322.jpg,3843,True,300,300,1.0,RGB,3,JPEG,43eda11bc8295ff11d10f049bc1b84df5da90d9af88b5ca8b97e5a64e71a3bd6,,Blast,RiceLeafDisease_BD5,EXTERNAL_FIELD_DATASET
IMG_20241103_121324.jpg,.jpg,Blast/IMG_20241103_121324.jpg,11567,True,300,300,1.0,RGB,3,JPEG,0af8c15748d3a111d491f19972a7ba56fbd94869d9e4b546d9eef80c3216122f,,Blast,RiceLeafDisease_BD5,EXTERNAL_FIELD_DATASET
IMG_20241103_121325.jpg,.jpg,Blast/IMG_20241103_121325.jpg,11071,True,300,300,1.0,RGB,3,JPEG,689517bc6992dc73b81af60abe49285574f4e9424969b89254d59ad3edcd4002,,Blast,RiceLeafDisease_BD5,EXTERNAL_FIELD_DATASET
IMG_20241103_121326.jpg,.jpg,Blast/IMG_20241103_121326.jpg,11318,True,300,300,1.0,RGB,3,JPEG,aa94e8b76c86738720de9f365edf9edbef4932b063554894bc511c83f5bbadf4,,Blast,RiceLeafDisease_BD5,EXTERNAL_FIELD_DATASET
IMG_20241103_121333.jpg,.jpg,Blast/IMG_20241103_121333.jpg,10156,True,300,300,1.0,RGB,3,JPEG,2d57687695080506e09e19f7ea46dc0d5db7e7862dbd32c1bebb2ef939daba07,,Blast,RiceLeafDisease_BD5,EXTERNAL_FIELD_DATASET
IMG_20241103_121334.jpg,.jpg,Blast/IMG_20241103_121334.jpg,10202,True,300,300,1.0,RGB,3,JPEG,7d7916fce4069fc926c98a3207d7d33beea73ee373e389d89649fd5317cd58ab,,Blast,RiceLeafDisease_BD5,EXTERNAL_FIELD_DATASET
IMG_20241103_121335.jpg,.jpg,Blast/IMG_20241103_121335.jpg,4722,True,300,300,1.0,RGB,3,JPEG,c6f81f08542b0f7521c1ff6ac161d1358aa50b95d25d4f287d48a3a7fbbf623a,,Blast,RiceLeafDisease_BD5,EXTERNAL_FIELD_DATASET
IMG_20241103_121341.jpg,.jpg,Blast/IMG_20241103_121341.jpg,12060,True,300,300,1.0,RGB,3,JPEG,0f0d18fa6df00933a2e7fe63e258a19a9a1795560738edc69f6c77e1671aa7c5,,Blast,RiceLeafDisease_BD5,EXTERNAL_FIELD_DATASET
IMG_20241103_121342.jpg,.jpg,Blast/IMG_20241103_121342.jpg,12302,True,300,300,1.0,RGB,3,JPEG,a4f80106bd6729aa21cdc5cd2dcd9473e0aa6d28b155ab523d15c70ed75a8209,,Blast,RiceLeafDisease_BD5,EXTERNAL_FIELD_DATASET
IMG_20241103_121343.jpg,.jpg,Blast/IMG_20241103_121343.jpg,6348,True,300,300,1.0,RGB,3,JPEG,e1127fe227325910068234f6a364b21833eec2ede1e16e0b89557bde05350f1a,,Blast,RiceLeafDisease_BD5,EXTERNAL_FIELD_DATASET
IMG_20241103_121344.jpg,.jpg,Blast/IMG_20241103_121344.jpg,6345,True,300,300,1.0,RGB,3,JPEG,489e3684ef0301a6613350dbc5004a2ad85da0a86fe860d209bedcc07a93622c,,Blast,RiceLeafDisease_BD5,EXTERNAL_FIELD_DATASET
IMG_20241103_121345.jpg,.jpg,Blast/IMG_20241103_121345.jpg,5645,True,300,300,1.0,RGB,3,JPEG,514debe498b14e429bdcd2786283834337ed4eacdb22c479786477ddc6305d3a,,Blast,RiceLeafDisease_BD5,EXTERNAL_FIELD_DATASET
IMG_20241103_121346.jpg,.jpg,Blast/IMG_20241103_121346.jpg,5816,True,300,300,1.0,RGB,3,JPEG,388f1b40d2674639ce54bc5dfd545922c513db6638a96866e08a1af631a8c8f0,,Blast,RiceLeafDisease_BD5,EXTERNAL_FIELD_DATASET
IMG_20241103_121347.jpg,.jpg,Blast/IMG_20241103_121347.jpg,10304,True,300,300,1.0,RGB,3,JPEG,d5a34e14de8e84f7efdfb675db29c42af022b12f5fe0e7f8a74152e8e9c25143,,Blast,RiceLeafDisease_BD5,EXTERNAL_FIELD_DATASET
IMG_20241103_121348.jpg,.jpg,Blast/IMG_20241103_121348.jpg,10392,True,300,300,1.0,RGB,3,JPEG,daae17ff53f424b71a15a409a4e1bab71e2a21e531b66deb90f0eb4de6739b86,,Blast,RiceLeafDisease_BD5,EXTERNAL_FIELD_DATASET
IMG_20241103_121354.jpg,.jpg,Blast/IMG_20241103_121354.jpg,4085,True,300,300,1.0,RGB,3,JPEG,e1a94885a66ec1108acb049cdc6519e126b6982cb01138e022b25f9164a3076b,,Blast,RiceLeafDisease_BD5,EXTERNAL_FIELD_DATASET
IMG_20241103_121354_1.jpg,.jpg,Blast/IMG_20241103_121354_1.jpg,4012,True,300,300,1.0,RGB,3,JPEG,2d5b934330ca62d508a6a6997476d65c6e2e142a53919227d51f8a3d20671810,,Blast,RiceLeafDisease_BD5,EXTERNAL_FIELD_DATASET
IMG_20241103_121355.jpg,.jpg,Blast/IMG_20241103_121355.jpg,3995,True,300,300,1.0,RGB,3,JPEG,c25b077531f10559c3a679a52b3079929850952b9c29bbc7620027338fca7162,,Blast,RiceLeafDisease_BD5,EXTERNAL_FIELD_DATASET
IMG_20241103_121356.jpg,.jpg,Blast/IMG_20241103_121356.jpg,4017,True,300,300,1.0,RGB,3,JPEG,e86c039d14b2e2f3dffc112d28e3afd9459d4bb58c7de48547447db5b88f76dd,,Blast,RiceLeafDisease_BD5,EXTERNAL_FIELD_DATASET
IMG_20241103_121358.jpg,.jpg,Blast/IMG_20241103_121358.jpg,3939,True,300,300,1.0,RGB,3,JPEG,6fba9b134e41e84279228e4b8b5e7fed2d11c351920d8d99f867e27902cb7647,,Blast,RiceLeafDisease_BD5,EXTERNAL_FIELD_DATASET
IMG_20241103_121416.jpg,.jpg,Blast/IMG_20241103_121416.jpg,4766,True,300,300,1.0,RGB,3,JPEG,d3dbcf99ce2fd2904b6d1306c8929486eb009a98887b0595e00b484b369bc04b,,Blast,RiceLeafDisease_BD5,EXTERNAL_FIELD_DATASET
IMG_20241103_121417.jpg,.jpg,Blast/IMG_20241103_121417.jpg,4670,True,300,300,1.0,RGB,3,JPEG,d855df6510df535c0c371eba64ab6c249a8e7e5f7f21940743b0cfa77790cc1a,,Blast,RiceLeafDisease_BD5,EXTERNAL_FIELD_DATASET
IMG_20241103_121425.jpg,.jpg,Blast/IMG_20241103_121425.jpg,3921,True,300,300,1.0,RGB,3,JPEG,28b36a6ff1fbaa5810b4acee636c0134939eed404fe86aa687cfc3773661ee3b,,Blast,RiceLeafDisease_BD5,EXTERNAL_FIELD_DATASET
IMG_20241103_121426.jpg,.jpg,Blast/IMG_20241103_121426.jpg,3912,True,300,300,1.0,RGB,3,JPEG,1c999bdbcfa0c89a53cde114c0126af551ce8592ada2d349d46b52a426c5c7c8,,Blast,RiceLeafDisease_BD5,EXTERNAL_FIELD_DATASET
IMG_20241103_121436.jpg,.jpg,Blast/IMG_20241103_121436.jpg,5207,True,300,300,1.0,RGB,3,JPEG,35e6a110ec42512d80c9af08d16e174a260720c603c2cd703e8f0f6a30909ab7,,Blast,RiceLeafDisease_BD5,EXTERNAL_FIELD_DATASET
IMG_20241103_121437.jpg,.jpg,Blast/IMG_20241103_121437.jpg,5113,True,300,300,1.0,RGB,3,JPEG,fc1bbaaffdad50431ec158597d1fce559307cd249ee90ccb15d4fcea4f2feac0,,Blast,RiceLeafDisease_BD5,EXTERNAL_FIELD_DATASET
IMG_20241103_121445.jpg,.jpg,Blast/IMG_20241103_121445.jpg,6046,True,300,300,1.0,RGB,3,JPEG,dc7d050e4e7ce3f70f1150ddb22045e73e2b14fb96318cf24c7af71aed65ff45,,Blast,RiceLeafDisease_BD5,EXTERNAL_FIELD_DATASET
IMG_20241103_121445_1.jpg,.jpg,Blast/IMG_20241103_121445_1.jpg,5973,True,300,300,1.0,RGB,3,JPEG,63148e9c41fadde84c77610f34669dd54f3d42fb3efb4f9e7562cccf0beaea2b,,Blast,RiceLeafDisease_BD5,EXTERNAL_FIELD_DATASET
IMG_20241103_121446.jpg,.jpg,Blast/IMG_20241103_121446.jpg,5954,True,300,300,1.0,RGB,3,JPEG,3cedaf10afd58d69db6438d3137d7e0feaa9573aa4130ca725755248dc8adeb6,,Blast,RiceLeafDisease_BD5,EXTERNAL_FIELD_DATASET
IMG_20241103_121447.jpg,.jpg,Blast/IMG_20241103_121447.jpg,5657,True,300,300,1.0,RGB,3,JPEG,69ab78902ae5d68aa3fb9f97673ae1d46a0886f000ced55349d4d9a678ae21fd,,Blast,RiceLeafDisease_BD5,EXTERNAL_FIELD_DATASET
IMG_20241103_121452.jpg,.jpg,Blast/IMG_20241103_121452.jpg,8786,True,300,300,1.0,RGB,3,JPEG,d2691a69392000a77fd2a013671d5f269e39800ff0ad5b83408166aaf4e84bd0,,Blast,RiceLeafDisease_BD5,EXTERNAL_FIELD_DATASET
IMG_20241103_121510.jpg,.jpg,Blast/IMG_20241103_121510.jpg,8900,True,300,300,1.0,RGB,3,JPEG,b014c8ab5758c42cba8956c8feba6719b3259caa874c631f90e7e8a223138910,,Blast,RiceLeafDisease_BD5,EXTERNAL_FIELD_DATASET
IMG_20241103_121515.jpg,.jpg,Blast/IMG_20241103_121515.jpg,8746,True,300,300,1.0,RGB,3,JPEG,a0304e5ea7301c1cfe10b82d2b711ecfe2bac74e76f625052ebd1a8d66d4857b,,Blast,RiceLeafDisease_BD5,EXTERNAL_FIELD_DATASET
IMG_20241103_121516.jpg,.jpg,Blast/IMG_20241103_121516.jpg,6042,True,300,300,1.0,RGB,3,JPEG,a0caeafd2ea27a4c6afbb873a0c98acd4c6d24d4c5ae2df444d8b66d377b6321,,Blast,RiceLeafDisease_BD5,EXTERNAL_FIELD_DATASET
IMG_20241103_121518.jpg,.jpg,Blast/IMG_20241103_121518.jpg,9002,True,300,300,1.0,RGB,3,JPEG,28823bbc312817b00f42057d32e034057e072c3deff737b0e13f4c297c02f856,,Blast,RiceLeafDisease_BD5,EXTERNAL_FIELD_DATASET
IMG_20241103_121532.jpg,.jpg,Blast/IMG_20241103_121532.jpg,5434,True,300,300,1.0,RGB,3,JPEG,31dc528800a5a1c7ea7b128e3ae0465beec645c4499211f44f4b02ef7dca646f,,Blast,RiceLeafDisease_BD5,EXTERNAL_FIELD_DATASET
IMG_20241103_121534.jpg,.jpg,Blast/IMG_20241103_121534.jpg,5401,True,300,300,1.0,RGB,3,JPEG,f41f9af3670bfa73dd8b702fc83505b75d32115285ab90a298e2d465b9a5b2cc,,Blast,RiceLeafDisease_BD5,EXTERNAL_FIELD_DATASET
IMG_20241103_121534_1.jpg,.jpg,Blast/IMG_20241103_121534_1.jpg,5684,True,300,300,1.0,RGB,3,JPEG,d0168c8b4f940d65c6638b4cd84ac1ed1e78d4e266ddd50ec60c6cdc4eeabcfe,,Blast,RiceLeafDisease_BD5,EXTERNAL_FIELD_DATASET
IMG_20241103_121535.jpg,.jpg,Blast/IMG_20241103_121535.jpg,5617,True,300,300,1.0,RGB,3,JPEG,013c24b6ff737539df4e09f9baf487780dd78c3163de367f821fe9d704f31442,,Blast,RiceLeafDisease_BD5,EXTERNAL_FIELD_DATASET
IMG_20241103_121545.jpg,.jpg,Blast/IMG_20241103_121545.jpg,5644,True,300,300,1.0,RGB,3,JPEG,969233fd4028487ac2ac03ec9b5604a9f611b6071f457a87e80b0263c809f5b1,,Blast,RiceLeafDisease_BD5,EXTERNAL_FIELD_DATASET
IMG_20241103_121546.jpg,.jpg,Blast/IMG_20241103_121546.jpg,5710,True,300,300,1.0,RGB,3,JPEG,d42375ef8fd1e3c7687b9b057110d9434fc4d30430c918429ef95dd1c39c0ac3,,Blast,RiceLeafDisease_BD5,EXTERNAL_FIELD_DATASET
IMG_20241103_121546_1.jpg,.jpg,Blast/IMG_20241103_121546_1.jpg,5683,True,300,300,1.0,RGB,3,JPEG,2505dc301ac22d8b52e272103c2b228cabf4fd5d4516e1a7de0f761fc5261c62,,Blast,RiceLeafDisease_BD5,EXTERNAL_FIELD_DATASET
IMG_20241103_121547.jpg,.jpg,Blast/IMG_20241103_121547.jpg,5665,True,300,300,1.0,RGB,3,JPEG,ad7393e3499db7551ed10c5fb35e63d09d692ac43fc91f819db5adbc54ee377f,,Blast,RiceLeafDisease_BD5,EXTERNAL_FIELD_DATASET
IMG_20241103_121548.jpg,.jpg,Blast/IMG_20241103_121548.jpg,5669,True,300,300,1.0,RGB,3,JPEG,9282bf3fd57c7fcce26375897d51a70610f14de3974df6b020c0ab137cfbdc38,,Blast,RiceLeafDisease_BD5,EXTERNAL_FIELD_DATASET
IMG_20241103_121549.jpg,.jpg,Blast/IMG_20241103_121549.jpg,5726,True,300,300,1.0,RGB,3,JPEG,7c91943b0077ea2422d2d1cb2906668896191d2475a491a4c0a3e3a5cf14649c,,Blast,RiceLeafDisease_BD5,EXTERNAL_FIELD_DATASET
IMG_20241103_121627.jpg,.jpg,Blast/IMG_20241103_121627.jpg,6647,True,300,300,1.0,RGB,3,JPEG,3ae1921cf5c8a259fb2f72e8c91e2751b5b19bdec076b34cfd0dedb3298fd440,,Blast,RiceLeafDisease_BD5,EXTERNAL_FIELD_DATASET
IMG_20241103_121630.jpg,.jpg,Blast/IMG_20241103_121630.jpg,6641,True,300,300,1.0,RGB,3,JPEG,adb401189de90769e026e42650bbd88c658a95a06ccf272d887db47b8b089c8c,,Blast,RiceLeafDisease_BD5,EXTERNAL_FIELD_DATASET
IMG_20241103_121631.jpg,.jpg,Blast/IMG_20241103_121631.jpg,6675,True,300,300,1.0,RGB,3,JPEG,852273bed99baae116ceced353b1534d67cc1586c24384df7baade61e13b9f58,,Blast,RiceLeafDisease_BD5,EXTERNAL_FIELD_DATASET
IMG_20241103_121633.jpg,.jpg,Blast/IMG_20241103_121633.jpg,5013,True,300,300,1.0,RGB,3,JPEG,abcd7afd427bc971fdeb01567417b0a5dcd71251dfcdc6d406b1e892af7c46a5,,Blast,RiceLeafDisease_BD5,EXTERNAL_FIELD_DATASET
IMG_20241103_121635.jpg,.jpg,Blast/IMG_20241103_121635.jpg,6204,True,300,300,1.0,RGB,3,JPEG,5595dca84f80dcd4b1d96a0432af1f68b97bb0a75ca4cf0e38d0379a1633b457,,Blast,RiceLeafDisease_BD5,EXTERNAL_FIELD_DATASET
IMG_20241103_121635_1.jpg,.jpg,Blast/IMG_20241103_121635_1.jpg,5031,True,300,300,1.0,RGB,3,JPEG,e7d5ab97db4897d9fc51c01d0350aaa030753ef21542590e5c1c0de95dfdb5a5,,Blast,RiceLeafDisease_BD5,EXTERNAL_FIELD_DATASET
IMG_20241103_121635_2.jpg,.jpg,Blast/IMG_20241103_121635_2.jpg,5057,True,300,300,1.0,RGB,3,JPEG,45da87981d7b20d309a503a442284f0c1b037cd59f3bae7cb19837aebc6e9bbd,,Blast,RiceLeafDisease_BD5,EXTERNAL_FIELD_DATASET
IMG_20241103_121636.jpg,.jpg,Blast/IMG_20241103_121636.jpg,5138,True,300,300,1.0,RGB,3,JPEG,b91c2d3926c9e222ccfaa2ac3c65ca7e88e480c688507e9be6de92257ffe6d32,,Blast,RiceLeafDisease_BD5,EXTERNAL_FIELD_DATASET
IMG_20241103_121637.jpg,.jpg,Blast/IMG_20241103_121637.jpg,6276,True,300,300,1.0,RGB,3,JPEG,9d32aa9c0781cddb1993e7f4b1b225469e9d3af87ddb5e163951812289cf1c0d,,Blast,RiceLeafDisease_BD5,EXTERNAL_FIELD_DATASET
IMG_20241103_121643.jpg,.jpg,Blast/IMG_20241103_121643.jpg,6048,True,300,300,1.0,RGB,3,JPEG,e136794d3ebe085b40fa582f8a7d8bb146eee61645639e2f9f4955d12fc42efe,,Blast,RiceLeafDisease_BD5,EXTERNAL_FIELD_DATASET
IMG_20241103_121644.jpg,.jpg,Blast/IMG_20241103_121644.jpg,6107,True,300,300,1.0,RGB,3,JPEG,2a860c4fd3b10b5a0c303d96ae9d636db4fd4ea9ced06cb9699de5b6298a4b3a,,Blast,RiceLeafDisease_BD5,EXTERNAL_FIELD_DATASET
IMG_20241103_121645_1.jpg,.jpg,Blast/IMG_20241103_121645_1.jpg,5574,True,300,300,1.0,RGB,3,JPEG,4c7503f09a4fd8077185ee0634fd93a77577c2a9aff290d936fd47b35a56728a,,Blast,RiceLeafDisease_BD5,EXTERNAL_FIELD_DATASET
IMG_20241103_121646.jpg,.jpg,Blast/IMG_20241103_121646.jpg,5635,True,300,300,1.0,RGB,3,JPEG,c94b05af18859ecc9bab6d632a0a1d2a96d26a7c0e71940903fec25818e40d2c,,Blast,RiceLeafDisease_BD5,EXTERNAL_FIELD_DATASET
IMG_20241103_121649.jpg,.jpg,Blast/IMG_20241103_121649.jpg,6554,True,300,300,1.0,RGB,3,JPEG,123a4d29f242eee56a0e67e954239f51e79bca2f5d731288f20af27407820311,,Blast,RiceLeafDisease_BD5,EXTERNAL_FIELD_DATASET
IMG_20241103_121651.jpg,.jpg,Blast/IMG_20241103_121651.jpg,6660,True,300,300,1.0,RGB,3,JPEG,c64011b7d3c1bb9138537609338a81a932ab8e8eebd35f4c22e19402107dd411,,Blast,RiceLeafDisease_BD5,EXTERNAL_FIELD_DATASET
IMG_20241103_121656.jpg,.jpg,Blast/IMG_20241103_121656.jpg,4859,True,300,300,1.0,RGB,3,JPEG,7147b0d9f2e8c87a05803ad6240031566a76cc48a3db2aacf938bd9cff210826,,Blast,RiceLeafDisease_BD5,EXTERNAL_FIELD_DATASET
IMG_20241103_121657.jpg,.jpg,Blast/IMG_20241103_121657.jpg,4873,True,300,300,1.0,RGB,3,JPEG,6994667a6e3a3ea8cb2ff907d688a465dd38df247f18d165060074ae0dbd9269,,Blast,RiceLeafDisease_BD5,EXTERNAL_FIELD_DATASET
IMG_20241103_121700.jpg,.jpg,Blast/IMG_20241103_121700.jpg,4746,True,300,300,1.0,RGB,3,JPEG,9512210e8cd0108c31dbf712e4493edb329c9502a3d3902d16dce2344efd3a6b,,Blast,RiceLeafDisease_BD5,EXTERNAL_FIELD_DATASET
IMG_20241103_121704.jpg,.jpg,Blast/IMG_20241103_121704.jpg,9499,True,300,300,1.0,RGB,3,JPEG,c3b56b6831cea10a167a52f5aac3070448bcd6ed05b8912103a246077b906afb,,Blast,RiceLeafDisease_BD5,EXTERNAL_FIELD_DATASET
IMG_20241103_121705.jpg,.jpg,Blast/IMG_20241103_121705.jpg,9449,True,300,300,1.0,RGB,3,JPEG,79f619c9de280a4ebd3120c0f63c84bdc1e0064ea8ce1b412900677ddad12de7,,Blast,RiceLeafDisease_BD5,EXTERNAL_FIELD_DATASET
IMG_20241103_121707.jpg,.jpg,Blast/IMG_20241103_121707.jpg,5990,True,300,300,1.0,RGB,3,JPEG,02623cd5a45c42283f2a024ef4fefef51ba5d18d44a91ee55bb28a5de80d3773,,Blast,RiceLeafDisease_BD5,EXTERNAL_FIELD_DATASET
IMG_20241103_121708.jpg,.jpg,Blast/IMG_20241103_121708.jpg,6071,True,300,300,1.0,RGB,3,JPEG,482b241a32cd46bdd68758ffef45d31438f0457f9fa526101435c3a06ca849a6,,Blast,RiceLeafDisease_BD5,EXTERNAL_FIELD_DATASET
IMG_20241103_121711.jpg,.jpg,Blast/IMG_20241103_121711.jpg,9497,True,300,300,1.0,RGB,3,JPEG,3efc42e3c3500fcf0b7c4465c08170e2a2f687ff081c2e66ce7271945a6b116d,,Blast,RiceLeafDisease_BD5,EXTERNAL_FIELD_DATASET
IMG_20241103_121711_1.jpg,.jpg,Blast/IMG_20241103_121711_1.jpg,6912,True,300,300,1.0,RGB,3,JPEG,3da26907cb4a08db6fecedeadb33f1b747ec601c5f00aa96c326cf0386e83e17,,Blast,RiceLeafDisease_BD5,EXTERNAL_FIELD_DATASET
IMG_20241103_121713.jpg,.jpg,Blast/IMG_20241103_121713.jpg,9615,True,300,300,1.0,RGB,3,JPEG,5ceec89bcb18c26cc2b2ccf9b964feef8bc64197c87715c7ef934fbb2f74ff19,,Blast,RiceLeafDisease_BD5,EXTERNAL_FIELD_DATASET
IMG_20241103_121713_1.jpg,.jpg,Blast/IMG_20241103_121713_1.jpg,6566,True,300,300,1.0,RGB,3,JPEG,f93ad4b1121de4fceb2adfec279818757f7802a85f91f141cc1267675004df29,,Blast,RiceLeafDisease_BD5,EXTERNAL_FIELD_DATASET
IMG_20241103_121714.jpg,.jpg,Blast/IMG_20241103_121714.jpg,6632,True,300,300,1.0,RGB,3,JPEG,4385f529a93830777b18d148aa13a5a78d9e7b728617ac669e5481f3988d4224,,Blast,RiceLeafDisease_BD5,EXTERNAL_FIELD_DATASET
IMG_20241103_121715.jpg,.jpg,Blast/IMG_20241103_121715.jpg,6639,True,300,300,1.0,RGB,3,JPEG,50ac531084a63110f0ef86e54e8edda7bdf81fa3d9624a613dc5ba85c7055b1a,,Blast,RiceLeafDisease_BD5,EXTERNAL_FIELD_DATASET
IMG_20241103_121725.jpg,.jpg,Blast/IMG_20241103_121725.jpg,10518,True,300,300,1.0,RGB,3,JPEG,4d5542e30fb1b0031373d18f3e463e7ff8f9f42a397970581814175579db5dad,,Blast,RiceLeafDisease_BD5,EXTERNAL_FIELD_DATASET
IMG_20241103_121726.jpg,.jpg,Blast/IMG_20241103_121726.jpg,10605,True,300,300,1.0,RGB,3,JPEG,55cc6c123910d4e69ef728878fab093dccc036252329da1f87e14ec31dd24785,,Blast,RiceLeafDisease_BD5,EXTERNAL_FIELD_DATASET
IMG_20241103_121727.jpg,.jpg,Blast/IMG_20241103_121727.jpg,10697,True,300,300,1.0,RGB,3,JPEG,214d9ac13e9c6e2d52aed5ad17ff37fec7c583a3d8bd72c3c733a77c9a883642,,Blast,RiceLeafDisease_BD5,EXTERNAL_FIELD_DATASET
IMG_20241103_121729.jpg,.jpg,Blast/IMG_20241103_121729.jpg,6174,True,300,300,1.0,RGB,3,JPEG,2eb465b6358bdf473b2d76ae9cc7a3aab8dd742498a20896e2a0ebd19077a2e7,,Blast,RiceLeafDisease_BD5,EXTERNAL_FIELD_DATASET
IMG_20241103_121732.jpg,.jpg,Blast/IMG_20241103_121732.jpg,4395,True,300,300,1.0,RGB,3,JPEG,467e9f4bc21fcdbeec9fab62f5618fa1e8ca892b2f35210138d916fa2803a24f,,Blast,RiceLeafDisease_BD5,EXTERNAL_FIELD_DATASET
IMG_20241103_121733.jpg,.jpg,Blast/IMG_20241103_121733.jpg,4201,True,300,300,1.0,RGB,3,JPEG,35ff45ea055f2908d29d9d57387c8bddee4cc23b9beb9e11453eb8aa40a3a7ed,,Blast,RiceLeafDisease_BD5,EXTERNAL_FIELD_DATASET
IMG_20241103_121734.jpg,.jpg,Blast/IMG_20241103_121734.jpg,11079,True,300,300,1.0,RGB,3,JPEG,5301c0b8626a89179dfe02ef6a8d00c75da8bc3caf066f1162920808a12452b0,,Blast,RiceLeafDisease_BD5,EXTERNAL_FIELD_DATASET
IMG_20241103_121735.jpg,.jpg,Blast/IMG_20241103_121735.jpg,11090,True,300,300,1.0,RGB,3,JPEG,6cdcf097d6f88bc1ce3f7dc4380eb3834dbeef315645a6dfc08de7df0a83adef,,Blast,RiceLeafDisease_BD5,EXTERNAL_FIELD_DATASET
IMG_20241103_121735_1.jpg,.jpg,Blast/IMG_20241103_121735_1.jpg,3757,True,300,300,1.0,RGB,3,JPEG,9b9f366ea738dc67f0a4e545b21313e0ac3a6dc7b629948528275f058a28e070,,Blast,RiceLeafDisease_BD5,EXTERNAL_FIELD_DATASET
IMG_20241103_121742.jpg,.jpg,Blast/IMG_20241103_121742.jpg,3902,True,300,300,1.0,RGB,3,JPEG,dfe4136ba5e8a7f3c9979e9383f4f0006e7254de68ae2bee93e50e5ffa2f8693,,Blast,RiceLeafDisease_BD5,EXTERNAL_FIELD_DATASET
IMG_20241103_121743.jpg,.jpg,Blast/IMG_20241103_121743.jpg,10202,True,300,300,1.0,RGB,3,JPEG,e60747dba568f4aa9bd1bd572d34e831c5f112da47f00ada9f441371536b07ca,,Blast,RiceLeafDisease_BD5,EXTERNAL_FIELD_DATASET
IMG_20241103_121743_1.jpg,.jpg,Blast/IMG_20241103_121743_1.jpg,3918,True,300,300,1.0,RGB,3,JPEG,9ce42da80a6b5bed2dfc0bd5432cb4363d6087fbdcba3f3d7c479e32875a5db8,,Blast,RiceLeafDisease_BD5,EXTERNAL_FIELD_DATASET
IMG_20241103_121744.jpg,.jpg,Blast/IMG_20241103_121744.jpg,10204,True,300,300,1.0,RGB,3,JPEG,7ee433f592968b17ba8320dce7263ef4ab6513ab69bebb30d8fba4dd382bdf6a,,Blast,RiceLeafDisease_BD5,EXTERNAL_FIELD_DATASET
IMG_20241103_121744_1.jpg,.jpg,Blast/IMG_20241103_121744_1.jpg,3908,True,300,300,1.0,RGB,3,JPEG,7bdde041095a7c6b2de741f4501400fa84f23e43bc7798697bda1d329c10754e,,Blast,RiceLeafDisease_BD5,EXTERNAL_FIELD_DATASET
IMG_20241103_121750.jpg,.jpg,Blast/IMG_20241103_121750.jpg,10337,True,300,300,1.0,RGB,3,JPEG,a47fc971359b50168a7ad0a120f7eba36e28b31f397107bcb9baabc4e2c8ba99,,Blast,RiceLeafDisease_BD5,EXTERNAL_FIELD_DATASET
IMG_20241103_121752.jpg,.jpg,Blast/IMG_20241103_121752.jpg,10426,True,300,300,1.0,RGB,3,JPEG,17de6e93d1c843fb566cbc1c0cb347a2d0160d63fb752af2940dffe8d6c4ff65,,Blast,RiceLeafDisease_BD5,EXTERNAL_FIELD_DATASET
IMG_20241103_121757.jpg,.jpg,Blast/IMG_20241103_121757.jpg,10289,True,300,300,1.0,RGB,3,JPEG,640dfb9d31b3ec57a59f9239186fa5557349ce04a295d298dd65628f9ac57763,,Blast,RiceLeafDisease_BD5,EXTERNAL_FIELD_DATASET
IMG_20241103_121757_1.jpg,.jpg,Blast/IMG_20241103_121757_1.jpg,4998,True,300,300,1.0,RGB,3,JPEG,bd7d494033946567404736033609b94808e6988e087cc9af3c9835a793a132f0,,Blast,RiceLeafDisease_BD5,EXTERNAL_FIELD_DATASET
IMG_20241103_121757_2.jpg,.jpg,Blast/IMG_20241103_121757_2.jpg,4853,True,300,300,1.0,RGB,3,JPEG,fdce60a810b2ba650d1c19531874e9998739419a2b4dd7728294421e515d2962,,Blast,RiceLeafDisease_BD5,EXTERNAL_FIELD_DATASET
IMG_20241103_121758.jpg,.jpg,Blast/IMG_20241103_121758.jpg,10372,True,300,300,1.0,RGB,3,JPEG,e1bd0dcc3f7c97e5ff075ff4cc3742d1aa90a7d6aee38e4aadeb1e22ff517ca0,,Blast,RiceLeafDisease_BD5,EXTERNAL_FIELD_DATASET
IMG_20241103_121803.jpg,.jpg,Blast/IMG_20241103_121803.jpg,10028,True,300,300,1.0,RGB,3,JPEG,5fe0913d0eac095ccc18daea7d2d0a2048114e44ec8f29ce68a0041e3ba102e8,,Blast,RiceLeafDisease_BD5,EXTERNAL_FIELD_DATASET
IMG_20241103_121805.jpg,.jpg,Blast/IMG_20241103_121805.jpg,9915,True,300,300,1.0,RGB,3,JPEG,dd3cc5a3a7ba2273442c1aec15fb3f35695a7f3f1c7e0f1239d505bbc5760cea,,Blast,RiceLeafDisease_BD5,EXTERNAL_FIELD_DATASET
IMG_20241103_121811.jpg,.jpg,Blast/IMG_20241103_121811.jpg,5825,True,300,300,1.0,RGB,3,JPEG,ac9e2eb4deba175db71839d33cf194cea8e9ebd0ba6da69a9ce6bde4cbb2ae92,,Blast,RiceLeafDisease_BD5,EXTERNAL_FIELD_DATASET
IMG_20241103_121812.jpg,.jpg,Blast/IMG_20241103_121812.jpg,10508,True,300,300,1.0,RGB,3,JPEG,1a327a0813cda27e083fc325f83caac0dd0b40ca88cbbceb62633cac98ae34dc,,Blast,RiceLeafDisease_BD5,EXTERNAL_FIELD_DATASET
IMG_20241103_121812_1.jpg,.jpg,Blast/IMG_20241103_121812_1.jpg,5556,True,300,300,1.0,RGB,3,JPEG,56bd7fa090a872f194a0d359fee96f706a66c863c54010534392aad6deab7b61,,Blast,RiceLeafDisease_BD5,EXTERNAL_FIELD_DATASET
IMG_20241103_121813.jpg,.jpg,Blast/IMG_20241103_121813.jpg,5455,True,300,300,1.0,RGB,3,JPEG,8f0908e9163a38c767b16c3ad2748065f39069884af904a19122222449148276,,Blast,RiceLeafDisease_BD5,EXTERNAL_FIELD_DATASET
IMG_20241103_121814.jpg,.jpg,Blast/IMG_20241103_121814.jpg,5431,True,300,300,1.0,RGB,3,JPEG,7e0cf485ba32978f86c4b7845df586c3fd7f564d1f8da3e4aefef5eacb4efd36,,Blast,RiceLeafDisease_BD5,EXTERNAL_FIELD_DATASET
IMG_20241103_121818.jpg,.jpg,Blast/IMG_20241103_121818.jpg,9682,True,300,300,1.0,RGB,3,JPEG,f3ee5a7eab751737afa912f6fa7b555d99452fe130e4cdf9ab2e5dbbc8e6f4c0,,Blast,RiceLeafDisease_BD5,EXTERNAL_FIELD_DATASET
IMG_20241103_121819.jpg,.jpg,Blast/IMG_20241103_121819.jpg,9791,True,300,300,1.0,RGB,3,JPEG,e616212b4e10c5a917cb020173859fe8b77a5c9dd7396f9149e6d08a4993431a,,Blast,RiceLeafDisease_BD5,EXTERNAL_FIELD_DATASET
IMG_20241103_121821.jpg,.jpg,Blast/IMG_20241103_121821.jpg,6882,True,300,300,1.0,RGB,3,JPEG,b6c23873cc1447d32a29a477b7aaf068f4ec17d07b8754b552f850b51d65e080,,Blast,RiceLeafDisease_BD5,EXTERNAL_FIELD_DATASET
IMG_20241103_121821_1.jpg,.jpg,Blast/IMG_20241103_121821_1.jpg,6739,True,300,300,1.0,RGB,3,JPEG,37bb372c0cf6ac0396cfaefd8397f9a1c947806a3196ae78572a64b0f80a994b,,Blast,RiceLeafDisease_BD5,EXTERNAL_FIELD_DATASET
IMG_20241103_121830.jpg,.jpg,Blast/IMG_20241103_121830.jpg,8685,True,300,300,1.0,RGB,3,JPEG,c271be258fd14ab30a8fbb354e872d5070d04acbfddc3d657de189254433b053,,Blast,RiceLeafDisease_BD5,EXTERNAL_FIELD_DATASET
IMG_20241103_121833.jpg,.jpg,Blast/IMG_20241103_121833.jpg,8682,True,300,300,1.0,RGB,3,JPEG,727c1d9d5b2d8a53c9acafe8246b962606e4a3f55637526e1faf5cdc5af87e44,,Blast,RiceLeafDisease_BD5,EXTERNAL_FIELD_DATASET
IMG_20241103_121839.jpg,.jpg,Blast/IMG_20241103_121839.jpg,5896,True,300,300,1.0,RGB,3,JPEG,d8a0068db728582485eb16ddf105342fbbbfb3c36715afdf225436d5289ca521,,Blast,RiceLeafDisease_BD5,EXTERNAL_FIELD_DATASET
IMG_20241103_121840.jpg,.jpg,Blast/IMG_20241103_121840.jpg,9609,True,300,300,1.0,RGB,3,JPEG,9bcbc0f9c0b59f8ccd2fcd30c8acb0380c49b3c1706f10ab5f650e8a057d5f08,,Blast,RiceLeafDisease_BD5,EXTERNAL_FIELD_DATASET
IMG_20241103_121841.jpg,.jpg,Blast/IMG_20241103_121841.jpg,9839,True,300,300,1.0,RGB,3,JPEG,119bac0c3adea3137e5c15335aee8348401d8c477adf42aef3b05fc4f74787a6,,Blast,RiceLeafDisease_BD5,EXTERNAL_FIELD_DATASET
IMG_20241103_121842.jpg,.jpg,Blast/IMG_20241103_121842.jpg,6106,True,300,300,1.0,RGB,3,JPEG,61c4413ad1bc0305bea4bca2ab0d05cc43fcc58ce071632e0fbe96d9804a1b98,,Blast,RiceLeafDisease_BD5,EXTERNAL_FIELD_DATASET
IMG_20241103_121843.jpg,.jpg,Blast/IMG_20241103_121843.jpg,6161,True,300,300,1.0,RGB,3,JPEG,0330c1bc042300ea0d55334051a15e39b780278187c193fc6ab3154d8a1cf558,,Blast,RiceLeafDisease_BD5,EXTERNAL_FIELD_DATASET
IMG_20241103_121846.jpg,.jpg,Blast/IMG_20241103_121846.jpg,9113,True,300,300,1.0,RGB,3,JPEG,bd9474fe78594f04be8c918f6ad19abfe5628e926099a6553eef36670cc50f56,,Blast,RiceLeafDisease_BD5,EXTERNAL_FIELD_DATASET
IMG_20241103_121847.jpg,.jpg,Blast/IMG_20241103_121847.jpg,9124,True,300,300,1.0,RGB,3,JPEG,1d43f0ea58e7e4c3fb40c3617bc5eca65da5b31f85d7f19e01a8b0337df6114e,,Blast,RiceLeafDisease_BD5,EXTERNAL_FIELD_DATASET
IMG_20241103_121854.jpg,.jpg,Blast/IMG_20241103_121854.jpg,7168,True,300,300,1.0,RGB,3,JPEG,fb59158fe7330078ea47da00dfb16ffe603a28facc113d61da567f5c76978fd7,,Blast,RiceLeafDisease_BD5,EXTERNAL_FIELD_DATASET
IMG_20241103_121855.jpg,.jpg,Blast/IMG_20241103_121855.jpg,7448,True,300,300,1.0,RGB,3,JPEG,1f8795cacdbe6864308897381fb55371b5a8789741bfb790cee7354a8a662c84,,Blast,RiceLeafDisease_BD5,EXTERNAL_FIELD_DATASET
IMG_20241103_121855_1.jpg,.jpg,Blast/IMG_20241103_121855_1.jpg,7802,True,300,300,1.0,RGB,3,JPEG,81a45f70534c67a5176c0d5b1431fc41e857240bf63de55ce33d721710c83d13,,Blast,RiceLeafDisease_BD5,EXTERNAL_FIELD_DATASET
IMG_20241103_121904.jpg,.jpg,Blast/IMG_20241103_121904.jpg,4260,True,300,300,1.0,RGB,3,JPEG,c344a16b37b494fd6198df008a52be5d2e5010bb2fafa64831b300020bd1a489,,Blast,RiceLeafDisease_BD5,EXTERNAL_FIELD_DATASET
IMG_20241103_121907.jpg,.jpg,Blast/IMG_20241103_121907.jpg,4313,True,300,300,1.0,RGB,3,JPEG,faadb06a18079239a5a5ceaee2e824282336fc05d31c45d07367767a7eed5797,,Blast,RiceLeafDisease_BD5,EXTERNAL_FIELD_DATASET
IMG_20241103_121918.jpg,.jpg,Blast/IMG_20241103_121918.jpg,6218,True,300,300,1.0,RGB,3,JPEG,e06fa32544146295daeb1e641db2ede14003d2e635a874a89e6e01e893437c1a,,Blast,RiceLeafDisease_BD5,EXTERNAL_FIELD_DATASET
IMG_20241103_121919.jpg,.jpg,Blast/IMG_20241103_121919.jpg,6142,True,300,300,1.0,RGB,3,JPEG,dd802c665a7842b0354a16c87d8683e3e3c2824416bc7c960373daae06b5db14,,Blast,RiceLeafDisease_BD5,EXTERNAL_FIELD_DATASET
IMG_20241103_121919_1.jpg,.jpg,Blast/IMG_20241103_121919_1.jpg,5864,True,300,300,1.0,RGB,3,JPEG,dba127722c0d47d8297b9280d3ba1fc0a688899ed3b2d7a85d9bb29dc520fdb2,,Blast,RiceLeafDisease_BD5,EXTERNAL_FIELD_DATASET
IMG_20241103_121923.jpg,.jpg,Blast/IMG_20241103_121923.jpg,5865,True,300,300,1.0,RGB,3,JPEG,b2fed77c79818efeee760bb5c75bccf5c47907fde8b3ba225a276306a5bdf234,,Blast,RiceLeafDisease_BD5,EXTERNAL_FIELD_DATASET
IMG_20241103_121926.jpg,.jpg,Blast/IMG_20241103_121926.jpg,5975,True,300,300,1.0,RGB,3,JPEG,566814cbd6c30733858ae96e54156f67655dfc4e40041ddd20c6a49665f0ac3d,,Blast,RiceLeafDisease_BD5,EXTERNAL_FIELD_DATASET
IMG_20241103_121927.jpg,.jpg,Blast/IMG_20241103_121927.jpg,6001,True,300,300,1.0,RGB,3,JPEG,243cb7a30688c434babc676e13c24af0591cbd64bfe06c0fc18e3c6d334d527f,,Blast,RiceLeafDisease_BD5,EXTERNAL_FIELD_DATASET
IMG_20241103_121932.jpg,.jpg,Blast/IMG_20241103_121932.jpg,6230,True,300,300,1.0,RGB,3,JPEG,99dac9f36ac6092be624ca5af281989a001ee8d977a12e664145c11ba708a903,,Blast,RiceLeafDisease_BD5,EXTERNAL_FIELD_DATASET
IMG_20241103_121934.jpg,.jpg,Blast/IMG_20241103_121934.jpg,6236,True,300,300,1.0,RGB,3,JPEG,a64123d3a60bf6ae19ead5e29a76ae1b704044e2c4d9ca813d25b1b56a703f26,,Blast,RiceLeafDisease_BD5,EXTERNAL_FIELD_DATASET
IMG_20241103_121936.jpg,.jpg,Blast/IMG_20241103_121936.jpg,5267,True,300,300,1.0,RGB,3,JPEG,b74b52d0796354ad914c3ea9efe34f7e678a3b1363f6b87b75d4e4f9bb60e587,,Blast,RiceLeafDisease_BD5,EXTERNAL_FIELD_DATASET
IMG_20241103_121937.jpg,.jpg,Blast/IMG_20241103_121937.jpg,5294,True,300,300,1.0,RGB,3,JPEG,87cbac59458d1e5c6be3d7eb735bb2cd23a7a6ccfe7b3e1f7b6032198c60327b,,Blast,RiceLeafDisease_BD5,EXTERNAL_FIELD_DATASET
IMG_20241103_121940.jpg,.jpg,Blast/IMG_20241103_121940.jpg,5050,True,300,300,1.0,RGB,3,JPEG,7e87450cba3520d36212ca79a17e484438e5fc0663f82ee4b43f47988f835e43,,Blast,RiceLeafDisease_BD5,EXTERNAL_FIELD_DATASET
IMG_20241103_121942.jpg,.jpg,Blast/IMG_20241103_121942.jpg,6580,True,300,300,1.0,RGB,3,JPEG,4954ad95b0a6f163769d5adf253c51a7708432464716453ea016afc87b2b1d3d,,Blast,RiceLeafDisease_BD5,EXTERNAL_FIELD_DATASET
IMG_20241103_121944.jpg,.jpg,Blast/IMG_20241103_121944.jpg,6613,True,300,300,1.0,RGB,3,JPEG,c38f8f6f25a49d4b81d8e60902d901948566ac7f5b5fb85ac7fa8a9190e7f786,,Blast,RiceLeafDisease_BD5,EXTERNAL_FIELD_DATASET
IMG_20241103_121954.jpg,.jpg,Blast/IMG_20241103_121954.jpg,3780,True,300,300,1.0,RGB,3,JPEG,f55ba5a893cd8f53ec274e5e3638fab7425728a93ff658495ecdfe385235bea7,,Blast,RiceLeafDisease_BD5,EXTERNAL_FIELD_DATASET
IMG_20241103_121955.jpg,.jpg,Blast/IMG_20241103_121955.jpg,3764,True,300,300,1.0,RGB,3,JPEG,4c9a4752fe12ab8329be5c251f1f677de6f7c2a3bef33a56e10f7732ab5828dc,,Blast,RiceLeafDisease_BD5,EXTERNAL_FIELD_DATASET
IMG_20241103_122032.jpg,.jpg,Blast/IMG_20241103_122032.jpg,6999,True,300,300,1.0,RGB,3,JPEG,84c44e8906eae88cbc3fd69961753d284598c696bfcbff7f7c4cd51eb201db5a,,Blast,RiceLeafDisease_BD5,EXTERNAL_FIELD_DATASET
IMG_20241103_122033.jpg,.jpg,Blast/IMG_20241103_122033.jpg,7101,True,300,300,1.0,RGB,3,JPEG,74b052e0a58f8f56f4e7ed94f502a6b260002b1a9823a109939aff37a66b8b0e,,Blast,RiceLeafDisease_BD5,EXTERNAL_FIELD_DATASET
IMG_20241103_122050.jpg,.jpg,Blast/IMG_20241103_122050.jpg,5925,True,300,300,1.0,RGB,3,JPEG,b040288f799548344efdf2e34de213633a1c0bfe0f21ebd14b07129dab32d252,,Blast,RiceLeafDisease_BD5,EXTERNAL_FIELD_DATASET
IMG_20241103_122051.jpg,.jpg,Blast/IMG_20241103_122051.jpg,6051,True,300,300,1.0,RGB,3,JPEG,b0be3943cc8016abd4ccda1926e7c6cce9ca842c93bffc9eb46de72daf4ca004,,Blast,RiceLeafDisease_BD5,EXTERNAL_FIELD_DATASET
IMG_20241103_122055.jpg,.jpg,Blast/IMG_20241103_122055.jpg,5551,True,300,300,1.0,RGB,3,JPEG,37facd4bcb0d65d1de620abaadb09961f5be685e9b82ec7440fe35e58f97b313,,Blast,RiceLeafDisease_BD5,EXTERNAL_FIELD_DATASET
IMG_20241103_122056.jpg,.jpg,Blast/IMG_20241103_122056.jpg,5819,True,300,300,1.0,RGB,3,JPEG,5e5892f58edff08fdc91cdb33ab65b6e3860fc95f2ea93a1b8e14b77502b5247,,Blast,RiceLeafDisease_BD5,EXTERNAL_FIELD_DATASET
IMG_20241103_122101.jpg,.jpg,Blast/IMG_20241103_122101.jpg,4002,True,300,300,1.0,RGB,3,JPEG,34f31911c6a0e7517ba73121aa5799217a0baea8ad43e89b259798ab2d97b348,,Blast,RiceLeafDisease_BD5,EXTERNAL_FIELD_DATASET
IMG_20241103_122102.jpg,.jpg,Blast/IMG_20241103_122102.jpg,4047,True,300,300,1.0,RGB,3,JPEG,9d30e015d9a245a81283208ca1b8bf2eaf157bb2baf1fcef9c5a50502fc9a9be,,Blast,RiceLeafDisease_BD5,EXTERNAL_FIELD_DATASET
IMG_20241103_122110.jpg,.jpg,Blast/IMG_20241103_122110.jpg,7792,True,300,300,1.0,RGB,3,JPEG,b5383bfe04c0bd2cb0161177986f76e95802147ccef67f36d2e22cca260cccac,,Blast,RiceLeafDisease_BD5,EXTERNAL_FIELD_DATASET
IMG_20241103_122111.jpg,.jpg,Blast/IMG_20241103_122111.jpg,7959,True,300,300,1.0,RGB,3,JPEG,4fec1e6103318f9ab9c005cc510d3b0f7d58e7eee6d265c3c722922a3edd1a10,,Blast,RiceLeafDisease_BD5,EXTERNAL_FIELD_DATASET
IMG_20241103_122116.jpg,.jpg,Blast/IMG_20241103_122116.jpg,8264,True,300,300,1.0,RGB,3,JPEG,fe5d3306a8a16c1f6c1348f2606dd7f137b860650d894435aa948c52ee290c8c,,Blast,RiceLeafDisease_BD5,EXTERNAL_FIELD_DATASET
IMG_20241103_122117.jpg,.jpg,Blast/IMG_20241103_122117.jpg,8454,True,300,300,1.0,RGB,3,JPEG,b0ac6ffbb39c455435a7ac4a470b4f17caed4c21959836249b235e4cebe72119,,Blast,RiceLeafDisease_BD5,EXTERNAL_FIELD_DATASET
IMG_20241103_122122.jpg,.jpg,Blast/IMG_20241103_122122.jpg,7979,True,300,300,1.0,RGB,3,JPEG,f786ebbda1175569c13f48f92854e3d5987af77c23b9a7856856132d4363665e,,Blast,RiceLeafDisease_BD5,EXTERNAL_FIELD_DATASET
IMG_20241103_122123.jpg,.jpg,Blast/IMG_20241103_122123.jpg,8173,True,300,300,1.0,RGB,3,JPEG,847f75090330e229957fa4d4b9715542c5ec75d6043fbf093b0b75dcc9dcee7a,,Blast,RiceLeafDisease_BD5,EXTERNAL_FIELD_DATASET
IMG_20241103_122127.jpg,.jpg,Blast/IMG_20241103_122127.jpg,9087,True,300,300,1.0,RGB,3,JPEG,1ebdfe8a9c2c145dcb9f21683f5aa4cc6cd43f07c3cb4d1920c17fe4c2f69a94,,Blast,RiceLeafDisease_BD5,EXTERNAL_FIELD_DATASET
IMG_20241103_122128.jpg,.jpg,Blast/IMG_20241103_122128.jpg,9183,True,300,300,1.0,RGB,3,JPEG,ec724a624da8179fa41ba984438f1e14bac3e63bb6110e10fe9ba1635a25b28a,,Blast,RiceLeafDisease_BD5,EXTERNAL_FIELD_DATASET
IMG_20241103_122138.jpg,.jpg,Blast/IMG_20241103_122138.jpg,10057,True,300,300,1.0,RGB,3,JPEG,b8179affff9080bed10ad7e4eb2482df748b3f0ed75460ec2d6f14c82598733e,,Blast,RiceLeafDisease_BD5,EXTERNAL_FIELD_DATASET
IMG_20241103_122150.jpg,.jpg,Blast/IMG_20241103_122150.jpg,6843,True,300,300,1.0,RGB,3,JPEG,808d32159a2b63a218f61d3f95116bc3f2cdd8c5268d443ab3562e955e98ee5a,,Blast,RiceLeafDisease_BD5,EXTERNAL_FIELD_DATASET
IMG_20241103_122151.jpg,.jpg,Blast/IMG_20241103_122151.jpg,6858,True,300,300,1.0,RGB,3,JPEG,76237ae71104fdedbed5a59f0d038ebd5bf9f9e170f61c0f031595f222415c8c,,Blast,RiceLeafDisease_BD5,EXTERNAL_FIELD_DATASET
IMG_20241103_122156.jpg,.jpg,Blast/IMG_20241103_122156.jpg,6216,True,300,300,1.0,RGB,3,JPEG,eb1a07bcb2a53ce5dbbeb2abb500f6bc98585308ff6fd591b5918379e0dee6b2,,Blast,RiceLeafDisease_BD5,EXTERNAL_FIELD_DATASET
IMG_20241103_122157.jpg,.jpg,Blast/IMG_20241103_122157.jpg,6237,True,300,300,1.0,RGB,3,JPEG,d74e17aa3b896085585a5f3dcbd5880826be35906bc1538c72cc37237b8117b5,,Blast,RiceLeafDisease_BD5,EXTERNAL_FIELD_DATASET
IMG_20241103_122206.jpg,.jpg,Blast/IMG_20241103_122206.jpg,6355,True,300,300,1.0,RGB,3,JPEG,2f67149e4d8d8b9237758668cb459ad7c967140b83b1a4355a1b167c85a2c87c,,Blast,RiceLeafDisease_BD5,EXTERNAL_FIELD_DATASET
IMG_20241103_122208.jpg,.jpg,Blast/IMG_20241103_122208.jpg,6193,True,300,300,1.0,RGB,3,JPEG,eb569f1a555b6e71e4b32349da96a014d2757a1cebce4dc2b22bbb65894087cd,,Blast,RiceLeafDisease_BD5,EXTERNAL_FIELD_DATASET
IMG_20241103_122213.jpg,.jpg,Blast/IMG_20241103_122213.jpg,6668,True,300,300,1.0,RGB,3,JPEG,946f90dd63a2b3c6f213db906fd198dd51e43c6926d95215053f05fa14413abb,,Blast,RiceLeafDisease_BD5,EXTERNAL_FIELD_DATASET
IMG_20241103_122214.jpg,.jpg,Blast/IMG_20241103_122214.jpg,6626,True,300,300,1.0,RGB,3,JPEG,dcfd0440a19bdf5cb2ae558d3390ab0fa6949f345abcec77ccf8cb883a00684d,,Blast,RiceLeafDisease_BD5,EXTERNAL_FIELD_DATASET
IMG_20241103_122222.jpg,.jpg,Blast/IMG_20241103_122222.jpg,4922,True,300,300,1.0,RGB,3,JPEG,58fa8dd7106633aa9c9cfdf975a7ad659ff309e87c7934a490d76f5936aab441,,Blast,RiceLeafDisease_BD5,EXTERNAL_FIELD_DATASET
IMG_20241103_122223.jpg,.jpg,Blast/IMG_20241103_122223.jpg,4903,True,300,300,1.0,RGB,3,JPEG,463fc10f29224ba0da92e2e2c575a9dac3cc3f6e9e28a5f1ab15d8944e154ff1,,Blast,RiceLeafDisease_BD5,EXTERNAL_FIELD_DATASET
IMG_20241103_122230.jpg,.jpg,Blast/IMG_20241103_122230.jpg,5037,True,300,300,1.0,RGB,3,JPEG,ec0b3041da790243d62eae65724a2f25ccf5a7ac3371765b835dc2ee9fb82346,,Blast,RiceLeafDisease_BD5,EXTERNAL_FIELD_DATASET
IMG_20241103_122231.jpg,.jpg,Blast/IMG_20241103_122231.jpg,5040,True,300,300,1.0,RGB,3,JPEG,ed1efa382f056c0c44394689d72e72c6d926b212c7bf5ff0ca78e83dfaae639e,,Blast,RiceLeafDisease_BD5,EXTERNAL_FIELD_DATASET
IMG_20241103_122236.jpg,.jpg,Blast/IMG_20241103_122236.jpg,6710,True,300,300,1.0,RGB,3,JPEG,8d00a4807cc6731227ba97afb720dbbdab412e9e501468747d688abbff338b61,,Blast,RiceLeafDisease_BD5,EXTERNAL_FIELD_DATASET
IMG_20241103_122237.jpg,.jpg,Blast/IMG_20241103_122237.jpg,6649,True,300,300,1.0,RGB,3,JPEG,b90df8d63ce97c9cd93ca7f24fca0748b959db3b542e7de6522cc95448644a16,,Blast,RiceLeafDisease_BD5,EXTERNAL_FIELD_DATASET
IMG_20241103_122241.jpg,.jpg,Blast/IMG_20241103_122241.jpg,6161,True,300,300,1.0,RGB,3,JPEG,e9b5a0e962c717fe199e1fea2ca73336b19998adf9637da10489f6280a67b015,,Blast,RiceLeafDisease_BD5,EXTERNAL_FIELD_DATASET
IMG_20241103_122242.jpg,.jpg,Blast/IMG_20241103_122242.jpg,6139,True,300,300,1.0,RGB,3,JPEG,543ce0e7f96e0eccf84f42325f9dd36de3a28edf766a013fe82a02186eca65e8,,Blast,RiceLeafDisease_BD5,EXTERNAL_FIELD_DATASET
IMG_20241103_122252.jpg,.jpg,Blast/IMG_20241103_122252.jpg,16128,True,300,300,1.0,RGB,3,JPEG,7be8c1dfecee23ccbf4c4321650d67da112c0926f8f6d9cf248ce3f5b9c1de3d,,Blast,RiceLeafDisease_BD5,EXTERNAL_FIELD_DATASET
IMG_20241103_122326.jpg,.jpg,Blast/IMG_20241103_122326.jpg,8875,True,300,300,1.0,RGB,3,JPEG,ca3260dccdfa835e7c17be550e5284edb579c2b1af9d197c3388087fa8054721,,Blast,RiceLeafDisease_BD5,EXTERNAL_FIELD_DATASET
IMG_20241103_122328.jpg,.jpg,Blast/IMG_20241103_122328.jpg,9052,True,300,300,1.0,RGB,3,JPEG,faaff23de96f19bda73e7140462265e636f6b74b73a9f4adba63bb130d6b6336,,Blast,RiceLeafDisease_BD5,EXTERNAL_FIELD_DATASET
IMG_20241103_122340.jpg,.jpg,Blast/IMG_20241103_122340.jpg,10732,True,300,300,1.0,RGB,3,JPEG,190d860b124b3f79759ec01700b46bc9867cba15bc82fb004497b95a84cbe93a,,Blast,RiceLeafDisease_BD5,EXTERNAL_FIELD_DATASET
IMG_20241103_122347.jpg,.jpg,Blast/IMG_20241103_122347.jpg,10775,True,300,300,1.0,RGB,3,JPEG,4f9a744810103de553f842537e80c6aa5d6f1d67aac2da52da17d4fa71f0c37f,,Blast,RiceLeafDisease_BD5,EXTERNAL_FIELD_DATASET
IMG_20241103_122348.jpg,.jpg,Blast/IMG_20241103_122348.jpg,10904,True,300,300,1.0,RGB,3,JPEG,bceebf56f5896616516ae560993428ef9430eb3c5717d497005d1660843edb4d,,Blast,RiceLeafDisease_BD5,EXTERNAL_FIELD_DATASET
IMG_20241103_122356.jpg,.jpg,Blast/IMG_20241103_122356.jpg,9623,True,300,300,1.0,RGB,3,JPEG,f96a188cfdba4bb753699361c46b5477bc276e200d81f62807cc5a757d1b2197,,Blast,RiceLeafDisease_BD5,EXTERNAL_FIELD_DATASET
IMG_20241103_122404.jpg,.jpg,Blast/IMG_20241103_122404.jpg,8638,True,300,300,1.0,RGB,3,JPEG,0ec466dcf2f7b4bbaf98a45b6940fbc97e49632d0f0685fa3a31951dff110d27,,Blast,RiceLeafDisease_BD5,EXTERNAL_FIELD_DATASET
IMG_20241103_122406.jpg,.jpg,Blast/IMG_20241103_122406.jpg,8356,True,300,300,1.0,RGB,3,JPEG,592a4702e3725fc6e339e247a138a7615bd6cb9dbdf15bfb572b825e6065f0ba,,Blast,RiceLeafDisease_BD5,EXTERNAL_FIELD_DATASET
IMG_20241103_122413.jpg,.jpg,Blast/IMG_20241103_122413.jpg,8525,True,300,300,1.0,RGB,3,JPEG,4b6e8ab2539da7dc8557839b2e16f52c38903a12a22875d3da7f84ae64b35eac,,Blast,RiceLeafDisease_BD5,EXTERNAL_FIELD_DATASET
IMG_20241103_122414.jpg,.jpg,Blast/IMG_20241103_122414.jpg,8476,True,300,300,1.0,RGB,3,JPEG,f636b2c602418ece5e3358d247d620f5efc9bdec33a242c91d4ccdbe4fdb8440,,Blast,RiceLeafDisease_BD5,EXTERNAL_FIELD_DATASET
IMG_20241103_122425.jpg,.jpg,Blast/IMG_20241103_122425.jpg,10188,True,300,300,1.0,RGB,3,JPEG,fe988805cf18612d2def782fd1456291f698a4d368a7e506e5be6711b3ee057e,,Blast,RiceLeafDisease_BD5,EXTERNAL_FIELD_DATASET
IMG_20241103_122426.jpg,.jpg,Blast/IMG_20241103_122426.jpg,10329,True,300,300,1.0,RGB,3,JPEG,70c53a36ecda5c257e4ce6bc451c81920176a9ad85ba9b6a32c957732e9ae0f6,,Blast,RiceLeafDisease_BD5,EXTERNAL_FIELD_DATASET
IMG_20241103_122431.jpg,.jpg,Blast/IMG_20241103_122431.jpg,9989,True,300,300,1.0,RGB,3,JPEG,b94417d6814937f18593179b0dddb247491f8fd40cb224021ac382aa7ef174b6,,Blast,RiceLeafDisease_BD5,EXTERNAL_FIELD_DATASET
IMG_20241103_122440.jpg,.jpg,Blast/IMG_20241103_122440.jpg,10021,True,300,300,1.0,RGB,3,JPEG,0e2b7c339a6783ffcb2bd8b62a7e3a4249640396cef344be2be28f5b63c2c365,,Blast,RiceLeafDisease_BD5,EXTERNAL_FIELD_DATASET
IMG_20241103_122447.jpg,.jpg,Blast/IMG_20241103_122447.jpg,7634,True,300,300,1.0,RGB,3,JPEG,88a1f30fb58dd85cc09784058cc757fc59935641725c95dbcc5887648362fc58,,Blast,RiceLeafDisease_BD5,EXTERNAL_FIELD_DATASET
IMG_20241103_122448.jpg,.jpg,Blast/IMG_20241103_122448.jpg,7667,True,300,300,1.0,RGB,3,JPEG,4eeddcf425b750d96eaa9e2bf0569d9c63a8600188c97f97534eb415a97e268f,,Blast,RiceLeafDisease_BD5,EXTERNAL_FIELD_DATASET
IMG_20241103_122454.jpg,.jpg,Blast/IMG_20241103_122454.jpg,7239,True,300,300,1.0,RGB,3,JPEG,e70469fe8cf170914991a8d8acf0acbba808c074be2cfcca344ddf2b6e10aa63,,Blast,RiceLeafDisease_BD5,EXTERNAL_FIELD_DATASET
IMG_20241103_122454_1.jpg,.jpg,Blast/IMG_20241103_122454_1.jpg,7177,True,300,300,1.0,RGB,3,JPEG,93dc31113b3b5dcd7a2f29ad96c6eb69eb820283211fa4063c4f737257c824e5,,Blast,RiceLeafDisease_BD5,EXTERNAL_FIELD_DATASET
IMG_20241103_122459.jpg,.jpg,Blast/IMG_20241103_122459.jpg,7429,True,300,300,1.0,RGB,3,JPEG,19037122f4fedc93ef690ef5c9807cc7dc44b39b5043276e1d9141648c71916d,,Blast,RiceLeafDisease_BD5,EXTERNAL_FIELD_DATASET
IMG_20241103_122505_1.jpg,.jpg,Blast/IMG_20241103_122505_1.jpg,8157,True,300,300,1.0,RGB,3,JPEG,6c96ff0ecf6158140a1686839b1f65765ccfd05c112a9dd36199fe3377eb92eb,,Blast,RiceLeafDisease_BD5,EXTERNAL_FIELD_DATASET
IMG_20241103_122518.jpg,.jpg,Blast/IMG_20241103_122518.jpg,6285,True,300,300,1.0,RGB,3,JPEG,93f4194d030e19423d536b8926f168be760b377581543897aac776d556c6df35,,Blast,RiceLeafDisease_BD5,EXTERNAL_FIELD_DATASET
IMG_20241103_122519.jpg,.jpg,Blast/IMG_20241103_122519.jpg,6359,True,300,300,1.0,RGB,3,JPEG,d529ebc34f02e251420a96213d7dff60499735227bc29428470bd3c0f5f477c2,,Blast,RiceLeafDisease_BD5,EXTERNAL_FIELD_DATASET
IMG_20241103_122526.jpg,.jpg,Blast/IMG_20241103_122526.jpg,5598,True,300,300,1.0,RGB,3,JPEG,ced3eaa7af9f5ec6e5da731991ddb4787df4b5a1db62b18a4b25289f6f06a11b,,Blast,RiceLeafDisease_BD5,EXTERNAL_FIELD_DATASET
IMG_20241103_122527.jpg,.jpg,Blast/IMG_20241103_122527.jpg,5754,True,300,300,1.0,RGB,3,JPEG,f671daa7e9ac660d970ac8d583e0f4af7baeb48ef6ffa45e7fe838f901baddb1,,Blast,RiceLeafDisease_BD5,EXTERNAL_FIELD_DATASET
IMG_20241103_122532.jpg,.jpg,Blast/IMG_20241103_122532.jpg,4468,True,300,300,1.0,RGB,3,JPEG,49baa7137242f869aac2011ac637d13541e322fd623fcdd2c2920d68bf28b3db,,Blast,RiceLeafDisease_BD5,EXTERNAL_FIELD_DATASET
IMG_20241103_122744.jpg,.jpg,Blast/IMG_20241103_122744.jpg,4020,True,300,300,1.0,RGB,3,JPEG,52374c790cc85ce8b72377470652244bec060cfd358c1c7a5cd087e6bc4bc233,,Blast,RiceLeafDisease_BD5,EXTERNAL_FIELD_DATASET
IMG_20241103_122745.jpg,.jpg,Blast/IMG_20241103_122745.jpg,4015,True,300,300,1.0,RGB,3,JPEG,fd9e79ae3305b977c744b16fdccc999e8fa2fd2b131c5c901125104b3cd664fc,,Blast,RiceLeafDisease_BD5,EXTERNAL_FIELD_DATASET
IMG_20241103_122808.jpg,.jpg,Blast/IMG_20241103_122808.jpg,5386,True,300,300,1.0,RGB,3,JPEG,dbbb90ab6371b5b356c39f5def24fa2708fa550a52054a66858d560c93fc3cc1,,Blast,RiceLeafDisease_BD5,EXTERNAL_FIELD_DATASET
IMG_20241103_122816.jpg,.jpg,Blast/IMG_20241103_122816.jpg,4949,True,300,300,1.0,RGB,3,JPEG,438d931faffa18653ff856620f1f89adaef13eb7638ef7c3fc7146934f6d4075,,Blast,RiceLeafDisease_BD5,EXTERNAL_FIELD_DATASET
IMG_20241103_122818.jpg,.jpg,Blast/IMG_20241103_122818.jpg,5220,True,300,300,1.0,RGB,3,JPEG,d2cec39d6b42cf9f2b6942be17a7347fd591e731c4cad7d0fe4ae536813faff6,,Blast,RiceLeafDisease_BD5,EXTERNAL_FIELD_DATASET
IMG_20241103_122825.jpg,.jpg,Blast/IMG_20241103_122825.jpg,7420,True,300,300,1.0,RGB,3,JPEG,6932913e64c75ce5edc29d2a9b2b8d2f7908c99de18f18722953b98db42f4267,,Blast,RiceLeafDisease_BD5,EXTERNAL_FIELD_DATASET
IMG_20241103_122827.jpg,.jpg,Blast/IMG_20241103_122827.jpg,7446,True,300,300,1.0,RGB,3,JPEG,025f9a59699741f1eb21db42bd0f28ceacee2d8db09e185fbe4047e37067ff28,,Blast,RiceLeafDisease_BD5,EXTERNAL_FIELD_DATASET
IMG_20241103_122838.jpg,.jpg,Blast/IMG_20241103_122838.jpg,4324,True,300,300,1.0,RGB,3,JPEG,f29aaf7757998a834b0641a15a5871bb30bb5a41976e7737442b927d02d07c2c,,Blast,RiceLeafDisease_BD5,EXTERNAL_FIELD_DATASET
IMG_20241103_122839.jpg,.jpg,Blast/IMG_20241103_122839.jpg,4321,True,300,300,1.0,RGB,3,JPEG,b3c7356acad6f41e8c73b03d55b4991e02ea17c8d6335c9ced86611155084dfa,,Blast,RiceLeafDisease_BD5,EXTERNAL_FIELD_DATASET
IMG_20241103_122843.jpg,.jpg,Blast/IMG_20241103_122843.jpg,5944,True,300,300,1.0,RGB,3,JPEG,f049b229f04981750c0b54f7fabb654e40d321b60c09e56cdd59de09697c17c4,,Blast,RiceLeafDisease_BD5,EXTERNAL_FIELD_DATASET
IMG_20241103_122845.jpg,.jpg,Blast/IMG_20241103_122845.jpg,5799,True,300,300,1.0,RGB,3,JPEG,43b98ae36855a3c91688ec0fe2580007ff85d2f4d31a009e334c578363beb206,,Blast,RiceLeafDisease_BD5,EXTERNAL_FIELD_DATASET
IMG_20241103_122928.jpg,.jpg,Blast/IMG_20241103_122928.jpg,4283,True,300,300,1.0,RGB,3,JPEG,44e3454c5f73326df782790b872da444c8c6927c9b65dde4a3f6779d06d0d566,,Blast,RiceLeafDisease_BD5,EXTERNAL_FIELD_DATASET
IMG_20241103_122937.jpg,.jpg,Blast/IMG_20241103_122937.jpg,4231,True,300,300,1.0,RGB,3,JPEG,bc52c9da6cd0aae88c66e5748c47b347306bd9419778054c60cf2438c8e4ddb5,,Blast,RiceLeafDisease_BD5,EXTERNAL_FIELD_DATASET
IMG_20241103_122938.jpg,.jpg,Blast/IMG_20241103_122938.jpg,4198,True,300,300,1.0,RGB,3,JPEG,782d308c596595756e61b1fce1280d594e6f624e57f0929d835e66718521b8b5,,Blast,RiceLeafDisease_BD5,EXTERNAL_FIELD_DATASET
IMG_20241103_122939.jpg,.jpg,Blast/IMG_20241103_122939.jpg,4261,True,300,300,1.0,RGB,3,JPEG,969bf257d559900f297cb625ed8f45eadc6d01ba19622f51e66a3a290afa3417,,Blast,RiceLeafDisease_BD5,EXTERNAL_FIELD_DATASET
IMG_20241103_122952.jpg,.jpg,Blast/IMG_20241103_122952.jpg,6523,True,300,300,1.0,RGB,3,JPEG,99d09ce84b526cad69dafaf4fa4e7eaa9dd0d4a793b6864acdb1dab199d6f80c,,Blast,RiceLeafDisease_BD5,EXTERNAL_FIELD_DATASET
IMG_20241103_122953.jpg,.jpg,Blast/IMG_20241103_122953.jpg,6489,True,300,300,1.0,RGB,3,JPEG,d03efec31dacc817435389c313b21d0eb92a91cf12e876aab90603006df60050,,Blast,RiceLeafDisease_BD5,EXTERNAL_FIELD_DATASET
IMG_20241103_122954.jpg,.jpg,Blast/IMG_20241103_122954.jpg,3994,True,300,300,1.0,RGB,3,JPEG,7b8b3d7fe1e2aa6220b822a762c1e8fcac8d110fcdc736c4021490fbe6ad71f2,,Blast,RiceLeafDisease_BD5,EXTERNAL_FIELD_DATASET
IMG_20241103_122955.jpg,.jpg,Blast/IMG_20241103_122955.jpg,3944,True,300,300,1.0,RGB,3,JPEG,b5693b9c551e8ec214d50510764ef8e966e3273fa4de4266aaf6207afaa2f343,,Blast,RiceLeafDisease_BD5,EXTERNAL_FIELD_DATASET
IMG_20241103_122957.jpg,.jpg,Blast/IMG_20241103_122957.jpg,6850,True,300,300,1.0,RGB,3,JPEG,e55cd69b8e7314e572799bc29929e803aa577e8b7066b3d34b0f1adbed02e97c,,Blast,RiceLeafDisease_BD5,EXTERNAL_FIELD_DATASET
IMG_20241103_122959.jpg,.jpg,Blast/IMG_20241103_122959.jpg,6872,True,300,300,1.0,RGB,3,JPEG,c60b338466a0a0e791180c59242ec060dcfb65c818c92fcd7982722036d13ad0,,Blast,RiceLeafDisease_BD5,EXTERNAL_FIELD_DATASET
IMG_20241103_123001.jpg,.jpg,Blast/IMG_20241103_123001.jpg,6743,True,300,300,1.0,RGB,3,JPEG,83fedf00d5c656d412daafd1f1218b9d58d76beeb507d7b506115402b86ce355,,Blast,RiceLeafDisease_BD5,EXTERNAL_FIELD_DATASET
IMG_20241103_123007.jpg,.jpg,Blast/IMG_20241103_123007.jpg,5527,True,300,300,1.0,RGB,3,JPEG,5fef8ee6c946a2ae93590e0cf21e9332be2a0481cdbf3e23d9fbd15b24826099,,Blast,RiceLeafDisease_BD5,EXTERNAL_FIELD_DATASET
IMG_20241103_123008.jpg,.jpg,Blast/IMG_20241103_123008.jpg,5555,True,300,300,1.0,RGB,3,JPEG,3f94f9fb2775c4d120a7ac5a3f15a1dfafb887c81228e9498ec9d34500954514,,Blast,RiceLeafDisease_BD5,EXTERNAL_FIELD_DATASET
IMG_20241103_123011.jpg,.jpg,Blast/IMG_20241103_123011.jpg,6679,True,300,300,1.0,RGB,3,JPEG,0d215d51ed907beed83404fb6847a26fc08dc1e4d199c0353c924d48d917abe0,,Blast,RiceLeafDisease_BD5,EXTERNAL_FIELD_DATASET
IMG_20241103_123012.jpg,.jpg,Blast/IMG_20241103_123012.jpg,6633,True,300,300,1.0,RGB,3,JPEG,3ea4fd89bcf58ff3493b0b06d777fff9afd6b1ca4e6fa8136cf694f4c11dc300,,Blast,RiceLeafDisease_BD5,EXTERNAL_FIELD_DATASET
IMG_20241103_123013.jpg,.jpg,Blast/IMG_20241103_123013.jpg,7626,True,300,300,1.0,RGB,3,JPEG,c70e8d383c29cc082188264fd22985861e0c0f0d1c3fd2ac5a192014d0e67247,,Blast,RiceLeafDisease_BD5,EXTERNAL_FIELD_DATASET
IMG_20241103_123015.jpg,.jpg,Blast/IMG_20241103_123015.jpg,7804,True,300,300,1.0,RGB,3,JPEG,470cfaacebb41e6713177882a27d0cdf629cf4ff7097371c30a7184e3efe98d1,,Blast,RiceLeafDisease_BD5,EXTERNAL_FIELD_DATASET
IMG_20241103_123017.jpg,.jpg,Blast/IMG_20241103_123017.jpg,6518,True,300,300,1.0,RGB,3,JPEG,07f9f301f7f6b05ccfa6c544dcc8191bf32b2cf84549539958976b4877bb8133,,Blast,RiceLeafDisease_BD5,EXTERNAL_FIELD_DATASET
IMG_20241103_123019.jpg,.jpg,Blast/IMG_20241103_123019.jpg,6378,True,300,300,1.0,RGB,3,JPEG,3aa3f2cf752d69799afa7a807cb73d98ad91a3ae9ca2a076b5cfe2fc2302db23,,Blast,RiceLeafDisease_BD5,EXTERNAL_FIELD_DATASET
IMG_20241103_123029.jpg,.jpg,Blast/IMG_20241103_123029.jpg,6865,True,300,300,1.0,RGB,3,JPEG,baa3735697bc9604b664989843348e16d85ed4053a3e64fcc39a6caf88086ea0,,Blast,RiceLeafDisease_BD5,EXTERNAL_FIELD_DATASET
IMG_20241103_123033.jpg,.jpg,Blast/IMG_20241103_123033.jpg,4820,True,300,300,1.0,RGB,3,JPEG,1349ca0c16fc639193cbba397a5c947a450acb9967db0b2c0abba108ddb28782,,Blast,RiceLeafDisease_BD5,EXTERNAL_FIELD_DATASET
IMG_20241103_123036_1.jpg,.jpg,Blast/IMG_20241103_123036_1.jpg,5131,True,300,300,1.0,RGB,3,JPEG,ca003d4daac493839b8d845fc8baf71efb7d0a71d4ec38071709a69f5935b823,,Blast,RiceLeafDisease_BD5,EXTERNAL_FIELD_DATASET
IMG_20241103_123038.jpg,.jpg,Blast/IMG_20241103_123038.jpg,5947,True,300,300,1.0,RGB,3,JPEG,3ddee7eb7141b05f6284b4ee173e30f9c9d616581415c2511b0f9b4998e08447,,Blast,RiceLeafDisease_BD5,EXTERNAL_FIELD_DATASET
IMG_20241103_123039.jpg,.jpg,Blast/IMG_20241103_123039.jpg,5938,True,300,300,1.0,RGB,3,JPEG,8bc6612d9550dfb44420730fe1f34b8044f616934d4907cdcb4a048ee33ff9dd,,Blast,RiceLeafDisease_BD5,EXTERNAL_FIELD_DATASET
IMG_20241103_123041.jpg,.jpg,Blast/IMG_20241103_123041.jpg,5760,True,300,300,1.0,RGB,3,JPEG,2723383b41196815a895bfb72281e652db00de57ff14bea2d20a9a913e00d72c,,Blast,RiceLeafDisease_BD5,EXTERNAL_FIELD_DATASET
IMG_20241103_123045.jpg,.jpg,Blast/IMG_20241103_123045.jpg,5602,True,300,300,1.0,RGB,3,JPEG,7a4a4d0367733459fc8c62d10f27a9a52b944ce5f2cc78614e0581cae214afe7,,Blast,RiceLeafDisease_BD5,EXTERNAL_FIELD_DATASET
IMG_20241103_123047.jpg,.jpg,Blast/IMG_20241103_123047.jpg,6460,True,300,300,1.0,RGB,3,JPEG,e85db33413f34d7890e41d65c9007f318500f5c7ec00ea596cacd2902438a059,,Blast,RiceLeafDisease_BD5,EXTERNAL_FIELD_DATASET
IMG_20241103_123051.jpg,.jpg,Blast/IMG_20241103_123051.jpg,7573,True,300,300,1.0,RGB,3,JPEG,15e36291f98abce218465540046930a5cf498dd1a7f2c4e73c4493347e111b1f,,Blast,RiceLeafDisease_BD5,EXTERNAL_FIELD_DATASET
IMG_20241103_123052.jpg,.jpg,Blast/IMG_20241103_123052.jpg,7587,True,300,300,1.0,RGB,3,JPEG,5491aa896865e27fbae9471bbbd589e072ec0e08d45ad74eb3cc9961faaa5620,,Blast,RiceLeafDisease_BD5,EXTERNAL_FIELD_DATASET
IMG_20241103_123052_1.jpg,.jpg,Blast/IMG_20241103_123052_1.jpg,4779,True,300,300,1.0,RGB,3,JPEG,8005743faa0d25eba8c68f33fe3eacc3404bff7bf5a9deae0b7dd67d7b39d868,,Blast,RiceLeafDisease_BD5,EXTERNAL_FIELD_DATASET
IMG_20241103_123053.jpg,.jpg,Blast/IMG_20241103_123053.jpg,4800,True,300,300,1.0,RGB,3,JPEG,b1d45f352888a30618ed842b5798f625d8c18635c2cb1d33a4a2567d83890533,,Blast,RiceLeafDisease_BD5,EXTERNAL_FIELD_DATASET
IMG_20241103_123056.jpg,.jpg,Blast/IMG_20241103_123056.jpg,8165,True,300,300,1.0,RGB,3,JPEG,c3f9d8b189ae8b373e20a965fa440f9003d1093628ea9349e54d2bd5b23e64ca,,Blast,RiceLeafDisease_BD5,EXTERNAL_FIELD_DATASET
IMG_20241103_123057.jpg,.jpg,Blast/IMG_20241103_123057.jpg,8270,True,300,300,1.0,RGB,3,JPEG,25b116c700d328ba25c4f94a8414c5f7dd618646d8642d27b98190acee98d329,,Blast,RiceLeafDisease_BD5,EXTERNAL_FIELD_DATASET
IMG_20241103_123059.jpg,.jpg,Blast/IMG_20241103_123059.jpg,6845,True,300,300,1.0,RGB,3,JPEG,e866a6e08914f2eec865264aec793da1078a090555f41cace5a76b085c49e386,,Blast,RiceLeafDisease_BD5,EXTERNAL_FIELD_DATASET
IMG_20241103_123105.jpg,.jpg,Blast/IMG_20241103_123105.jpg,7865,True,300,300,1.0,RGB,3,JPEG,8163a5f4bc06c99f01cbb643b9ca4ee2f5b28f64399a089d3eb965f6385d7d8f,,Blast,RiceLeafDisease_BD5,EXTERNAL_FIELD_DATASET
IMG_20241103_123110.jpg,.jpg,Blast/IMG_20241103_123110.jpg,7093,True,300,300,1.0,RGB,3,JPEG,256b35e662935ca3f634ef46d9627cf75f5f2a25ea69bb67f04a0f921f392976,,Blast,RiceLeafDisease_BD5,EXTERNAL_FIELD_DATASET
IMG_20241103_123110_1.jpg,.jpg,Blast/IMG_20241103_123110_1.jpg,4001,True,300,300,1.0,RGB,3,JPEG,c850bc2de6f1bcb4fe60ac675b96f202713398dd91c1b76a1db6f86a695b934c,,Blast,RiceLeafDisease_BD5,EXTERNAL_FIELD_DATASET
IMG_20241103_123111.jpg,.jpg,Blast/IMG_20241103_123111.jpg,7148,True,300,300,1.0,RGB,3,JPEG,5239a09d8b1c5234949bc4952eb6b039d2b39fac8ff13a8dc8268e0fb436238a,,Blast,RiceLeafDisease_BD5,EXTERNAL_FIELD_DATASET
IMG_20241103_123111_1.jpg,.jpg,Blast/IMG_20241103_123111_1.jpg,3988,True,300,300,1.0,RGB,3,JPEG,b15634c7d284ac6a08d82d60a041bdfc93a7e18ca4f006a54fa872f63943b4ff,,Blast,RiceLeafDisease_BD5,EXTERNAL_FIELD_DATASET
IMG_20241103_123116.jpg,.jpg,Blast/IMG_20241103_123116.jpg,6660,True,300,300,1.0,RGB,3,JPEG,6ae722f17db4095d2ae20fee27bf72052de33da737902509fd314a42a173accd,,Blast,RiceLeafDisease_BD5,EXTERNAL_FIELD_DATASET
IMG_20241103_123117.jpg,.jpg,Blast/IMG_20241103_123117.jpg,6674,True,300,300,1.0,RGB,3,JPEG,705d5c93b7e39faceca4a42d46f87d43558f483ea7c622ddd6e9ff4a703993b6,,Blast,RiceLeafDisease_BD5,EXTERNAL_FIELD_DATASET
IMG_20241103_123123.jpg,.jpg,Blast/IMG_20241103_123123.jpg,7547,True,300,300,1.0,RGB,3,JPEG,34456cb2059455947b89672e21c213c64db72d57aabc91b38654e0c84ab70beb,,Blast,RiceLeafDisease_BD5,EXTERNAL_FIELD_DATASET
IMG_20241103_123130.jpg,.jpg,Blast/IMG_20241103_123130.jpg,7315,True,300,300,1.0,RGB,3,JPEG,539c86ef84b37bab1567f17de994944c96fa64b2e68760aeadb3ec57b83b2fe0,,Blast,RiceLeafDisease_BD5,EXTERNAL_FIELD_DATASET
IMG_20241103_123135.jpg,.jpg,Blast/IMG_20241103_123135.jpg,5370,True,300,300,1.0,RGB,3,JPEG,e03322f32b8a51efbfbe4f52b4f11b96ec992a895f422e6f094695ac79fcbdd4,,Blast,RiceLeafDisease_BD5,EXTERNAL_FIELD_DATASET
IMG_20241103_123136.jpg,.jpg,Blast/IMG_20241103_123136.jpg,5401,True,300,300,1.0,RGB,3,JPEG,25cf843e42e743c67121708812b861b327c0a9b76229a522c287ef24f6aa08e1,,Blast,RiceLeafDisease_BD5,EXTERNAL_FIELD_DATASET
IMG_20241103_123139.jpg,.jpg,Blast/IMG_20241103_123139.jpg,4258,True,300,300,1.0,RGB,3,JPEG,3b9ab42b1559b38e8e79b38c1e9628eac2c195c6ab1bfe9455e309736eecfa13,,Blast,RiceLeafDisease_BD5,EXTERNAL_FIELD_DATASET
IMG_20241103_123140.jpg,.jpg,Blast/IMG_20241103_123140.jpg,4217,True,300,300,1.0,RGB,3,JPEG,1a4f65b8e49d39ef588c785733d64f25cd82b90a8efdd93ae3b2c541316b3230,,Blast,RiceLeafDisease_BD5,EXTERNAL_FIELD_DATASET
IMG_20241103_123141.jpg,.jpg,Blast/IMG_20241103_123141.jpg,6264,True,300,300,1.0,RGB,3,JPEG,9ccbc839b775755d4afbf3749ba13111ac6d602168df020e4c6eb5d75504328e,,Blast,RiceLeafDisease_BD5,EXTERNAL_FIELD_DATASET
IMG_20241103_123142.jpg,.jpg,Blast/IMG_20241103_123142.jpg,6239,True,300,300,1.0,RGB,3,JPEG,b4ca38e3be01c5e5b3bc340893b884e8695c26a4b180b798e63734c57aea1e13,,Blast,RiceLeafDisease_BD5,EXTERNAL_FIELD_DATASET
IMG_20241103_123159.jpg,.jpg,Blast/IMG_20241103_123159.jpg,5668,True,300,300,1.0,RGB,3,JPEG,ff90d63b27f4fc59448b8069a6e2e6b4fb24f43e85339c7a66c76e662f9fe290,,Blast,RiceLeafDisease_BD5,EXTERNAL_FIELD_DATASET
IMG_20241103_123159_1.jpg,.jpg,Blast/IMG_20241103_123159_1.jpg,5675,True,300,300,1.0,RGB,3,JPEG,ec713863c54ce5bdf16f82ba7824c6960ef174ab742666e033b0d6be0c58392f,,Blast,RiceLeafDisease_BD5,EXTERNAL_FIELD_DATASET
IMG_20241103_123204.jpg,.jpg,Blast/IMG_20241103_123204.jpg,5240,True,300,300,1.0,RGB,3,JPEG,ce63b76b4b5e42e5fd3ea3cba6686546ce5b0260aa49691d1c423065483b2749,,Blast,RiceLeafDisease_BD5,EXTERNAL_FIELD_DATASET
IMG_20241103_123205.jpg,.jpg,Blast/IMG_20241103_123205.jpg,5272,True,300,300,1.0,RGB,3,JPEG,679f15b1d73c03666fc8a09b471a1fc6d36f2d0437dc637292b04a912a6bbe52,,Blast,RiceLeafDisease_BD5,EXTERNAL_FIELD_DATASET
IMG_20241103_123209.jpg,.jpg,Blast/IMG_20241103_123209.jpg,6258,True,300,300,1.0,RGB,3,JPEG,a47516a6eae828fd340ff58b8742f5770c77d5e4d8ac4ecb65ac18f685533a71,,Blast,RiceLeafDisease_BD5,EXTERNAL_FIELD_DATASET
IMG_20241103_123210.jpg,.jpg,Blast/IMG_20241103_123210.jpg,6189,True,300,300,1.0,RGB,3,JPEG,5e8bf4e40d7d6251019b6e694c5ea3b58ed921b6757281de41c2f86bdc0f8e3c,,Blast,RiceLeafDisease_BD5,EXTERNAL_FIELD_DATASET
IMG_20241103_123224.jpg,.jpg,Blast/IMG_20241103_123224.jpg,6619,True,300,300,1.0,RGB,3,JPEG,efaa22f1e98932b77bfb4656fc44b1afc186df36fb55a920949d2e428e9c9920,,Blast,RiceLeafDisease_BD5,EXTERNAL_FIELD_DATASET
IMG_20241103_123225.jpg,.jpg,Blast/IMG_20241103_123225.jpg,6670,True,300,300,1.0,RGB,3,JPEG,ac5806e6beeacc05f48e2388bcef2073ee55020b23604d14818d2f85839febe6,,Blast,RiceLeafDisease_BD5,EXTERNAL_FIELD_DATASET
IMG_20241103_123226.jpg,.jpg,Blast/IMG_20241103_123226.jpg,4354,True,300,300,1.0,RGB,3,JPEG,f4da1e7819255e3c689bb9ddecab67d68d2373b03308db5f837e8289dde2bea4,,Blast,RiceLeafDisease_BD5,EXTERNAL_FIELD_DATASET
IMG_20241103_123228.jpg,.jpg,Blast/IMG_20241103_123228.jpg,4362,True,300,300,1.0,RGB,3,JPEG,b1f507d576f1ff3559e11c27d221bdf9b4f99de040409b7578b32a8a53fd38c6,,Blast,RiceLeafDisease_BD5,EXTERNAL_FIELD_DATASET
IMG_20241103_123229.jpg,.jpg,Blast/IMG_20241103_123229.jpg,7895,True,300,300,1.0,RGB,3,JPEG,dfec64e7d905a6cdef62ecb7949238ee1d5e5db4b2a99093c26df9f1af652905,,Blast,RiceLeafDisease_BD5,EXTERNAL_FIELD_DATASET
IMG_20241103_123231.jpg,.jpg,Blast/IMG_20241103_123231.jpg,4045,True,300,300,1.0,RGB,3,JPEG,35dab6db478f526e2bedd39fb15fffdbb6aa552734df9e40a26d1f94e84c805f,,Blast,RiceLeafDisease_BD5,EXTERNAL_FIELD_DATASET
IMG_20241103_123235.jpg,.jpg,Blast/IMG_20241103_123235.jpg,8075,True,300,300,1.0,RGB,3,JPEG,984d6da36075685779ddb1a13d69cca1f3306ad181482323d34f3a67116d871c,,Blast,RiceLeafDisease_BD5,EXTERNAL_FIELD_DATASET
IMG_20241103_123236.jpg,.jpg,Blast/IMG_20241103_123236.jpg,8044,True,300,300,1.0,RGB,3,JPEG,301fce1ae460233d362535680ba4d677fca65ef934e225c5b9bc2234351f4e74,,Blast,RiceLeafDisease_BD5,EXTERNAL_FIELD_DATASET
IMG_20241103_123236_1.jpg,.jpg,Blast/IMG_20241103_123236_1.jpg,6688,True,300,300,1.0,RGB,3,JPEG,c4899a9689854ede6ca58a2ce2610107d42ea7fae61221447c3fcab63c622c97,,Blast,RiceLeafDisease_BD5,EXTERNAL_FIELD_DATASET
IMG_20241103_123241.jpg,.jpg,Blast/IMG_20241103_123241.jpg,8123,True,300,300,1.0,RGB,3,JPEG,3781ac4853cc6350fa225c716e56a863a353343440f4ebbad075b6210ccec84a,,Blast,RiceLeafDisease_BD5,EXTERNAL_FIELD_DATASET
IMG_20241103_123243.jpg,.jpg,Blast/IMG_20241103_123243.jpg,10020,True,300,300,1.0,RGB,3,JPEG,949ad6a95255e1a000b9f0a13fdc08756b936e9aa8f3953530008c9a9e2e1f80,,Blast,RiceLeafDisease_BD5,EXTERNAL_FIELD_DATASET
IMG_20241103_123245.jpg,.jpg,Blast/IMG_20241103_123245.jpg,7921,True,300,300,1.0,RGB,3,JPEG,b910937b6e500b76b56b17a89a0628d6e58a62b2c849edf7499cd983a7f8e31b,,Blast,RiceLeafDisease_BD5,EXTERNAL_FIELD_DATASET
IMG_20241103_123251.jpg,.jpg,Blast/IMG_20241103_123251.jpg,11611,True,300,300,1.0,RGB,3,JPEG,e98cef0678bf6a03a5737d7cf57e825f0752e0e86c607711af21e17bd43f1e47,,Blast,RiceLeafDisease_BD5,EXTERNAL_FIELD_DATASET
IMG_20241103_123252.jpg,.jpg,Blast/IMG_20241103_123252.jpg,11717,True,300,300,1.0,RGB,3,JPEG,3bac30563e2296e1e14a19d55381a3dd840cc99235cd6d27f6ff2f9686e68996,,Blast,RiceLeafDisease_BD5,EXTERNAL_FIELD_DATASET
IMG_20241103_123255.jpg,.jpg,Blast/IMG_20241103_123255.jpg,6138,True,300,300,1.0,RGB,3,JPEG,2c3fad7d2ff822310de74ad6dd7ed938cf59fd693df41e02dfac7391388fa521,,Blast,RiceLeafDisease_BD5,EXTERNAL_FIELD_DATASET
IMG_20241103_123305.jpg,.jpg,Blast/IMG_20241103_123305.jpg,10980,True,300,300,1.0,RGB,3,JPEG,6f1eac05d17a366b1a82daab8475095523a7acbd2473788aa7db4d36819d1c0a,,Blast,RiceLeafDisease_BD5,EXTERNAL_FIELD_DATASET
IMG_20241103_123307.jpg,.jpg,Blast/IMG_20241103_123307.jpg,11102,True,300,300,1.0,RGB,3,JPEG,2db3f32f212ac7605befc71bb0461f48f665caa3def92de7726614db2db075b1,,Blast,RiceLeafDisease_BD5,EXTERNAL_FIELD_DATASET
IMG_20241103_123312.jpg,.jpg,Blast/IMG_20241103_123312.jpg,4254,True,300,300,1.0,RGB,3,JPEG,b1ba6e3db85e80c42ab07006dbca959afcc7607a4100383c90a5608dfff17d25,,Blast,RiceLeafDisease_BD5,EXTERNAL_FIELD_DATASET
IMG_20241103_123313.jpg,.jpg,Blast/IMG_20241103_123313.jpg,4294,True,300,300,1.0,RGB,3,JPEG,fe3be1c48fa9789bced1313be66d942cfa50e3fe4f58d7caf91acedd59aec9b6,,Blast,RiceLeafDisease_BD5,EXTERNAL_FIELD_DATASET
IMG_20241103_123314.jpg,.jpg,Blast/IMG_20241103_123314.jpg,11208,True,300,300,1.0,RGB,3,JPEG,f0357bcafcfe976e4c7be3d59ba1855f514c1cc0df701d0e9ea3dbd8df723aa9,,Blast,RiceLeafDisease_BD5,EXTERNAL_FIELD_DATASET
IMG_20241103_123315.jpg,.jpg,Blast/IMG_20241103_123315.jpg,11270,True,300,300,1.0,RGB,3,JPEG,f2f0d586c4e3f65e55e168253df0a61e5670a124432dce40fb9d093adda3ca72,,Blast,RiceLeafDisease_BD5,EXTERNAL_FIELD_DATASET
IMG_20241103_123321.jpg,.jpg,Blast/IMG_20241103_123321.jpg,11012,True,300,300,1.0,RGB,3,JPEG,ee5334e02f43430bd76bc80e8e19b0ea2f79bbe5004bb93d04626061f486940f,,Blast,RiceLeafDisease_BD5,EXTERNAL_FIELD_DATASET
IMG_20241103_123323.jpg,.jpg,Blast/IMG_20241103_123323.jpg,11294,True,300,300,1.0,RGB,3,JPEG,e93d7d98c17b362d453dd630f1f1907f99a751aae92c9552b18d9cfd7a6e6244,,Blast,RiceLeafDisease_BD5,EXTERNAL_FIELD_DATASET
IMG_20241103_123323_1.jpg,.jpg,Blast/IMG_20241103_123323_1.jpg,4330,True,300,300,1.0,RGB,3,JPEG,d2e7ff0b4b73607a8195de122e87a420c4cf17179bfd9e97a1c97b6a07bc0c78,,Blast,RiceLeafDisease_BD5,EXTERNAL_FIELD_DATASET
IMG_20241103_123324.jpg,.jpg,Blast/IMG_20241103_123324.jpg,11220,True,300,300,1.0,RGB,3,JPEG,8e32afcf5f4f8d12bed1a87a1a3e99c5c5697421932112bb8274219af5369120,,Blast,RiceLeafDisease_BD5,EXTERNAL_FIELD_DATASET
IMG_20241103_123324_1.jpg,.jpg,Blast/IMG_20241103_123324_1.jpg,4472,True,300,300,1.0,RGB,3,JPEG,0ac873c44c69faba7b30d47e5e5ac402d94b02bd3e9b5320e9127181f5f307fe,,Blast,RiceLeafDisease_BD5,EXTERNAL_FIELD_DATASET
IMG_20241103_123328.jpg,.jpg,Blast/IMG_20241103_123328.jpg,11194,True,300,300,1.0,RGB,3,JPEG,13850d1800688c66687ce6d605372b36ad3f15541c0deaedbda5f8a53d74503f,,Blast,RiceLeafDisease_BD5,EXTERNAL_FIELD_DATASET
IMG_20241103_123331.jpg,.jpg,Blast/IMG_20241103_123331.jpg,5921,True,300,300,1.0,RGB,3,JPEG,dab4e4ddf105e3efb1294e024cbf0aea5191ded9860aeef04ae967ce5c395f51,,Blast,RiceLeafDisease_BD5,EXTERNAL_FIELD_DATASET
IMG_20241103_123332.jpg,.jpg,Blast/IMG_20241103_123332.jpg,5863,True,300,300,1.0,RGB,3,JPEG,501d07b16e0c2784b4c96cc5127c3b77e2e67a638d113802352c8d052260f840,,Blast,RiceLeafDisease_BD5,EXTERNAL_FIELD_DATASET
IMG_20241103_123333.jpg,.jpg,Blast/IMG_20241103_123333.jpg,5917,True,300,300,1.0,RGB,3,JPEG,276ec2ce422ce01aa635f2270f79c25cc1415d374ce8dac0269084f6548fd0bc,,Blast,RiceLeafDisease_BD5,EXTERNAL_FIELD_DATASET
IMG_20241103_123335.jpg,.jpg,Blast/IMG_20241103_123335.jpg,9171,True,300,300,1.0,RGB,3,JPEG,d1d9596abcea2a05c56c109cbfc533ae76857a258dc1f8966956fd3389a7ccbe,,Blast,RiceLeafDisease_BD5,EXTERNAL_FIELD_DATASET
IMG_20241103_123336.jpg,.jpg,Blast/IMG_20241103_123336.jpg,9050,True,300,300,1.0,RGB,3,JPEG,241ca995483fa5c96abdfae6dc272df06e60daa694555b2de52eb4b689cd3abf,,Blast,RiceLeafDisease_BD5,EXTERNAL_FIELD_DATASET
IMG_20241103_123342.jpg,.jpg,Blast/IMG_20241103_123342.jpg,8811,True,300,300,1.0,RGB,3,JPEG,d0e9f1dc0f829d19fabac0ea59613d01688b17066cc462c290d34d3369f5daec,,Blast,RiceLeafDisease_BD5,EXTERNAL_FIELD_DATASET
IMG_20241103_123343.jpg,.jpg,Blast/IMG_20241103_123343.jpg,8892,True,300,300,1.0,RGB,3,JPEG,d0ce305533499837db6d247c375e1a87ee44862022890384d9085ded9392b38b,,Blast,RiceLeafDisease_BD5,EXTERNAL_FIELD_DATASET
IMG_20241103_123348.jpg,.jpg,Blast/IMG_20241103_123348.jpg,9136,True,300,300,1.0,RGB,3,JPEG,dc15a430db4b8115bbb48c60ce11011d2de53b5b2d7f5c28c064b8f27efad185,,Blast,RiceLeafDisease_BD5,EXTERNAL_FIELD_DATASET
IMG_20241103_123351.jpg,.jpg,Blast/IMG_20241103_123351.jpg,8340,True,300,300,1.0,RGB,3,JPEG,75d0d8a641c743b7c552e758749e76773c19d225101e49a17a3258b4d5476d66,,Blast,RiceLeafDisease_BD5,EXTERNAL_FIELD_DATASET
IMG_20241103_123352.jpg,.jpg,Blast/IMG_20241103_123352.jpg,8359,True,300,300,1.0,RGB,3,JPEG,ada64834c6d0a947ec5555c51801d423cb0fe6a96f6814cb1f975ab4d91e1562,,Blast,RiceLeafDisease_BD5,EXTERNAL_FIELD_DATASET
IMG_20241103_123354.jpg,.jpg,Blast/IMG_20241103_123354.jpg,8544,True,300,300,1.0,RGB,3,JPEG,732e070954ce65b5d25462b112d7e1ef727cc3c4b909ccc41bb4664e864751df,,Blast,RiceLeafDisease_BD5,EXTERNAL_FIELD_DATASET
IMG_20241103_123401.jpg,.jpg,Blast/IMG_20241103_123401.jpg,5906,True,300,300,1.0,RGB,3,JPEG,648abf420cda697a7e068a410bf59b019f6097867057b6218a36dfd6091c78dc,,Blast,RiceLeafDisease_BD5,EXTERNAL_FIELD_DATASET
IMG_20241103_123403.jpg,.jpg,Blast/IMG_20241103_123403.jpg,6703,True,300,300,1.0,RGB,3,JPEG,2d4c7e169b3b6992c92da5c75d97524fe90a9a9c95e87a6de4f72e17b2e872e6,,Blast,RiceLeafDisease_BD5,EXTERNAL_FIELD_DATASET
IMG_20241103_123405.jpg,.jpg,Blast/IMG_20241103_123405.jpg,6599,True,300,300,1.0,RGB,3,JPEG,475c5003a6f938d1d618877fc5d971c649e79cd89877cf9cb85f66284b334bc4,,Blast,RiceLeafDisease_BD5,EXTERNAL_FIELD_DATASET
IMG_20241103_123406.jpg,.jpg,Blast/IMG_20241103_123406.jpg,6567,True,300,300,1.0,RGB,3,JPEG,b4a2a19de3627baffcfb2f3c30b103517a837f1963a688a76cc954cf25cd6ca5,,Blast,RiceLeafDisease_BD5,EXTERNAL_FIELD_DATASET
IMG_20241103_123414.jpg,.jpg,Blast/IMG_20241103_123414.jpg,4114,True,300,300,1.0,RGB,3,JPEG,8d38577db7c0b7fcfecd5c03acd1ada1168113be5b96438d83c0008812716427,,Blast,RiceLeafDisease_BD5,EXTERNAL_FIELD_DATASET
IMG_20241103_123418.jpg,.jpg,Blast/IMG_20241103_123418.jpg,4550,True,300,300,1.0,RGB,3,JPEG,bd263804b2af6fa25560b41f233909631a1100cb41527e1430e932ac0566e3d8,,Blast,RiceLeafDisease_BD5,EXTERNAL_FIELD_DATASET
IMG_20241103_123429.jpg,.jpg,Blast/IMG_20241103_123429.jpg,6945,True,300,300,1.0,RGB,3,JPEG,71fada3e74cefa01eec1ba398b73bb4be1170ae4284fb1dbe4b90befa4b36259,,Blast,RiceLeafDisease_BD5,EXTERNAL_FIELD_DATASET
IMG_20241103_123437.jpg,.jpg,Blast/IMG_20241103_123437.jpg,4267,True,300,300,1.0,RGB,3,JPEG,bf87e9136dd554062e0a8817e1879b5b3c8ce87bda520f2ba9a3fef684372159,,Blast,RiceLeafDisease_BD5,EXTERNAL_FIELD_DATASET
IMG_20241103_123441.jpg,.jpg,Blast/IMG_20241103_123441.jpg,6662,True,300,300,1.0,RGB,3,JPEG,03a458da41990b63111bd307bf82f78f75b69bacf8e63d5bef2356cccaae12a9,,Blast,RiceLeafDisease_BD5,EXTERNAL_FIELD_DATASET
IMG_20241103_123442.jpg,.jpg,Blast/IMG_20241103_123442.jpg,6785,True,300,300,1.0,RGB,3,JPEG,35a4404b3d529c1a167c27b2be7a11386b871a7a4e0b0017760649c316cbf511,,Blast,RiceLeafDisease_BD5,EXTERNAL_FIELD_DATASET
IMG_20241103_123444.jpg,.jpg,Blast/IMG_20241103_123444.jpg,5879,True,300,300,1.0,RGB,3,JPEG,131c78026302414e98c9ffb815038b2844a43fdba42e47c70a9d04e58c943403,,Blast,RiceLeafDisease_BD5,EXTERNAL_FIELD_DATASET
IMG_20241103_123447.jpg,.jpg,Blast/IMG_20241103_123447.jpg,7638,True,300,300,1.0,RGB,3,JPEG,38a84160aeb0c0c44d69cbc8dad09cd905dec75b14c824d27c035e0a7e49b9ac,,Blast,RiceLeafDisease_BD5,EXTERNAL_FIELD_DATASET
IMG_20241103_123448.jpg,.jpg,Blast/IMG_20241103_123448.jpg,7608,True,300,300,1.0,RGB,3,JPEG,6904a1f17c92e65e8f6c0e6b0cb75c5df32c638df8cf472aced0ef59421c22bc,,Blast,RiceLeafDisease_BD5,EXTERNAL_FIELD_DATASET
IMG_20241103_123451.jpg,.jpg,Blast/IMG_20241103_123451.jpg,3898,True,300,300,1.0,RGB,3,JPEG,037db68bf67ca225c49dd939c30c358a44d095e0fda2eb2289e229029a77e74d,,Blast,RiceLeafDisease_BD5,EXTERNAL_FIELD_DATASET
IMG_20241103_123452.jpg,.jpg,Blast/IMG_20241103_123452.jpg,3837,True,300,300,1.0,RGB,3,JPEG,15f9d03a6b30c083d72c0d2f7082025fe0c379e2799790f957417fbe22a1b23d,,Blast,RiceLeafDisease_BD5,EXTERNAL_FIELD_DATASET
IMG_20241103_123454.jpg,.jpg,Blast/IMG_20241103_123454.jpg,9630,True,300,300,1.0,RGB,3,JPEG,a5b84466238acff29903078504cf5b61b078c4b965b9ebfd53fe71ab8fb43b74,,Blast,RiceLeafDisease_BD5,EXTERNAL_FIELD_DATASET
IMG_20241103_123459.jpg,.jpg,Blast/IMG_20241103_123459.jpg,10565,True,300,300,1.0,RGB,3,JPEG,cf52a6752a07e26c79251fee765a6169d824ccd49b9d29162310a6dd463ac880,,Blast,RiceLeafDisease_BD5,EXTERNAL_FIELD_DATASET
IMG_20241103_123500.jpg,.jpg,Blast/IMG_20241103_123500.jpg,10614,True,300,300,1.0,RGB,3,JPEG,51ee0d7c9c77ab5d9b92380e12fe0644456a42d792ae336eaaf4c483db51cbe4,,Blast,RiceLeafDisease_BD5,EXTERNAL_FIELD_DATASET
IMG_20241103_123500_1.jpg,.jpg,Blast/IMG_20241103_123500_1.jpg,5263,True,300,300,1.0,RGB,3,JPEG,b9c3c066390a361d89c68a1cefe293c2b1f406ab2a1f795f5243f89ad59ac3be,,Blast,RiceLeafDisease_BD5,EXTERNAL_FIELD_DATASET
IMG_20241103_123501.jpg,.jpg,Blast/IMG_20241103_123501.jpg,5176,True,300,300,1.0,RGB,3,JPEG,80daed1a470a101664ebfd99f44443ab731307877b974009abb9fd83f48ee85f,,Blast,RiceLeafDisease_BD5,EXTERNAL_FIELD_DATASET
IMG_20241103_123507.jpg,.jpg,Blast/IMG_20241103_123507.jpg,9643,True,300,300,1.0,RGB,3,JPEG,2ab85b6d70722a6d5bd12950dfc60f164b1db7571ac8e6ee89d1b53619427c39,,Blast,RiceLeafDisease_BD5,EXTERNAL_FIELD_DATASET
IMG_20241103_123508.jpg,.jpg,Blast/IMG_20241103_123508.jpg,9635,True,300,300,1.0,RGB,3,JPEG,f14eebe84a33b193bf88fec42fd217f991f7e8b475c4b25e9046cf166255d0de,,Blast,RiceLeafDisease_BD5,EXTERNAL_FIELD_DATASET
IMG_20241103_123513.jpg,.jpg,Blast/IMG_20241103_123513.jpg,3790,True,300,300,1.0,RGB,3,JPEG,b6d8427d4ce191ee6f9747478952bb5df557f485ee5d37adbb2e3ddb25dd959c,,Blast,RiceLeafDisease_BD5,EXTERNAL_FIELD_DATASET
IMG_20241103_123514.jpg,.jpg,Blast/IMG_20241103_123514.jpg,10093,True,300,300,1.0,RGB,3,JPEG,101b2c55a136ae2dad80ca3a33e65e76cb69bdee39a4a32c5049e58a8e659484,,Blast,RiceLeafDisease_BD5,EXTERNAL_FIELD_DATASET
IMG_20241103_123514_1.jpg,.jpg,Blast/IMG_20241103_123514_1.jpg,3730,True,300,300,1.0,RGB,3,JPEG,923855933bdb38bd95780c667ad9f10a361d9b1e0e36f1a91dc9e165cb3ed30f,,Blast,RiceLeafDisease_BD5,EXTERNAL_FIELD_DATASET
IMG_20241103_123515.jpg,.jpg,Blast/IMG_20241103_123515.jpg,10080,True,300,300,1.0,RGB,3,JPEG,0bc38983ad9fa608886ce598db0d57f839fd5b01f5532f6b423ba708322de4ae,,Blast,RiceLeafDisease_BD5,EXTERNAL_FIELD_DATASET
IMG_20241103_123525.jpg,.jpg,Blast/IMG_20241103_123525.jpg,3905,True,300,300,1.0,RGB,3,JPEG,3c07dadb13761cdbad6244b8c46dc5226996da6b34d09e7f764868bc755ae606,,Blast,RiceLeafDisease_BD5,EXTERNAL_FIELD_DATASET
IMG_20241103_123526.jpg,.jpg,Blast/IMG_20241103_123526.jpg,9804,True,300,300,1.0,RGB,3,JPEG,4712c07ad813844a48220d03cd27c4405fb893c697a94593ba1ae64ab81a877e,,Blast,RiceLeafDisease_BD5,EXTERNAL_FIELD_DATASET
IMG_20241103_123526_1.jpg,.jpg,Blast/IMG_20241103_123526_1.jpg,3869,True,300,300,1.0,RGB,3,JPEG,45b648c4cac96ae7593f923f5f8e8a90c0db1e6913bfbe8389ce8a8216b22fef,,Blast,RiceLeafDisease_BD5,EXTERNAL_FIELD_DATASET
IMG_20241103_123537.jpg,.jpg,Blast/IMG_20241103_123537.jpg,5675,True,300,300,1.0,RGB,3,JPEG,2930ceb042d1b058331c695cbcff09a5119f6b23402df5475c256615ba69935f,,Blast,RiceLeafDisease_BD5,EXTERNAL_FIELD_DATASET
IMG_20241103_123541.jpg,.jpg,Blast/IMG_20241103_123541.jpg,7230,True,300,300,1.0,RGB,3,JPEG,08ccc79f631e7d79fe0601830fd82249733dd53cf3b64eb91d04cafb0934fc54,,Blast,RiceLeafDisease_BD5,EXTERNAL_FIELD_DATASET
IMG_20241103_123542.jpg,.jpg,Blast/IMG_20241103_123542.jpg,7024,True,300,300,1.0,RGB,3,JPEG,35d15e39c75a29d528c761e41bfaa50297dd8fe24f8391f95cf40a0d64e1bb2b,,Blast,RiceLeafDisease_BD5,EXTERNAL_FIELD_DATASET
IMG_20241103_123544.jpg,.jpg,Blast/IMG_20241103_123544.jpg,7135,True,300,300,1.0,RGB,3,JPEG,64a2e48a21dc5fe52347520dc502de699c8d5b8919fefcec2146d171548204ff,,Blast,RiceLeafDisease_BD5,EXTERNAL_FIELD_DATASET
IMG_20241103_123546.jpg,.jpg,Blast/IMG_20241103_123546.jpg,5381,True,300,300,1.0,RGB,3,JPEG,e350896470ea4747c8d453f14ac6b47c2c1d6ea97a45a20557ab10a862787146,,Blast,RiceLeafDisease_BD5,EXTERNAL_FIELD_DATASET
IMG_20241103_123547.jpg,.jpg,Blast/IMG_20241103_123547.jpg,5391,True,300,300,1.0,RGB,3,JPEG,1978659765f0482de15fa6701e457fb6646bd2c1d231f72b20124bdf5c55103d,,Blast,RiceLeafDisease_BD5,EXTERNAL_FIELD_DATASET
IMG_20241103_123548.jpg,.jpg,Blast/IMG_20241103_123548.jpg,6489,True,300,300,1.0,RGB,3,JPEG,2c5360df71d178f6eee732c0b6bc4e4496933a85e6088277c6729687edae18d1,,Blast,RiceLeafDisease_BD5,EXTERNAL_FIELD_DATASET
IMG_20241103_123548_1.jpg,.jpg,Blast/IMG_20241103_123548_1.jpg,5415,True,300,300,1.0,RGB,3,JPEG,9c3503ca63fc2e4bd61ef855314f09f9d0809b9a4b56c54edc45700c39a6d0b1,,Blast,RiceLeafDisease_BD5,EXTERNAL_FIELD_DATASET
IMG_20241103_123549.jpg,.jpg,Blast/IMG_20241103_123549.jpg,6566,True,300,300,1.0,RGB,3,JPEG,355672bbebbf4f49922a7f4951a3b77795bf65c77e0084031893105c4bb7063c,,Blast,RiceLeafDisease_BD5,EXTERNAL_FIELD_DATASET
IMG_20241103_123556.jpg,.jpg,Blast/IMG_20241103_123556.jpg,7817,True,300,300,1.0,RGB,3,JPEG,a106b8ccf9b4d02fd7b5cf9d83daec25a2750f0c1eb9f176d511358c76adc45b,,Blast,RiceLeafDisease_BD5,EXTERNAL_FIELD_DATASET
IMG_20241103_123559.jpg,.jpg,Blast/IMG_20241103_123559.jpg,5295,True,300,300,1.0,RGB,3,JPEG,7e7afc2b7ab146433d1daea2e9e3202950a8aa1a51a514fe4f587d51b8016f20,,Blast,RiceLeafDisease_BD5,EXTERNAL_FIELD_DATASET
IMG_20241103_123600.jpg,.jpg,Blast/IMG_20241103_123600.jpg,5308,True,300,300,1.0,RGB,3,JPEG,77ef14f86c5e752fc02bcff097b958fe7f25106724114f6b20ea6742a17fb7ea,,Blast,RiceLeafDisease_BD5,EXTERNAL_FIELD_DATASET
IMG_20241103_123601.jpg,.jpg,Blast/IMG_20241103_123601.jpg,6624,True,300,300,1.0,RGB,3,JPEG,623200ab2b480e151185b54aba5d07ac084adc3506eb8344ff978eb41f95de96,,Blast,RiceLeafDisease_BD5,EXTERNAL_FIELD_DATASET
IMG_20241103_123608.jpg,.jpg,Blast/IMG_20241103_123608.jpg,4391,True,300,300,1.0,RGB,3,JPEG,7a5c939d76b3a956634bf5f785c932c26678e615c77e287cb1ad1e1fd4a60ccb,,Blast,RiceLeafDisease_BD5,EXTERNAL_FIELD_DATASET
IMG_20241103_123608_1.jpg,.jpg,Blast/IMG_20241103_123608_1.jpg,4309,True,300,300,1.0,RGB,3,JPEG,3807c99a7c0bc9ffbfc5b216a40483f187d65ce3da736eab214cf6186732b110,,Blast,RiceLeafDisease_BD5,EXTERNAL_FIELD_DATASET
IMG_20241103_123616.jpg,.jpg,Blast/IMG_20241103_123616.jpg,4890,True,300,300,1.0,RGB,3,JPEG,3fbcb277030c56443d939b374ac3ee03eb2cfb4500afd3a5da2c5483d02bae78,,Blast,RiceLeafDisease_BD5,EXTERNAL_FIELD_DATASET
IMG_20241103_123618.jpg,.jpg,Blast/IMG_20241103_123618.jpg,5767,True,300,300,1.0,RGB,3,JPEG,a4174055112391ed7d1df67de49dfb7756cf15f69440ccdc42f57b77022c4398,,Blast,RiceLeafDisease_BD5,EXTERNAL_FIELD_DATASET
IMG_20241103_123623.jpg,.jpg,Blast/IMG_20241103_123623.jpg,4514,True,300,300,1.0,RGB,3,JPEG,6029da9603e1c7351b31333c7d8899a7dc2ebbcf91d0d031bd78d635ff394221,,Blast,RiceLeafDisease_BD5,EXTERNAL_FIELD_DATASET
IMG_20241103_123623_1.jpg,.jpg,Blast/IMG_20241103_123623_1.jpg,5085,True,300,300,1.0,RGB,3,JPEG,989064d9e82373af582edc114eddaf7f662530403b65017afa015dee0b68c201,,Blast,RiceLeafDisease_BD5,EXTERNAL_FIELD_DATASET
IMG_20241103_123624.jpg,.jpg,Blast/IMG_20241103_123624.jpg,4502,True,300,300,1.0,RGB,3,JPEG,6d5e776af4f2817ad3d7f6bb2c4274f8daa9625fc9d05c908e306a10889ba362,,Blast,RiceLeafDisease_BD5,EXTERNAL_FIELD_DATASET
IMG_20241103_123628.jpg,.jpg,Blast/IMG_20241103_123628.jpg,6256,True,300,300,1.0,RGB,3,JPEG,2f567faea40f2749db0961dc568b514247a34070f8e980fdf51bb2a3547ceda1,,Blast,RiceLeafDisease_BD5,EXTERNAL_FIELD_DATASET
IMG_20241103_123628_1.jpg,.jpg,Blast/IMG_20241103_123628_1.jpg,6098,True,300,300,1.0,RGB,3,JPEG,98b4b5835bd7ea2f979f4f2a1c3957fddcf2a808a5e7099e67d3e1f5c7aad261,,Blast,RiceLeafDisease_BD5,EXTERNAL_FIELD_DATASET
IMG_20241103_123634.jpg,.jpg,Blast/IMG_20241103_123634.jpg,7511,True,300,300,1.0,RGB,3,JPEG,619f0bc0a75e4b02792ead2bc9be2e44aa9390ce4ddb9ea79df422c45482c3b3,,Blast,RiceLeafDisease_BD5,EXTERNAL_FIELD_DATASET
IMG_20241103_123651.jpg,.jpg,Blast/IMG_20241103_123651.jpg,7134,True,300,300,1.0,RGB,3,JPEG,917777a363c64271171fbf0ad15f2c9c49b541347cfb2f8b9c169b024283cbf9,,Blast,RiceLeafDisease_BD5,EXTERNAL_FIELD_DATASET
IMG_20241103_123700.jpg,.jpg,Blast/IMG_20241103_123700.jpg,5248,True,300,300,1.0,RGB,3,JPEG,12837751e0d5db0dca62d8e7b29401821e9b5b20cf5ae734725c277bc6f6dc7a,,Blast,RiceLeafDisease_BD5,EXTERNAL_FIELD_DATASET
IMG_20241103_123701.jpg,.jpg,Blast/IMG_20241103_123701.jpg,5267,True,300,300,1.0,RGB,3,JPEG,e4471f7faa6d995d083c746366d0d823ac117a1159b7fb782266f06451f45fdf,,Blast,RiceLeafDisease_BD5,EXTERNAL_FIELD_DATASET
IMG_20241103_123703.jpg,.jpg,Blast/IMG_20241103_123703.jpg,5540,True,300,300,1.0,RGB,3,JPEG,23a347a177a8b533ef27dde17c226150bb7ec7c20c685442f0e4a68bea7dc1c9,,Blast,RiceLeafDisease_BD5,EXTERNAL_FIELD_DATASET
IMG_20241103_123713.jpg,.jpg,Blast/IMG_20241103_123713.jpg,7259,True,300,300,1.0,RGB,3,JPEG,581cc26d4491771a7f97c554335c74d7152fc92da5f40676e4558938a7841384,,Blast,RiceLeafDisease_BD5,EXTERNAL_FIELD_DATASET
IMG_20241103_123721.jpg,.jpg,Blast/IMG_20241103_123721.jpg,6673,True,300,300,1.0,RGB,3,JPEG,784a05b8394c421287ddc9641ffeff8409d986e67403bedff9dc6a6d6e15cfc8,,Blast,RiceLeafDisease_BD5,EXTERNAL_FIELD_DATASET
IMG_20241103_123722.jpg,.jpg,Blast/IMG_20241103_123722.jpg,6727,True,300,300,1.0,RGB,3,JPEG,5cd2d56b870fa6fb98ce2fc80e3ab9ff1ac6af9472ea259dc720bfb944e7cd53,,Blast,RiceLeafDisease_BD5,EXTERNAL_FIELD_DATASET
IMG_20241103_123742.jpg,.jpg,Blast/IMG_20241103_123742.jpg,7221,True,300,300,1.0,RGB,3,JPEG,7a194de4c596617d2e9a4fb2deb8af88850a9a5a43d7923383c519fcb39d179b,,Blast,RiceLeafDisease_BD5,EXTERNAL_FIELD_DATASET
IMG_20241103_123743.jpg,.jpg,Blast/IMG_20241103_123743.jpg,7262,True,300,300,1.0,RGB,3,JPEG,ddc5f64cdb1d39cef2d65af484520f3debffb79579b03363e2867f8bbe8802ef,,Blast,RiceLeafDisease_BD5,EXTERNAL_FIELD_DATASET
IMG_20241103_123749.jpg,.jpg,Blast/IMG_20241103_123749.jpg,8809,True,300,300,1.0,RGB,3,JPEG,013f6c9f341b9a32c45b60524f7ca94286aeabe7afbd441c2e0d907e7b2a90b0,,Blast,RiceLeafDisease_BD5,EXTERNAL_FIELD_DATASET
IMG_20241103_123753.jpg,.jpg,Blast/IMG_20241103_123753.jpg,5051,True,300,300,1.0,RGB,3,JPEG,4a94a18e55f200495d1e68429fe17765a5aed2bb56f722536c45becd60e70b91,,Blast,RiceLeafDisease_BD5,EXTERNAL_FIELD_DATASET
IMG_20241103_123754.jpg,.jpg,Blast/IMG_20241103_123754.jpg,5002,True,300,300,1.0,RGB,3,JPEG,12ae98e41601b972656f507f4bf0c8378a8396675c9daa1112ed3fe23bfd54da,,Blast,RiceLeafDisease_BD5,EXTERNAL_FIELD_DATASET
IMG_20241103_123755.jpg,.jpg,Blast/IMG_20241103_123755.jpg,7997,True,300,300,1.0,RGB,3,JPEG,00c5e4d065a6ecd10afa44db2bbcd788869ec34bbdb87a5783ff84c0409b8234,,Blast,RiceLeafDisease_BD5,EXTERNAL_FIELD_DATASET
IMG_20241103_123801.jpg,.jpg,Blast/IMG_20241103_123801.jpg,8463,True,300,300,1.0,RGB,3,JPEG,118948d5f148441707f9b1bf4e6bff89ffba31f6abec9d2dd807326279312396,,Blast,RiceLeafDisease_BD5,EXTERNAL_FIELD_DATASET
IMG_20241103_123803.jpg,.jpg,Blast/IMG_20241103_123803.jpg,8348,True,300,300,1.0,RGB,3,JPEG,d41e9999c907de7f3d00957f5036195869c9962a39ff5dcdc384923c76c38f0a,,Blast,RiceLeafDisease_BD5,EXTERNAL_FIELD_DATASET
IMG_20241103_123805.jpg,.jpg,Blast/IMG_20241103_123805.jpg,8829,True,300,300,1.0,RGB,3,JPEG,c345f5943018efacfddb740c5779a33e26dd54ab3e7607dcb027002c6a3d8ce1,,Blast,RiceLeafDisease_BD5,EXTERNAL_FIELD_DATASET
IMG_20241103_123811.jpg,.jpg,Blast/IMG_20241103_123811.jpg,7994,True,300,300,1.0,RGB,3,JPEG,23dec77494c70c239e846adbd28c9a6018012bcaa5245f2db490651158f76316,,Blast,RiceLeafDisease_BD5,EXTERNAL_FIELD_DATASET
IMG_20241103_123818.jpg,.jpg,Blast/IMG_20241103_123818.jpg,7886,True,300,300,1.0,RGB,3,JPEG,b23c71a1ad13639346cc80243afd463b75d095eecc0456a1a984454e62b599a1,,Blast,RiceLeafDisease_BD5,EXTERNAL_FIELD_DATASET
IMG_20241103_123825.jpg,.jpg,Blast/IMG_20241103_123825.jpg,7825,True,300,300,1.0,RGB,3,JPEG,739a53a4f0887a403cd37145defd4604ce21e7cdb717ecddb77739c2b2842788,,Blast,RiceLeafDisease_BD5,EXTERNAL_FIELD_DATASET
IMG_20241103_123825_1.jpg,.jpg,Blast/IMG_20241103_123825_1.jpg,7907,True,300,300,1.0,RGB,3,JPEG,9cef5b00a9e495135fdb0c1ceb08944eb70261f23ab66f1b1f4cb4470dfcb53f,,Blast,RiceLeafDisease_BD5,EXTERNAL_FIELD_DATASET
IMG_20241031_123820.jpg,.jpg,Narrow_Brown_Spot/IMG_20241031_123820.jpg,6527,True,300,300,1.0,RGB,3,JPEG,295f19e167666e18986a942f92d1b2fffd29c4a0644999726ebe1cd22ede0a82,,Narrow_Brown_Spot,RiceLeafDisease_BD5,EXTERNAL_FIELD_DATASET
IMG_20241031_123822.jpg,.jpg,Narrow_Brown_Spot/IMG_20241031_123822.jpg,6536,True,300,300,1.0,RGB,3,JPEG,f3dba4f3a8d6e0ca5dfd33b5934c463f36ba427ecca8a3514a2b9b168b5158d2,,Narrow_Brown_Spot,RiceLeafDisease_BD5,EXTERNAL_FIELD_DATASET
IMG_20241031_123900.jpg,.jpg,Narrow_Brown_Spot/IMG_20241031_123900.jpg,7163,True,300,300,1.0,RGB,3,JPEG,5ab3febd22b9cee942235e88b1bf7ce9b655bfd097d83ec7f32c2cd2db39806e,,Narrow_Brown_Spot,RiceLeafDisease_BD5,EXTERNAL_FIELD_DATASET
IMG_20241031_123902.jpg,.jpg,Narrow_Brown_Spot/IMG_20241031_123902.jpg,6888,True,300,300,1.0,RGB,3,JPEG,74d7624ab172774110e6b0b66afb63ccaa7b0536484c6674b166469c6eb24900,,Narrow_Brown_Spot,RiceLeafDisease_BD5,EXTERNAL_FIELD_DATASET
IMG_20241031_123938.jpg,.jpg,Narrow_Brown_Spot/IMG_20241031_123938.jpg,6489,True,300,300,1.0,RGB,3,JPEG,4dc8274d610db54c451dd8488fa1fa6106c50fb0f7516b532bf0140f4ca941ba,,Narrow_Brown_Spot,RiceLeafDisease_BD5,EXTERNAL_FIELD_DATASET
IMG_20241031_123943.jpg,.jpg,Narrow_Brown_Spot/IMG_20241031_123943.jpg,6464,True,300,300,1.0,RGB,3,JPEG,5355f8a6ce1582563a16e86f118096fcc249a0f4a4e3621b0ba5bc08cde835d9,,Narrow_Brown_Spot,RiceLeafDisease_BD5,EXTERNAL_FIELD_DATASET
IMG_20241031_123959.jpg,.jpg,Narrow_Brown_Spot/IMG_20241031_123959.jpg,4711,True,300,300,1.0,RGB,3,JPEG,d7ffc7537366897af6e74a51cad81028451045aa3d1771802ed94247b28823fc,,Narrow_Brown_Spot,RiceLeafDisease_BD5,EXTERNAL_FIELD_DATASET
IMG_20241031_124013.jpg,.jpg,Narrow_Brown_Spot/IMG_20241031_124013.jpg,4791,True,300,300,1.0,RGB,3,JPEG,b56b7c4c043020ece27577068ba0f75981436202de2ae74caefd731811873933,,Narrow_Brown_Spot,RiceLeafDisease_BD5,EXTERNAL_FIELD_DATASET
IMG_20241031_124015.jpg,.jpg,Narrow_Brown_Spot/IMG_20241031_124015.jpg,4711,True,300,300,1.0,RGB,3,JPEG,90d8106016ab3c521bc7fd9b8477354e666bb108f156c63a5c69abc0eabe15ac,,Narrow_Brown_Spot,RiceLeafDisease_BD5,EXTERNAL_FIELD_DATASET
IMG_20241031_124052.jpg,.jpg,Narrow_Brown_Spot/IMG_20241031_124052.jpg,7364,True,300,300,1.0,RGB,3,JPEG,108d41ac774121d52d4475b21e65aa87ead3d302b2007895908d8ff471dda351,,Narrow_Brown_Spot,RiceLeafDisease_BD5,EXTERNAL_FIELD_DATASET
IMG_20241031_124054.jpg,.jpg,Narrow_Brown_Spot/IMG_20241031_124054.jpg,7303,True,300,300,1.0,RGB,3,JPEG,058770f342d89e550770016327ff8ebb07df9def2b758dcd61d9f9b2e0bba50c,,Narrow_Brown_Spot,RiceLeafDisease_BD5,EXTERNAL_FIELD_DATASET
IMG_20241031_124100.jpg,.jpg,Narrow_Brown_Spot/IMG_20241031_124100.jpg,7894,True,300,300,1.0,RGB,3,JPEG,4c33d362d1c5f8d910d0681fe6fda52b1464f9491bf10563633761c232f9929a,,Narrow_Brown_Spot,RiceLeafDisease_BD5,EXTERNAL_FIELD_DATASET
IMG_20241031_124101.jpg,.jpg,Narrow_Brown_Spot/IMG_20241031_124101.jpg,7882,True,300,300,1.0,RGB,3,JPEG,a7ba53880d51bfc3daadef2c652c66b63c8261909608f1a6061b4120885c00e7,,Narrow_Brown_Spot,RiceLeafDisease_BD5,EXTERNAL_FIELD_DATASET
IMG_20241031_124324.jpg,.jpg,Narrow_Brown_Spot/IMG_20241031_124324.jpg,4825,True,300,300,1.0,RGB,3,JPEG,7676d60f541b06dad0ce42469ab5d7e8e2777ef316da60d7541efd15e96ef75a,,Narrow_Brown_Spot,RiceLeafDisease_BD5,EXTERNAL_FIELD_DATASET
IMG_20241031_124327.jpg,.jpg,Narrow_Brown_Spot/IMG_20241031_124327.jpg,5075,True,300,300,1.0,RGB,3,JPEG,c1108d90f6b3688222ba32c1dc4a669b0b0bbd78fb9ee2638b1b11552bf44970,,Narrow_Brown_Spot,RiceLeafDisease_BD5,EXTERNAL_FIELD_DATASET
IMG_20241031_124328.jpg,.jpg,Narrow_Brown_Spot/IMG_20241031_124328.jpg,5099,True,300,300,1.0,RGB,3,JPEG,822f242a18a7a6e83411c5de5ab5f1d2d84b9fe04754d35622a94c5284e32970,,Narrow_Brown_Spot,RiceLeafDisease_BD5,EXTERNAL_FIELD_DATASET
IMG_20241031_124335.jpg,.jpg,Narrow_Brown_Spot/IMG_20241031_124335.jpg,5170,True,300,300,1.0,RGB,3,JPEG,9282774f7127f6f57c3fc4008fc1e70f32c7867328f315926d96efc6c27abaf4,,Narrow_Brown_Spot,RiceLeafDisease_BD5,EXTERNAL_FIELD_DATASET
IMG_20241031_124344.jpg,.jpg,Narrow_Brown_Spot/IMG_20241031_124344.jpg,4445,True,300,300,1.0,RGB,3,JPEG,980dc2498aea5a0a688f31dfb1374672a39c211261e8d51e01c497bb696ce84d,,Narrow_Brown_Spot,RiceLeafDisease_BD5,EXTERNAL_FIELD_DATASET
IMG_20241031_124349.jpg,.jpg,Narrow_Brown_Spot/IMG_20241031_124349.jpg,5296,True,300,300,1.0,RGB,3,JPEG,bd37e23daa78dff19497512c8c3a948fa5e15351106304851a37cdfd082cd4a8,,Narrow_Brown_Spot,RiceLeafDisease_BD5,EXTERNAL_FIELD_DATASET
IMG_20241031_124350.jpg,.jpg,Narrow_Brown_Spot/IMG_20241031_124350.jpg,5226,True,300,300,1.0,RGB,3,JPEG,776754fb2e7f9f9953a94fd735f4e21180c679583e73b0abeb03b115aea6878c,,Narrow_Brown_Spot,RiceLeafDisease_BD5,EXTERNAL_FIELD_DATASET
IMG_20241031_124405.jpg,.jpg,Narrow_Brown_Spot/IMG_20241031_124405.jpg,5558,True,300,300,1.0,RGB,3,JPEG,4cae30fca8c77fece215e84edba1d071e5fd693c1bd2d0953942962d61604700,,Narrow_Brown_Spot,RiceLeafDisease_BD5,EXTERNAL_FIELD_DATASET
IMG_20241031_124407.jpg,.jpg,Narrow_Brown_Spot/IMG_20241031_124407.jpg,5588,True,300,300,1.0,RGB,3,JPEG,1d1fb056f0365c35dbc7157f1363dfd2b32645d46cab868c0235b80b30975aa5,,Narrow_Brown_Spot,RiceLeafDisease_BD5,EXTERNAL_FIELD_DATASET
IMG_20241031_124414.jpg,.jpg,Narrow_Brown_Spot/IMG_20241031_124414.jpg,6220,True,300,300,1.0,RGB,3,JPEG,169703c5ff71508b459bea0e0d235125fa95cab410057e3e0fc76dacefc8c522,,Narrow_Brown_Spot,RiceLeafDisease_BD5,EXTERNAL_FIELD_DATASET
IMG_20241031_124448.jpg,.jpg,Narrow_Brown_Spot/IMG_20241031_124448.jpg,7063,True,300,300,1.0,RGB,3,JPEG,686a7632643e4ce5f51c8905711ffeb74108008959c1e6c59e8067a5fdd0f954,,Narrow_Brown_Spot,RiceLeafDisease_BD5,EXTERNAL_FIELD_DATASET
IMG_20241031_124449.jpg,.jpg,Narrow_Brown_Spot/IMG_20241031_124449.jpg,7036,True,300,300,1.0,RGB,3,JPEG,24ff2581d18c96ea5e5f511ac7a7bfdde30c22fc7975cfee3749d66d706cfd6d,,Narrow_Brown_Spot,RiceLeafDisease_BD5,EXTERNAL_FIELD_DATASET
IMG_20241031_124500.jpg,.jpg,Narrow_Brown_Spot/IMG_20241031_124500.jpg,6396,True,300,300,1.0,RGB,3,JPEG,8eef83e63edb1e156fb72a88ab78a26a440ddca059e60cd87394d70410de10b0,,Narrow_Brown_Spot,RiceLeafDisease_BD5,EXTERNAL_FIELD_DATASET
IMG_20241031_124507.jpg,.jpg,Narrow_Brown_Spot/IMG_20241031_124507.jpg,6954,True,300,300,1.0,RGB,3,JPEG,63aab27d72ded11d58915c5f37bf58e08c18cb2ef63cd28ffb37590b07b895e0,,Narrow_Brown_Spot,RiceLeafDisease_BD5,EXTERNAL_FIELD_DATASET
IMG_20241031_124516.jpg,.jpg,Narrow_Brown_Spot/IMG_20241031_124516.jpg,6615,True,300,300,1.0,RGB,3,JPEG,f0aa1eaa4d8c7cffb2fc6436cc35aac3dfd776dd1189537f79f8dcb9f47da752,,Narrow_Brown_Spot,RiceLeafDisease_BD5,EXTERNAL_FIELD_DATASET
IMG_20241031_124519.jpg,.jpg,Narrow_Brown_Spot/IMG_20241031_124519.jpg,6132,True,300,300,1.0,RGB,3,JPEG,c0ab14f0b0ac349b37dc0c2a343bf7bd7251395a978cf8f2e37f86d35151d3b9,,Narrow_Brown_Spot,RiceLeafDisease_BD5,EXTERNAL_FIELD_DATASET
IMG_20241031_124524.jpg,.jpg,Narrow_Brown_Spot/IMG_20241031_124524.jpg,7142,True,300,300,1.0,RGB,3,JPEG,10d13195a9b5c3c5abe2ce3231291c3c20905fc56fd6511e2fb2bc5eee3caf60,,Narrow_Brown_Spot,RiceLeafDisease_BD5,EXTERNAL_FIELD_DATASET
IMG_20241031_124540.jpg,.jpg,Narrow_Brown_Spot/IMG_20241031_124540.jpg,6861,True,300,300,1.0,RGB,3,JPEG,c128d51d9678f01891bbfb1543f8393d31b3e4151b79b75d37f87b70c543dcac,,Narrow_Brown_Spot,RiceLeafDisease_BD5,EXTERNAL_FIELD_DATASET
IMG_20241031_124559.jpg,.jpg,Narrow_Brown_Spot/IMG_20241031_124559.jpg,4968,True,300,300,1.0,RGB,3,JPEG,52bd5828b673932eb0ed991f19c8ba32fb193387d5ba22f59bbb00b562760dc4,,Narrow_Brown_Spot,RiceLeafDisease_BD5,EXTERNAL_FIELD_DATASET
IMG_20241031_124600.jpg,.jpg,Narrow_Brown_Spot/IMG_20241031_124600.jpg,4956,True,300,300,1.0,RGB,3,JPEG,dd6c5e1f7827d97b6c588d6a6c7e6eeaa7c7e06dddb74f99567a3b23ce113959,,Narrow_Brown_Spot,RiceLeafDisease_BD5,EXTERNAL_FIELD_DATASET
IMG_20241031_124601.jpg,.jpg,Narrow_Brown_Spot/IMG_20241031_124601.jpg,4855,True,300,300,1.0,RGB,3,JPEG,ae6a50babb51091edd0cfdc2096c8b4d8736ac09428517c0e25edce997fed042,,Narrow_Brown_Spot,RiceLeafDisease_BD5,EXTERNAL_FIELD_DATASET
IMG_20241031_124610.jpg,.jpg,Narrow_Brown_Spot/IMG_20241031_124610.jpg,6239,True,300,300,1.0,RGB,3,JPEG,5cf075480de23eadfd5f09162c95deb1d443c49404ee3d2fecb40f9a8c408842,,Narrow_Brown_Spot,RiceLeafDisease_BD5,EXTERNAL_FIELD_DATASET
IMG_20241031_124614.jpg,.jpg,Narrow_Brown_Spot/IMG_20241031_124614.jpg,6188,True,300,300,1.0,RGB,3,JPEG,9ec7217ef8361457e18eef9e6577f3ab1fadc7a0d1de0b8b5cbb4076371eb0f0,,Narrow_Brown_Spot,RiceLeafDisease_BD5,EXTERNAL_FIELD_DATASET
IMG_20241031_124614_1.jpg,.jpg,Narrow_Brown_Spot/IMG_20241031_124614_1.jpg,6151,True,300,300,1.0,RGB,3,JPEG,f09d57e4193e4ae415c62b8409f63a2a17ce1e13c360cab1e07e91e0e0b40476,,Narrow_Brown_Spot,RiceLeafDisease_BD5,EXTERNAL_FIELD_DATASET
IMG_20241031_124615.jpg,.jpg,Narrow_Brown_Spot/IMG_20241031_124615.jpg,6203,True,300,300,1.0,RGB,3,JPEG,a927a5ffe13482924b2771e08a883d8d6fef15a36cb2cbd17745e69d8e9dcd0f,,Narrow_Brown_Spot,RiceLeafDisease_BD5,EXTERNAL_FIELD_DATASET
IMG_20241031_124620.jpg,.jpg,Narrow_Brown_Spot/IMG_20241031_124620.jpg,6595,True,300,300,1.0,RGB,3,JPEG,7d78b818fe7dbd802c638af9aa1cfc4531a293c1176aa8ef4baaded0210f60d9,,Narrow_Brown_Spot,RiceLeafDisease_BD5,EXTERNAL_FIELD_DATASET
IMG_20241031_124628.jpg,.jpg,Narrow_Brown_Spot/IMG_20241031_124628.jpg,6510,True,300,300,1.0,RGB,3,JPEG,f75e58e049cbc39414d5ba4bb8a5a22e284a4b3406f606269715ec7c40d2f3a6,,Narrow_Brown_Spot,RiceLeafDisease_BD5,EXTERNAL_FIELD_DATASET
IMG_20241031_124635.jpg,.jpg,Narrow_Brown_Spot/IMG_20241031_124635.jpg,8708,True,300,300,1.0,RGB,3,JPEG,a70851ad6574ec5826ae1a0dfbfbd7958eb3ceddcebf1dffdbded43c09d39c63,,Narrow_Brown_Spot,RiceLeafDisease_BD5,EXTERNAL_FIELD_DATASET
IMG_20241031_124637.jpg,.jpg,Narrow_Brown_Spot/IMG_20241031_124637.jpg,8637,True,300,300,1.0,RGB,3,JPEG,427e3f5ac9fe47d43622322a40f93c600f9383e2de15b461c1c3a778181c380d,,Narrow_Brown_Spot,RiceLeafDisease_BD5,EXTERNAL_FIELD_DATASET
IMG_20241031_124641.jpg,.jpg,Narrow_Brown_Spot/IMG_20241031_124641.jpg,8139,True,300,300,1.0,RGB,3,JPEG,216330f09ebc3a8b326e623672cf8121ea818b7372c357fb875c0cf569a0080f,,Narrow_Brown_Spot,RiceLeafDisease_BD5,EXTERNAL_FIELD_DATASET
IMG_20241031_124642.jpg,.jpg,Narrow_Brown_Spot/IMG_20241031_124642.jpg,8053,True,300,300,1.0,RGB,3,JPEG,6b614de33acf8b5ccf68f5506e06f3910d8c80c74b731e65c8633f8ae5675eab,,Narrow_Brown_Spot,RiceLeafDisease_BD5,EXTERNAL_FIELD_DATASET
IMG_20241031_124650.jpg,.jpg,Narrow_Brown_Spot/IMG_20241031_124650.jpg,8202,True,300,300,1.0,RGB,3,JPEG,80f54b9cecddc7ecc93dd018b8484ac8340b7e241185d60dbdc1feb43fdb5784,,Narrow_Brown_Spot,RiceLeafDisease_BD5,EXTERNAL_FIELD_DATASET
IMG_20241031_124656.jpg,.jpg,Narrow_Brown_Spot/IMG_20241031_124656.jpg,7155,True,300,300,1.0,RGB,3,JPEG,b49ea410ed942fbd1b914519a80d8a65ceadafea70f323019cbe68da79fc9d0d,,Narrow_Brown_Spot,RiceLeafDisease_BD5,EXTERNAL_FIELD_DATASET
IMG_20241031_124718.jpg,.jpg,Narrow_Brown_Spot/IMG_20241031_124718.jpg,5467,True,300,300,1.0,RGB,3,JPEG,d7e48df5f9cd5b25a6d26a5f97cde8006058b159eebeeb4d8ee356ca16a26d59,,Narrow_Brown_Spot,RiceLeafDisease_BD5,EXTERNAL_FIELD_DATASET
IMG_20241031_124723.jpg,.jpg,Narrow_Brown_Spot/IMG_20241031_124723.jpg,6129,True,300,300,1.0,RGB,3,JPEG,752a30d0598bdbb0950e4db49b5d599330a4a2389b381463f913afdc883c5d7d,,Narrow_Brown_Spot,RiceLeafDisease_BD5,EXTERNAL_FIELD_DATASET
IMG_20241031_124725.jpg,.jpg,Narrow_Brown_Spot/IMG_20241031_124725.jpg,6217,True,300,300,1.0,RGB,3,JPEG,3f7682f616305922b23b101b453b56aed9ac740763362d06f437da8b8dbb48e5,,Narrow_Brown_Spot,RiceLeafDisease_BD5,EXTERNAL_FIELD_DATASET
IMG_20241031_124735.jpg,.jpg,Narrow_Brown_Spot/IMG_20241031_124735.jpg,6436,True,300,300,1.0,RGB,3,JPEG,09753ac285ecec8654881e509812341ae1034fd5e358d55a4c18065215958751,,Narrow_Brown_Spot,RiceLeafDisease_BD5,EXTERNAL_FIELD_DATASET
IMG_20241031_124744.jpg,.jpg,Narrow_Brown_Spot/IMG_20241031_124744.jpg,6212,True,300,300,1.0,RGB,3,JPEG,a7566929019bbef42f06435c41995439a43e2e8cc545785be0721165acd3aa09,,Narrow_Brown_Spot,RiceLeafDisease_BD5,EXTERNAL_FIELD_DATASET
IMG_20241031_124745.jpg,.jpg,Narrow_Brown_Spot/IMG_20241031_124745.jpg,6130,True,300,300,1.0,RGB,3,JPEG,f362b6a920720234689bbe26cd3699948442127ed3802ab72deeb672f76496e2,,Narrow_Brown_Spot,RiceLeafDisease_BD5,EXTERNAL_FIELD_DATASET
IMG_20241031_124749.jpg,.jpg,Narrow_Brown_Spot/IMG_20241031_124749.jpg,7494,True,300,300,1.0,RGB,3,JPEG,759647f929ed2fe0404f32dc1fb1d2087d09f340139f423233b80902211f3a04,,Narrow_Brown_Spot,RiceLeafDisease_BD5,EXTERNAL_FIELD_DATASET
IMG_20241031_124750.jpg,.jpg,Narrow_Brown_Spot/IMG_20241031_124750.jpg,7613,True,300,300,1.0,RGB,3,JPEG,ad7e4e4632066f2d7af758c763bca686e3ddc559be47033264eef779ea25a49b,,Narrow_Brown_Spot,RiceLeafDisease_BD5,EXTERNAL_FIELD_DATASET
IMG_20241031_124755.jpg,.jpg,Narrow_Brown_Spot/IMG_20241031_124755.jpg,7759,True,300,300,1.0,RGB,3,JPEG,a7ca24d75a097103ba6223d6813183dd80e1f724a04067719461dd7d9064535b,,Narrow_Brown_Spot,RiceLeafDisease_BD5,EXTERNAL_FIELD_DATASET
IMG_20241031_124756.jpg,.jpg,Narrow_Brown_Spot/IMG_20241031_124756.jpg,7780,True,300,300,1.0,RGB,3,JPEG,f4953ee8c2bb04654e5318d19711de3acfb5180527e00a0432056da91eec29a6,,Narrow_Brown_Spot,RiceLeafDisease_BD5,EXTERNAL_FIELD_DATASET
IMG_20241031_124803.jpg,.jpg,Narrow_Brown_Spot/IMG_20241031_124803.jpg,8699,True,300,300,1.0,RGB,3,JPEG,e997370df3a4a839966f14c40f37a83a47e9090b1c3e86eeef9c8a1a1f38f61e,,Narrow_Brown_Spot,RiceLeafDisease_BD5,EXTERNAL_FIELD_DATASET
IMG_20241031_124804.jpg,.jpg,Narrow_Brown_Spot/IMG_20241031_124804.jpg,8919,True,300,300,1.0,RGB,3,JPEG,65eef4a230cfb35ead777bd9d97c32ff47d95bbdaf91761f236f9c78e78939b2,,Narrow_Brown_Spot,RiceLeafDisease_BD5,EXTERNAL_FIELD_DATASET
IMG_20241031_124805.jpg,.jpg,Narrow_Brown_Spot/IMG_20241031_124805.jpg,8906,True,300,300,1.0,RGB,3,JPEG,13b6c55ed0bed77e634161de187fd7c2fb39259ac06b467b0cf0cfed8ffe3b96,,Narrow_Brown_Spot,RiceLeafDisease_BD5,EXTERNAL_FIELD_DATASET
IMG_20241031_124814.jpg,.jpg,Narrow_Brown_Spot/IMG_20241031_124814.jpg,8710,True,300,300,1.0,RGB,3,JPEG,8fc1deefb80790f5f267b9231b069f965985b7f5fc2cdeca6b689f055295aac5,,Narrow_Brown_Spot,RiceLeafDisease_BD5,EXTERNAL_FIELD_DATASET
IMG_20241031_124815.jpg,.jpg,Narrow_Brown_Spot/IMG_20241031_124815.jpg,8568,True,300,300,1.0,RGB,3,JPEG,49c64b922320877ae330dfc59dae682ca92bb76b7a291f2eba2d020cae5f827b,,Narrow_Brown_Spot,RiceLeafDisease_BD5,EXTERNAL_FIELD_DATASET
IMG_20241031_124816.jpg,.jpg,Narrow_Brown_Spot/IMG_20241031_124816.jpg,8540,True,300,300,1.0,RGB,3,JPEG,3205312092fa9ef494a46e1efb819a990c58b613eed2be6c4526d1f8d4f7bfae,,Narrow_Brown_Spot,RiceLeafDisease_BD5,EXTERNAL_FIELD_DATASET
IMG_20241031_124819.jpg,.jpg,Narrow_Brown_Spot/IMG_20241031_124819.jpg,5681,True,300,300,1.0,RGB,3,JPEG,8f85fcc3303e059b0b38cb7746053d1fc04cccfeaea0ca83c11998952f9f6087,,Narrow_Brown_Spot,RiceLeafDisease_BD5,EXTERNAL_FIELD_DATASET
IMG_20241031_124820.jpg,.jpg,Narrow_Brown_Spot/IMG_20241031_124820.jpg,5848,True,300,300,1.0,RGB,3,JPEG,b8b117e0a50add397f5d309219c86312e735fb32dd3f6706624c0384fed4a954,,Narrow_Brown_Spot,RiceLeafDisease_BD5,EXTERNAL_FIELD_DATASET
IMG_20241031_124821.jpg,.jpg,Narrow_Brown_Spot/IMG_20241031_124821.jpg,5776,True,300,300,1.0,RGB,3,JPEG,68231958944b8787eae99a98cab1f6dddaab8cfc09df48b93d0dace5b7747e46,,Narrow_Brown_Spot,RiceLeafDisease_BD5,EXTERNAL_FIELD_DATASET
IMG_20241031_125253.jpg,.jpg,Narrow_Brown_Spot/IMG_20241031_125253.jpg,7627,True,300,300,1.0,RGB,3,JPEG,a447da5f064dab2223e248716f6d7f8fce87e6e6210bd8b3506544467771e832,,Narrow_Brown_Spot,RiceLeafDisease_BD5,EXTERNAL_FIELD_DATASET
IMG_20241031_125254.jpg,.jpg,Narrow_Brown_Spot/IMG_20241031_125254.jpg,7732,True,300,300,1.0,RGB,3,JPEG,29a09c68b735a4719da7c970507e7ae526f0479d37cb9c6b92653fb463c2f430,,Narrow_Brown_Spot,RiceLeafDisease_BD5,EXTERNAL_FIELD_DATASET
IMG_20241031_125326.jpg,.jpg,Narrow_Brown_Spot/IMG_20241031_125326.jpg,6913,True,300,300,1.0,RGB,3,JPEG,ac97193ed499b7e5ae827d6b112234b30f3e22634814682b100888b83c9be8cf,,Narrow_Brown_Spot,RiceLeafDisease_BD5,EXTERNAL_FIELD_DATASET
IMG_20241031_125327.jpg,.jpg,Narrow_Brown_Spot/IMG_20241031_125327.jpg,6838,True,300,300,1.0,RGB,3,JPEG,ee29ad57d62a57ea34d563bdff52160b2d4a6990325ec677f5deedd017e0bdb6,,Narrow_Brown_Spot,RiceLeafDisease_BD5,EXTERNAL_FIELD_DATASET
IMG_20241031_125328.jpg,.jpg,Narrow_Brown_Spot/IMG_20241031_125328.jpg,6800,True,300,300,1.0,RGB,3,JPEG,89863799302f88628ae3ed962140a25492e5be8905d7786f69190ef4694af92b,,Narrow_Brown_Spot,RiceLeafDisease_BD5,EXTERNAL_FIELD_DATASET
IMG_20241031_125332.jpg,.jpg,Narrow_Brown_Spot/IMG_20241031_125332.jpg,6509,True,300,300,1.0,RGB,3,JPEG,e9ac124ab64d4d5ddb1d0df7bcbb6f2804916e37a3a83d47ab5279ece0125bbc,,Narrow_Brown_Spot,RiceLeafDisease_BD5,EXTERNAL_FIELD_DATASET
IMG_20241031_125332_1.jpg,.jpg,Narrow_Brown_Spot/IMG_20241031_125332_1.jpg,6517,True,300,300,1.0,RGB,3,JPEG,31b3c96858f06eabb12493fc5f8acc574f968980076646397d18fbe89441a890,,Narrow_Brown_Spot,RiceLeafDisease_BD5,EXTERNAL_FIELD_DATASET
IMG_20241031_125333.jpg,.jpg,Narrow_Brown_Spot/IMG_20241031_125333.jpg,6483,True,300,300,1.0,RGB,3,JPEG,6bc90365580b4def9b6e25d6a154318697d86dd67815543a2edbacca293396ec,,Narrow_Brown_Spot,RiceLeafDisease_BD5,EXTERNAL_FIELD_DATASET
IMG_20241031_125338.jpg,.jpg,Narrow_Brown_Spot/IMG_20241031_125338.jpg,4837,True,300,300,1.0,RGB,3,JPEG,952ad044c978d7ee599d891d44d5e44e3ef5c634aad0aed1f6452e7c78593e10,,Narrow_Brown_Spot,RiceLeafDisease_BD5,EXTERNAL_FIELD_DATASET
IMG_20241031_125344.jpg,.jpg,Narrow_Brown_Spot/IMG_20241031_125344.jpg,4907,True,300,300,1.0,RGB,3,JPEG,6730db8e34f781e006d27be0c400cde6d1c5b6a3c1cc9183e3450dff8a457b0f,,Narrow_Brown_Spot,RiceLeafDisease_BD5,EXTERNAL_FIELD_DATASET
IMG_20241031_125355.jpg,.jpg,Narrow_Brown_Spot/IMG_20241031_125355.jpg,6886,True,300,300,1.0,RGB,3,JPEG,ca283c9356b51e0497d966782bf02aa27ca08b735d9d22cec8ac6aeaef226148,,Narrow_Brown_Spot,RiceLeafDisease_BD5,EXTERNAL_FIELD_DATASET
IMG_20241031_125400.jpg,.jpg,Narrow_Brown_Spot/IMG_20241031_125400.jpg,6681,True,300,300,1.0,RGB,3,JPEG,3fe44d6c6ffeb07270a23b352891abc166d5b458f0b1f3ecf23280479ce40d0a,,Narrow_Brown_Spot,RiceLeafDisease_BD5,EXTERNAL_FIELD_DATASET
IMG_20241031_125404.jpg,.jpg,Narrow_Brown_Spot/IMG_20241031_125404.jpg,6465,True,300,300,1.0,RGB,3,JPEG,4082f30b89cd5e395fac14b2a5ba0a6d520baa71659be60c87fca0d1091a6a16,,Narrow_Brown_Spot,RiceLeafDisease_BD5,EXTERNAL_FIELD_DATASET
IMG_20241031_125405.jpg,.jpg,Narrow_Brown_Spot/IMG_20241031_125405.jpg,6512,True,300,300,1.0,RGB,3,JPEG,5a828478f3e65083650add005e441c331e1c8078b9b4ffeb17798ef581425ce9,,Narrow_Brown_Spot,RiceLeafDisease_BD5,EXTERNAL_FIELD_DATASET
IMG_20241031_125520.jpg,.jpg,Narrow_Brown_Spot/IMG_20241031_125520.jpg,7016,True,300,300,1.0,RGB,3,JPEG,997fb29b02d3282573bd7dd4bda62b33d09d26f202bd4df0d6fbeaa3f5ebf286,,Narrow_Brown_Spot,RiceLeafDisease_BD5,EXTERNAL_FIELD_DATASET
IMG_20241031_125521.jpg,.jpg,Narrow_Brown_Spot/IMG_20241031_125521.jpg,7043,True,300,300,1.0,RGB,3,JPEG,206e08567295944a69b7cdaddfb97b9ccb6815eb819fd1713d935365ed0c83f6,,Narrow_Brown_Spot,RiceLeafDisease_BD5,EXTERNAL_FIELD_DATASET
IMG_20241031_125521_1.jpg,.jpg,Narrow_Brown_Spot/IMG_20241031_125521_1.jpg,7145,True,300,300,1.0,RGB,3,JPEG,7696ba57a9e425d4ae8d1f1b43b650a5b83cbfab66f50e6ae7ba515f1e4033e8,,Narrow_Brown_Spot,RiceLeafDisease_BD5,EXTERNAL_FIELD_DATASET
IMG_20241031_125533.jpg,.jpg,Narrow_Brown_Spot/IMG_20241031_125533.jpg,7190,True,300,300,1.0,RGB,3,JPEG,c42884eb770c660a6df6cb9a335243f76ceccb843150fed2be559f49c22b8614,,Narrow_Brown_Spot,RiceLeafDisease_BD5,EXTERNAL_FIELD_DATASET
IMG_20241031_125534.jpg,.jpg,Narrow_Brown_Spot/IMG_20241031_125534.jpg,7202,True,300,300,1.0,RGB,3,JPEG,a9100dc1a3c036b1b5012ba6e18a13afd6d40461d9137f845f256bcd6e649e0c,,Narrow_Brown_Spot,RiceLeafDisease_BD5,EXTERNAL_FIELD_DATASET
IMG_20241031_125535.jpg,.jpg,Narrow_Brown_Spot/IMG_20241031_125535.jpg,7217,True,300,300,1.0,RGB,3,JPEG,29a5539477b43d59254b8c9d773136c8b1a377ccb963125242c009ad63c489a7,,Narrow_Brown_Spot,RiceLeafDisease_BD5,EXTERNAL_FIELD_DATASET
IMG_20241031_125539.jpg,.jpg,Narrow_Brown_Spot/IMG_20241031_125539.jpg,6442,True,300,300,1.0,RGB,3,JPEG,bbec3c67299f666e4d7655f0ffa70872affeef457e524aa6c6f316093652006c,,Narrow_Brown_Spot,RiceLeafDisease_BD5,EXTERNAL_FIELD_DATASET
IMG_20241031_125540.jpg,.jpg,Narrow_Brown_Spot/IMG_20241031_125540.jpg,6476,True,300,300,1.0,RGB,3,JPEG,fabe37a1f4ea1b920b364d038054e4e5a21362cfad528aa7ae71085da8a29707,,Narrow_Brown_Spot,RiceLeafDisease_BD5,EXTERNAL_FIELD_DATASET
IMG_20241031_125542.jpg,.jpg,Narrow_Brown_Spot/IMG_20241031_125542.jpg,6454,True,300,300,1.0,RGB,3,JPEG,6d8c6de42240b523998491288ca55125bb4fb22ae3df0419d8a8d61f0a825110,,Narrow_Brown_Spot,RiceLeafDisease_BD5,EXTERNAL_FIELD_DATASET
IMG_20241031_125604.jpg,.jpg,Narrow_Brown_Spot/IMG_20241031_125604.jpg,7838,True,300,300,1.0,RGB,3,JPEG,5015606c0ca52a23d5dc695b93d9dae6fbd1ddd5692b5ec402eac8104a592730,,Narrow_Brown_Spot,RiceLeafDisease_BD5,EXTERNAL_FIELD_DATASET
IMG_20241031_125605.jpg,.jpg,Narrow_Brown_Spot/IMG_20241031_125605.jpg,7913,True,300,300,1.0,RGB,3,JPEG,eb2774cfe0c0f7a3ffc83ad8750882f3405dc8524691ca05efbe16e289694b83,,Narrow_Brown_Spot,RiceLeafDisease_BD5,EXTERNAL_FIELD_DATASET
IMG_20241031_125613.jpg,.jpg,Narrow_Brown_Spot/IMG_20241031_125613.jpg,7294,True,300,300,1.0,RGB,3,JPEG,034bb8baa384e3e07aff3e3a8464d5a727498529a2b2f2f8551135a364064496,,Narrow_Brown_Spot,RiceLeafDisease_BD5,EXTERNAL_FIELD_DATASET
IMG_20241031_125617.jpg,.jpg,Narrow_Brown_Spot/IMG_20241031_125617.jpg,7037,True,300,300,1.0,RGB,3,JPEG,bb295cdb2685630c24c48aa81c23766c9e21d8e5003cfa0369bc8a12aaed1328,,Narrow_Brown_Spot,RiceLeafDisease_BD5,EXTERNAL_FIELD_DATASET
IMG_20241031_125624.jpg,.jpg,Narrow_Brown_Spot/IMG_20241031_125624.jpg,6882,True,300,300,1.0,RGB,3,JPEG,4cef41b408240be0ff11f8dbe6324dc13edd7838220de590077feb93779f82e4,,Narrow_Brown_Spot,RiceLeafDisease_BD5,EXTERNAL_FIELD_DATASET
IMG_20241031_125629_1.jpg,.jpg,Narrow_Brown_Spot/IMG_20241031_125629_1.jpg,6884,True,300,300,1.0,RGB,3,JPEG,3de62dad382a071dfdadbba236ff3422165ac52d0fb7e763d06a9b30a7efee7a,,Narrow_Brown_Spot,RiceLeafDisease_BD5,EXTERNAL_FIELD_DATASET
IMG_20241031_125640.jpg,.jpg,Narrow_Brown_Spot/IMG_20241031_125640.jpg,6329,True,300,300,1.0,RGB,3,JPEG,12a6d3c76a5c29e1339387f49e4d0a17a8fe92fb13cc515df7f0dab9eb8d7b35,,Narrow_Brown_Spot,RiceLeafDisease_BD5,EXTERNAL_FIELD_DATASET
IMG_20241031_125643.jpg,.jpg,Narrow_Brown_Spot/IMG_20241031_125643.jpg,6344,True,300,300,1.0,RGB,3,JPEG,817a18a581f0defcf51e4deb580740cbfd20f2394bf386b77bce3f2df1bcefdc,,Narrow_Brown_Spot,RiceLeafDisease_BD5,EXTERNAL_FIELD_DATASET
IMG_20241031_125656.jpg,.jpg,Narrow_Brown_Spot/IMG_20241031_125656.jpg,6665,True,300,300,1.0,RGB,3,JPEG,06285c270c5e344aeec5ebf870fbbf7a795094481ec92b2c48f5c18d96bd6871,,Narrow_Brown_Spot,RiceLeafDisease_BD5,EXTERNAL_FIELD_DATASET
IMG_20241031_125702.jpg,.jpg,Narrow_Brown_Spot/IMG_20241031_125702.jpg,5235,True,300,300,1.0,RGB,3,JPEG,57b86c164f80588190b3890846c823a06daaa083834830a827fa4ff200fd537f,,Narrow_Brown_Spot,RiceLeafDisease_BD5,EXTERNAL_FIELD_DATASET
IMG_20241031_125717.jpg,.jpg,Narrow_Brown_Spot/IMG_20241031_125717.jpg,4607,True,300,300,1.0,RGB,3,JPEG,0ede0f286af995edf64ad98470bf9c3ed177b9dc2c91f2b29e9f74678a2a9bf7,,Narrow_Brown_Spot,RiceLeafDisease_BD5,EXTERNAL_FIELD_DATASET
IMG_20241031_125718.jpg,.jpg,Narrow_Brown_Spot/IMG_20241031_125718.jpg,4611,True,300,300,1.0,RGB,3,JPEG,b221b13d6c3cd2adc083920d533a6bc296df737f1419fda6f1b8e32e7759ccfc,,Narrow_Brown_Spot,RiceLeafDisease_BD5,EXTERNAL_FIELD_DATASET
IMG_20241031_125838.jpg,.jpg,Narrow_Brown_Spot/IMG_20241031_125838.jpg,5379,True,300,300,1.0,RGB,3,JPEG,541fd061d2d819d3d9d226ddb7eb2efda0f8f997ca1a644938274f7b929ba84b,,Narrow_Brown_Spot,RiceLeafDisease_BD5,EXTERNAL_FIELD_DATASET
IMG_20241031_125846.jpg,.jpg,Narrow_Brown_Spot/IMG_20241031_125846.jpg,8516,True,300,300,1.0,RGB,3,JPEG,e2740cb5624ddc7293231ad62cb586809a9769bcd383d2b36c67fc8fc7aef745,,Narrow_Brown_Spot,RiceLeafDisease_BD5,EXTERNAL_FIELD_DATASET
IMG_20241031_125856.jpg,.jpg,Narrow_Brown_Spot/IMG_20241031_125856.jpg,9142,True,300,300,1.0,RGB,3,JPEG,69d41a65abad5488d2215068bd84f03e837797e7701bfa9ed7440d6b49c350ad,,Narrow_Brown_Spot,RiceLeafDisease_BD5,EXTERNAL_FIELD_DATASET
IMG_20241031_125857.jpg,.jpg,Narrow_Brown_Spot/IMG_20241031_125857.jpg,9284,True,300,300,1.0,RGB,3,JPEG,1ae6923ee565b19ab169d82e2b6739766be3f1b699ab7a763cfa806f5ceccfcd,,Narrow_Brown_Spot,RiceLeafDisease_BD5,EXTERNAL_FIELD_DATASET
IMG_20241031_125904.jpg,.jpg,Narrow_Brown_Spot/IMG_20241031_125904.jpg,7945,True,300,300,1.0,RGB,3,JPEG,5b2accdd0623f85650476dda5f4acbe8bbacc93f62eb6c36558871b1b55f20e1,,Narrow_Brown_Spot,RiceLeafDisease_BD5,EXTERNAL_FIELD_DATASET
IMG_20241031_125905.jpg,.jpg,Narrow_Brown_Spot/IMG_20241031_125905.jpg,7973,True,300,300,1.0,RGB,3,JPEG,af26e53ef3acf6724b1323137fc1856cad942ccf0b6d4c9f0f63847c5aa83dce,,Narrow_Brown_Spot,RiceLeafDisease_BD5,EXTERNAL_FIELD_DATASET
IMG_20241031_125920.jpg,.jpg,Narrow_Brown_Spot/IMG_20241031_125920.jpg,6848,True,300,300,1.0,RGB,3,JPEG,a6f4dc936d907da32e649baca3b4ac99d5ee47b1ad33bcd480102c9a12d2749d,,Narrow_Brown_Spot,RiceLeafDisease_BD5,EXTERNAL_FIELD_DATASET
IMG_20241031_125928.jpg,.jpg,Narrow_Brown_Spot/IMG_20241031_125928.jpg,6636,True,300,300,1.0,RGB,3,JPEG,63759b0a3039cd2ff915cd0b68a7642e05717599f6a24a5ffd5ca52a0efe93c2,,Narrow_Brown_Spot,RiceLeafDisease_BD5,EXTERNAL_FIELD_DATASET
IMG_20241031_125929.jpg,.jpg,Narrow_Brown_Spot/IMG_20241031_125929.jpg,6669,True,300,300,1.0,RGB,3,JPEG,eca1ee83bd2add8e6b1e757597f47a688597c693c3a1723474a726c910665c57,,Narrow_Brown_Spot,RiceLeafDisease_BD5,EXTERNAL_FIELD_DATASET
IMG_20241031_125942.jpg,.jpg,Narrow_Brown_Spot/IMG_20241031_125942.jpg,7493,True,300,300,1.0,RGB,3,JPEG,ea4b776b3890b9f06bbbad1fed863c5db11b30adb83f55ee560b9b8eb25d2c52,,Narrow_Brown_Spot,RiceLeafDisease_BD5,EXTERNAL_FIELD_DATASET
IMG_20241031_125943.jpg,.jpg,Narrow_Brown_Spot/IMG_20241031_125943.jpg,7670,True,300,300,1.0,RGB,3,JPEG,388bb068349ea0600822b1fdcfc30ebdb52f11dd86026f3fd612e833e8059c94,,Narrow_Brown_Spot,RiceLeafDisease_BD5,EXTERNAL_FIELD_DATASET
IMG_20241031_125953.jpg,.jpg,Narrow_Brown_Spot/IMG_20241031_125953.jpg,6273,True,300,300,1.0,RGB,3,JPEG,d6780b213119488219b4444c4cdd41f2eb8a7fade80d2e9aafe8fde90c2b4611,,Narrow_Brown_Spot,RiceLeafDisease_BD5,EXTERNAL_FIELD_DATASET
IMG_20241031_130000.jpg,.jpg,Narrow_Brown_Spot/IMG_20241031_130000.jpg,5757,True,300,300,1.0,RGB,3,JPEG,3b7362d9238043507b72c647ee16175f34893f0f4b099f5e4244b16b35686f0d,,Narrow_Brown_Spot,RiceLeafDisease_BD5,EXTERNAL_FIELD_DATASET
IMG_20241031_130000_1.jpg,.jpg,Narrow_Brown_Spot/IMG_20241031_130000_1.jpg,9399,True,300,300,1.0,RGB,3,JPEG,e572c19620d1446f0cd96b66d65cc88236f93a77054e000e616c2ff41f271655,,Narrow_Brown_Spot,RiceLeafDisease_BD5,EXTERNAL_FIELD_DATASET
IMG_20241031_130001.jpg,.jpg,Narrow_Brown_Spot/IMG_20241031_130001.jpg,5500,True,300,300,1.0,RGB,3,JPEG,edee7f5552b9ac15cc803ed7cabdc42073c34423b7c6f716849b57c54c0b01ea,,Narrow_Brown_Spot,RiceLeafDisease_BD5,EXTERNAL_FIELD_DATASET
IMG_20241031_130007.jpg,.jpg,Narrow_Brown_Spot/IMG_20241031_130007.jpg,9076,True,300,300,1.0,RGB,3,JPEG,10a2f77738ee6f4fdb5d54a07d944625694563e228fc4918f2780905449678d7,,Narrow_Brown_Spot,RiceLeafDisease_BD5,EXTERNAL_FIELD_DATASET
IMG_20241031_130008.jpg,.jpg,Narrow_Brown_Spot/IMG_20241031_130008.jpg,6395,True,300,300,1.0,RGB,3,JPEG,4a86345e83259ba1b90635b1a9a4be178b0e10167f75ce03e6f4cc5df718168c,,Narrow_Brown_Spot,RiceLeafDisease_BD5,EXTERNAL_FIELD_DATASET
IMG_20241031_130009.jpg,.jpg,Narrow_Brown_Spot/IMG_20241031_130009.jpg,6426,True,300,300,1.0,RGB,3,JPEG,6cde9c2d97359b3d73c2f9208372742c5d8adc2738b901e6eb80d8cf7ee89c7a,,Narrow_Brown_Spot,RiceLeafDisease_BD5,EXTERNAL_FIELD_DATASET
IMG_20241031_130009_1.jpg,.jpg,Narrow_Brown_Spot/IMG_20241031_130009_1.jpg,6390,True,300,300,1.0,RGB,3,JPEG,502fb0074b436dee29b8fd4d3e6e29399623dd837d19e11fd79e770676ec192a,,Narrow_Brown_Spot,RiceLeafDisease_BD5,EXTERNAL_FIELD_DATASET
IMG_20241031_130012.jpg,.jpg,Narrow_Brown_Spot/IMG_20241031_130012.jpg,9485,True,300,300,1.0,RGB,3,JPEG,ac9ef747f65d0a37b9690693582914adb832f3fd511946ea92ae5f8498968aef,,Narrow_Brown_Spot,RiceLeafDisease_BD5,EXTERNAL_FIELD_DATASET
IMG_20241031_130013.jpg,.jpg,Narrow_Brown_Spot/IMG_20241031_130013.jpg,9398,True,300,300,1.0,RGB,3,JPEG,bd1ae037093db9472107fdcbf41d5170f935bf464bffd85eaa35609336cae046,,Narrow_Brown_Spot,RiceLeafDisease_BD5,EXTERNAL_FIELD_DATASET
IMG_20241031_130014.jpg,.jpg,Narrow_Brown_Spot/IMG_20241031_130014.jpg,9412,True,300,300,1.0,RGB,3,JPEG,092c83019ebe1a6efc857edf4daf05450d591d11c35ff58bb1d137e6194b9e7b,,Narrow_Brown_Spot,RiceLeafDisease_BD5,EXTERNAL_FIELD_DATASET
IMG_20241031_130024.jpg,.jpg,Narrow_Brown_Spot/IMG_20241031_130024.jpg,6757,True,300,300,1.0,RGB,3,JPEG,ec8773444c636db7dd672506fc1dac7ec4e030fab1f1d59e1ee4f993dc1e8a5a,,Narrow_Brown_Spot,RiceLeafDisease_BD5,EXTERNAL_FIELD_DATASET
IMG_20241031_130024_1.jpg,.jpg,Narrow_Brown_Spot/IMG_20241031_130024_1.jpg,6815,True,300,300,1.0,RGB,3,JPEG,0d53db8e48d6a539117e93065d9587f3b98185b67bcef93e30b2b21d42d7ef09,,Narrow_Brown_Spot,RiceLeafDisease_BD5,EXTERNAL_FIELD_DATASET
IMG_20241031_130025.jpg,.jpg,Narrow_Brown_Spot/IMG_20241031_130025.jpg,6718,True,300,300,1.0,RGB,3,JPEG,3fac8293c8fc55551c8db5d531338b58501ba3b45e749f92bf3d4d56402dfa11,,Narrow_Brown_Spot,RiceLeafDisease_BD5,EXTERNAL_FIELD_DATASET
IMG_20241031_130026.jpg,.jpg,Narrow_Brown_Spot/IMG_20241031_130026.jpg,6777,True,300,300,1.0,RGB,3,JPEG,c9e53b80252aa61ca08298c78605bfd0068d74180600346ad693dbf969358915,,Narrow_Brown_Spot,RiceLeafDisease_BD5,EXTERNAL_FIELD_DATASET
IMG_20241031_130027.jpg,.jpg,Narrow_Brown_Spot/IMG_20241031_130027.jpg,6772,True,300,300,1.0,RGB,3,JPEG,96bea7a4a91bbc212f1402b35725223dfe2d5ed61a9a01234a0e5ef9d948453f,,Narrow_Brown_Spot,RiceLeafDisease_BD5,EXTERNAL_FIELD_DATASET
IMG_20241031_130028.jpg,.jpg,Narrow_Brown_Spot/IMG_20241031_130028.jpg,6732,True,300,300,1.0,RGB,3,JPEG,34f24a001fbab491e446370abf179ea031b49b3691dfbaba4fdca6353b0bfd06,,Narrow_Brown_Spot,RiceLeafDisease_BD5,EXTERNAL_FIELD_DATASET
IMG_20241031_130029.jpg,.jpg,Narrow_Brown_Spot/IMG_20241031_130029.jpg,6610,True,300,300,1.0,RGB,3,JPEG,e318f07f194c8cb97d33adcab2cdb9477aa9594e5b2bb69079561e5711691169,,Narrow_Brown_Spot,RiceLeafDisease_BD5,EXTERNAL_FIELD_DATASET
IMG_20241031_130037.jpg,.jpg,Narrow_Brown_Spot/IMG_20241031_130037.jpg,8125,True,300,300,1.0,RGB,3,JPEG,6b88b79620f042d8bccc98a7c6382c025df86ecb04b36ea65efda470c5cfb49b,,Narrow_Brown_Spot,RiceLeafDisease_BD5,EXTERNAL_FIELD_DATASET
IMG_20241031_130037_1.jpg,.jpg,Narrow_Brown_Spot/IMG_20241031_130037_1.jpg,8098,True,300,300,1.0,RGB,3,JPEG,c67405183d4c5408cc7edf291edd865b399d34d722dfa4a55a742727935b6c0c,,Narrow_Brown_Spot,RiceLeafDisease_BD5,EXTERNAL_FIELD_DATASET
IMG_20241031_130038.jpg,.jpg,Narrow_Brown_Spot/IMG_20241031_130038.jpg,7842,True,300,300,1.0,RGB,3,JPEG,ef06ce9b7990ccda90808925d27917004c75e00a3b1f1e6b8b4847d444a87442,,Narrow_Brown_Spot,RiceLeafDisease_BD5,EXTERNAL_FIELD_DATASET
IMG_20241031_130039.jpg,.jpg,Narrow_Brown_Spot/IMG_20241031_130039.jpg,7175,True,300,300,1.0,RGB,3,JPEG,f0ff1cb8ef434c28190be4abe52e604d6ed66bcf011232f9d985641bcd1b515c,,Narrow_Brown_Spot,RiceLeafDisease_BD5,EXTERNAL_FIELD_DATASET
IMG_20241031_130040.jpg,.jpg,Narrow_Brown_Spot/IMG_20241031_130040.jpg,6812,True,300,300,1.0,RGB,3,JPEG,75d571788aa46768dabc59d1620de362de93396ae2a046fb58894b06d08455ca,,Narrow_Brown_Spot,RiceLeafDisease_BD5,EXTERNAL_FIELD_DATASET
IMG_20241031_130045.jpg,.jpg,Narrow_Brown_Spot/IMG_20241031_130045.jpg,7673,True,300,300,1.0,RGB,3,JPEG,75af7aa3184b82378fd9d8c963aca256da5aa6a4913ea15d97ffcea029ffe717,,Narrow_Brown_Spot,RiceLeafDisease_BD5,EXTERNAL_FIELD_DATASET
IMG_20241031_130046.jpg,.jpg,Narrow_Brown_Spot/IMG_20241031_130046.jpg,6499,True,300,300,1.0,RGB,3,JPEG,d7092291596438916d3029843b42ef7df35de4ff9c6ebc33c7c5ffe3044fd7ef,,Narrow_Brown_Spot,RiceLeafDisease_BD5,EXTERNAL_FIELD_DATASET
IMG_20241031_130049.jpg,.jpg,Narrow_Brown_Spot/IMG_20241031_130049.jpg,8770,True,300,300,1.0,RGB,3,JPEG,72c0d38f706cd9708de6d759c476df5f3ae1f4d3436edfd2200b9978abec6ab3,,Narrow_Brown_Spot,RiceLeafDisease_BD5,EXTERNAL_FIELD_DATASET
IMG_20241031_130112.jpg,.jpg,Narrow_Brown_Spot/IMG_20241031_130112.jpg,5935,True,300,300,1.0,RGB,3,JPEG,2a335ad3f5b810339e9ba9ca62e15bb794ff654be65775e0cd0c6162566c71d9,,Narrow_Brown_Spot,RiceLeafDisease_BD5,EXTERNAL_FIELD_DATASET
IMG_20241031_130114.jpg,.jpg,Narrow_Brown_Spot/IMG_20241031_130114.jpg,4638,True,300,300,1.0,RGB,3,JPEG,ac6996de80ae9d8a760b169d826b65431a57fa1b19a5f30d0ed2cb03ac09bf72,,Narrow_Brown_Spot,RiceLeafDisease_BD5,EXTERNAL_FIELD_DATASET
IMG_20241031_130115.jpg,.jpg,Narrow_Brown_Spot/IMG_20241031_130115.jpg,4588,True,300,300,1.0,RGB,3,JPEG,c223e5eb619da682cba8e503444be448f5c707687d734cca259a2bba32a1eda0,,Narrow_Brown_Spot,RiceLeafDisease_BD5,EXTERNAL_FIELD_DATASET
IMG_20241031_130119.jpg,.jpg,Narrow_Brown_Spot/IMG_20241031_130119.jpg,6240,True,300,300,1.0,RGB,3,JPEG,0bde7e80ff591e15cc807bc71973ea927af9857efa3a9ade995aa2b794e9d49f,,Narrow_Brown_Spot,RiceLeafDisease_BD5,EXTERNAL_FIELD_DATASET
IMG_20241031_130121.jpg,.jpg,Narrow_Brown_Spot/IMG_20241031_130121.jpg,6186,True,300,300,1.0,RGB,3,JPEG,72a605cbc1ac1262876ec25fa7d6478fa8db5ccd8b10cd0bf78b691cf1aef126,,Narrow_Brown_Spot,RiceLeafDisease_BD5,EXTERNAL_FIELD_DATASET
IMG_20241031_130134.jpg,.jpg,Narrow_Brown_Spot/IMG_20241031_130134.jpg,6302,True,300,300,1.0,RGB,3,JPEG,5385bcb2051393fdf80f14e99b45526f961ea5fdaa047a3f17b3f3725d6db01f,,Narrow_Brown_Spot,RiceLeafDisease_BD5,EXTERNAL_FIELD_DATASET
IMG_20241031_130135.jpg,.jpg,Narrow_Brown_Spot/IMG_20241031_130135.jpg,6311,True,300,300,1.0,RGB,3,JPEG,0526a4badc4f3a7bffeba0bfa95a6fc6371cc57990facb738dc2ab655cbf361d,,Narrow_Brown_Spot,RiceLeafDisease_BD5,EXTERNAL_FIELD_DATASET
IMG_20241031_130140.jpg,.jpg,Narrow_Brown_Spot/IMG_20241031_130140.jpg,7949,True,300,300,1.0,RGB,3,JPEG,722bd99a4ae828aa836ab937f7cb1721f5f34ef796a277ed34fc9774b54e10e0,,Narrow_Brown_Spot,RiceLeafDisease_BD5,EXTERNAL_FIELD_DATASET
IMG_20241031_130142.jpg,.jpg,Narrow_Brown_Spot/IMG_20241031_130142.jpg,7514,True,300,300,1.0,RGB,3,JPEG,ac8fa22dd1bc73236a08b18a88e82fbf1cbd73fc9fbaed1427365601cbf16df1,,Narrow_Brown_Spot,RiceLeafDisease_BD5,EXTERNAL_FIELD_DATASET
IMG_20241031_130143.jpg,.jpg,Narrow_Brown_Spot/IMG_20241031_130143.jpg,4451,True,300,300,1.0,RGB,3,JPEG,88763474afe636ffbb78b5fe6aec1649784676882ab83e7ae9e871841cbd947b,,Narrow_Brown_Spot,RiceLeafDisease_BD5,EXTERNAL_FIELD_DATASET
IMG_20241031_130145.jpg,.jpg,Narrow_Brown_Spot/IMG_20241031_130145.jpg,8704,True,300,300,1.0,RGB,3,JPEG,fe1fe2634a5a047bb3ee1fe5b3126e300c0941ce9511af4d410a3bfe3db60d9d,,Narrow_Brown_Spot,RiceLeafDisease_BD5,EXTERNAL_FIELD_DATASET
IMG_20241031_130145_1.jpg,.jpg,Narrow_Brown_Spot/IMG_20241031_130145_1.jpg,4465,True,300,300,1.0,RGB,3,JPEG,e92310041d9b95cc466bb329d8280381be2df799993167e902e9b198100ea2e6,,Narrow_Brown_Spot,RiceLeafDisease_BD5,EXTERNAL_FIELD_DATASET
IMG_20241031_130148.jpg,.jpg,Narrow_Brown_Spot/IMG_20241031_130148.jpg,6855,True,300,300,1.0,RGB,3,JPEG,d729dc82bf336b5669008d7654ffae14ec2a05f06e0e9fa0bc5b86a7b73fc4ff,,Narrow_Brown_Spot,RiceLeafDisease_BD5,EXTERNAL_FIELD_DATASET
IMG_20241031_130153.jpg,.jpg,Narrow_Brown_Spot/IMG_20241031_130153.jpg,5078,True,300,300,1.0,RGB,3,JPEG,c5ca3e9a02c61d18255f98704f7bf4282dcc62a8b88bc53deb4bd48623b93f32,,Narrow_Brown_Spot,RiceLeafDisease_BD5,EXTERNAL_FIELD_DATASET
IMG_20241031_130159.jpg,.jpg,Narrow_Brown_Spot/IMG_20241031_130159.jpg,4867,True,300,300,1.0,RGB,3,JPEG,84e2f354afe9ff740124185de1a79029d0065e499f276309477ea3a7b62c9dfd,,Narrow_Brown_Spot,RiceLeafDisease_BD5,EXTERNAL_FIELD_DATASET
IMG_20241031_130200.jpg,.jpg,Narrow_Brown_Spot/IMG_20241031_130200.jpg,5714,True,300,300,1.0,RGB,3,JPEG,97b31e96f08b50ab334d35e5d528ce48eeb0016fa6702e2438c2030b99414a6c,,Narrow_Brown_Spot,RiceLeafDisease_BD5,EXTERNAL_FIELD_DATASET
IMG_20241031_130201.jpg,.jpg,Narrow_Brown_Spot/IMG_20241031_130201.jpg,5984,True,300,300,1.0,RGB,3,JPEG,45c330392bed94e2ee136f54405e88f84c678d49b7e7dcbcd4351e78543b26ff,,Narrow_Brown_Spot,RiceLeafDisease_BD5,EXTERNAL_FIELD_DATASET
IMG_20241031_130206.jpg,.jpg,Narrow_Brown_Spot/IMG_20241031_130206.jpg,4744,True,300,300,1.0,RGB,3,JPEG,51bb4fa16fce062dacb39d1db48f91bd78770b292ef4f8d3bca28a3e49748482,,Narrow_Brown_Spot,RiceLeafDisease_BD5,EXTERNAL_FIELD_DATASET
IMG_20241031_130207.jpg,.jpg,Narrow_Brown_Spot/IMG_20241031_130207.jpg,5528,True,300,300,1.0,RGB,3,JPEG,b0a8739ade3e23e8d2d3b1f2681f923118e0b6b65bb481d2bc435bb896209710,,Narrow_Brown_Spot,RiceLeafDisease_BD5,EXTERNAL_FIELD_DATASET
IMG_20241031_130207_1.jpg,.jpg,Narrow_Brown_Spot/IMG_20241031_130207_1.jpg,4762,True,300,300,1.0,RGB,3,JPEG,bf5c7bfbab4fbc27248ec8c46d3deb11da42013508ab53df2719595f36c44991,,Narrow_Brown_Spot,RiceLeafDisease_BD5,EXTERNAL_FIELD_DATASET
IMG_20241031_130208.jpg,.jpg,Narrow_Brown_Spot/IMG_20241031_130208.jpg,5284,True,300,300,1.0,RGB,3,JPEG,06338a9c8bebc2f6c94e2b5a96f26c1abf10ac1c6b7c2d7e563f2cd5610ee02a,,Narrow_Brown_Spot,RiceLeafDisease_BD5,EXTERNAL_FIELD_DATASET
IMG_20241031_130214.jpg,.jpg,Narrow_Brown_Spot/IMG_20241031_130214.jpg,6140,True,300,300,1.0,RGB,3,JPEG,f889d441c9d872a52dd5ada0c1378dcb8dc6a5f0e5daca72f9271c01e1412d7b,,Narrow_Brown_Spot,RiceLeafDisease_BD5,EXTERNAL_FIELD_DATASET
IMG_20241031_130215.jpg,.jpg,Narrow_Brown_Spot/IMG_20241031_130215.jpg,6167,True,300,300,1.0,RGB,3,JPEG,5b663f53bed55144b9dc5ba702dc7a8d9d37ceb8e8800bb1bb2892fd8ac98ae0,,Narrow_Brown_Spot,RiceLeafDisease_BD5,EXTERNAL_FIELD_DATASET
IMG_20241031_130217.jpg,.jpg,Narrow_Brown_Spot/IMG_20241031_130217.jpg,5385,True,300,300,1.0,RGB,3,JPEG,9e9c7c9ff57e5da9c85803b4491680e25a6d704162ba346d627dc096a3322923,,Narrow_Brown_Spot,RiceLeafDisease_BD5,EXTERNAL_FIELD_DATASET
IMG_20241031_130218.jpg,.jpg,Narrow_Brown_Spot/IMG_20241031_130218.jpg,5424,True,300,300,1.0,RGB,3,JPEG,643ebfcfff57ea7951c6f2bc3eb489573f2848943f89fc7f796aa1f4aec270d6,,Narrow_Brown_Spot,RiceLeafDisease_BD5,EXTERNAL_FIELD_DATASET
IMG_20241031_130219.jpg,.jpg,Narrow_Brown_Spot/IMG_20241031_130219.jpg,5797,True,300,300,1.0,RGB,3,JPEG,b79ab5ce027e5e80d342d4bea315805a79708a5c07962d44f8a2c085f81a92d3,,Narrow_Brown_Spot,RiceLeafDisease_BD5,EXTERNAL_FIELD_DATASET
IMG_20241031_130220.jpg,.jpg,Narrow_Brown_Spot/IMG_20241031_130220.jpg,5770,True,300,300,1.0,RGB,3,JPEG,c2adbd83ff607121ecd60abfdf2857176c11c8adecd81eaebdc1a7bcee083161,,Narrow_Brown_Spot,RiceLeafDisease_BD5,EXTERNAL_FIELD_DATASET
IMG_20241031_130225.jpg,.jpg,Narrow_Brown_Spot/IMG_20241031_130225.jpg,8436,True,300,300,1.0,RGB,3,JPEG,4fe845408e02c700b8dcd1257a295e0761f2d146f36c5cc2e97e214ad6c17378,,Narrow_Brown_Spot,RiceLeafDisease_BD5,EXTERNAL_FIELD_DATASET
IMG_20241031_130226.jpg,.jpg,Narrow_Brown_Spot/IMG_20241031_130226.jpg,8503,True,300,300,1.0,RGB,3,JPEG,eba322a1efba1e9366493ce7d482dec76e3b4c619a42462000d8c5c533b61b60,,Narrow_Brown_Spot,RiceLeafDisease_BD5,EXTERNAL_FIELD_DATASET
IMG_20241031_130227.jpg,.jpg,Narrow_Brown_Spot/IMG_20241031_130227.jpg,8562,True,300,300,1.0,RGB,3,JPEG,56ea0b641877d3f70dcaa6122f227e170a0dd41265ae566c0082d9236098801b,,Narrow_Brown_Spot,RiceLeafDisease_BD5,EXTERNAL_FIELD_DATASET
IMG_20241031_130236.jpg,.jpg,Narrow_Brown_Spot/IMG_20241031_130236.jpg,7469,True,300,300,1.0,RGB,3,JPEG,c032bfecd08fcfcfff643cb9c88b45519de7f84a0459532e962bfff5cc423fdd,,Narrow_Brown_Spot,RiceLeafDisease_BD5,EXTERNAL_FIELD_DATASET
IMG_20241031_130237.jpg,.jpg,Narrow_Brown_Spot/IMG_20241031_130237.jpg,7477,True,300,300,1.0,RGB,3,JPEG,6c9aa1306273aaac13aedaf5f591aa7dac4049ad296bfac054de46277824576f,,Narrow_Brown_Spot,RiceLeafDisease_BD5,EXTERNAL_FIELD_DATASET
IMG_20241031_130239.jpg,.jpg,Narrow_Brown_Spot/IMG_20241031_130239.jpg,5630,True,300,300,1.0,RGB,3,JPEG,66efde3beb03927b271917a0acecb06e365bc4a6522e4252213e4792af7359f4,,Narrow_Brown_Spot,RiceLeafDisease_BD5,EXTERNAL_FIELD_DATASET
IMG_20241031_130249.jpg,.jpg,Narrow_Brown_Spot/IMG_20241031_130249.jpg,7780,True,300,300,1.0,RGB,3,JPEG,0e5b8844aefa11710634c2ba0060a455d753481b176929aaf594e989651fd764,,Narrow_Brown_Spot,RiceLeafDisease_BD5,EXTERNAL_FIELD_DATASET
IMG_20241031_130250.jpg,.jpg,Narrow_Brown_Spot/IMG_20241031_130250.jpg,7025,True,300,300,1.0,RGB,3,JPEG,1af7e84829b610cd9eee9095ac97c31a6a35478a7da21a41ef19838dae9b0f72,,Narrow_Brown_Spot,RiceLeafDisease_BD5,EXTERNAL_FIELD_DATASET
IMG_20241031_130251.jpg,.jpg,Narrow_Brown_Spot/IMG_20241031_130251.jpg,6979,True,300,300,1.0,RGB,3,JPEG,819952fe933ff2f0ea7ce7c6fae964a72d5e520b31fe6467a2f15f35070f1c32,,Narrow_Brown_Spot,RiceLeafDisease_BD5,EXTERNAL_FIELD_DATASET
IMG_20241031_130251_1.jpg,.jpg,Narrow_Brown_Spot/IMG_20241031_130251_1.jpg,7643,True,300,300,1.0,RGB,3,JPEG,39c939a509c704792e7b4cf6de937dc53e46ac685fac287ea17a19425e10013b,,Narrow_Brown_Spot,RiceLeafDisease_BD5,EXTERNAL_FIELD_DATASET
IMG_20241031_130257.jpg,.jpg,Narrow_Brown_Spot/IMG_20241031_130257.jpg,6764,True,300,300,1.0,RGB,3,JPEG,e377c481ca9b90f77427b8d52ccc7ed7f4f40672eab4ff1969f1e0491343589d,,Narrow_Brown_Spot,RiceLeafDisease_BD5,EXTERNAL_FIELD_DATASET
IMG_20241031_130258.jpg,.jpg,Narrow_Brown_Spot/IMG_20241031_130258.jpg,6759,True,300,300,1.0,RGB,3,JPEG,31d088c84e9db1f7f38ca6f4247cb9d13f88a857911a74ab0c570f07f0d69342,,Narrow_Brown_Spot,RiceLeafDisease_BD5,EXTERNAL_FIELD_DATASET
IMG_20241031_130258_1.jpg,.jpg,Narrow_Brown_Spot/IMG_20241031_130258_1.jpg,8532,True,300,300,1.0,RGB,3,JPEG,82e9954e19a9db1819a9f4bd4571dd1cb8c65ffdcb808e3b4a5a8f54b0c1643a,,Narrow_Brown_Spot,RiceLeafDisease_BD5,EXTERNAL_FIELD_DATASET
IMG_20241031_130258_2.jpg,.jpg,Narrow_Brown_Spot/IMG_20241031_130258_2.jpg,8558,True,300,300,1.0,RGB,3,JPEG,eb3f553ab915b0fccde851f362bec7a7a2482ee8a21b32405819befaf2e46c09,,Narrow_Brown_Spot,RiceLeafDisease_BD5,EXTERNAL_FIELD_DATASET
IMG_20241031_130305.jpg,.jpg,Narrow_Brown_Spot/IMG_20241031_130305.jpg,8152,True,300,300,1.0,RGB,3,JPEG,618b2520df9aab3a84bc41fae635061fc7e2cffba577b99acc52b69309eec42e,,Narrow_Brown_Spot,RiceLeafDisease_BD5,EXTERNAL_FIELD_DATASET
IMG_20241031_130306.jpg,.jpg,Narrow_Brown_Spot/IMG_20241031_130306.jpg,8172,True,300,300,1.0,RGB,3,JPEG,5fd69803945d4f0dac6d49d8adb1d52cf6033dde5d39ff6c397b11dadd516e0e,,Narrow_Brown_Spot,RiceLeafDisease_BD5,EXTERNAL_FIELD_DATASET
IMG_20241031_130312.jpg,.jpg,Narrow_Brown_Spot/IMG_20241031_130312.jpg,7244,True,300,300,1.0,RGB,3,JPEG,767d57c2c30b6d29e7f472413000e483d2cea710d8929a21478c629199364081,,Narrow_Brown_Spot,RiceLeafDisease_BD5,EXTERNAL_FIELD_DATASET
IMG_20241031_130313.jpg,.jpg,Narrow_Brown_Spot/IMG_20241031_130313.jpg,7290,True,300,300,1.0,RGB,3,JPEG,cc2d6ccc507aa13ecf6783a2323b6a979316e74d1ef7131478d402458035b2c7,,Narrow_Brown_Spot,RiceLeafDisease_BD5,EXTERNAL_FIELD_DATASET
IMG_20241031_130314.jpg,.jpg,Narrow_Brown_Spot/IMG_20241031_130314.jpg,7284,True,300,300,1.0,RGB,3,JPEG,01bf694f8a84c2d0ddb860a290cb26dcc115d1c1a56b91f0bcab1afe769d0f53,,Narrow_Brown_Spot,RiceLeafDisease_BD5,EXTERNAL_FIELD_DATASET
IMG_20241031_130314_1.jpg,.jpg,Narrow_Brown_Spot/IMG_20241031_130314_1.jpg,8602,True,300,300,1.0,RGB,3,JPEG,63f92c27587ae2b2d1e5cfd2f1368d1e824572d9a1e88a41ba03e8fc70a1c029,,Narrow_Brown_Spot,RiceLeafDisease_BD5,EXTERNAL_FIELD_DATASET
IMG_20241031_130316.jpg,.jpg,Narrow_Brown_Spot/IMG_20241031_130316.jpg,6894,True,300,300,1.0,RGB,3,JPEG,6b169a512e9dd0eb0ceb2678288f351d7bffe8d98751b03d3a08bba6db789152,,Narrow_Brown_Spot,RiceLeafDisease_BD5,EXTERNAL_FIELD_DATASET
IMG_20241031_130335.jpg,.jpg,Narrow_Brown_Spot/IMG_20241031_130335.jpg,8644,True,300,300,1.0,RGB,3,JPEG,52ef4887051cdd4c622c94ab622b9379a9daa345046b076cc0cf8f0f7eb36b2b,,Narrow_Brown_Spot,RiceLeafDisease_BD5,EXTERNAL_FIELD_DATASET
IMG_20241031_130336.jpg,.jpg,Narrow_Brown_Spot/IMG_20241031_130336.jpg,8751,True,300,300,1.0,RGB,3,JPEG,91809b2652121e024efae43a78c812f9ec4d87c6ebacb168f9a759c41c5d36a3,,Narrow_Brown_Spot,RiceLeafDisease_BD5,EXTERNAL_FIELD_DATASET
IMG_20241031_130345.jpg,.jpg,Narrow_Brown_Spot/IMG_20241031_130345.jpg,4166,True,300,300,1.0,RGB,3,JPEG,1384e1a6d24712aa17c0966d346fdc3e243df25aac7de310297fc1c7969d2cfa,,Narrow_Brown_Spot,RiceLeafDisease_BD5,EXTERNAL_FIELD_DATASET
IMG_20241031_130346.jpg,.jpg,Narrow_Brown_Spot/IMG_20241031_130346.jpg,4227,True,300,300,1.0,RGB,3,JPEG,6ebcb28cc1406caa9cdbf5ac1a2f9a00e96eeb3e332a5eec469a7c2e2aa94840,,Narrow_Brown_Spot,RiceLeafDisease_BD5,EXTERNAL_FIELD_DATASET
IMG_20241031_130347.jpg,.jpg,Narrow_Brown_Spot/IMG_20241031_130347.jpg,7151,True,300,300,1.0,RGB,3,JPEG,449ab565c2c431c9d1e5d977b821e13a2c250fcafefb194943337ffaf990923e,,Narrow_Brown_Spot,RiceLeafDisease_BD5,EXTERNAL_FIELD_DATASET
IMG_20241031_130347_1.jpg,.jpg,Narrow_Brown_Spot/IMG_20241031_130347_1.jpg,4193,True,300,300,1.0,RGB,3,JPEG,6d7e344107e022da24a8bf205a95072c8e88bd57f0f781b0b33057ecb24fe560,,Narrow_Brown_Spot,RiceLeafDisease_BD5,EXTERNAL_FIELD_DATASET
IMG_20241031_130355.jpg,.jpg,Narrow_Brown_Spot/IMG_20241031_130355.jpg,4455,True,300,300,1.0,RGB,3,JPEG,5852479db09e7c4c0d5640e50d52de6ce45928437a6115a47cc48b0b53f35ab8,,Narrow_Brown_Spot,RiceLeafDisease_BD5,EXTERNAL_FIELD_DATASET
IMG_20241031_130358.jpg,.jpg,Narrow_Brown_Spot/IMG_20241031_130358.jpg,6357,True,300,300,1.0,RGB,3,JPEG,6335668fd6bbb21dfa0d1cf09fedf8724cf3cde6a9207e9cda4cd1024c7dde04,,Narrow_Brown_Spot,RiceLeafDisease_BD5,EXTERNAL_FIELD_DATASET
IMG_20241031_130358_1.jpg,.jpg,Narrow_Brown_Spot/IMG_20241031_130358_1.jpg,4318,True,300,300,1.0,RGB,3,JPEG,1f13fb10e7ca381c8236a94a3a666399cd35b91e431f75e2974bb120eb31c43c,,Narrow_Brown_Spot,RiceLeafDisease_BD5,EXTERNAL_FIELD_DATASET
IMG_20241031_130359.jpg,.jpg,Narrow_Brown_Spot/IMG_20241031_130359.jpg,4347,True,300,300,1.0,RGB,3,JPEG,667cefecd8a7bfa43c461512265b5b966eaf6d3d0fb0ef91ebb96182217f2400,,Narrow_Brown_Spot,RiceLeafDisease_BD5,EXTERNAL_FIELD_DATASET
IMG_20241031_130400.jpg,.jpg,Narrow_Brown_Spot/IMG_20241031_130400.jpg,4296,True,300,300,1.0,RGB,3,JPEG,e0d27c748fa4543473f2f62ab752fea15387ed0aa353b894001db4a5fe4c8ea7,,Narrow_Brown_Spot,RiceLeafDisease_BD5,EXTERNAL_FIELD_DATASET
IMG_20241031_130405.jpg,.jpg,Narrow_Brown_Spot/IMG_20241031_130405.jpg,6476,True,300,300,1.0,RGB,3,JPEG,a253a39de015a8af0c95ed14fa3cd72434d08412e438e52539f8769082131dae,,Narrow_Brown_Spot,RiceLeafDisease_BD5,EXTERNAL_FIELD_DATASET
IMG_20241031_130406.jpg,.jpg,Narrow_Brown_Spot/IMG_20241031_130406.jpg,6440,True,300,300,1.0,RGB,3,JPEG,74127b1b0f4498a00860fc257905a33a0ff4264f79d88148b1537f262952ca97,,Narrow_Brown_Spot,RiceLeafDisease_BD5,EXTERNAL_FIELD_DATASET
IMG_20241031_130407.jpg,.jpg,Narrow_Brown_Spot/IMG_20241031_130407.jpg,6512,True,300,300,1.0,RGB,3,JPEG,76bf56e3299013a14a106eadc93a94f685111e542076705b0c665404b100ff0c,,Narrow_Brown_Spot,RiceLeafDisease_BD5,EXTERNAL_FIELD_DATASET
IMG_20241031_130408.jpg,.jpg,Narrow_Brown_Spot/IMG_20241031_130408.jpg,6469,True,300,300,1.0,RGB,3,JPEG,5d13474da891d279e7deb87b5e9be476be456a113d18a2c605b6e65e44a4fe4a,,Narrow_Brown_Spot,RiceLeafDisease_BD5,EXTERNAL_FIELD_DATASET
IMG_20241031_130421.jpg,.jpg,Narrow_Brown_Spot/IMG_20241031_130421.jpg,7548,True,300,300,1.0,RGB,3,JPEG,b5568e2a17666040c9766609e77efcfc9b6ec27634f86d19933ca01c1161809e,,Narrow_Brown_Spot,RiceLeafDisease_BD5,EXTERNAL_FIELD_DATASET
IMG_20241031_130422.jpg,.jpg,Narrow_Brown_Spot/IMG_20241031_130422.jpg,7621,True,300,300,1.0,RGB,3,JPEG,03eb8be4cfdaaf55d3a4a12743799230cecd92db449bbaee93852eaf954bd08c,,Narrow_Brown_Spot,RiceLeafDisease_BD5,EXTERNAL_FIELD_DATASET
IMG_20241031_130425.jpg,.jpg,Narrow_Brown_Spot/IMG_20241031_130425.jpg,5488,True,300,300,1.0,RGB,3,JPEG,0a8496a9d657efab4e9421d13e2e9d86b1355e5a3a12547967ca4408acc8f551,,Narrow_Brown_Spot,RiceLeafDisease_BD5,EXTERNAL_FIELD_DATASET
IMG_20241031_130425_1.jpg,.jpg,Narrow_Brown_Spot/IMG_20241031_130425_1.jpg,5535,True,300,300,1.0,RGB,3,JPEG,c0979699ed23a2a8506bde1d66edf8d3dad66c8f206c7c507622a8b0c63aa0be,,Narrow_Brown_Spot,RiceLeafDisease_BD5,EXTERNAL_FIELD_DATASET
IMG_20241031_130435.jpg,.jpg,Narrow_Brown_Spot/IMG_20241031_130435.jpg,7073,True,300,300,1.0,RGB,3,JPEG,ad709a85c55e7b8654d484c91ea8b5b3eaa043ec39dd1d15a28562bd29eabd66,,Narrow_Brown_Spot,RiceLeafDisease_BD5,EXTERNAL_FIELD_DATASET
IMG_20241031_130437.jpg,.jpg,Narrow_Brown_Spot/IMG_20241031_130437.jpg,7225,True,300,300,1.0,RGB,3,JPEG,5b4bb423819ffa57f9738ffadb60ddebedfb228f420cdf4593e785fa90c8da50,,Narrow_Brown_Spot,RiceLeafDisease_BD5,EXTERNAL_FIELD_DATASET
IMG_20241031_130438.jpg,.jpg,Narrow_Brown_Spot/IMG_20241031_130438.jpg,7252,True,300,300,1.0,RGB,3,JPEG,44a10e679f3fc0f145c375ae0b3915ba8d6a98da69081002c2c8e0648c2fbd23,,Narrow_Brown_Spot,RiceLeafDisease_BD5,EXTERNAL_FIELD_DATASET
IMG_20241031_130442.jpg,.jpg,Narrow_Brown_Spot/IMG_20241031_130442.jpg,5999,True,300,300,1.0,RGB,3,JPEG,c84f6074b0a403eb3ed1f689bb110bce3e0b93f93f515db4c89e9072055a37c1,,Narrow_Brown_Spot,RiceLeafDisease_BD5,EXTERNAL_FIELD_DATASET
IMG_20241031_130443.jpg,.jpg,Narrow_Brown_Spot/IMG_20241031_130443.jpg,6119,True,300,300,1.0,RGB,3,JPEG,12d177444011b80eb2d43ae12bc197d953739bcd25ae1a85603c509987821211,,Narrow_Brown_Spot,RiceLeafDisease_BD5,EXTERNAL_FIELD_DATASET
IMG_20241031_130443_1.jpg,.jpg,Narrow_Brown_Spot/IMG_20241031_130443_1.jpg,7495,True,300,300,1.0,RGB,3,JPEG,676b50183b440caf525c66c251dc14593a30968e55453994ba64eb0012ebb336,,Narrow_Brown_Spot,RiceLeafDisease_BD5,EXTERNAL_FIELD_DATASET
IMG_20241031_130445.jpg,.jpg,Narrow_Brown_Spot/IMG_20241031_130445.jpg,6058,True,300,300,1.0,RGB,3,JPEG,d29457bb2a3661732959b1d54db61e1c31e64741f6641ef95de12fd0f8481fb0,,Narrow_Brown_Spot,RiceLeafDisease_BD5,EXTERNAL_FIELD_DATASET
IMG_20241031_130448.jpg,.jpg,Narrow_Brown_Spot/IMG_20241031_130448.jpg,6357,True,300,300,1.0,RGB,3,JPEG,ec51c30185e160ec569a40db60c7807425045e86bbe2c703ca4aecc93e784b29,,Narrow_Brown_Spot,RiceLeafDisease_BD5,EXTERNAL_FIELD_DATASET
IMG_20241031_130450.jpg,.jpg,Narrow_Brown_Spot/IMG_20241031_130450.jpg,6305,True,300,300,1.0,RGB,3,JPEG,1313200476b05a6c69745d38b733eb103d06fa1e8be2deaf4c2ff52ab21fc8cf,,Narrow_Brown_Spot,RiceLeafDisease_BD5,EXTERNAL_FIELD_DATASET
IMG_20241031_130451.jpg,.jpg,Narrow_Brown_Spot/IMG_20241031_130451.jpg,7066,True,300,300,1.0,RGB,3,JPEG,cf501104af98e506d9c6ff6f3d1e61a754388cb1a8d3cc9c6a364f1e70df08ee,,Narrow_Brown_Spot,RiceLeafDisease_BD5,EXTERNAL_FIELD_DATASET
IMG_20241031_130452.jpg,.jpg,Narrow_Brown_Spot/IMG_20241031_130452.jpg,6331,True,300,300,1.0,RGB,3,JPEG,e3258edb0006d7781db144072efcd8c3f309b4305b14bcd4a26f2b13d7f913af,,Narrow_Brown_Spot,RiceLeafDisease_BD5,EXTERNAL_FIELD_DATASET
IMG_20241031_130452_1.jpg,.jpg,Narrow_Brown_Spot/IMG_20241031_130452_1.jpg,7059,True,300,300,1.0,RGB,3,JPEG,d3415eeeba63fd631b11c706de755856257d2f9dc1bda0e64219795246afbb48,,Narrow_Brown_Spot,RiceLeafDisease_BD5,EXTERNAL_FIELD_DATASET
IMG_20241031_130504.jpg,.jpg,Narrow_Brown_Spot/IMG_20241031_130504.jpg,4238,True,300,300,1.0,RGB,3,JPEG,16cb74df35df397514339f9e35b69ffb72b357f0a8585659a5a503a0a7c49444,,Narrow_Brown_Spot,RiceLeafDisease_BD5,EXTERNAL_FIELD_DATASET
IMG_20241031_130504_1.jpg,.jpg,Narrow_Brown_Spot/IMG_20241031_130504_1.jpg,4246,True,300,300,1.0,RGB,3,JPEG,039637908232ac472644306b09c2ad178c436af7a4b914a974152aabc34bfa1e,,Narrow_Brown_Spot,RiceLeafDisease_BD5,EXTERNAL_FIELD_DATASET
IMG_20241031_130506.jpg,.jpg,Narrow_Brown_Spot/IMG_20241031_130506.jpg,4212,True,300,300,1.0,RGB,3,JPEG,dd65b501fa7701330a7e6c0c04d84510c218bc1b4e3b9f38437c6c668941c15e,,Narrow_Brown_Spot,RiceLeafDisease_BD5,EXTERNAL_FIELD_DATASET
IMG_20241031_130540.jpg,.jpg,Narrow_Brown_Spot/IMG_20241031_130540.jpg,9181,True,300,300,1.0,RGB,3,JPEG,3f5434951415da0d2f19c69dd8d058766522e5def53c2e73d8d41d8217d145ab,,Narrow_Brown_Spot,RiceLeafDisease_BD5,EXTERNAL_FIELD_DATASET
IMG_20241031_130542.jpg,.jpg,Narrow_Brown_Spot/IMG_20241031_130542.jpg,9285,True,300,300,1.0,RGB,3,JPEG,62eea393bb8ce8b30b7105eb75ce32793b0ab9169b5dd6ef182bc5e9e454fdf0,,Narrow_Brown_Spot,RiceLeafDisease_BD5,EXTERNAL_FIELD_DATASET
IMG_20241031_130550.jpg,.jpg,Narrow_Brown_Spot/IMG_20241031_130550.jpg,7053,True,300,300,1.0,RGB,3,JPEG,8e4b2500e251c0ef3e97b86fefd4c27292aae52b4e2b80a8efc4849e5ca11085,,Narrow_Brown_Spot,RiceLeafDisease_BD5,EXTERNAL_FIELD_DATASET
IMG_20241031_130553.jpg,.jpg,Narrow_Brown_Spot/IMG_20241031_130553.jpg,7065,True,300,300,1.0,RGB,3,JPEG,da0a4511d997fc0e18df280cbd3360108e27ba8cfc00068484055e6707c43023,,Narrow_Brown_Spot,RiceLeafDisease_BD5,EXTERNAL_FIELD_DATASET
IMG_20241031_130555.jpg,.jpg,Narrow_Brown_Spot/IMG_20241031_130555.jpg,5229,True,300,300,1.0,RGB,3,JPEG,2e4ed378e594e6b55e2b2ed29ee098f4ebf571a2cd49259c476d63d11c08b0c0,,Narrow_Brown_Spot,RiceLeafDisease_BD5,EXTERNAL_FIELD_DATASET
IMG_20241031_130557.jpg,.jpg,Narrow_Brown_Spot/IMG_20241031_130557.jpg,7285,True,300,300,1.0,RGB,3,JPEG,8c0c30deae38bd66e1f464966d430afe147511d9d69d43b69b2d4022d8708201,,Narrow_Brown_Spot,RiceLeafDisease_BD5,EXTERNAL_FIELD_DATASET
IMG_20241031_130558.jpg,.jpg,Narrow_Brown_Spot/IMG_20241031_130558.jpg,7200,True,300,300,1.0,RGB,3,JPEG,d7958aab1f37c354b7f94815c7a4d7cd4e325bf8a2745445f31211bd75f469fa,,Narrow_Brown_Spot,RiceLeafDisease_BD5,EXTERNAL_FIELD_DATASET
IMG_20241031_130604.jpg,.jpg,Narrow_Brown_Spot/IMG_20241031_130604.jpg,6155,True,300,300,1.0,RGB,3,JPEG,9c48c0fc2eaf623a24c166726cb1b50a55d826ec4f9c7aee1c6801075e39bc5c,,Narrow_Brown_Spot,RiceLeafDisease_BD5,EXTERNAL_FIELD_DATASET
IMG_20241031_130612.jpg,.jpg,Narrow_Brown_Spot/IMG_20241031_130612.jpg,4482,True,300,300,1.0,RGB,3,JPEG,b25728aff7a6db8f08b700e995f0ca5d54de10b0f2121b82bf05b599d2192787,,Narrow_Brown_Spot,RiceLeafDisease_BD5,EXTERNAL_FIELD_DATASET
IMG_20241031_130613.jpg,.jpg,Narrow_Brown_Spot/IMG_20241031_130613.jpg,5002,True,300,300,1.0,RGB,3,JPEG,fd4d344d710f816019a9eb2c094e99c29d3fd1ba1118798a93705716ae24904c,,Narrow_Brown_Spot,RiceLeafDisease_BD5,EXTERNAL_FIELD_DATASET
IMG_20241031_130614_1.jpg,.jpg,Narrow_Brown_Spot/IMG_20241031_130614_1.jpg,5043,True,300,300,1.0,RGB,3,JPEG,431baf6366981698c1f0362de35cb896abd7167b4236c0663628ce7a7b881431,,Narrow_Brown_Spot,RiceLeafDisease_BD5,EXTERNAL_FIELD_DATASET
IMG_20241031_130615.jpg,.jpg,Narrow_Brown_Spot/IMG_20241031_130615.jpg,4979,True,300,300,1.0,RGB,3,JPEG,a0916819181af859c1b153c9bd5d8227f7581e06a1fc063bff814c0ffeacce79,,Narrow_Brown_Spot,RiceLeafDisease_BD5,EXTERNAL_FIELD_DATASET
IMG_20241031_130621.jpg,.jpg,Narrow_Brown_Spot/IMG_20241031_130621.jpg,5013,True,300,300,1.0,RGB,3,JPEG,4c52cdb122c5d2e024525c890ad6b91eab3cd70ad7c4fd02aa453868e6919e36,,Narrow_Brown_Spot,RiceLeafDisease_BD5,EXTERNAL_FIELD_DATASET
IMG_20241031_130622.jpg,.jpg,Narrow_Brown_Spot/IMG_20241031_130622.jpg,5109,True,300,300,1.0,RGB,3,JPEG,981f8532bd531e84e21d71a2a54c89c6645bad44e0010d2d869948b6d37e4978,,Narrow_Brown_Spot,RiceLeafDisease_BD5,EXTERNAL_FIELD_DATASET
IMG_20241031_130623.jpg,.jpg,Narrow_Brown_Spot/IMG_20241031_130623.jpg,5127,True,300,300,1.0,RGB,3,JPEG,284fc91c4be5e435850e22854d350db24df865947cbb90871db2fb832169d319,,Narrow_Brown_Spot,RiceLeafDisease_BD5,EXTERNAL_FIELD_DATASET
IMG_20241031_130638.jpg,.jpg,Narrow_Brown_Spot/IMG_20241031_130638.jpg,4614,True,300,300,1.0,RGB,3,JPEG,51c1a02f77b8713be4836553a2e44ccdc81a51cde8d424a90c214d43226ee138,,Narrow_Brown_Spot,RiceLeafDisease_BD5,EXTERNAL_FIELD_DATASET
IMG_20241031_130646.jpg,.jpg,Narrow_Brown_Spot/IMG_20241031_130646.jpg,7033,True,300,300,1.0,RGB,3,JPEG,8e219738c3802e8108b6aa6cc51066e6db308f72db24baf345a83c468604e222,,Narrow_Brown_Spot,RiceLeafDisease_BD5,EXTERNAL_FIELD_DATASET
IMG_20241031_130647.jpg,.jpg,Narrow_Brown_Spot/IMG_20241031_130647.jpg,6902,True,300,300,1.0,RGB,3,JPEG,7b9e4ee9e7889b0c3c049dc8abb303d2a7f415de1d85cce7ab45ed1dd23c75d3,,Narrow_Brown_Spot,RiceLeafDisease_BD5,EXTERNAL_FIELD_DATASET
IMG_20241031_130653.jpg,.jpg,Narrow_Brown_Spot/IMG_20241031_130653.jpg,6945,True,300,300,1.0,RGB,3,JPEG,1600811d5f20c594582e195ee63091552df84c4c372897e426729ce8c0903eab,,Narrow_Brown_Spot,RiceLeafDisease_BD5,EXTERNAL_FIELD_DATASET
IMG_20241031_130655.jpg,.jpg,Narrow_Brown_Spot/IMG_20241031_130655.jpg,4958,True,300,300,1.0,RGB,3,JPEG,c9a80701221d5ced3203684faeaa54855bf4a5accedf447ce61588170b7be8d1,,Narrow_Brown_Spot,RiceLeafDisease_BD5,EXTERNAL_FIELD_DATASET
IMG_20241031_130657.jpg,.jpg,Narrow_Brown_Spot/IMG_20241031_130657.jpg,6032,True,300,300,1.0,RGB,3,JPEG,0a5eb08938f3c11a9ee0361c6c310676da689f1c995e54f147a4e06a4a23f802,,Narrow_Brown_Spot,RiceLeafDisease_BD5,EXTERNAL_FIELD_DATASET
IMG_20241031_130704.jpg,.jpg,Narrow_Brown_Spot/IMG_20241031_130704.jpg,4409,True,300,300,1.0,RGB,3,JPEG,78ab7611a15f106edcf72a8fed4eea254062eb8c13582116cf9398ce64f3d678,,Narrow_Brown_Spot,RiceLeafDisease_BD5,EXTERNAL_FIELD_DATASET
IMG_20241031_130705.jpg,.jpg,Narrow_Brown_Spot/IMG_20241031_130705.jpg,5452,True,300,300,1.0,RGB,3,JPEG,1d787dfc2ab4b04a6d00d44d003b4e262e6e6f4dc722012a13b70eaab40b29a0,,Narrow_Brown_Spot,RiceLeafDisease_BD5,EXTERNAL_FIELD_DATASET
IMG_20241031_130705_1.jpg,.jpg,Narrow_Brown_Spot/IMG_20241031_130705_1.jpg,4343,True,300,300,1.0,RGB,3,JPEG,d016e12c2456d460a9be7aa1b0e16abfcb2932615855abb75af480299ab605a0,,Narrow_Brown_Spot,RiceLeafDisease_BD5,EXTERNAL_FIELD_DATASET
IMG_20241031_130707.jpg,.jpg,Narrow_Brown_Spot/IMG_20241031_130707.jpg,5913,True,300,300,1.0,RGB,3,JPEG,ff2b6b738de4dd8fafef860bd4505ef867faec968394b1cf4b8779482b085769,,Narrow_Brown_Spot,RiceLeafDisease_BD5,EXTERNAL_FIELD_DATASET
IMG_20241031_130707_1.jpg,.jpg,Narrow_Brown_Spot/IMG_20241031_130707_1.jpg,5778,True,300,300,1.0,RGB,3,JPEG,3f193a5941ecf4b00ae78577792b2e6381e88fa26e30bd6cb836e1b5a6e5cbf3,,Narrow_Brown_Spot,RiceLeafDisease_BD5,EXTERNAL_FIELD_DATASET
IMG_20241031_130712.jpg,.jpg,Narrow_Brown_Spot/IMG_20241031_130712.jpg,4579,True,300,300,1.0,RGB,3,JPEG,7f3c9777eac0aa4696ae344f2b5fbe955a259d43ff6f13f4cfdf0a3522900588,,Narrow_Brown_Spot,RiceLeafDisease_BD5,EXTERNAL_FIELD_DATASET
IMG_20241031_130713.jpg,.jpg,Narrow_Brown_Spot/IMG_20241031_130713.jpg,4525,True,300,300,1.0,RGB,3,JPEG,a85a8c1ba92cbb1af11963066cf40433d31ddeb41d9c4b76915388b121b33d24,,Narrow_Brown_Spot,RiceLeafDisease_BD5,EXTERNAL_FIELD_DATASET
IMG_20241031_130714.jpg,.jpg,Narrow_Brown_Spot/IMG_20241031_130714.jpg,4572,True,300,300,1.0,RGB,3,JPEG,d62b2dcc3d01c3c2795068064495a8862c5757340369b8e12a0a7906bc0560d6,,Narrow_Brown_Spot,RiceLeafDisease_BD5,EXTERNAL_FIELD_DATASET
IMG_20241031_130725.jpg,.jpg,Narrow_Brown_Spot/IMG_20241031_130725.jpg,6152,True,300,300,1.0,RGB,3,JPEG,b46a0086ee485eba6c8ccf75dbe4b7540f13c5e7bb28b471689d44bbd38a6e96,,Narrow_Brown_Spot,RiceLeafDisease_BD5,EXTERNAL_FIELD_DATASET
IMG_20241031_130728.jpg,.jpg,Narrow_Brown_Spot/IMG_20241031_130728.jpg,5949,True,300,300,1.0,RGB,3,JPEG,cc2c423c760b46385dbd48650d7d2310d8f5703c502b89c880489e27e8987433,,Narrow_Brown_Spot,RiceLeafDisease_BD5,EXTERNAL_FIELD_DATASET
IMG_20241031_130742.jpg,.jpg,Narrow_Brown_Spot/IMG_20241031_130742.jpg,4313,True,300,300,1.0,RGB,3,JPEG,d7ff6d59688e406765b0755b8ef523fd037565d90fe08a9b663d420b82742242,,Narrow_Brown_Spot,RiceLeafDisease_BD5,EXTERNAL_FIELD_DATASET
IMG_20241031_130743.jpg,.jpg,Narrow_Brown_Spot/IMG_20241031_130743.jpg,4417,True,300,300,1.0,RGB,3,JPEG,268f6ac0dae902e40d6bbcefc1021e14c5a50eecd9e0b87827962fe9761eebc6,,Narrow_Brown_Spot,RiceLeafDisease_BD5,EXTERNAL_FIELD_DATASET
IMG_20241031_130747.jpg,.jpg,Narrow_Brown_Spot/IMG_20241031_130747.jpg,6713,True,300,300,1.0,RGB,3,JPEG,a9da5ca5a262ea1f2b194b75addb6917fc6cad628ff73212b895ab10e864525f,,Narrow_Brown_Spot,RiceLeafDisease_BD5,EXTERNAL_FIELD_DATASET
IMG_20241031_130748.jpg,.jpg,Narrow_Brown_Spot/IMG_20241031_130748.jpg,6412,True,300,300,1.0,RGB,3,JPEG,c7e04346dd330f9a9ff37d2004f7d4d6e848d385f509691f8d8ad611135e917d,,Narrow_Brown_Spot,RiceLeafDisease_BD5,EXTERNAL_FIELD_DATASET
IMG_20241031_130749.jpg,.jpg,Narrow_Brown_Spot/IMG_20241031_130749.jpg,6881,True,300,300,1.0,RGB,3,JPEG,fb6e71202bf76edbf01207f980e8e21ad5276b83a818d3124ef7f735a420f594,,Narrow_Brown_Spot,RiceLeafDisease_BD5,EXTERNAL_FIELD_DATASET
IMG_20241031_130749_1.jpg,.jpg,Narrow_Brown_Spot/IMG_20241031_130749_1.jpg,6481,True,300,300,1.0,RGB,3,JPEG,c86edc8b9569a6023cd826599e79b8380d8d680caadbad9f6813645364cdf523,,Narrow_Brown_Spot,RiceLeafDisease_BD5,EXTERNAL_FIELD_DATASET
IMG_20241031_130750.jpg,.jpg,Narrow_Brown_Spot/IMG_20241031_130750.jpg,7074,True,300,300,1.0,RGB,3,JPEG,2c2a10540da64e69ae6535864608cd928cbb7a4b7a76f4642746db399b3c218b,,Narrow_Brown_Spot,RiceLeafDisease_BD5,EXTERNAL_FIELD_DATASET
IMG_20241031_130750_1.jpg,.jpg,Narrow_Brown_Spot/IMG_20241031_130750_1.jpg,6489,True,300,300,1.0,RGB,3,JPEG,8a73e0c9c559a235ee9e900092d0fb229e25ec2567fede7a362f7dd765cda6c5,,Narrow_Brown_Spot,RiceLeafDisease_BD5,EXTERNAL_FIELD_DATASET
IMG_20241031_130751.jpg,.jpg,Narrow_Brown_Spot/IMG_20241031_130751.jpg,6260,True,300,300,1.0,RGB,3,JPEG,e145a5fa0bd00345350bbf42c2be5aef30c755b79a212dd2d4cc2ee71119369d,,Narrow_Brown_Spot,RiceLeafDisease_BD5,EXTERNAL_FIELD_DATASET
IMG_20241031_130752.jpg,.jpg,Narrow_Brown_Spot/IMG_20241031_130752.jpg,5907,True,300,300,1.0,RGB,3,JPEG,dfa844c504473ef890bd17bdb2e174025072f99e7631057536c9cffd1c6bec59,,Narrow_Brown_Spot,RiceLeafDisease_BD5,EXTERNAL_FIELD_DATASET
IMG_20241031_130755.jpg,.jpg,Narrow_Brown_Spot/IMG_20241031_130755.jpg,5759,True,300,300,1.0,RGB,3,JPEG,5a40bb1ab950b0a8902e0425694bbbf32d6cc25c5689ca18ab95bf7013217aab,,Narrow_Brown_Spot,RiceLeafDisease_BD5,EXTERNAL_FIELD_DATASET
IMG_20241031_130803.jpg,.jpg,Narrow_Brown_Spot/IMG_20241031_130803.jpg,4712,True,300,300,1.0,RGB,3,JPEG,e12091640a21ded580083be8bec3b1ed4926a1248eeb26240f85d39147afc821,,Narrow_Brown_Spot,RiceLeafDisease_BD5,EXTERNAL_FIELD_DATASET
IMG_20241031_130804.jpg,.jpg,Narrow_Brown_Spot/IMG_20241031_130804.jpg,4593,True,300,300,1.0,RGB,3,JPEG,2acc04597582c4e8a18ba5fb6c7653eaf0b2463252fa550372030a92919f5b25,,Narrow_Brown_Spot,RiceLeafDisease_BD5,EXTERNAL_FIELD_DATASET
IMG_20241031_130805.jpg,.jpg,Narrow_Brown_Spot/IMG_20241031_130805.jpg,4557,True,300,300,1.0,RGB,3,JPEG,ab013b35b6a282fac6299b1e388af4226e82cd1f3e8fb7cfe2c3b6b14fc7b81b,,Narrow_Brown_Spot,RiceLeafDisease_BD5,EXTERNAL_FIELD_DATASET
IMG_20241031_130806.jpg,.jpg,Narrow_Brown_Spot/IMG_20241031_130806.jpg,7296,True,300,300,1.0,RGB,3,JPEG,94e28104189e14bd6b0dc37765426ded3427585f3c06386f64166aa2c93dd8d2,,Narrow_Brown_Spot,RiceLeafDisease_BD5,EXTERNAL_FIELD_DATASET
IMG_20241031_130812.jpg,.jpg,Narrow_Brown_Spot/IMG_20241031_130812.jpg,4995,True,300,300,1.0,RGB,3,JPEG,b0ef96589ba558cf5b56ca48a715423bacb2c81de250b5b6c0cbc473721b010c,,Narrow_Brown_Spot,RiceLeafDisease_BD5,EXTERNAL_FIELD_DATASET
IMG_20241031_130813.jpg,.jpg,Narrow_Brown_Spot/IMG_20241031_130813.jpg,4940,True,300,300,1.0,RGB,3,JPEG,6c093b58d0252421e1f3a57ce0c806dda8172487cfa7faa3908cb2023430584f,,Narrow_Brown_Spot,RiceLeafDisease_BD5,EXTERNAL_FIELD_DATASET
IMG_20241031_130817.jpg,.jpg,Narrow_Brown_Spot/IMG_20241031_130817.jpg,6717,True,300,300,1.0,RGB,3,JPEG,233461b84711f8d288d657781760c880f54e3e2aa0584a79414538c6754277e1,,Narrow_Brown_Spot,RiceLeafDisease_BD5,EXTERNAL_FIELD_DATASET
IMG_20241031_130822.jpg,.jpg,Narrow_Brown_Spot/IMG_20241031_130822.jpg,7125,True,300,300,1.0,RGB,3,JPEG,cc645ea0d66337664b4cbc011a9dfb420cf079d8bf6adb32a8f6e346fc27ecb8,,Narrow_Brown_Spot,RiceLeafDisease_BD5,EXTERNAL_FIELD_DATASET
IMG_20241031_130823.jpg,.jpg,Narrow_Brown_Spot/IMG_20241031_130823.jpg,7215,True,300,300,1.0,RGB,3,JPEG,e4f5746b5e15bb41207176143d1373121e7d01bd5e4ce8adca01b14a4f127342,,Narrow_Brown_Spot,RiceLeafDisease_BD5,EXTERNAL_FIELD_DATASET
IMG_20241031_130825.jpg,.jpg,Narrow_Brown_Spot/IMG_20241031_130825.jpg,7523,True,300,300,1.0,RGB,3,JPEG,5575b052ce585b3a668336115860342146e13a01b01839d0aee1458c40344768,,Narrow_Brown_Spot,RiceLeafDisease_BD5,EXTERNAL_FIELD_DATASET
IMG_20241031_130829.jpg,.jpg,Narrow_Brown_Spot/IMG_20241031_130829.jpg,6833,True,300,300,1.0,RGB,3,JPEG,3107d67dad4210b563c5c15dac65ceb26ae59582faf1863913ce4d4c5fcae44c,,Narrow_Brown_Spot,RiceLeafDisease_BD5,EXTERNAL_FIELD_DATASET
IMG_20241031_130830.jpg,.jpg,Narrow_Brown_Spot/IMG_20241031_130830.jpg,6803,True,300,300,1.0,RGB,3,JPEG,f8dc6a7d74f2dae1ada04590319ed56db66e050cad679feb170000ced2728549,,Narrow_Brown_Spot,RiceLeafDisease_BD5,EXTERNAL_FIELD_DATASET
IMG_20241031_130838.jpg,.jpg,Narrow_Brown_Spot/IMG_20241031_130838.jpg,8336,True,300,300,1.0,RGB,3,JPEG,7ef4463f24fefefe3fbc4145764f9b60c0b43d5d34f89893fc0fe11760fb0628,,Narrow_Brown_Spot,RiceLeafDisease_BD5,EXTERNAL_FIELD_DATASET
IMG_20241031_130841.jpg,.jpg,Narrow_Brown_Spot/IMG_20241031_130841.jpg,8861,True,300,300,1.0,RGB,3,JPEG,444c76b3596f18ee12bb55aceaf00f9b2ff798a0a862562e47095821fee94576,,Narrow_Brown_Spot,RiceLeafDisease_BD5,EXTERNAL_FIELD_DATASET
IMG_20241031_130842.jpg,.jpg,Narrow_Brown_Spot/IMG_20241031_130842.jpg,8906,True,300,300,1.0,RGB,3,JPEG,4080a3cb06b5f60532ab4a7d909af4a0f51601c73e87405fe14c09f169c3a626,,Narrow_Brown_Spot,RiceLeafDisease_BD5,EXTERNAL_FIELD_DATASET
IMG_20241031_130843.jpg,.jpg,Narrow_Brown_Spot/IMG_20241031_130843.jpg,8617,True,300,300,1.0,RGB,3,JPEG,0664a8502cf59e8d44f976fc4f30c196dc9be06457648247e4f7cf09edd61826,,Narrow_Brown_Spot,RiceLeafDisease_BD5,EXTERNAL_FIELD_DATASET
IMG_20241031_130846.jpg,.jpg,Narrow_Brown_Spot/IMG_20241031_130846.jpg,8429,True,300,300,1.0,RGB,3,JPEG,e49b419bb0920f0b895e928d37e38de4fffaac281a6bf8f159dc8acb60570754,,Narrow_Brown_Spot,RiceLeafDisease_BD5,EXTERNAL_FIELD_DATASET
IMG_20241031_130849.jpg,.jpg,Narrow_Brown_Spot/IMG_20241031_130849.jpg,8385,True,300,300,1.0,RGB,3,JPEG,4b8b7e61f0ffb2c146eba98064fa8637efa23d1a1f0a7e80c07870112370db0f,,Narrow_Brown_Spot,RiceLeafDisease_BD5,EXTERNAL_FIELD_DATASET
IMG_20241031_130856.jpg,.jpg,Narrow_Brown_Spot/IMG_20241031_130856.jpg,6313,True,300,300,1.0,RGB,3,JPEG,acbc906cfbf506966c25752067c448d2a0730e3c0fdf3ca3cbcbec650ec80cd9,,Narrow_Brown_Spot,RiceLeafDisease_BD5,EXTERNAL_FIELD_DATASET
IMG_20241031_130900.jpg,.jpg,Narrow_Brown_Spot/IMG_20241031_130900.jpg,3912,True,300,300,1.0,RGB,3,JPEG,113faf757f398c0db9fdb72c21c6ea13bebe9d59fec40766c2668555b6453456,,Narrow_Brown_Spot,RiceLeafDisease_BD5,EXTERNAL_FIELD_DATASET
IMG_20241031_130901.jpg,.jpg,Narrow_Brown_Spot/IMG_20241031_130901.jpg,3911,True,300,300,1.0,RGB,3,JPEG,804f98a36101f3923c2d34513b9f75b72f13b95f608f8507ab22ce5b74cf1439,,Narrow_Brown_Spot,RiceLeafDisease_BD5,EXTERNAL_FIELD_DATASET
IMG_20241031_130913.jpg,.jpg,Narrow_Brown_Spot/IMG_20241031_130913.jpg,5341,True,300,300,1.0,RGB,3,JPEG,c16ea5d2af78eaa3259d1d1560e36df4b4ae5f4c33487ea0d1c69e55a2ac938a,,Narrow_Brown_Spot,RiceLeafDisease_BD5,EXTERNAL_FIELD_DATASET
IMG_20241031_130914.jpg,.jpg,Narrow_Brown_Spot/IMG_20241031_130914.jpg,4939,True,300,300,1.0,RGB,3,JPEG,3d38e21ca636d7c019a61573b3b64cdedffac6949e0d2e93f02c290e3b7747e2,,Narrow_Brown_Spot,RiceLeafDisease_BD5,EXTERNAL_FIELD_DATASET
IMG_20241031_130923.jpg,.jpg,Narrow_Brown_Spot/IMG_20241031_130923.jpg,5268,True,300,300,1.0,RGB,3,JPEG,48e9385ecb6ecca4fe425c689fa4d7f3aab8a8d340f2fbeea37d9014c5d8dbf9,,Narrow_Brown_Spot,RiceLeafDisease_BD5,EXTERNAL_FIELD_DATASET
IMG_20241031_130925.jpg,.jpg,Narrow_Brown_Spot/IMG_20241031_130925.jpg,5167,True,300,300,1.0,RGB,3,JPEG,a5a410e5ffed51c3b61cd1548e9107e427f5340f9e4ee423396ea79a7e155156,,Narrow_Brown_Spot,RiceLeafDisease_BD5,EXTERNAL_FIELD_DATASET
IMG_20241031_130929.jpg,.jpg,Narrow_Brown_Spot/IMG_20241031_130929.jpg,5602,True,300,300,1.0,RGB,3,JPEG,0758fa81961e68f1c8c8fb6b751dba1af39116e63801705d83e2bbaf6b658f54,,Narrow_Brown_Spot,RiceLeafDisease_BD5,EXTERNAL_FIELD_DATASET
IMG_20241031_130934.jpg,.jpg,Narrow_Brown_Spot/IMG_20241031_130934.jpg,9275,True,300,300,1.0,RGB,3,JPEG,266877a5a28bfee7dd40b840baba9338363ccd74496985b4dd60115249fe4b54,,Narrow_Brown_Spot,RiceLeafDisease_BD5,EXTERNAL_FIELD_DATASET
IMG_20241031_130935.jpg,.jpg,Narrow_Brown_Spot/IMG_20241031_130935.jpg,9382,True,300,300,1.0,RGB,3,JPEG,ca5ec8c07089070a743af1eb6aeb7ab4140c0afddbda13aa33399bb707090cee,,Narrow_Brown_Spot,RiceLeafDisease_BD5,EXTERNAL_FIELD_DATASET
IMG_20241031_130937.jpg,.jpg,Narrow_Brown_Spot/IMG_20241031_130937.jpg,5206,True,300,300,1.0,RGB,3,JPEG,9f93f18a978511ea48b104c710d9c7d6477686d2fad7fd3138da60d9c93a145b,,Narrow_Brown_Spot,RiceLeafDisease_BD5,EXTERNAL_FIELD_DATASET
IMG_20241031_130940.jpg,.jpg,Narrow_Brown_Spot/IMG_20241031_130940.jpg,4871,True,300,300,1.0,RGB,3,JPEG,9191872b16304a066acf56b17d153eed7c9521d4b66ab2cc6137c9fb274a188a,,Narrow_Brown_Spot,RiceLeafDisease_BD5,EXTERNAL_FIELD_DATASET
IMG_20241031_130940_1.jpg,.jpg,Narrow_Brown_Spot/IMG_20241031_130940_1.jpg,9642,True,300,300,1.0,RGB,3,JPEG,054748253c42c52d2676f890143a2b88a0e2323672fc26b6542aa3f29250c951,,Narrow_Brown_Spot,RiceLeafDisease_BD5,EXTERNAL_FIELD_DATASET
IMG_20241031_130941.jpg,.jpg,Narrow_Brown_Spot/IMG_20241031_130941.jpg,4829,True,300,300,1.0,RGB,3,JPEG,58aea36c496b3bca17110126996b226712d8792f5c5a3398265ed7ed8c90756b,,Narrow_Brown_Spot,RiceLeafDisease_BD5,EXTERNAL_FIELD_DATASET
IMG_20241031_130948.jpg,.jpg,Narrow_Brown_Spot/IMG_20241031_130948.jpg,7603,True,300,300,1.0,RGB,3,JPEG,32adc632c7ac513d162937803ab2a5fd64455c24bbf253a369b1e4922603b10f,,Narrow_Brown_Spot,RiceLeafDisease_BD5,EXTERNAL_FIELD_DATASET
IMG_20241031_130950.jpg,.jpg,Narrow_Brown_Spot/IMG_20241031_130950.jpg,6872,True,300,300,1.0,RGB,3,JPEG,2a3fa29679920de15c47eff4cedca99061c31c97b1968442273b5385ef80337e,,Narrow_Brown_Spot,RiceLeafDisease_BD5,EXTERNAL_FIELD_DATASET
IMG_20241031_130954.jpg,.jpg,Narrow_Brown_Spot/IMG_20241031_130954.jpg,8200,True,300,300,1.0,RGB,3,JPEG,9b6093d9b8e99c8a9012f40929e16a90754dccfbe8c52b4e2cf31ee6af3e3311,,Narrow_Brown_Spot,RiceLeafDisease_BD5,EXTERNAL_FIELD_DATASET
IMG_20241031_130956.jpg,.jpg,Narrow_Brown_Spot/IMG_20241031_130956.jpg,7585,True,300,300,1.0,RGB,3,JPEG,044f1654c726df856c622ec46c7a5011c004d0c0bec32bd06d47a01ecf22a3a0,,Narrow_Brown_Spot,RiceLeafDisease_BD5,EXTERNAL_FIELD_DATASET
IMG_20241031_130959.jpg,.jpg,Narrow_Brown_Spot/IMG_20241031_130959.jpg,7232,True,300,300,1.0,RGB,3,JPEG,86fb63922ac7082c327aecd5930e4ac57f836cd87f84698100a139c815191730,,Narrow_Brown_Spot,RiceLeafDisease_BD5,EXTERNAL_FIELD_DATASET
IMG_20241031_131000.jpg,.jpg,Narrow_Brown_Spot/IMG_20241031_131000.jpg,7041,True,300,300,1.0,RGB,3,JPEG,bad115bf71c50f73e8bf0059662361be4b7456dba42080add544c4a66f32fcd4,,Narrow_Brown_Spot,RiceLeafDisease_BD5,EXTERNAL_FIELD_DATASET
IMG_20241031_131004.jpg,.jpg,Narrow_Brown_Spot/IMG_20241031_131004.jpg,6569,True,300,300,1.0,RGB,3,JPEG,2a46eff9616e7896c9da1328cb62e00e09deb7d6f658c6eb5ef7bfca6484d7b9,,Narrow_Brown_Spot,RiceLeafDisease_BD5,EXTERNAL_FIELD_DATASET
IMG_20241031_131008.jpg,.jpg,Narrow_Brown_Spot/IMG_20241031_131008.jpg,6349,True,300,300,1.0,RGB,3,JPEG,f4fbb1be3df2894fc7fb65fdcc1996a744a222e3e45812ab2e6f346230ab5c03,,Narrow_Brown_Spot,RiceLeafDisease_BD5,EXTERNAL_FIELD_DATASET
IMG_20241031_131010.jpg,.jpg,Narrow_Brown_Spot/IMG_20241031_131010.jpg,6264,True,300,300,1.0,RGB,3,JPEG,4e59f0b7166a935e18824b099c30c8d359892703c058646906a4bb877092ff74,,Narrow_Brown_Spot,RiceLeafDisease_BD5,EXTERNAL_FIELD_DATASET
IMG_20241031_131010_1.jpg,.jpg,Narrow_Brown_Spot/IMG_20241031_131010_1.jpg,8043,True,300,300,1.0,RGB,3,JPEG,381ff7209368d8d0133eb3c35ae14796b924030f07bf9991eb4e7d2c863a247c,,Narrow_Brown_Spot,RiceLeafDisease_BD5,EXTERNAL_FIELD_DATASET
IMG_20241031_131012.jpg,.jpg,Narrow_Brown_Spot/IMG_20241031_131012.jpg,6152,True,300,300,1.0,RGB,3,JPEG,c13adce5f3014680e8df52d57cd04dacf9ff5b9b254cd40ca3f3f1b07f62bc77,,Narrow_Brown_Spot,RiceLeafDisease_BD5,EXTERNAL_FIELD_DATASET
IMG_20241031_131024.jpg,.jpg,Narrow_Brown_Spot/IMG_20241031_131024.jpg,5311,True,300,300,1.0,RGB,3,JPEG,fdd1c5ddf38fb1eb3d1a9c0b4109ff1edde42551b36a1cab30780b03a166d6f7,,Narrow_Brown_Spot,RiceLeafDisease_BD5,EXTERNAL_FIELD_DATASET
IMG_20241031_131024_1.jpg,.jpg,Narrow_Brown_Spot/IMG_20241031_131024_1.jpg,4727,True,300,300,1.0,RGB,3,JPEG,5ce1ccb2b62287b21374b687a2eaf6ec62c871727981fe984404fad237a01431,,Narrow_Brown_Spot,RiceLeafDisease_BD5,EXTERNAL_FIELD_DATASET
IMG_20241031_131026.jpg,.jpg,Narrow_Brown_Spot/IMG_20241031_131026.jpg,4594,True,300,300,1.0,RGB,3,JPEG,fb737869fe7d9d83a908937d6ef87f7f70a2628bb0be358047ceb6783a689398,,Narrow_Brown_Spot,RiceLeafDisease_BD5,EXTERNAL_FIELD_DATASET
IMG_20241031_131027.jpg,.jpg,Narrow_Brown_Spot/IMG_20241031_131027.jpg,4611,True,300,300,1.0,RGB,3,JPEG,ba60e167209cfa5aaa4c43c41f3cc51f733302fd5f980220511c7f7f14606185,,Narrow_Brown_Spot,RiceLeafDisease_BD5,EXTERNAL_FIELD_DATASET
IMG_20241031_131028.jpg,.jpg,Narrow_Brown_Spot/IMG_20241031_131028.jpg,4557,True,300,300,1.0,RGB,3,JPEG,a5963b0f8907e4889dc7c1e69a76cff45ed8c4b72535780199cec834a4cff4f3,,Narrow_Brown_Spot,RiceLeafDisease_BD5,EXTERNAL_FIELD_DATASET
IMG_20241031_131033.jpg,.jpg,Narrow_Brown_Spot/IMG_20241031_131033.jpg,5399,True,300,300,1.0,RGB,3,JPEG,2c05c19bba219a0d9c16e64dadb7b0892386097fdf5ce80edba7fdb4ed12667c,,Narrow_Brown_Spot,RiceLeafDisease_BD5,EXTERNAL_FIELD_DATASET
IMG_20241031_131034.jpg,.jpg,Narrow_Brown_Spot/IMG_20241031_131034.jpg,5290,True,300,300,1.0,RGB,3,JPEG,d8b2448b88b59bbf5e2ec2c4f7dbd4a136d52ad78e33f5e532b61a9896747148,,Narrow_Brown_Spot,RiceLeafDisease_BD5,EXTERNAL_FIELD_DATASET
IMG_20241031_131036.jpg,.jpg,Narrow_Brown_Spot/IMG_20241031_131036.jpg,5371,True,300,300,1.0,RGB,3,JPEG,1364b02b43770e026ec564f0d4a12735530b2e07fcf24507ae2728b507529e72,,Narrow_Brown_Spot,RiceLeafDisease_BD5,EXTERNAL_FIELD_DATASET
IMG_20241031_131045.jpg,.jpg,Narrow_Brown_Spot/IMG_20241031_131045.jpg,6079,True,300,300,1.0,RGB,3,JPEG,d53fe67ca713adfa6ed22ff56204e3ed8aa49b80d5c7c0fc3366a42aa2c8babd,,Narrow_Brown_Spot,RiceLeafDisease_BD5,EXTERNAL_FIELD_DATASET
IMG_20241031_131053.jpg,.jpg,Narrow_Brown_Spot/IMG_20241031_131053.jpg,6090,True,300,300,1.0,RGB,3,JPEG,30cb195a13cb8e34effe8ced2e8b2ae52b5c91249370120e08766456d9a16b37,,Narrow_Brown_Spot,RiceLeafDisease_BD5,EXTERNAL_FIELD_DATASET
IMG_20241031_131116.jpg,.jpg,Narrow_Brown_Spot/IMG_20241031_131116.jpg,7545,True,300,300,1.0,RGB,3,JPEG,06a0f955b7c06db3831c7b4e0da3fd0a5f921815fe65409c2c0afe0518881ffd,,Narrow_Brown_Spot,RiceLeafDisease_BD5,EXTERNAL_FIELD_DATASET
IMG_20241031_131123.jpg,.jpg,Narrow_Brown_Spot/IMG_20241031_131123.jpg,7517,True,300,300,1.0,RGB,3,JPEG,e98e5994ebf198e94d564dfce1c9cb11ae1381da889511ddad6eceb97ebd1257,,Narrow_Brown_Spot,RiceLeafDisease_BD5,EXTERNAL_FIELD_DATASET
IMG_20241031_131143.jpg,.jpg,Narrow_Brown_Spot/IMG_20241031_131143.jpg,8782,True,300,300,1.0,RGB,3,JPEG,de88d25dca98d4977eeba412079b7f58b6171b97bd03206fa9b595e72cfe2869,,Narrow_Brown_Spot,RiceLeafDisease_BD5,EXTERNAL_FIELD_DATASET
IMG_20241031_131144.jpg,.jpg,Narrow_Brown_Spot/IMG_20241031_131144.jpg,8855,True,300,300,1.0,RGB,3,JPEG,d0b3e72429b2ca05c7a215dc7358ac8ea92d7e1ec63152c7bb70a8309bdaff9f,,Narrow_Brown_Spot,RiceLeafDisease_BD5,EXTERNAL_FIELD_DATASET
IMG_20241031_131154.jpg,.jpg,Narrow_Brown_Spot/IMG_20241031_131154.jpg,8851,True,300,300,1.0,RGB,3,JPEG,9b82713371dbdb0adffc267945fe21761b201bdb2727baab00178b2e75a73e51,,Narrow_Brown_Spot,RiceLeafDisease_BD5,EXTERNAL_FIELD_DATASET
IMG_20241031_131215.jpg,.jpg,Narrow_Brown_Spot/IMG_20241031_131215.jpg,10296,True,300,300,1.0,RGB,3,JPEG,48e597a958560635bf7189d187490e1c5f56f17f19524f622d2b6f579e6d5df1,,Narrow_Brown_Spot,RiceLeafDisease_BD5,EXTERNAL_FIELD_DATASET
IMG_20241031_131228.jpg,.jpg,Narrow_Brown_Spot/IMG_20241031_131228.jpg,10403,True,300,300,1.0,RGB,3,JPEG,186e6623f1990d23d7b7cc2bc6ee09656e1d16d95c07fc21ea5d306a0730b5a2,,Narrow_Brown_Spot,RiceLeafDisease_BD5,EXTERNAL_FIELD_DATASET
IMG_20241031_131229.jpg,.jpg,Narrow_Brown_Spot/IMG_20241031_131229.jpg,10349,True,300,300,1.0,RGB,3,JPEG,d5b1fe3a715dbb38e407807eb49ebdf1797f81b8ca4bf35409b0becc754ccea6,,Narrow_Brown_Spot,RiceLeafDisease_BD5,EXTERNAL_FIELD_DATASET
IMG_20241031_131234.jpg,.jpg,Narrow_Brown_Spot/IMG_20241031_131234.jpg,4006,True,300,300,1.0,RGB,3,JPEG,4c0da2e08081b6a6a790040a17df28ba5629310a4653fd9757d2d8cb54990b02,,Narrow_Brown_Spot,RiceLeafDisease_BD5,EXTERNAL_FIELD_DATASET
IMG_20241031_131243.jpg,.jpg,Narrow_Brown_Spot/IMG_20241031_131243.jpg,9986,True,300,300,1.0,RGB,3,JPEG,6e8ee1a122168661a60d15fa0aa8785fdfa8a3bacca28d75e0a1940f04617107,,Narrow_Brown_Spot,RiceLeafDisease_BD5,EXTERNAL_FIELD_DATASET
IMG_20241031_131244.jpg,.jpg,Narrow_Brown_Spot/IMG_20241031_131244.jpg,9944,True,300,300,1.0,RGB,3,JPEG,878b9da597f3610374bf446506979366d703b6cab92dde36db5a1f3c5e242c68,,Narrow_Brown_Spot,RiceLeafDisease_BD5,EXTERNAL_FIELD_DATASET
IMG_20241031_131251.jpg,.jpg,Narrow_Brown_Spot/IMG_20241031_131251.jpg,8502,True,300,300,1.0,RGB,3,JPEG,79c3fe7feff22845c65e60425701e0c56ea9422825776a40cbd00d7ab3163129,,Narrow_Brown_Spot,RiceLeafDisease_BD5,EXTERNAL_FIELD_DATASET
IMG_20241031_131256.jpg,.jpg,Narrow_Brown_Spot/IMG_20241031_131256.jpg,9643,True,300,300,1.0,RGB,3,JPEG,e0223dd18c2d28df208e3521452e54524d200f2a5afc5039d53024fd8d6f6f3a,,Narrow_Brown_Spot,RiceLeafDisease_BD5,EXTERNAL_FIELD_DATASET
IMG_20241031_131302.jpg,.jpg,Narrow_Brown_Spot/IMG_20241031_131302.jpg,6165,True,300,300,1.0,RGB,3,JPEG,15d576668a794af248e2348e70a9561d0cb6e9427f5626f7d86271882a6d9602,,Narrow_Brown_Spot,RiceLeafDisease_BD5,EXTERNAL_FIELD_DATASET
IMG_20241031_131303.jpg,.jpg,Narrow_Brown_Spot/IMG_20241031_131303.jpg,6092,True,300,300,1.0,RGB,3,JPEG,c71e35e44b38ac0ac07ee14cea878f7c7d03207b3cc5367018191400bd464639,,Narrow_Brown_Spot,RiceLeafDisease_BD5,EXTERNAL_FIELD_DATASET
IMG_20241031_131304_1.jpg,.jpg,Narrow_Brown_Spot/IMG_20241031_131304_1.jpg,9713,True,300,300,1.0,RGB,3,JPEG,bfde5147bbe9aa14d612ca795abf3ac024f20e725da17bdd5e0100c93aed5994,,Narrow_Brown_Spot,RiceLeafDisease_BD5,EXTERNAL_FIELD_DATASET
IMG_20241031_131305.jpg,.jpg,Narrow_Brown_Spot/IMG_20241031_131305.jpg,9788,True,300,300,1.0,RGB,3,JPEG,c4daac07821760eb0a81e89a2f18c29694c15c127d12dd9d0108e7dc0e8e0efd,,Narrow_Brown_Spot,RiceLeafDisease_BD5,EXTERNAL_FIELD_DATASET
IMG_20241031_131314.jpg,.jpg,Narrow_Brown_Spot/IMG_20241031_131314.jpg,6969,True,300,300,1.0,RGB,3,JPEG,aa3af5e26c34de779e4c0ca942f03c07c212bd98e05bd7a22829364232a1c1b7,,Narrow_Brown_Spot,RiceLeafDisease_BD5,EXTERNAL_FIELD_DATASET
IMG_20241031_131344.jpg,.jpg,Narrow_Brown_Spot/IMG_20241031_131344.jpg,6247,True,300,300,1.0,RGB,3,JPEG,1934a13dd9bfe0d4ae1a026bac404c76a3360d0da2f78e6048cd1c9c9c19bd0a,,Narrow_Brown_Spot,RiceLeafDisease_BD5,EXTERNAL_FIELD_DATASET
IMG_20241031_131344_1.jpg,.jpg,Narrow_Brown_Spot/IMG_20241031_131344_1.jpg,6405,True,300,300,1.0,RGB,3,JPEG,7736c6a6ba0ab347ea88e91852c3e14c099dae1e1c8c1feb3a19c3f5e9c1c60e,,Narrow_Brown_Spot,RiceLeafDisease_BD5,EXTERNAL_FIELD_DATASET
IMG_20241031_131346.jpg,.jpg,Narrow_Brown_Spot/IMG_20241031_131346.jpg,6370,True,300,300,1.0,RGB,3,JPEG,919aa4737553f1ef23fa6688dafc569e94a3d0d6e22d640c067bae2808b4bac0,,Narrow_Brown_Spot,RiceLeafDisease_BD5,EXTERNAL_FIELD_DATASET
IMG_20241031_131348.jpg,.jpg,Narrow_Brown_Spot/IMG_20241031_131348.jpg,5278,True,300,300,1.0,RGB,3,JPEG,935874fd45da1c6a56c9e1c282a802dcfcc5bba4c84c4489ee051b5936381b84,,Narrow_Brown_Spot,RiceLeafDisease_BD5,EXTERNAL_FIELD_DATASET
IMG_20241031_131351.jpg,.jpg,Narrow_Brown_Spot/IMG_20241031_131351.jpg,4437,True,300,300,1.0,RGB,3,JPEG,b60c64e596ddaee3e7cee7a99f89854cb72654c0291a82e5448276165ec3e673,,Narrow_Brown_Spot,RiceLeafDisease_BD5,EXTERNAL_FIELD_DATASET
IMG_20241031_131359.jpg,.jpg,Narrow_Brown_Spot/IMG_20241031_131359.jpg,8873,True,300,300,1.0,RGB,3,JPEG,e792a91954baecf19256cca826da35649bf617bc3c38299659ca8207e51db328,,Narrow_Brown_Spot,RiceLeafDisease_BD5,EXTERNAL_FIELD_DATASET
IMG_20241031_131409.jpg,.jpg,Narrow_Brown_Spot/IMG_20241031_131409.jpg,6737,True,300,300,1.0,RGB,3,JPEG,01568db6b8b50f5708c5ed6efd84ba0d9e91b899bdc92b896b31a2bbe7ab030f,,Narrow_Brown_Spot,RiceLeafDisease_BD5,EXTERNAL_FIELD_DATASET
IMG_20241031_131410.jpg,.jpg,Narrow_Brown_Spot/IMG_20241031_131410.jpg,6687,True,300,300,1.0,RGB,3,JPEG,1e6732edd772bf3ff35ef80544e3b4a6d142f5924ccc1cd952cfca41a8fe64be,,Narrow_Brown_Spot,RiceLeafDisease_BD5,EXTERNAL_FIELD_DATASET
IMG_20241031_131424.jpg,.jpg,Narrow_Brown_Spot/IMG_20241031_131424.jpg,6226,True,300,300,1.0,RGB,3,JPEG,056da2e0f5bc1c7bec685cc161f94233d27b14c214cfcd6843ea945ed1308181,,Narrow_Brown_Spot,RiceLeafDisease_BD5,EXTERNAL_FIELD_DATASET
IMG_20241031_131430.jpg,.jpg,Narrow_Brown_Spot/IMG_20241031_131430.jpg,7473,True,300,300,1.0,RGB,3,JPEG,072eb6e2227c1139ec706258211bd040287b4fc69c90898b7729a8e2ac69c0f0,,Narrow_Brown_Spot,RiceLeafDisease_BD5,EXTERNAL_FIELD_DATASET
IMG_20241031_131437.jpg,.jpg,Narrow_Brown_Spot/IMG_20241031_131437.jpg,4945,True,300,300,1.0,RGB,3,JPEG,187fce9f1219f1b871fec55ff03c8e00dca316a339b04cf26558a8e2f6375e89,,Narrow_Brown_Spot,RiceLeafDisease_BD5,EXTERNAL_FIELD_DATASET
IMG_20241031_131438.jpg,.jpg,Narrow_Brown_Spot/IMG_20241031_131438.jpg,4932,True,300,300,1.0,RGB,3,JPEG,8c295be2a11e89d72423dec7fafb9a2046f8ab7752cdfc76ff4de3612d040bd6,,Narrow_Brown_Spot,RiceLeafDisease_BD5,EXTERNAL_FIELD_DATASET
IMG_20241031_131453.jpg,.jpg,Narrow_Brown_Spot/IMG_20241031_131453.jpg,7901,True,300,300,1.0,RGB,3,JPEG,77754e4e031dda76c85f35aebc0adaa0e9d3bc0485b337c2ebebd0c4d23182a2,,Narrow_Brown_Spot,RiceLeafDisease_BD5,EXTERNAL_FIELD_DATASET
IMG_20241031_131454.jpg,.jpg,Narrow_Brown_Spot/IMG_20241031_131454.jpg,8053,True,300,300,1.0,RGB,3,JPEG,fed7e50a8a634ba71eb86b200fac53b561fa0d0956dd6b30b2841bd01de05669,,Narrow_Brown_Spot,RiceLeafDisease_BD5,EXTERNAL_FIELD_DATASET
IMG_20241031_131502.jpg,.jpg,Narrow_Brown_Spot/IMG_20241031_131502.jpg,7323,True,300,300,1.0,RGB,3,JPEG,644e54785aa6b6c47776c85af0302f87db2bc0a7cd8182648dc30ca2174a416b,,Narrow_Brown_Spot,RiceLeafDisease_BD5,EXTERNAL_FIELD_DATASET
IMG_20241031_131525.jpg,.jpg,Narrow_Brown_Spot/IMG_20241031_131525.jpg,6248,True,300,300,1.0,RGB,3,JPEG,b71d6a0f7fab603247d031b830926e883e32e0b89085f47576ebdb918e6be96b,,Narrow_Brown_Spot,RiceLeafDisease_BD5,EXTERNAL_FIELD_DATASET
IMG_20241031_131526.jpg,.jpg,Narrow_Brown_Spot/IMG_20241031_131526.jpg,6417,True,300,300,1.0,RGB,3,JPEG,7b00378cfded83e1f8db56b3dac73adc142376392ddfc32294cd2241bb95fe44,,Narrow_Brown_Spot,RiceLeafDisease_BD5,EXTERNAL_FIELD_DATASET
IMG_20241031_131543.jpg,.jpg,Narrow_Brown_Spot/IMG_20241031_131543.jpg,6849,True,300,300,1.0,RGB,3,JPEG,b89ec4420eb52b57902ca242aa6408e27571055dc837415e94fa396492760f62,,Narrow_Brown_Spot,RiceLeafDisease_BD5,EXTERNAL_FIELD_DATASET
IMG_20241031_131544.jpg,.jpg,Narrow_Brown_Spot/IMG_20241031_131544.jpg,6090,True,300,300,1.0,RGB,3,JPEG,b5ad27cda22c6c08436653de04bee0148297396c9c5f671d268925a8b2e90b0f,,Narrow_Brown_Spot,RiceLeafDisease_BD5,EXTERNAL_FIELD_DATASET
IMG_20241031_131545.jpg,.jpg,Narrow_Brown_Spot/IMG_20241031_131545.jpg,6141,True,300,300,1.0,RGB,3,JPEG,623e7b2cf360c5156b9599c87059f7b77d1a308fd704067628b0ad12e1ff0520,,Narrow_Brown_Spot,RiceLeafDisease_BD5,EXTERNAL_FIELD_DATASET
IMG_20241031_131552.jpg,.jpg,Narrow_Brown_Spot/IMG_20241031_131552.jpg,6100,True,300,300,1.0,RGB,3,JPEG,c479b553f11c1347fb4b05073f4bc406cceefaa79015c54988db907e139ce9e6,,Narrow_Brown_Spot,RiceLeafDisease_BD5,EXTERNAL_FIELD_DATASET
IMG_20241031_131556.jpg,.jpg,Narrow_Brown_Spot/IMG_20241031_131556.jpg,6825,True,300,300,1.0,RGB,3,JPEG,678bf7faa3b3ec61ef2b0331483312455fc9f5910f5d8581ea4b558a4b775608,,Narrow_Brown_Spot,RiceLeafDisease_BD5,EXTERNAL_FIELD_DATASET
IMG_20241031_131605.jpg,.jpg,Narrow_Brown_Spot/IMG_20241031_131605.jpg,5786,True,300,300,1.0,RGB,3,JPEG,723a8661f6686612172b4b16ce67e2750ad23e3ee9e5b7eab8c8b59cb63afeb7,,Narrow_Brown_Spot,RiceLeafDisease_BD5,EXTERNAL_FIELD_DATASET
IMG_20241031_131607.jpg,.jpg,Narrow_Brown_Spot/IMG_20241031_131607.jpg,5860,True,300,300,1.0,RGB,3,JPEG,7ca3edb515a598271f0752ba46dc3a76382cb311b0aaa4841f4ed87b57d105f0,,Narrow_Brown_Spot,RiceLeafDisease_BD5,EXTERNAL_FIELD_DATASET
IMG_20241031_131619.jpg,.jpg,Narrow_Brown_Spot/IMG_20241031_131619.jpg,9330,True,300,300,1.0,RGB,3,JPEG,49f45d62991a08e0fc1bfd5b63c91414c2c8baa289ade2bb80ec381d0cec4c01,,Narrow_Brown_Spot,RiceLeafDisease_BD5,EXTERNAL_FIELD_DATASET
IMG_20241031_131631.jpg,.jpg,Narrow_Brown_Spot/IMG_20241031_131631.jpg,7541,True,300,300,1.0,RGB,3,JPEG,8e23b54f4520b1031879158462bbd96ae466bbf95a55f0b3334ce2b3a2b8cfca,,Narrow_Brown_Spot,RiceLeafDisease_BD5,EXTERNAL_FIELD_DATASET
IMG_20241031_131632.jpg,.jpg,Narrow_Brown_Spot/IMG_20241031_131632.jpg,7550,True,300,300,1.0,RGB,3,JPEG,6cb950ec701f432346f5450d453ed1e7c72b38603f3d9c00e6dd80fa158c034b,,Narrow_Brown_Spot,RiceLeafDisease_BD5,EXTERNAL_FIELD_DATASET
IMG_20241031_131635.jpg,.jpg,Narrow_Brown_Spot/IMG_20241031_131635.jpg,7254,True,300,300,1.0,RGB,3,JPEG,ea435fc004dba582abf047f69bb46823b3b51c5e35258e777da03de817116867,,Narrow_Brown_Spot,RiceLeafDisease_BD5,EXTERNAL_FIELD_DATASET
IMG_20241031_131639.jpg,.jpg,Narrow_Brown_Spot/IMG_20241031_131639.jpg,7924,True,300,300,1.0,RGB,3,JPEG,b0e71fb5890566a2272358b4aa54e7d557e18558d98515fefb7d0d50c49058e8,,Narrow_Brown_Spot,RiceLeafDisease_BD5,EXTERNAL_FIELD_DATASET
IMG_20241031_131640.jpg,.jpg,Narrow_Brown_Spot/IMG_20241031_131640.jpg,7962,True,300,300,1.0,RGB,3,JPEG,ba7cd7d49c212c1bc46c91796440a39295dfb6407adcbb3992b754fb1c7bf495,,Narrow_Brown_Spot,RiceLeafDisease_BD5,EXTERNAL_FIELD_DATASET
IMG_20241031_131641.jpg,.jpg,Narrow_Brown_Spot/IMG_20241031_131641.jpg,8708,True,300,300,1.0,RGB,3,JPEG,c5dfeef6156790b27f225bce255087e790d6c60a4ac4847cbb91644109981e3c,,Narrow_Brown_Spot,RiceLeafDisease_BD5,EXTERNAL_FIELD_DATASET
IMG_20241031_131641_1.jpg,.jpg,Narrow_Brown_Spot/IMG_20241031_131641_1.jpg,8739,True,300,300,1.0,RGB,3,JPEG,7b7c1e80f74f8e9bb290933ceafd4606215b83c2dc50b5d9f7d483ecf53c1819,,Narrow_Brown_Spot,RiceLeafDisease_BD5,EXTERNAL_FIELD_DATASET
IMG_20241031_131647.jpg,.jpg,Narrow_Brown_Spot/IMG_20241031_131647.jpg,7168,True,300,300,1.0,RGB,3,JPEG,0ac1b016eff1d537be08e8016e28b23f79d73e4a39d03641600d18563347dc01,,Narrow_Brown_Spot,RiceLeafDisease_BD5,EXTERNAL_FIELD_DATASET
IMG_20241031_131658.jpg,.jpg,Narrow_Brown_Spot/IMG_20241031_131658.jpg,7693,True,300,300,1.0,RGB,3,JPEG,eb2ccfad8cfbb8aa122f1b26bb21edf325f1d0732d096038f3d9c6a1721b91d4,,Narrow_Brown_Spot,RiceLeafDisease_BD5,EXTERNAL_FIELD_DATASET
IMG_20241031_131658_1.jpg,.jpg,Narrow_Brown_Spot/IMG_20241031_131658_1.jpg,5074,True,300,300,1.0,RGB,3,JPEG,508c507ba07e3890d7c703100b5391bca2d90f6380adaf417a95168774ce8d9f,,Narrow_Brown_Spot,RiceLeafDisease_BD5,EXTERNAL_FIELD_DATASET
IMG_20241031_131659.jpg,.jpg,Narrow_Brown_Spot/IMG_20241031_131659.jpg,4930,True,300,300,1.0,RGB,3,JPEG,663d1461dcc18565c9abc6d6855f50b9bd1c8b9e6678217558d1ea54b53f7df6,,Narrow_Brown_Spot,RiceLeafDisease_BD5,EXTERNAL_FIELD_DATASET
IMG_20241031_132400.jpg,.jpg,Narrow_Brown_Spot/IMG_20241031_132400.jpg,6614,True,300,300,1.0,RGB,3,JPEG,52fc3a7a88f2022f52fd6edfd60c634c641b99260b8341e3fcb602c2e09d57e1,,Narrow_Brown_Spot,RiceLeafDisease_BD5,EXTERNAL_FIELD_DATASET
IMG_20241031_132408.jpg,.jpg,Narrow_Brown_Spot/IMG_20241031_132408.jpg,9136,True,300,300,1.0,RGB,3,JPEG,9a843884fc9b3f5f982026abf3727e5eae5f684c5964e018097c6f9625f52811,,Narrow_Brown_Spot,RiceLeafDisease_BD5,EXTERNAL_FIELD_DATASET
IMG_20241031_132409.jpg,.jpg,Narrow_Brown_Spot/IMG_20241031_132409.jpg,8510,True,300,300,1.0,RGB,3,JPEG,fcf6e4b1dbc2c390d4633a691a06156cff74c1070ffefa24538e3257eea63379,,Narrow_Brown_Spot,RiceLeafDisease_BD5,EXTERNAL_FIELD_DATASET
IMG_20241031_132429.jpg,.jpg,Narrow_Brown_Spot/IMG_20241031_132429.jpg,4287,True,300,300,1.0,RGB,3,JPEG,6c276f45b3e3c503841e67ce0024493bac043bf5b34f65064e3b3eb367bb6dec,,Narrow_Brown_Spot,RiceLeafDisease_BD5,EXTERNAL_FIELD_DATASET
IMG_20241031_132443.jpg,.jpg,Narrow_Brown_Spot/IMG_20241031_132443.jpg,4862,True,300,300,1.0,RGB,3,JPEG,068ba03aa116ed256fabd5bb2c7993396d7b7a93b8177c61caa6c110cd44e16c,,Narrow_Brown_Spot,RiceLeafDisease_BD5,EXTERNAL_FIELD_DATASET
IMG_20241031_132444.jpg,.jpg,Narrow_Brown_Spot/IMG_20241031_132444.jpg,4834,True,300,300,1.0,RGB,3,JPEG,eb0681f5808414842f553a91f804e52d49da31b6df1b809624d91206fe3d219a,,Narrow_Brown_Spot,RiceLeafDisease_BD5,EXTERNAL_FIELD_DATASET
IMG_20241031_132450.jpg,.jpg,Narrow_Brown_Spot/IMG_20241031_132450.jpg,8268,True,300,300,1.0,RGB,3,JPEG,f0de90483272a717ff5e323fd445603fc66d87c6712ad2779fe7c74c6b8a023a,,Narrow_Brown_Spot,RiceLeafDisease_BD5,EXTERNAL_FIELD_DATASET
IMG_20241031_132451.jpg,.jpg,Narrow_Brown_Spot/IMG_20241031_132451.jpg,7048,True,300,300,1.0,RGB,3,JPEG,973a777cb282e4c3a7b62635e0b435bfd215ba7f392feff7318eb5eca577d7dd,,Narrow_Brown_Spot,RiceLeafDisease_BD5,EXTERNAL_FIELD_DATASET
IMG_20241031_132502.jpg,.jpg,Narrow_Brown_Spot/IMG_20241031_132502.jpg,5648,True,300,300,1.0,RGB,3,JPEG,8b42da6ffd05bb4b36ab7dc943342ca46e31450d83639603be13f49581bbd713,,Narrow_Brown_Spot,RiceLeafDisease_BD5,EXTERNAL_FIELD_DATASET
IMG_20241031_132515.jpg,.jpg,Narrow_Brown_Spot/IMG_20241031_132515.jpg,5501,True,300,300,1.0,RGB,3,JPEG,3bc640049fbb2813728d59bafcc56ae5724633d3cc3b5a8d80a2eeb468064bad,,Narrow_Brown_Spot,RiceLeafDisease_BD5,EXTERNAL_FIELD_DATASET
IMG_20241031_132517.jpg,.jpg,Narrow_Brown_Spot/IMG_20241031_132517.jpg,5461,True,300,300,1.0,RGB,3,JPEG,3ec7568a303cfbae9ffb2403e11c5aa347c5cb47700783674ccb2b3b060a42ac,,Narrow_Brown_Spot,RiceLeafDisease_BD5,EXTERNAL_FIELD_DATASET
IMG_20241031_132540.jpg,.jpg,Narrow_Brown_Spot/IMG_20241031_132540.jpg,5747,True,300,300,1.0,RGB,3,JPEG,90adc1b78204e9e1ad8c95f5c6792eb883bffc163373c767328b374117fcbed4,,Narrow_Brown_Spot,RiceLeafDisease_BD5,EXTERNAL_FIELD_DATASET
IMG_20241031_132622.jpg,.jpg,Narrow_Brown_Spot/IMG_20241031_132622.jpg,6262,True,300,300,1.0,RGB,3,JPEG,c84473e02c16a6c46b30c702284d12e26143ead6f3340fcd4820ef1701dd3543,,Narrow_Brown_Spot,RiceLeafDisease_BD5,EXTERNAL_FIELD_DATASET
IMG_20241031_132624.jpg,.jpg,Narrow_Brown_Spot/IMG_20241031_132624.jpg,6323,True,300,300,1.0,RGB,3,JPEG,8102e00d41d189b9d141d6a5232a4292a67c593ccdf4dd0b6c775122cc21b928,,Narrow_Brown_Spot,RiceLeafDisease_BD5,EXTERNAL_FIELD_DATASET
IMG_20241031_132747.jpg,.jpg,Narrow_Brown_Spot/IMG_20241031_132747.jpg,4576,True,300,300,1.0,RGB,3,JPEG,05f526fb42a3e52e98ead14778e1c0f830c2c9c501209d96ba20775253591f6c,,Narrow_Brown_Spot,RiceLeafDisease_BD5,EXTERNAL_FIELD_DATASET
IMG_20241031_132755.jpg,.jpg,Narrow_Brown_Spot/IMG_20241031_132755.jpg,5358,True,300,300,1.0,RGB,3,JPEG,d06f470386a7906971fc5948a73d23a43cba7669a0d40d6e1bc15e76598d441e,,Narrow_Brown_Spot,RiceLeafDisease_BD5,EXTERNAL_FIELD_DATASET
IMG_20241031_132756.jpg,.jpg,Narrow_Brown_Spot/IMG_20241031_132756.jpg,5343,True,300,300,1.0,RGB,3,JPEG,6ffaae674f287eec19ae6f829a3c573da10fb03240db074b8d20df2f1abb6c4a,,Narrow_Brown_Spot,RiceLeafDisease_BD5,EXTERNAL_FIELD_DATASET
IMG_20241031_132804.jpg,.jpg,Narrow_Brown_Spot/IMG_20241031_132804.jpg,5470,True,300,300,1.0,RGB,3,JPEG,a06a67eeae40230139b739e9e9fbead620d2167a5f3054bdb933eff57a45cf58,,Narrow_Brown_Spot,RiceLeafDisease_BD5,EXTERNAL_FIELD_DATASET
IMG_20241031_133115.jpg,.jpg,Narrow_Brown_Spot/IMG_20241031_133115.jpg,6521,True,300,300,1.0,RGB,3,JPEG,9b72be9ec768cb72e928d6a2c07c065b6f26bf6b4b92db4937987b846198074f,,Narrow_Brown_Spot,RiceLeafDisease_BD5,EXTERNAL_FIELD_DATASET
IMG_20241031_133127.jpg,.jpg,Narrow_Brown_Spot/IMG_20241031_133127.jpg,10294,True,300,300,1.0,RGB,3,JPEG,ed4c29f56a55f8cda2b19c38c539e41760a2c4207dcee156ff744823db33936a,,Narrow_Brown_Spot,RiceLeafDisease_BD5,EXTERNAL_FIELD_DATASET
IMG_20241031_133145.jpg,.jpg,Narrow_Brown_Spot/IMG_20241031_133145.jpg,7514,True,300,300,1.0,RGB,3,JPEG,e3b05d6bde4327f8c9ab10038823c6946a70ce82ff7402341fa4e1615a8fc449,,Narrow_Brown_Spot,RiceLeafDisease_BD5,EXTERNAL_FIELD_DATASET
IMG_20241031_133155.jpg,.jpg,Narrow_Brown_Spot/IMG_20241031_133155.jpg,7457,True,300,300,1.0,RGB,3,JPEG,22eeb455cd8d264b7e4f7907f5ba7c10becc8ce58500b932dece4cd774e608fe,,Narrow_Brown_Spot,RiceLeafDisease_BD5,EXTERNAL_FIELD_DATASET
IMG_20241031_133211.jpg,.jpg,Narrow_Brown_Spot/IMG_20241031_133211.jpg,4404,True,300,300,1.0,RGB,3,JPEG,9ba7801ecb3f0fcbbd89fcc4d20ef4ab7063c3cbefee83b17003c2eece43782f,,Narrow_Brown_Spot,RiceLeafDisease_BD5,EXTERNAL_FIELD_DATASET
IMG_20241031_133220.jpg,.jpg,Narrow_Brown_Spot/IMG_20241031_133220.jpg,5593,True,300,300,1.0,RGB,3,JPEG,116f9d1db54a93afb83e939cf5140534deff914ef97959889ca045878be80fcf,,Narrow_Brown_Spot,RiceLeafDisease_BD5,EXTERNAL_FIELD_DATASET
IMG_20241031_133223.jpg,.jpg,Narrow_Brown_Spot/IMG_20241031_133223.jpg,6800,True,300,300,1.0,RGB,3,JPEG,72032e229a491dfce728d46fc9e15070c1318b4f0c431d961d79c4056fc567a8,,Narrow_Brown_Spot,RiceLeafDisease_BD5,EXTERNAL_FIELD_DATASET
IMG_20241031_133226.jpg,.jpg,Narrow_Brown_Spot/IMG_20241031_133226.jpg,6433,True,300,300,1.0,RGB,3,JPEG,ea8f63acb9985b047c30c91da91622a188628e28af1a2603789f61e6624a4ef6,,Narrow_Brown_Spot,RiceLeafDisease_BD5,EXTERNAL_FIELD_DATASET
IMG_20241031_133227.jpg,.jpg,Narrow_Brown_Spot/IMG_20241031_133227.jpg,7939,True,300,300,1.0,RGB,3,JPEG,68ba3a63f9587645a5d55e705f854c3288627000b5f7b5ab7c3526039e36433f,,Narrow_Brown_Spot,RiceLeafDisease_BD5,EXTERNAL_FIELD_DATASET
IMG_20241031_133230.jpg,.jpg,Narrow_Brown_Spot/IMG_20241031_133230.jpg,8035,True,300,300,1.0,RGB,3,JPEG,af510b2e45d9f67fab91bd4f3976562d1909ee6fb45802082816ca98553a29f9,,Narrow_Brown_Spot,RiceLeafDisease_BD5,EXTERNAL_FIELD_DATASET
IMG_20241031_133414.jpg,.jpg,Narrow_Brown_Spot/IMG_20241031_133414.jpg,5648,True,300,300,1.0,RGB,3,JPEG,1c6adc7ef5838c03d6e941b1a309d04cfb1fdbcd5f1422ab346aeff28f74be16,,Narrow_Brown_Spot,RiceLeafDisease_BD5,EXTERNAL_FIELD_DATASET
IMG_20241031_133428.jpg,.jpg,Narrow_Brown_Spot/IMG_20241031_133428.jpg,8755,True,300,300,1.0,RGB,3,JPEG,c76ea44c49d8ec86d803c8ed322f7d04c151df689da5df53e79ebba59a280ebd,,Narrow_Brown_Spot,RiceLeafDisease_BD5,EXTERNAL_FIELD_DATASET
IMG_20241031_133520.jpg,.jpg,Narrow_Brown_Spot/IMG_20241031_133520.jpg,6941,True,300,300,1.0,RGB,3,JPEG,50e34e8e044faa9846816f0287a70db627eb6cb0d85fb32d7c12bad13fb717e3,,Narrow_Brown_Spot,RiceLeafDisease_BD5,EXTERNAL_FIELD_DATASET
IMG_20241031_133528.jpg,.jpg,Narrow_Brown_Spot/IMG_20241031_133528.jpg,8245,True,300,300,1.0,RGB,3,JPEG,cd78c50e15d080016d3289f850463c5c7453cb9770ea5421ed593c08abe57950,,Narrow_Brown_Spot,RiceLeafDisease_BD5,EXTERNAL_FIELD_DATASET
IMG_20241031_133534.jpg,.jpg,Narrow_Brown_Spot/IMG_20241031_133534.jpg,8441,True,300,300,1.0,RGB,3,JPEG,bae315fb858db38886aded679956f6464114a7a3ed8b273963f7d3be399ffa8c,,Narrow_Brown_Spot,RiceLeafDisease_BD5,EXTERNAL_FIELD_DATASET
IMG_20241031_133540.jpg,.jpg,Narrow_Brown_Spot/IMG_20241031_133540.jpg,6752,True,300,300,1.0,RGB,3,JPEG,651a04faddb7e20892f53f6fe1d233dd822b245f70f4e2ee86212ce80bfc4ee4,,Narrow_Brown_Spot,RiceLeafDisease_BD5,EXTERNAL_FIELD_DATASET
IMG_20241031_133548.jpg,.jpg,Narrow_Brown_Spot/IMG_20241031_133548.jpg,5540,True,300,300,1.0,RGB,3,JPEG,d9efca5a0f3dd3b76b02667aea25b8e6ed041e9524a6085ca46f336ed62e085e,,Narrow_Brown_Spot,RiceLeafDisease_BD5,EXTERNAL_FIELD_DATASET
IMG_20241031_133558.jpg,.jpg,Narrow_Brown_Spot/IMG_20241031_133558.jpg,6866,True,300,300,1.0,RGB,3,JPEG,6dd51bd432139e45fed8d5c9bc64588f8389887fe87372843faae633ac4bb612,,Narrow_Brown_Spot,RiceLeafDisease_BD5,EXTERNAL_FIELD_DATASET
IMG_20241031_133608.jpg,.jpg,Narrow_Brown_Spot/IMG_20241031_133608.jpg,6309,True,300,300,1.0,RGB,3,JPEG,32bceb1d19ba4c309c95f52e66a7b34704931d5410013266d50e6992504aeb13,,Narrow_Brown_Spot,RiceLeafDisease_BD5,EXTERNAL_FIELD_DATASET
IMG_20241031_133614.jpg,.jpg,Narrow_Brown_Spot/IMG_20241031_133614.jpg,5787,True,300,300,1.0,RGB,3,JPEG,11a1b475f693eae90c8086eb3d36b0a7ce87cd871260fbc7d0734ea782bcb929,,Narrow_Brown_Spot,RiceLeafDisease_BD5,EXTERNAL_FIELD_DATASET
IMG_20241031_133614_1.jpg,.jpg,Narrow_Brown_Spot/IMG_20241031_133614_1.jpg,5839,True,300,300,1.0,RGB,3,JPEG,dd211aa57145ea604c611d9f8736856c6ec9424aac060b02689c91f89e78f547,,Narrow_Brown_Spot,RiceLeafDisease_BD5,EXTERNAL_FIELD_DATASET
IMG_20241031_133621.jpg,.jpg,Narrow_Brown_Spot/IMG_20241031_133621.jpg,7194,True,300,300,1.0,RGB,3,JPEG,b2490a617b8aff1954ba879adf48f35a6dc5151b25698ba0bf97f648a247ce77,,Narrow_Brown_Spot,RiceLeafDisease_BD5,EXTERNAL_FIELD_DATASET
IMG_20241031_133627.jpg,.jpg,Narrow_Brown_Spot/IMG_20241031_133627.jpg,7694,True,300,300,1.0,RGB,3,JPEG,d7f10dfe416ab0d61820430477eefbe0cfb6c6fe43da5b44849029dbf2d05802,,Narrow_Brown_Spot,RiceLeafDisease_BD5,EXTERNAL_FIELD_DATASET
IMG_20241031_133637.jpg,.jpg,Narrow_Brown_Spot/IMG_20241031_133637.jpg,5513,True,300,300,1.0,RGB,3,JPEG,b4cfeb9cd8fd1aecbee6e5f7d4c20eae70c29e5048eda26254b05a088e490e69,,Narrow_Brown_Spot,RiceLeafDisease_BD5,EXTERNAL_FIELD_DATASET
IMG_20241031_133652.jpg,.jpg,Narrow_Brown_Spot/IMG_20241031_133652.jpg,6609,True,300,300,1.0,RGB,3,JPEG,823db136d9c33cfb92088a10ad58a5acb931288a4ee9333e88d05ecf73d9656e,,Narrow_Brown_Spot,RiceLeafDisease_BD5,EXTERNAL_FIELD_DATASET
IMG_20241031_133653.jpg,.jpg,Narrow_Brown_Spot/IMG_20241031_133653.jpg,6407,True,300,300,1.0,RGB,3,JPEG,2a1c617369a26165d5431e4bd787b29149eb72c4a837ce3c99489fdd24cb335c,,Narrow_Brown_Spot,RiceLeafDisease_BD5,EXTERNAL_FIELD_DATASET
IMG_20241031_133715.jpg,.jpg,Narrow_Brown_Spot/IMG_20241031_133715.jpg,6179,True,300,300,1.0,RGB,3,JPEG,a5b0a449e0eea825b7921f3f08f7065feaf871ad529a537e91011d1847d2bb46,,Narrow_Brown_Spot,RiceLeafDisease_BD5,EXTERNAL_FIELD_DATASET
IMG_20241031_133911.jpg,.jpg,Narrow_Brown_Spot/IMG_20241031_133911.jpg,8023,True,300,300,1.0,RGB,3,JPEG,29c618aa1bc3754dc8a133e0a3654090f0c17774e7e77bb1bf0f373838da9ab8,,Narrow_Brown_Spot,RiceLeafDisease_BD5,EXTERNAL_FIELD_DATASET
IMG_20241031_133933.jpg,.jpg,Narrow_Brown_Spot/IMG_20241031_133933.jpg,7569,True,300,300,1.0,RGB,3,JPEG,a81452b5925e3e5ce7ae2045d7029b530519de367a3dc1ca5d6364201a900024,,Narrow_Brown_Spot,RiceLeafDisease_BD5,EXTERNAL_FIELD_DATASET
IMG_20241031_133940.jpg,.jpg,Narrow_Brown_Spot/IMG_20241031_133940.jpg,5723,True,300,300,1.0,RGB,3,JPEG,0c74d2d7a46a6bb3dcdaab440e6178758f3ca831da4741e7a209940a03fecbd1,,Narrow_Brown_Spot,RiceLeafDisease_BD5,EXTERNAL_FIELD_DATASET
IMG_20241031_133941.jpg,.jpg,Narrow_Brown_Spot/IMG_20241031_133941.jpg,5536,True,300,300,1.0,RGB,3,JPEG,e136f903034fd4e17e0f5268744b9a23fb40a61e932705a801990ad82d3b93dc,,Narrow_Brown_Spot,RiceLeafDisease_BD5,EXTERNAL_FIELD_DATASET
IMG_20241031_133949.jpg,.jpg,Narrow_Brown_Spot/IMG_20241031_133949.jpg,6249,True,300,300,1.0,RGB,3,JPEG,41795c2525bbaa420f5b195178051d1cff77070b791a919563f1c9b0f69da634,,Narrow_Brown_Spot,RiceLeafDisease_BD5,EXTERNAL_FIELD_DATASET
IMG_20241031_134008.jpg,.jpg,Narrow_Brown_Spot/IMG_20241031_134008.jpg,7489,True,300,300,1.0,RGB,3,JPEG,65832b1538656648482ad21541480745a5ecb7fe29de96604da6eb61d09f3af6,,Narrow_Brown_Spot,RiceLeafDisease_BD5,EXTERNAL_FIELD_DATASET
IMG_20241031_134016.jpg,.jpg,Narrow_Brown_Spot/IMG_20241031_134016.jpg,6998,True,300,300,1.0,RGB,3,JPEG,d5ba5be821d0fb3f0e598628d4cdbdfd853a284446e47ed3b1380a2c1d17b4cd,,Narrow_Brown_Spot,RiceLeafDisease_BD5,EXTERNAL_FIELD_DATASET
IMG_20241031_134017.jpg,.jpg,Narrow_Brown_Spot/IMG_20241031_134017.jpg,7068,True,300,300,1.0,RGB,3,JPEG,86e9700db5fc935d6e4f39633229390c1837b867005561e1aa323ba08718e259,,Narrow_Brown_Spot,RiceLeafDisease_BD5,EXTERNAL_FIELD_DATASET
IMG_20241031_134029.jpg,.jpg,Narrow_Brown_Spot/IMG_20241031_134029.jpg,6268,True,300,300,1.0,RGB,3,JPEG,ad152dc5cee7eb1a8343886d551194201eab6202416a1fa6e16c1900677dba6e,,Narrow_Brown_Spot,RiceLeafDisease_BD5,EXTERNAL_FIELD_DATASET
IMG_20241031_134042.jpg,.jpg,Narrow_Brown_Spot/IMG_20241031_134042.jpg,5783,True,300,300,1.0,RGB,3,JPEG,cda1c2bf26c0de2a4a721a625917a826f4cf77e6665395cc931963879a401cde,,Narrow_Brown_Spot,RiceLeafDisease_BD5,EXTERNAL_FIELD_DATASET
IMG_20241031_134056.jpg,.jpg,Narrow_Brown_Spot/IMG_20241031_134056.jpg,4220,True,300,300,1.0,RGB,3,JPEG,d253056c285bd66a6302dc075eb018d47acc8d5bcceb1355bd32e134cc5af13a,,Narrow_Brown_Spot,RiceLeafDisease_BD5,EXTERNAL_FIELD_DATASET
IMG_20241031_134108.jpg,.jpg,Narrow_Brown_Spot/IMG_20241031_134108.jpg,4052,True,300,300,1.0,RGB,3,JPEG,c440e5b88f86492be103a5ae32cf3bd4815c5267a0e7727f28ef99e832e85b26,,Narrow_Brown_Spot,RiceLeafDisease_BD5,EXTERNAL_FIELD_DATASET
IMG_20241031_134115.jpg,.jpg,Narrow_Brown_Spot/IMG_20241031_134115.jpg,4248,True,300,300,1.0,RGB,3,JPEG,812121a6f4fd16a15b9ee41998207f0b5284a32f49edc714a3fc737971baf85b,,Narrow_Brown_Spot,RiceLeafDisease_BD5,EXTERNAL_FIELD_DATASET
IMG_20241031_134235.jpg,.jpg,Narrow_Brown_Spot/IMG_20241031_134235.jpg,6983,True,300,300,1.0,RGB,3,JPEG,87a3a0bdd78e2d466e7d673d8933df0aa2cbf221552afb6a68e0f456e290ce40,,Narrow_Brown_Spot,RiceLeafDisease_BD5,EXTERNAL_FIELD_DATASET
IMG_20241031_134236.jpg,.jpg,Narrow_Brown_Spot/IMG_20241031_134236.jpg,7028,True,300,300,1.0,RGB,3,JPEG,ac63692f54e1598d35e1dd98c6fb8038e479537e278815d3bd71f1fa1acf595a,,Narrow_Brown_Spot,RiceLeafDisease_BD5,EXTERNAL_FIELD_DATASET
IMG_20241031_134239.jpg,.jpg,Narrow_Brown_Spot/IMG_20241031_134239.jpg,5335,True,300,300,1.0,RGB,3,JPEG,e3bd5537278ae718ac3b36d14d8cb679fcf9f0b9e97e5c93de397a199f4b80e9,,Narrow_Brown_Spot,RiceLeafDisease_BD5,EXTERNAL_FIELD_DATASET
IMG_20241031_134255.jpg,.jpg,Narrow_Brown_Spot/IMG_20241031_134255.jpg,8789,True,300,300,1.0,RGB,3,JPEG,439c4d9092fec402d6df6532c5dfebb8f36039caf8ea8cda92e3ae215a944399,,Narrow_Brown_Spot,RiceLeafDisease_BD5,EXTERNAL_FIELD_DATASET
IMG_20241031_134257.jpg,.jpg,Narrow_Brown_Spot/IMG_20241031_134257.jpg,8716,True,300,300,1.0,RGB,3,JPEG,e50b9c80df2d8eb59ac9becc04322068e29991ff43cf6ab02939e198848065a6,,Narrow_Brown_Spot,RiceLeafDisease_BD5,EXTERNAL_FIELD_DATASET
IMG_20241031_134434.jpg,.jpg,Narrow_Brown_Spot/IMG_20241031_134434.jpg,5673,True,300,300,1.0,RGB,3,JPEG,c7e026ed4ee7730a04e990682b310d02751d84c2d8f1470741b4d9e5746132fe,,Narrow_Brown_Spot,RiceLeafDisease_BD5,EXTERNAL_FIELD_DATASET
IMG_20241031_134451.jpg,.jpg,Narrow_Brown_Spot/IMG_20241031_134451.jpg,8016,True,300,300,1.0,RGB,3,JPEG,d37aeafd8a619ce403c79f7946e8912fd58b7bff52077ccbcbc78b950885cfaa,,Narrow_Brown_Spot,RiceLeafDisease_BD5,EXTERNAL_FIELD_DATASET
IMG_20241031_134827.jpg,.jpg,Narrow_Brown_Spot/IMG_20241031_134827.jpg,7128,True,300,300,1.0,RGB,3,JPEG,a3ad8cbd993da6cdc4944e398a8e02941fbe6501ea2e533d365d665b4a2e3ae0,,Narrow_Brown_Spot,RiceLeafDisease_BD5,EXTERNAL_FIELD_DATASET
IMG_20241031_134832.jpg,.jpg,Narrow_Brown_Spot/IMG_20241031_134832.jpg,6729,True,300,300,1.0,RGB,3,JPEG,d75eed20be8bfb32a057fa08be8cfc75e05076d471259b5855da25afb4d90999,,Narrow_Brown_Spot,RiceLeafDisease_BD5,EXTERNAL_FIELD_DATASET
IMG_20241031_134844.jpg,.jpg,Narrow_Brown_Spot/IMG_20241031_134844.jpg,8085,True,300,300,1.0,RGB,3,JPEG,75af010d8ecc11ad16a03a8d09e8f8c4e5c5a8b953575fc105eda8baf6e0f990,,Narrow_Brown_Spot,RiceLeafDisease_BD5,EXTERNAL_FIELD_DATASET
IMG_20241031_134850.jpg,.jpg,Narrow_Brown_Spot/IMG_20241031_134850.jpg,6243,True,300,300,1.0,RGB,3,JPEG,0f838f5c30b53afcf37597b942004d295091c4eafc3356d6a8a6dce3ff430bcc,,Narrow_Brown_Spot,RiceLeafDisease_BD5,EXTERNAL_FIELD_DATASET
IMG_20241031_134851.jpg,.jpg,Narrow_Brown_Spot/IMG_20241031_134851.jpg,6110,True,300,300,1.0,RGB,3,JPEG,42c6bb449f529f3bd04cd72275cb1d8ac30244d73681c9f3e2e82022f2f4e958,,Narrow_Brown_Spot,RiceLeafDisease_BD5,EXTERNAL_FIELD_DATASET
IMG_20241031_134903.jpg,.jpg,Narrow_Brown_Spot/IMG_20241031_134903.jpg,6211,True,300,300,1.0,RGB,3,JPEG,b132d97415c7e76ecf9cde039c18595b6eb31ced9752621d355c5bdeebf76d66,,Narrow_Brown_Spot,RiceLeafDisease_BD5,EXTERNAL_FIELD_DATASET
IMG_20241031_134909.jpg,.jpg,Narrow_Brown_Spot/IMG_20241031_134909.jpg,4337,True,300,300,1.0,RGB,3,JPEG,3fd835b44720bb1510b9888a9047b9c67ccfd46215047fb686d538fd2f04a803,,Narrow_Brown_Spot,RiceLeafDisease_BD5,EXTERNAL_FIELD_DATASET
IMG_20241031_134943.jpg,.jpg,Narrow_Brown_Spot/IMG_20241031_134943.jpg,6448,True,300,300,1.0,RGB,3,JPEG,9c2a12a21bc2602ba3201ad30734686694a1b0502c586582ff1cf0ce0ffa9b87,,Narrow_Brown_Spot,RiceLeafDisease_BD5,EXTERNAL_FIELD_DATASET
IMG_20241031_134951.jpg,.jpg,Narrow_Brown_Spot/IMG_20241031_134951.jpg,5194,True,300,300,1.0,RGB,3,JPEG,4297f47130d9e6a243e83716722c42aebbc4bb2715530d4cf5b82c42f32461c0,,Narrow_Brown_Spot,RiceLeafDisease_BD5,EXTERNAL_FIELD_DATASET
IMG_20241031_135012.jpg,.jpg,Narrow_Brown_Spot/IMG_20241031_135012.jpg,6272,True,300,300,1.0,RGB,3,JPEG,1cc3ad9b47d5a05dd6190f9afbc086771e36b79e54ef62717c61a24a2058660c,,Narrow_Brown_Spot,RiceLeafDisease_BD5,EXTERNAL_FIELD_DATASET
IMG_20241031_135018.jpg,.jpg,Narrow_Brown_Spot/IMG_20241031_135018.jpg,7971,True,300,300,1.0,RGB,3,JPEG,b839db35cb6e4e3e700af785440425567e3a4e845943c78cc5af422670ebbdf2,,Narrow_Brown_Spot,RiceLeafDisease_BD5,EXTERNAL_FIELD_DATASET
IMG_20241031_135023.jpg,.jpg,Narrow_Brown_Spot/IMG_20241031_135023.jpg,9241,True,300,300,1.0,RGB,3,JPEG,248443971d3aa3b44d36c1d80d10b4a3c5fb9c9181d83175c1a64d33b568dc4e,,Narrow_Brown_Spot,RiceLeafDisease_BD5,EXTERNAL_FIELD_DATASET
IMG_20241031_135026.jpg,.jpg,Narrow_Brown_Spot/IMG_20241031_135026.jpg,9315,True,300,300,1.0,RGB,3,JPEG,5198ecbf5193ba6fcf1f14b6eddc24ae773badc34e9aa15f5a8560485706e290,,Narrow_Brown_Spot,RiceLeafDisease_BD5,EXTERNAL_FIELD_DATASET
IMG_20241031_135059.jpg,.jpg,Narrow_Brown_Spot/IMG_20241031_135059.jpg,5476,True,300,300,1.0,RGB,3,JPEG,607bc93560921b0cbcb8f955aa638555cf7b2ff678f4677fe23b860514b2e67f,,Narrow_Brown_Spot,RiceLeafDisease_BD5,EXTERNAL_FIELD_DATASET
IMG_20241031_135100.jpg,.jpg,Narrow_Brown_Spot/IMG_20241031_135100.jpg,5374,True,300,300,1.0,RGB,3,JPEG,5a7f6a63a7069123f61d0fa9fffe0bdce92cb663b039703a8661469361ee4e7c,,Narrow_Brown_Spot,RiceLeafDisease_BD5,EXTERNAL_FIELD_DATASET
IMG_20241031_135109.jpg,.jpg,Narrow_Brown_Spot/IMG_20241031_135109.jpg,6584,True,300,300,1.0,RGB,3,JPEG,bdd1795636c56d9473973ae2cd240d1816c54af6282fae1a2400784e3cd88de2,,Narrow_Brown_Spot,RiceLeafDisease_BD5,EXTERNAL_FIELD_DATASET
IMG_20241031_135114.jpg,.jpg,Narrow_Brown_Spot/IMG_20241031_135114.jpg,8112,True,300,300,1.0,RGB,3,JPEG,730e57ec58fdd6d5dc6e0f6907eeedbb02b76fa7eed0e9887a2c23093caa41ed,,Narrow_Brown_Spot,RiceLeafDisease_BD5,EXTERNAL_FIELD_DATASET
IMG_20241031_135117.jpg,.jpg,Narrow_Brown_Spot/IMG_20241031_135117.jpg,7968,True,300,300,1.0,RGB,3,JPEG,b520b67ef7599c688a9f2b0ecccb0c64d4ae9e0ad46fcebb88c20bbf6424a8f4,,Narrow_Brown_Spot,RiceLeafDisease_BD5,EXTERNAL_FIELD_DATASET
IMG_20241031_135127.jpg,.jpg,Narrow_Brown_Spot/IMG_20241031_135127.jpg,5988,True,300,300,1.0,RGB,3,JPEG,f1e079a4e3709a60d9c3b07d8d2a5e07b12d0962123bb24d9991650a4d0f9a74,,Narrow_Brown_Spot,RiceLeafDisease_BD5,EXTERNAL_FIELD_DATASET
IMG_20241031_135128.jpg,.jpg,Narrow_Brown_Spot/IMG_20241031_135128.jpg,5895,True,300,300,1.0,RGB,3,JPEG,f25f2a2a185d9bf06437470d4fe13cfd0dab4b204049c53c14c19012272cad37,,Narrow_Brown_Spot,RiceLeafDisease_BD5,EXTERNAL_FIELD_DATASET
IMG_20241031_135131.jpg,.jpg,Narrow_Brown_Spot/IMG_20241031_135131.jpg,7631,True,300,300,1.0,RGB,3,JPEG,b6d0d3468a3839441493766d1315f882812620526e0ff07e174b53bbb0e6a697,,Narrow_Brown_Spot,RiceLeafDisease_BD5,EXTERNAL_FIELD_DATASET
IMG_20241031_135221.jpg,.jpg,Narrow_Brown_Spot/IMG_20241031_135221.jpg,5015,True,300,300,1.0,RGB,3,JPEG,c71a29298ab037caf85338b666f3b06bfa7c750dc7376521747f24933806146e,,Narrow_Brown_Spot,RiceLeafDisease_BD5,EXTERNAL_FIELD_DATASET
IMG_20241031_135346.jpg,.jpg,Narrow_Brown_Spot/IMG_20241031_135346.jpg,7748,True,300,300,1.0,RGB,3,JPEG,33d10c96ec7a2453ce9bb3562fc0ff8dedebe70b79f39a45b752d41bb0ea029e,,Narrow_Brown_Spot,RiceLeafDisease_BD5,EXTERNAL_FIELD_DATASET
IMG_20241031_135705.jpg,.jpg,Narrow_Brown_Spot/IMG_20241031_135705.jpg,5322,True,300,300,1.0,RGB,3,JPEG,34b493d5772202238b90d37276889d72a70835dcf35ff76a461df9f30160f648,,Narrow_Brown_Spot,RiceLeafDisease_BD5,EXTERNAL_FIELD_DATASET
IMG_20241031_135749.jpg,.jpg,Narrow_Brown_Spot/IMG_20241031_135749.jpg,6685,True,300,300,1.0,RGB,3,JPEG,37e86eb7a8feb9a7411acae27a1fc57e55fedef0b645f79f49e6dbc09c684d37,,Narrow_Brown_Spot,RiceLeafDisease_BD5,EXTERNAL_FIELD_DATASET
IMG_20241031_135750.jpg,.jpg,Narrow_Brown_Spot/IMG_20241031_135750.jpg,6681,True,300,300,1.0,RGB,3,JPEG,4b5a2665b1c3b4577bfc1e3ade7cb5fa7a11690f0aec84876e8762b4839aa05c,,Narrow_Brown_Spot,RiceLeafDisease_BD5,EXTERNAL_FIELD_DATASET
IMG_20241031_135802.jpg,.jpg,Narrow_Brown_Spot/IMG_20241031_135802.jpg,6547,True,300,300,1.0,RGB,3,JPEG,04fc41a28d270cd328c6c7bd772d7a2cd56b4eb1b544be72771e533fda378c84,,Narrow_Brown_Spot,RiceLeafDisease_BD5,EXTERNAL_FIELD_DATASET
IMG_20241031_140622.jpg,.jpg,Narrow_Brown_Spot/IMG_20241031_140622.jpg,7822,True,300,300,1.0,RGB,3,JPEG,0a21116e9e06ada3f2395f8520c00f233ad7336e25245f2d289f55bbc2b9d65c,,Narrow_Brown_Spot,RiceLeafDisease_BD5,EXTERNAL_FIELD_DATASET
IMG_20241031_140623.jpg,.jpg,Narrow_Brown_Spot/IMG_20241031_140623.jpg,8153,True,300,300,1.0,RGB,3,JPEG,67b356498a4da8149be261425c8ba7372acb0b1b6a5974b821363c4eea29c9ab,,Narrow_Brown_Spot,RiceLeafDisease_BD5,EXTERNAL_FIELD_DATASET
IMG_20241031_140627.jpg,.jpg,Narrow_Brown_Spot/IMG_20241031_140627.jpg,8107,True,300,300,1.0,RGB,3,JPEG,5c39538505876443415201d3a1565aeded2649892687bfa6c23b0b3a5e343704,,Narrow_Brown_Spot,RiceLeafDisease_BD5,EXTERNAL_FIELD_DATASET
IMG_20241031_140628.jpg,.jpg,Narrow_Brown_Spot/IMG_20241031_140628.jpg,8335,True,300,300,1.0,RGB,3,JPEG,e71c613baf37e7f968e38b4b737ace8049f304cc28950317e6df5db92fccb0e2,,Narrow_Brown_Spot,RiceLeafDisease_BD5,EXTERNAL_FIELD_DATASET
IMG_20241031_140633.jpg,.jpg,Narrow_Brown_Spot/IMG_20241031_140633.jpg,7708,True,300,300,1.0,RGB,3,JPEG,2d4e5e98248639dcf6e2d4ca9a188fdbcd39baa7a7a8aae7a71ca0a347790796,,Narrow_Brown_Spot,RiceLeafDisease_BD5,EXTERNAL_FIELD_DATASET
IMG_20241031_140651.jpg,.jpg,Narrow_Brown_Spot/IMG_20241031_140651.jpg,4677,True,300,300,1.0,RGB,3,JPEG,3f05eedbbf7c2f7deb8105a49231939a8ea345000bf0ba1d0057f58a0c36c301,,Narrow_Brown_Spot,RiceLeafDisease_BD5,EXTERNAL_FIELD_DATASET
IMG_20241031_140726.jpg,.jpg,Narrow_Brown_Spot/IMG_20241031_140726.jpg,6186,True,300,300,1.0,RGB,3,JPEG,29f7eb5a158363d2f4bfc19287cf387c858837e189c7486beb5af75783c47017,,Narrow_Brown_Spot,RiceLeafDisease_BD5,EXTERNAL_FIELD_DATASET
IMG_20241031_140728.jpg,.jpg,Narrow_Brown_Spot/IMG_20241031_140728.jpg,6896,True,300,300,1.0,RGB,3,JPEG,e2a52aa6de0b9eab1a193176085bf52f29b6705bb6f489badfe16fb7fa26045d,,Narrow_Brown_Spot,RiceLeafDisease_BD5,EXTERNAL_FIELD_DATASET
IMG_20241031_140729.jpg,.jpg,Narrow_Brown_Spot/IMG_20241031_140729.jpg,6859,True,300,300,1.0,RGB,3,JPEG,07e095b30c895516a2725edd64e99bc43376f82ea0931b5affd3ec8dfddead7f,,Narrow_Brown_Spot,RiceLeafDisease_BD5,EXTERNAL_FIELD_DATASET
IMG_20241031_140744.jpg,.jpg,Narrow_Brown_Spot/IMG_20241031_140744.jpg,6843,True,300,300,1.0,RGB,3,JPEG,6036a2343364b9fdd23018b0651377675fe977a37cb5e7ca5d0cc3f38bfaca89,,Narrow_Brown_Spot,RiceLeafDisease_BD5,EXTERNAL_FIELD_DATASET
IMG_20241031_140745.jpg,.jpg,Narrow_Brown_Spot/IMG_20241031_140745.jpg,6806,True,300,300,1.0,RGB,3,JPEG,2e2a948550c6bd63fe091a56954bab9f39857f0cb6bbebe6da1492d0b9c9949f,,Narrow_Brown_Spot,RiceLeafDisease_BD5,EXTERNAL_FIELD_DATASET
IMG_20241031_140751.jpg,.jpg,Narrow_Brown_Spot/IMG_20241031_140751.jpg,7989,True,300,300,1.0,RGB,3,JPEG,b91c8f923405f7ffad4298881c292b36b00e294090b1bb622ca4a4c9887160a0,,Narrow_Brown_Spot,RiceLeafDisease_BD5,EXTERNAL_FIELD_DATASET
IMG_20241031_141031.jpg,.jpg,Narrow_Brown_Spot/IMG_20241031_141031.jpg,7776,True,300,300,1.0,RGB,3,JPEG,c0f2493239a0613c045f1bad392371566185d5f5fc5de2579e26015fdf431a8b,,Narrow_Brown_Spot,RiceLeafDisease_BD5,EXTERNAL_FIELD_DATASET
IMG_20241031_141032.jpg,.jpg,Narrow_Brown_Spot/IMG_20241031_141032.jpg,7890,True,300,300,1.0,RGB,3,JPEG,a5a0bb2111401ce54befe6b37902704b78f32907f81f188b62bbb499054ff4eb,,Narrow_Brown_Spot,RiceLeafDisease_BD5,EXTERNAL_FIELD_DATASET
IMG_20241031_141037.jpg,.jpg,Narrow_Brown_Spot/IMG_20241031_141037.jpg,6886,True,300,300,1.0,RGB,3,JPEG,604d45ae7d136aae4dd73b3bba9acd3aed384b5ae46cc1c93e2c7d6ff7c07771,,Narrow_Brown_Spot,RiceLeafDisease_BD5,EXTERNAL_FIELD_DATASET
IMG_20241031_141307.jpg,.jpg,Narrow_Brown_Spot/IMG_20241031_141307.jpg,7014,True,300,300,1.0,RGB,3,JPEG,ca35412668720b85a747f569a03cbe9a386742a9086485e7c093d9646ac69dbe,,Narrow_Brown_Spot,RiceLeafDisease_BD5,EXTERNAL_FIELD_DATASET
IMG20241103125228.jpg,.jpg,Normal_Leaf/IMG20241103125228.jpg,5573,True,300,300,1.0,RGB,3,JPEG,a22a3ac959148ea6cf0ea427d91f6364a39f51479a6e6ff807bd835d3b1661a6,,Normal_Leaf,RiceLeafDisease_BD5,EXTERNAL_FIELD_DATASET
IMG20241103125229.jpg,.jpg,Normal_Leaf/IMG20241103125229.jpg,5576,True,300,300,1.0,RGB,3,JPEG,3aca58662d9a6741d580d82eefaf84402cd529aab7d7fc1976ee2e36d0898428,,Normal_Leaf,RiceLeafDisease_BD5,EXTERNAL_FIELD_DATASET
IMG20241103125230.jpg,.jpg,Normal_Leaf/IMG20241103125230.jpg,5552,True,300,300,1.0,RGB,3,JPEG,6344c152db8478215de032172cdf20ad44bd7b6b70397df6005088871ba20f65,,Normal_Leaf,RiceLeafDisease_BD5,EXTERNAL_FIELD_DATASET
IMG20241103125234.jpg,.jpg,Normal_Leaf/IMG20241103125234.jpg,6830,True,300,300,1.0,RGB,3,JPEG,c5126c07792e9f4e1ca05fc95665a1b286c50f0df0b38416e20d29bb601b14b0,,Normal_Leaf,RiceLeafDisease_BD5,EXTERNAL_FIELD_DATASET
IMG20241103125234_01.jpg,.jpg,Normal_Leaf/IMG20241103125234_01.jpg,6797,True,300,300,1.0,RGB,3,JPEG,1b8d9a523e10173a460940aefc460627a4e46d598b972d1429c67e34ab790d4a,,Normal_Leaf,RiceLeafDisease_BD5,EXTERNAL_FIELD_DATASET
IMG20241103125247.jpg,.jpg,Normal_Leaf/IMG20241103125247.jpg,5696,True,300,300,1.0,RGB,3,JPEG,726e4a5fb137c151539a9c29af6f5c17956b6d35247acdd3159ceda16a066bfb,,Normal_Leaf,RiceLeafDisease_BD5,EXTERNAL_FIELD_DATASET
IMG20241103125248.jpg,.jpg,Normal_Leaf/IMG20241103125248.jpg,5607,True,300,300,1.0,RGB,3,JPEG,e0b8917304a184fddc5efacbf4e824598a41c8daccd546b4c001f7c63307e858,,Normal_Leaf,RiceLeafDisease_BD5,EXTERNAL_FIELD_DATASET
IMG20241103125252.jpg,.jpg,Normal_Leaf/IMG20241103125252.jpg,6832,True,300,300,1.0,RGB,3,JPEG,e63a681c77d6743353093959d06087dd5d1acff4c4a79cf3ce592ee27946c965,,Normal_Leaf,RiceLeafDisease_BD5,EXTERNAL_FIELD_DATASET
IMG20241103125252_01.jpg,.jpg,Normal_Leaf/IMG20241103125252_01.jpg,6825,True,300,300,1.0,RGB,3,JPEG,c1585f2ce319d76493de9fee24f757f24bf9e13d146af8eb8347707a58cba902,,Normal_Leaf,RiceLeafDisease_BD5,EXTERNAL_FIELD_DATASET
IMG20241103125259.jpg,.jpg,Normal_Leaf/IMG20241103125259.jpg,8386,True,300,300,1.0,RGB,3,JPEG,74693b6c899acb65b7b7d44b60dd8c77b3b5b166a8e151d5074deff305555543,,Normal_Leaf,RiceLeafDisease_BD5,EXTERNAL_FIELD_DATASET
IMG20241103125300.jpg,.jpg,Normal_Leaf/IMG20241103125300.jpg,8525,True,300,300,1.0,RGB,3,JPEG,0dad7e61c0e4e42bd1a6b49302c5c7066c0c4c4c3c5d867664d4dbc619910dca,,Normal_Leaf,RiceLeafDisease_BD5,EXTERNAL_FIELD_DATASET
IMG20241103125305.jpg,.jpg,Normal_Leaf/IMG20241103125305.jpg,7497,True,300,300,1.0,RGB,3,JPEG,8b715666750dd076fa94cfdccd9c16e2af8bced0517cb50932eba47cc349e665,,Normal_Leaf,RiceLeafDisease_BD5,EXTERNAL_FIELD_DATASET
IMG20241103125308.jpg,.jpg,Normal_Leaf/IMG20241103125308.jpg,7856,True,300,300,1.0,RGB,3,JPEG,2b32c6f6111d634555041e07765f37a6869394b593311c13b0111b8beeda3cd7,,Normal_Leaf,RiceLeafDisease_BD5,EXTERNAL_FIELD_DATASET
IMG20241103125326.jpg,.jpg,Normal_Leaf/IMG20241103125326.jpg,4365,True,300,300,1.0,RGB,3,JPEG,f1d855aeec427c9beb85fec7b2dea1c8e33ebec11219cba8c0133db1f2c44481,,Normal_Leaf,RiceLeafDisease_BD5,EXTERNAL_FIELD_DATASET
IMG20241103125326_01.jpg,.jpg,Normal_Leaf/IMG20241103125326_01.jpg,4332,True,300,300,1.0,RGB,3,JPEG,c32c2c600c83580123a585c5a26c5568b9020f8e86df671bbce91ce2151a252e,,Normal_Leaf,RiceLeafDisease_BD5,EXTERNAL_FIELD_DATASET
IMG20241103125327.jpg,.jpg,Normal_Leaf/IMG20241103125327.jpg,4357,True,300,300,1.0,RGB,3,JPEG,08dcbd11fc081260d72e5c64253d4ff78e23be831bd39ae0600d87d96db992e3,,Normal_Leaf,RiceLeafDisease_BD5,EXTERNAL_FIELD_DATASET
IMG20241103125354.jpg,.jpg,Normal_Leaf/IMG20241103125354.jpg,7113,True,300,300,1.0,RGB,3,JPEG,e84117963027291f6afe6126ed4a1a52af94d35449caa3366bf8ed642da8d226,,Normal_Leaf,RiceLeafDisease_BD5,EXTERNAL_FIELD_DATASET
IMG20241103125355.jpg,.jpg,Normal_Leaf/IMG20241103125355.jpg,7277,True,300,300,1.0,RGB,3,JPEG,f0f40637d41825a320839293787381572a74dde47199cfca9f3cde45808b6b5b,,Normal_Leaf,RiceLeafDisease_BD5,EXTERNAL_FIELD_DATASET
IMG20241103125402.jpg,.jpg,Normal_Leaf/IMG20241103125402.jpg,8484,True,300,300,1.0,RGB,3,JPEG,007049c23b4e65255c3e7742234f7380f59ea355b47fff3a02f701f462c13016,,Normal_Leaf,RiceLeafDisease_BD5,EXTERNAL_FIELD_DATASET
IMG20241103125403.jpg,.jpg,Normal_Leaf/IMG20241103125403.jpg,8417,True,300,300,1.0,RGB,3,JPEG,7aa56ae14c26967d5049748d12f02f1d72f4e9dd21b71ca68d67158fea386a25,,Normal_Leaf,RiceLeafDisease_BD5,EXTERNAL_FIELD_DATASET
IMG20241103125411.jpg,.jpg,Normal_Leaf/IMG20241103125411.jpg,7225,True,300,300,1.0,RGB,3,JPEG,2140e30f2924ff13d70cb7f243ec116f0c05d7d5d59b86dafa8ede36778a3262,,Normal_Leaf,RiceLeafDisease_BD5,EXTERNAL_FIELD_DATASET
IMG20241103125418_01.jpg,.jpg,Normal_Leaf/IMG20241103125418_01.jpg,9511,True,300,300,1.0,RGB,3,JPEG,8be4171bb9bbac1d67345ac7d69c56fc2ea33255fcd5aca324858034a2ff49a0,,Normal_Leaf,RiceLeafDisease_BD5,EXTERNAL_FIELD_DATASET
IMG20241103125419.jpg,.jpg,Normal_Leaf/IMG20241103125419.jpg,9761,True,300,300,1.0,RGB,3,JPEG,1d27ad35f4e9534619a2ec693fd8f161f2eee36ee6fca880d9dcaddd2c3051ca,,Normal_Leaf,RiceLeafDisease_BD5,EXTERNAL_FIELD_DATASET
IMG20241103125445.jpg,.jpg,Normal_Leaf/IMG20241103125445.jpg,5909,True,300,300,1.0,RGB,3,JPEG,582f7e93421991d6bb25a1d5edc8074bae30e34a45421439caeea1a218e63aee,,Normal_Leaf,RiceLeafDisease_BD5,EXTERNAL_FIELD_DATASET
IMG20241103125445_01.jpg,.jpg,Normal_Leaf/IMG20241103125445_01.jpg,5950,True,300,300,1.0,RGB,3,JPEG,52a808d33b9b37b74b2a76e946b2126f9c1fe6e07d0a7136238ff071c12bb95a,,Normal_Leaf,RiceLeafDisease_BD5,EXTERNAL_FIELD_DATASET
IMG20241103125451.jpg,.jpg,Normal_Leaf/IMG20241103125451.jpg,4100,True,300,300,1.0,RGB,3,JPEG,64f6b360e6caecafdab62e8ee6b048298d613f8d9115a30a89fbb682b40f9212,,Normal_Leaf,RiceLeafDisease_BD5,EXTERNAL_FIELD_DATASET
IMG20241103125452.jpg,.jpg,Normal_Leaf/IMG20241103125452.jpg,4180,True,300,300,1.0,RGB,3,JPEG,e1fe6e4060d1a9d8149dc01451c199446146783ba6fb9bc6f2ecd431b344cb30,,Normal_Leaf,RiceLeafDisease_BD5,EXTERNAL_FIELD_DATASET
IMG20241103125517.jpg,.jpg,Normal_Leaf/IMG20241103125517.jpg,8044,True,300,300,1.0,RGB,3,JPEG,c3d95b2ccacbe0d1ce8608d13d0475fd415702b7367440da2d4a7a931a8488a6,,Normal_Leaf,RiceLeafDisease_BD5,EXTERNAL_FIELD_DATASET
IMG20241103125518.jpg,.jpg,Normal_Leaf/IMG20241103125518.jpg,8320,True,300,300,1.0,RGB,3,JPEG,0d98beb87b069293c43c4d7cf6eafa3cc7c707d8d680e73252fd9594f643fe9f,,Normal_Leaf,RiceLeafDisease_BD5,EXTERNAL_FIELD_DATASET
IMG20241103125523.jpg,.jpg,Normal_Leaf/IMG20241103125523.jpg,7185,True,300,300,1.0,RGB,3,JPEG,d476b6e915b4d641ac99117f526e53ef25f3a50f9caa3716ffb0e4b5d350bfe6,,Normal_Leaf,RiceLeafDisease_BD5,EXTERNAL_FIELD_DATASET
IMG20241103125530.jpg,.jpg,Normal_Leaf/IMG20241103125530.jpg,3735,True,300,300,1.0,RGB,3,JPEG,3e5bc6f869b082fa3054d56aab8d2eb236002b6106f43633341d5df445377cbe,,Normal_Leaf,RiceLeafDisease_BD5,EXTERNAL_FIELD_DATASET
IMG20241103125530_01.jpg,.jpg,Normal_Leaf/IMG20241103125530_01.jpg,3718,True,300,300,1.0,RGB,3,JPEG,86ad909580fcb7e574c460f23d17157065094d9bcdc27f39b7073467cd68d218,,Normal_Leaf,RiceLeafDisease_BD5,EXTERNAL_FIELD_DATASET
IMG20241103125531.jpg,.jpg,Normal_Leaf/IMG20241103125531.jpg,3751,True,300,300,1.0,RGB,3,JPEG,35d558feda1e9d9f4530a0c297a961de154d6e2f2488d0ee7ba3e5db0836d384,,Normal_Leaf,RiceLeafDisease_BD5,EXTERNAL_FIELD_DATASET
IMG20241103125540.jpg,.jpg,Normal_Leaf/IMG20241103125540.jpg,6791,True,300,300,1.0,RGB,3,JPEG,a52aa42339a5a55f96e0b77a2e1bc54b50f3e211ed0f04759bb73cf24ce91677,,Normal_Leaf,RiceLeafDisease_BD5,EXTERNAL_FIELD_DATASET
IMG20241103125613.jpg,.jpg,Normal_Leaf/IMG20241103125613.jpg,7294,True,300,300,1.0,RGB,3,JPEG,55ac6127117786422e0b6e315be5768bddbccb6fa91ad98e597e3fa6b868a827,,Normal_Leaf,RiceLeafDisease_BD5,EXTERNAL_FIELD_DATASET
IMG20241103125614.jpg,.jpg,Normal_Leaf/IMG20241103125614.jpg,7364,True,300,300,1.0,RGB,3,JPEG,6d853fecf418a99db6b85629b5a195aa2d397ae411c24b349feb9fdd829dc3a6,,Normal_Leaf,RiceLeafDisease_BD5,EXTERNAL_FIELD_DATASET
IMG20241103125631.jpg,.jpg,Normal_Leaf/IMG20241103125631.jpg,4910,True,300,300,1.0,RGB,3,JPEG,fef19de6646104eb2c2241f4db0a8a801c702ad98e8ac96a393c7afcad081b53,,Normal_Leaf,RiceLeafDisease_BD5,EXTERNAL_FIELD_DATASET
IMG20241103125631_01.jpg,.jpg,Normal_Leaf/IMG20241103125631_01.jpg,4863,True,300,300,1.0,RGB,3,JPEG,fdc21231ecc134633bdbc4956de9a341152050e21799b676ce1860c575400971,,Normal_Leaf,RiceLeafDisease_BD5,EXTERNAL_FIELD_DATASET
IMG20241103125634.jpg,.jpg,Normal_Leaf/IMG20241103125634.jpg,7082,True,300,300,1.0,RGB,3,JPEG,092a2bab3e44f7c1e823e45fd659880a3f5e29d4bc0a03abee218c1cf34cf2f8,,Normal_Leaf,RiceLeafDisease_BD5,EXTERNAL_FIELD_DATASET
IMG20241103125640.jpg,.jpg,Normal_Leaf/IMG20241103125640.jpg,7412,True,300,300,1.0,RGB,3,JPEG,ac38bb1259fdb81922b292cd07dc87f1a43fc7a3248e2f5fbd1e98b796f5acab,,Normal_Leaf,RiceLeafDisease_BD5,EXTERNAL_FIELD_DATASET
IMG20241103125643.jpg,.jpg,Normal_Leaf/IMG20241103125643.jpg,5806,True,300,300,1.0,RGB,3,JPEG,583ac95599ddaba845eee06f4e97d03755c897a6ef4f9d8432d2aac316283039,,Normal_Leaf,RiceLeafDisease_BD5,EXTERNAL_FIELD_DATASET
IMG20241103125643_01.jpg,.jpg,Normal_Leaf/IMG20241103125643_01.jpg,5846,True,300,300,1.0,RGB,3,JPEG,4127d6bb3528bce3a317cf8f19e3e640906a96015412f58a4f043cac96224f3d,,Normal_Leaf,RiceLeafDisease_BD5,EXTERNAL_FIELD_DATASET
IMG20241103125656.jpg,.jpg,Normal_Leaf/IMG20241103125656.jpg,4481,True,300,300,1.0,RGB,3,JPEG,77ac2b6aaf47810fdb6e86a8aab66141c293caeeb9b985f051b8a379c2abc980,,Normal_Leaf,RiceLeafDisease_BD5,EXTERNAL_FIELD_DATASET
IMG20241103125658.jpg,.jpg,Normal_Leaf/IMG20241103125658.jpg,4474,True,300,300,1.0,RGB,3,JPEG,e8bf0827358998c164c9a4c8885dfa325509bc9c90352ee04e516bbbb2632953,,Normal_Leaf,RiceLeafDisease_BD5,EXTERNAL_FIELD_DATASET
IMG20241103125704.jpg,.jpg,Normal_Leaf/IMG20241103125704.jpg,7506,True,300,300,1.0,RGB,3,JPEG,c2ef61738a312c62b364dbc7bc788add42ff881c1a8bddb48ef4b795fbfdadb1,,Normal_Leaf,RiceLeafDisease_BD5,EXTERNAL_FIELD_DATASET
IMG20241103125717.jpg,.jpg,Normal_Leaf/IMG20241103125717.jpg,6916,True,300,300,1.0,RGB,3,JPEG,e67b916cfd19fabf0daf46c89b8e1b01da14bec5d5188eea6f929bee621183f5,,Normal_Leaf,RiceLeafDisease_BD5,EXTERNAL_FIELD_DATASET
IMG20241103125729.jpg,.jpg,Normal_Leaf/IMG20241103125729.jpg,6973,True,300,300,1.0,RGB,3,JPEG,23fd1030efa6f95300592fc46e6a58968937fbab566b4bdaff22cfa6993277ae,,Normal_Leaf,RiceLeafDisease_BD5,EXTERNAL_FIELD_DATASET
IMG20241103125730.jpg,.jpg,Normal_Leaf/IMG20241103125730.jpg,6904,True,300,300,1.0,RGB,3,JPEG,89df6ed8a4fa47f2db18b94ff89ea75713da24d1634591944701fc50b61883d4,,Normal_Leaf,RiceLeafDisease_BD5,EXTERNAL_FIELD_DATASET
IMG20241103125806.jpg,.jpg,Normal_Leaf/IMG20241103125806.jpg,5919,True,300,300,1.0,RGB,3,JPEG,1dd03b6d7040e08ba0197cb5a311a5480021940fb9b54cbee5b5bda765558fd0,,Normal_Leaf,RiceLeafDisease_BD5,EXTERNAL_FIELD_DATASET
IMG20241103125806_01.jpg,.jpg,Normal_Leaf/IMG20241103125806_01.jpg,6026,True,300,300,1.0,RGB,3,JPEG,a12ad545dd6b12cee299d7e1a97baae27a9a31b2ac0e561fbb4f8071455883ae,,Normal_Leaf,RiceLeafDisease_BD5,EXTERNAL_FIELD_DATASET
IMG20241103125815.jpg,.jpg,Normal_Leaf/IMG20241103125815.jpg,5831,True,300,300,1.0,RGB,3,JPEG,7ffb80e24058008d20147ce083b623f3648657ed3a83d86563bafee2923b8a87,,Normal_Leaf,RiceLeafDisease_BD5,EXTERNAL_FIELD_DATASET
IMG20241103125816.jpg,.jpg,Normal_Leaf/IMG20241103125816.jpg,5739,True,300,300,1.0,RGB,3,JPEG,548feef1c1602b1ff91eb9059bcff0957151d60ec3ebdd85e6fbd57e63d69e94,,Normal_Leaf,RiceLeafDisease_BD5,EXTERNAL_FIELD_DATASET
IMG20241103125821.jpg,.jpg,Normal_Leaf/IMG20241103125821.jpg,7086,True,300,300,1.0,RGB,3,JPEG,877fa878a6c522fdbc8be9c1403f6fc67255518d1fd60a48c1fb83c68f02aa65,,Normal_Leaf,RiceLeafDisease_BD5,EXTERNAL_FIELD_DATASET
IMG20241103125834.jpg,.jpg,Normal_Leaf/IMG20241103125834.jpg,7014,True,300,300,1.0,RGB,3,JPEG,e1e778de683ed6af5aecee23759520b44e0da816bb645c93efb00653b45dfffb,,Normal_Leaf,RiceLeafDisease_BD5,EXTERNAL_FIELD_DATASET
IMG20241103125835.jpg,.jpg,Normal_Leaf/IMG20241103125835.jpg,7030,True,300,300,1.0,RGB,3,JPEG,614d4cc10666d88b252f58b5d09cb2f90ff21f491dc6bfd535e9ab5fb25dbb91,,Normal_Leaf,RiceLeafDisease_BD5,EXTERNAL_FIELD_DATASET
IMG20241103125839.jpg,.jpg,Normal_Leaf/IMG20241103125839.jpg,7725,True,300,300,1.0,RGB,3,JPEG,d8b534d20101876f21f4b4ebe64d0d3afa1c49014befd7dded253cfe766676ee,,Normal_Leaf,RiceLeafDisease_BD5,EXTERNAL_FIELD_DATASET
IMG20241103125841.jpg,.jpg,Normal_Leaf/IMG20241103125841.jpg,7719,True,300,300,1.0,RGB,3,JPEG,74a30d1931290cf82e3b9cc5cb2a58dd31fe0bed271e515bbbb977ddbb0391b9,,Normal_Leaf,RiceLeafDisease_BD5,EXTERNAL_FIELD_DATASET
IMG20241103125847.jpg,.jpg,Normal_Leaf/IMG20241103125847.jpg,6067,True,300,300,1.0,RGB,3,JPEG,14144a35a2b6b9ecbec762336a03d7c140fa14237983afc6bafbb0da5a199139,,Normal_Leaf,RiceLeafDisease_BD5,EXTERNAL_FIELD_DATASET
IMG20241103125901.jpg,.jpg,Normal_Leaf/IMG20241103125901.jpg,5484,True,300,300,1.0,RGB,3,JPEG,854ecceca434a4956c9682159dd1601ccdd7863c7f5638861ecd09e6b21645c6,,Normal_Leaf,RiceLeafDisease_BD5,EXTERNAL_FIELD_DATASET
IMG20241103125904.jpg,.jpg,Normal_Leaf/IMG20241103125904.jpg,6827,True,300,300,1.0,RGB,3,JPEG,cb6c357de0a4732dc7afb48d943fc058913c6fcec1c4d4f1930351b3c96c385e,,Normal_Leaf,RiceLeafDisease_BD5,EXTERNAL_FIELD_DATASET
IMG20241103125913.jpg,.jpg,Normal_Leaf/IMG20241103125913.jpg,5167,True,300,300,1.0,RGB,3,JPEG,fd36c923ffe5828b5a23b8c40490f7fbfd12aaf2976c27e92c1b318c014902ed,,Normal_Leaf,RiceLeafDisease_BD5,EXTERNAL_FIELD_DATASET
IMG20241103125918.jpg,.jpg,Normal_Leaf/IMG20241103125918.jpg,7141,True,300,300,1.0,RGB,3,JPEG,5b47cde2857948f71a7add08c3a847437be742d4b01081950b3347f0b527e225,,Normal_Leaf,RiceLeafDisease_BD5,EXTERNAL_FIELD_DATASET
IMG20241103125919.jpg,.jpg,Normal_Leaf/IMG20241103125919.jpg,7127,True,300,300,1.0,RGB,3,JPEG,f2199264ff9c27e8c21dcff63868585d59cb32e5aded46dcf1fbfc01d8f781a0,,Normal_Leaf,RiceLeafDisease_BD5,EXTERNAL_FIELD_DATASET
IMG20241103125931.jpg,.jpg,Normal_Leaf/IMG20241103125931.jpg,6644,True,300,300,1.0,RGB,3,JPEG,2c6ceceb887fcbc33db529fa3ac6dfa1b3430dd324993bbffebab4d42ddca183,,Normal_Leaf,RiceLeafDisease_BD5,EXTERNAL_FIELD_DATASET
IMG20241103125932.jpg,.jpg,Normal_Leaf/IMG20241103125932.jpg,6598,True,300,300,1.0,RGB,3,JPEG,ef5714f72772d8d9d4f8446cac7765f050457d5d6d32290ed002eb825b706635,,Normal_Leaf,RiceLeafDisease_BD5,EXTERNAL_FIELD_DATASET
IMG20241103125938.jpg,.jpg,Normal_Leaf/IMG20241103125938.jpg,4493,True,300,300,1.0,RGB,3,JPEG,18f4c9d18f76015bb97f2880b2f663ef2f1030f7b120536ce5f5da8c8410e61a,,Normal_Leaf,RiceLeafDisease_BD5,EXTERNAL_FIELD_DATASET
IMG20241103125938_01.jpg,.jpg,Normal_Leaf/IMG20241103125938_01.jpg,4492,True,300,300,1.0,RGB,3,JPEG,186f24c81b6d7bbbcdf7e59e612e7e63f501c793c11d179bb03df50f923b3b57,,Normal_Leaf,RiceLeafDisease_BD5,EXTERNAL_FIELD_DATASET
IMG20241103125945.jpg,.jpg,Normal_Leaf/IMG20241103125945.jpg,4217,True,300,300,1.0,RGB,3,JPEG,fa209435801190459f43f0cdb675617240600fdc6b6c4431d29327c0311b2e09,,Normal_Leaf,RiceLeafDisease_BD5,EXTERNAL_FIELD_DATASET
IMG20241103125957.jpg,.jpg,Normal_Leaf/IMG20241103125957.jpg,5509,True,300,300,1.0,RGB,3,JPEG,95e869b8da88d4a54b07cf340164b7895a349c82ad11653d1a3bf51e172c597f,,Normal_Leaf,RiceLeafDisease_BD5,EXTERNAL_FIELD_DATASET
IMG20241103130009.jpg,.jpg,Normal_Leaf/IMG20241103130009.jpg,6794,True,300,300,1.0,RGB,3,JPEG,1c3bc225978655174c0f2b5935304f7a116a0238f023f57b2b5e215c8102bdcf,,Normal_Leaf,RiceLeafDisease_BD5,EXTERNAL_FIELD_DATASET
IMG20241103130203.jpg,.jpg,Normal_Leaf/IMG20241103130203.jpg,4896,True,300,300,1.0,RGB,3,JPEG,d6cde0b9d859b352dc3ef2b6d07c8c3ae2d4abfcb227845a479409508c9ef218,,Normal_Leaf,RiceLeafDisease_BD5,EXTERNAL_FIELD_DATASET
IMG20241103130204.jpg,.jpg,Normal_Leaf/IMG20241103130204.jpg,4740,True,300,300,1.0,RGB,3,JPEG,207b597cec34d51fc90c7ce87357c566cb92fed303df7acce0cbb59eb873d51c,,Normal_Leaf,RiceLeafDisease_BD5,EXTERNAL_FIELD_DATASET
IMG20241103130209.jpg,.jpg,Normal_Leaf/IMG20241103130209.jpg,5613,True,300,300,1.0,RGB,3,JPEG,5c1ee396a6f4c793b5e5d0ee857f653444e51f1b1296fc5828561adbbde8ecdd,,Normal_Leaf,RiceLeafDisease_BD5,EXTERNAL_FIELD_DATASET
IMG20241103130210.jpg,.jpg,Normal_Leaf/IMG20241103130210.jpg,5741,True,300,300,1.0,RGB,3,JPEG,049fa728fbff88d5643a21ec1522c2ed4c62daedbdf51257f616e8f573da2cb0,,Normal_Leaf,RiceLeafDisease_BD5,EXTERNAL_FIELD_DATASET
IMG20241103130216.jpg,.jpg,Normal_Leaf/IMG20241103130216.jpg,5963,True,300,300,1.0,RGB,3,JPEG,d53fa08eadf54ffeb1ade8c0d801b49533e98e9d1fb08e34a46e9bbb47ce404b,,Normal_Leaf,RiceLeafDisease_BD5,EXTERNAL_FIELD_DATASET
IMG20241103130216_01.jpg,.jpg,Normal_Leaf/IMG20241103130216_01.jpg,5911,True,300,300,1.0,RGB,3,JPEG,12b45f6c5bf856c6f1e87c1e63562da1d22147d85dd99ce63b74c502e1e62d1c,,Normal_Leaf,RiceLeafDisease_BD5,EXTERNAL_FIELD_DATASET
IMG20241103130217.jpg,.jpg,Normal_Leaf/IMG20241103130217.jpg,5896,True,300,300,1.0,RGB,3,JPEG,eaaed2dcd8d5c28daf17e3a4e210f2f01022036ad9d1d8bd0514896e9b28c28c,,Normal_Leaf,RiceLeafDisease_BD5,EXTERNAL_FIELD_DATASET
IMG20241103130224.jpg,.jpg,Normal_Leaf/IMG20241103130224.jpg,7577,True,300,300,1.0,RGB,3,JPEG,4f39181168a7c98013b6e2a7f32c2ee9d1451a3a320cf9e68e1d59321926a86a,,Normal_Leaf,RiceLeafDisease_BD5,EXTERNAL_FIELD_DATASET
IMG20241103130250.jpg,.jpg,Normal_Leaf/IMG20241103130250.jpg,7867,True,300,300,1.0,RGB,3,JPEG,ad929669411da4efea5accf59b1f0996ba9284624911a47cc99e740d86e17a73,,Normal_Leaf,RiceLeafDisease_BD5,EXTERNAL_FIELD_DATASET
IMG20241103130251.jpg,.jpg,Normal_Leaf/IMG20241103130251.jpg,7874,True,300,300,1.0,RGB,3,JPEG,4b4887c0363e872004a50f8f5545a4cbaf720b13fde4eabcb75421a989169fb8,,Normal_Leaf,RiceLeafDisease_BD5,EXTERNAL_FIELD_DATASET
IMG20241103130259.jpg,.jpg,Normal_Leaf/IMG20241103130259.jpg,7419,True,300,300,1.0,RGB,3,JPEG,4d7661091d1723356fe9a5e57d1422352e567a043d66bd564374927d01e58868,,Normal_Leaf,RiceLeafDisease_BD5,EXTERNAL_FIELD_DATASET
IMG20241103130259_01.jpg,.jpg,Normal_Leaf/IMG20241103130259_01.jpg,7505,True,300,300,1.0,RGB,3,JPEG,58013332a032100cf19fa25a19187b96cd52e6cc86f2d14cdfb04e6051cbe036,,Normal_Leaf,RiceLeafDisease_BD5,EXTERNAL_FIELD_DATASET
IMG20241103130325.jpg,.jpg,Normal_Leaf/IMG20241103130325.jpg,7070,True,300,300,1.0,RGB,3,JPEG,e56514cdbc0114f8c0bf3e5e2a7358fef4c424d60a121e64da46d155dc7a98f1,,Normal_Leaf,RiceLeafDisease_BD5,EXTERNAL_FIELD_DATASET
IMG20241103130328.jpg,.jpg,Normal_Leaf/IMG20241103130328.jpg,5713,True,300,300,1.0,RGB,3,JPEG,2fffa86f2d2af3e9a301f6edebe99d8da03edee571ac0c2599b2af77e3972020,,Normal_Leaf,RiceLeafDisease_BD5,EXTERNAL_FIELD_DATASET
IMG20241103130329.jpg,.jpg,Normal_Leaf/IMG20241103130329.jpg,5745,True,300,300,1.0,RGB,3,JPEG,55053970f2cde5e7590631a51a5935a8c17b91186abef715f636328a4755992b,,Normal_Leaf,RiceLeafDisease_BD5,EXTERNAL_FIELD_DATASET
IMG20241103130331.jpg,.jpg,Normal_Leaf/IMG20241103130331.jpg,8104,True,300,300,1.0,RGB,3,JPEG,576d4065363b7543a302648905272c2d175b683cd18b7c04e5ef9ac188d37ddb,,Normal_Leaf,RiceLeafDisease_BD5,EXTERNAL_FIELD_DATASET
IMG20241103130333.jpg,.jpg,Normal_Leaf/IMG20241103130333.jpg,7254,True,300,300,1.0,RGB,3,JPEG,c6386b35eacc6e07df03ca3c1bb71999ef1870df971de0deb0af1835e8624872,,Normal_Leaf,RiceLeafDisease_BD5,EXTERNAL_FIELD_DATASET
IMG20241103130343.jpg,.jpg,Normal_Leaf/IMG20241103130343.jpg,8460,True,300,300,1.0,RGB,3,JPEG,b12f52a3f74ccc38c99eb88a402334650435a19b6c01c83fb45070e388aa32be,,Normal_Leaf,RiceLeafDisease_BD5,EXTERNAL_FIELD_DATASET
IMG20241103130344.jpg,.jpg,Normal_Leaf/IMG20241103130344.jpg,8492,True,300,300,1.0,RGB,3,JPEG,297b7bf41c766c188b128a4d74e992bd194aaece3a1554d033bc7a4f760477bd,,Normal_Leaf,RiceLeafDisease_BD5,EXTERNAL_FIELD_DATASET
IMG20241103130346.jpg,.jpg,Normal_Leaf/IMG20241103130346.jpg,7423,True,300,300,1.0,RGB,3,JPEG,cdfffb74db15606ffa95281396a8405cb29aec87a8ee0ca8eaea5b76444f2dcf,,Normal_Leaf,RiceLeafDisease_BD5,EXTERNAL_FIELD_DATASET
IMG20241103130347.jpg,.jpg,Normal_Leaf/IMG20241103130347.jpg,7444,True,300,300,1.0,RGB,3,JPEG,fac6d358a62dcabd5cc694eb6f09cf863e4a8eb0efb1833a4b010e801ebf5534,,Normal_Leaf,RiceLeafDisease_BD5,EXTERNAL_FIELD_DATASET
IMG20241103130353.jpg,.jpg,Normal_Leaf/IMG20241103130353.jpg,5776,True,300,300,1.0,RGB,3,JPEG,0faccc3c4e1141e4b90c557756d23b449f19cba8687a3cb229b261c96b0574fa,,Normal_Leaf,RiceLeafDisease_BD5,EXTERNAL_FIELD_DATASET
IMG20241103130354.jpg,.jpg,Normal_Leaf/IMG20241103130354.jpg,5775,True,300,300,1.0,RGB,3,JPEG,f0b0fefa0cd8d47e673ce01096719eb2237e36d0be4b5c18f4b96e183ab462d2,,Normal_Leaf,RiceLeafDisease_BD5,EXTERNAL_FIELD_DATASET
IMG20241103130356.jpg,.jpg,Normal_Leaf/IMG20241103130356.jpg,7299,True,300,300,1.0,RGB,3,JPEG,3b877594887db7a6a9f30450e106c9358e7bc3513305b7d2408ca4a8721ea30b,,Normal_Leaf,RiceLeafDisease_BD5,EXTERNAL_FIELD_DATASET
IMG20241103130357.jpg,.jpg,Normal_Leaf/IMG20241103130357.jpg,7314,True,300,300,1.0,RGB,3,JPEG,bfd58045c1412e3e3231aef49eb685980031a23a88d6db3b08686482957c8c6e,,Normal_Leaf,RiceLeafDisease_BD5,EXTERNAL_FIELD_DATASET
IMG20241103130400.jpg,.jpg,Normal_Leaf/IMG20241103130400.jpg,7590,True,300,300,1.0,RGB,3,JPEG,673829a225b5f6c904166816b7a224ceef34d92efe5268b8b639a9484d0bc515,,Normal_Leaf,RiceLeafDisease_BD5,EXTERNAL_FIELD_DATASET
IMG20241103130400_01.jpg,.jpg,Normal_Leaf/IMG20241103130400_01.jpg,7636,True,300,300,1.0,RGB,3,JPEG,1e6e665c437382f4c398590ff4a7af5f474f6c0af387390f3d39bad8ff359c38,,Normal_Leaf,RiceLeafDisease_BD5,EXTERNAL_FIELD_DATASET
IMG20241103130404.jpg,.jpg,Normal_Leaf/IMG20241103130404.jpg,8883,True,300,300,1.0,RGB,3,JPEG,2447350c3d3ab260b0b6d5d2f0915c572f21a03af7627841a76d75e9d3f92d81,,Normal_Leaf,RiceLeafDisease_BD5,EXTERNAL_FIELD_DATASET
IMG20241103130405.jpg,.jpg,Normal_Leaf/IMG20241103130405.jpg,8867,True,300,300,1.0,RGB,3,JPEG,a8b609e1ae7231d7806818a6bcd377c912cd5e46646df5517d1bdd7e5a79c71e,,Normal_Leaf,RiceLeafDisease_BD5,EXTERNAL_FIELD_DATASET
IMG20241103130405_01.jpg,.jpg,Normal_Leaf/IMG20241103130405_01.jpg,8908,True,300,300,1.0,RGB,3,JPEG,5d1f7406a4d2665d9651ee7d3ed26bb3c7e05cabbb389085b3db384ef47366e9,,Normal_Leaf,RiceLeafDisease_BD5,EXTERNAL_FIELD_DATASET
IMG20241103130415.jpg,.jpg,Normal_Leaf/IMG20241103130415.jpg,4274,True,300,300,1.0,RGB,3,JPEG,a62068757b0d79abde6cb0f1f682fe3b9c188769e6d83b70311bf278b7607279,,Normal_Leaf,RiceLeafDisease_BD5,EXTERNAL_FIELD_DATASET
IMG20241103130416.jpg,.jpg,Normal_Leaf/IMG20241103130416.jpg,4245,True,300,300,1.0,RGB,3,JPEG,7ad8f0238b58d0280b30a8b50328defbc6083ac3a084d02ef78464c197257209,,Normal_Leaf,RiceLeafDisease_BD5,EXTERNAL_FIELD_DATASET
IMG20241103130422.jpg,.jpg,Normal_Leaf/IMG20241103130422.jpg,5716,True,300,300,1.0,RGB,3,JPEG,83351434ed7a17499c842d27d97f13063cc86658934573ff981507b745e7e5ec,,Normal_Leaf,RiceLeafDisease_BD5,EXTERNAL_FIELD_DATASET
IMG20241103130423.jpg,.jpg,Normal_Leaf/IMG20241103130423.jpg,5738,True,300,300,1.0,RGB,3,JPEG,1ad80e7295fb290e6e974e2643d62a90d0fdccb077c5b3e824a450b5283eed5a,,Normal_Leaf,RiceLeafDisease_BD5,EXTERNAL_FIELD_DATASET
IMG20241103130441.jpg,.jpg,Normal_Leaf/IMG20241103130441.jpg,8558,True,300,300,1.0,RGB,3,JPEG,3f32c28defe6e4977e2f03e63c2efdf0dfbfeeb3d05d3f2cae4ee88df805f90b,,Normal_Leaf,RiceLeafDisease_BD5,EXTERNAL_FIELD_DATASET
IMG20241103130441_01.jpg,.jpg,Normal_Leaf/IMG20241103130441_01.jpg,8657,True,300,300,1.0,RGB,3,JPEG,18acecb146860e4289ba09385ef8197fee395b7023bd60e44ffdc5d9101d551f,,Normal_Leaf,RiceLeafDisease_BD5,EXTERNAL_FIELD_DATASET
IMG20241103130442.jpg,.jpg,Normal_Leaf/IMG20241103130442.jpg,8528,True,300,300,1.0,RGB,3,JPEG,87fd933010d9ba5e45f893d630fca4a89bee1aa3bcb0aef8e1c7c3786ea58f76,,Normal_Leaf,RiceLeafDisease_BD5,EXTERNAL_FIELD_DATASET
IMG20241103130442_01.jpg,.jpg,Normal_Leaf/IMG20241103130442_01.jpg,8581,True,300,300,1.0,RGB,3,JPEG,2cb95d4201c763cb5de85ea3b83adca4a129027bc44ebb4ee29e19339f625072,,Normal_Leaf,RiceLeafDisease_BD5,EXTERNAL_FIELD_DATASET
IMG20241103130444.jpg,.jpg,Normal_Leaf/IMG20241103130444.jpg,5404,True,300,300,1.0,RGB,3,JPEG,2c9c5e6ae73422ba2d2a6be1bf59a30aa1f19774db8a63d173e87fd4babaad63,,Normal_Leaf,RiceLeafDisease_BD5,EXTERNAL_FIELD_DATASET
IMG20241103130445.jpg,.jpg,Normal_Leaf/IMG20241103130445.jpg,7280,True,300,300,1.0,RGB,3,JPEG,acbf9a80135070f0ea04f1ffe2985bdcc193347dc52d53a60bc97701b5e69a09,,Normal_Leaf,RiceLeafDisease_BD5,EXTERNAL_FIELD_DATASET
IMG20241103130446.jpg,.jpg,Normal_Leaf/IMG20241103130446.jpg,7250,True,300,300,1.0,RGB,3,JPEG,72a303686cb2c78331f58d44c691d4c3eeef255129818661fabd30cef804c9ea,,Normal_Leaf,RiceLeafDisease_BD5,EXTERNAL_FIELD_DATASET
IMG20241103130447.jpg,.jpg,Normal_Leaf/IMG20241103130447.jpg,8885,True,300,300,1.0,RGB,3,JPEG,69579e2ae141ce1ee5e70d38d8adfd2e8043abf2b229dc829714e65657ce3e9e,,Normal_Leaf,RiceLeafDisease_BD5,EXTERNAL_FIELD_DATASET
IMG20241103130447_01.jpg,.jpg,Normal_Leaf/IMG20241103130447_01.jpg,8908,True,300,300,1.0,RGB,3,JPEG,3bce65f1867f21c477eef4e734c04007275d233c7eb755bc21f3679ca3857427,,Normal_Leaf,RiceLeafDisease_BD5,EXTERNAL_FIELD_DATASET
IMG20241103130449.jpg,.jpg,Normal_Leaf/IMG20241103130449.jpg,5353,True,300,300,1.0,RGB,3,JPEG,3da41e40bffe0a6c65fb089889d2f6c823f1c7424934e51e6b96b28aa97a1ce6,,Normal_Leaf,RiceLeafDisease_BD5,EXTERNAL_FIELD_DATASET
IMG20241103130451.jpg,.jpg,Normal_Leaf/IMG20241103130451.jpg,7446,True,300,300,1.0,RGB,3,JPEG,69fda87141a11130065300d425b80e25cf9f8985d0f28c623841063f4b49477d,,Normal_Leaf,RiceLeafDisease_BD5,EXTERNAL_FIELD_DATASET
IMG20241103130452.jpg,.jpg,Normal_Leaf/IMG20241103130452.jpg,8834,True,300,300,1.0,RGB,3,JPEG,0872b0e397975bba6171f4ad3fa9c2d92b4b4e1d257e1d5d48b28fa68f044229,,Normal_Leaf,RiceLeafDisease_BD5,EXTERNAL_FIELD_DATASET
IMG20241103130454.jpg,.jpg,Normal_Leaf/IMG20241103130454.jpg,6294,True,300,300,1.0,RGB,3,JPEG,9f45f2937e57c5a0401e7d87e851f0c8825d41df6d03e021c73a4f1951795a6f,,Normal_Leaf,RiceLeafDisease_BD5,EXTERNAL_FIELD_DATASET
IMG20241103130455.jpg,.jpg,Normal_Leaf/IMG20241103130455.jpg,6297,True,300,300,1.0,RGB,3,JPEG,4a7c0be0156ddd1f2f015c51d1f91a2a36d5b706253fe5ff6322408d1d86c84a,,Normal_Leaf,RiceLeafDisease_BD5,EXTERNAL_FIELD_DATASET
IMG20241103130456.jpg,.jpg,Normal_Leaf/IMG20241103130456.jpg,7826,True,300,300,1.0,RGB,3,JPEG,e3357dbb1eae4742725b67322d0be26d2a23c5eb241672d51c1edbc433e66311,,Normal_Leaf,RiceLeafDisease_BD5,EXTERNAL_FIELD_DATASET
IMG20241103130457.jpg,.jpg,Normal_Leaf/IMG20241103130457.jpg,9150,True,300,300,1.0,RGB,3,JPEG,4c882318516a2303edb6578c513e0bdbda6e992a12db5e1f2fa932d868b4d872,,Normal_Leaf,RiceLeafDisease_BD5,EXTERNAL_FIELD_DATASET
IMG20241103130501.jpg,.jpg,Normal_Leaf/IMG20241103130501.jpg,4451,True,300,300,1.0,RGB,3,JPEG,06d6e83e24c87abba70871a54ccbf03a3114e035cfe8b7765ad5300cec78a00a,,Normal_Leaf,RiceLeafDisease_BD5,EXTERNAL_FIELD_DATASET
IMG20241103130503.jpg,.jpg,Normal_Leaf/IMG20241103130503.jpg,6870,True,300,300,1.0,RGB,3,JPEG,712b2e6a77abd82fc7b5a884fce0e5a927488fe2a749c2143d4e2a27a30fc853,,Normal_Leaf,RiceLeafDisease_BD5,EXTERNAL_FIELD_DATASET
IMG20241103130505.jpg,.jpg,Normal_Leaf/IMG20241103130505.jpg,8650,True,300,300,1.0,RGB,3,JPEG,471dfcce4b18390942325e4f77a5375dfc6546d969f97faf04f17889f726893a,,Normal_Leaf,RiceLeafDisease_BD5,EXTERNAL_FIELD_DATASET
IMG20241103130506.jpg,.jpg,Normal_Leaf/IMG20241103130506.jpg,9872,True,300,300,1.0,RGB,3,JPEG,cd0934d00b3579d165dac9ca0486f2e4f72c30a00edec7710167656e1085b754,,Normal_Leaf,RiceLeafDisease_BD5,EXTERNAL_FIELD_DATASET
IMG20241103130512.jpg,.jpg,Normal_Leaf/IMG20241103130512.jpg,4210,True,300,300,1.0,RGB,3,JPEG,881243976cefe23b4318978e01d8db038f877f46e2b21dc57b17d8dbe38aa129,,Normal_Leaf,RiceLeafDisease_BD5,EXTERNAL_FIELD_DATASET
IMG20241103130517.jpg,.jpg,Normal_Leaf/IMG20241103130517.jpg,7712,True,300,300,1.0,RGB,3,JPEG,3b485e9dd788a7e9bddc8a05fcc71cfc34e1769fd185c37fac362594f2429c78,,Normal_Leaf,RiceLeafDisease_BD5,EXTERNAL_FIELD_DATASET
IMG20241103130522.jpg,.jpg,Normal_Leaf/IMG20241103130522.jpg,9164,True,300,300,1.0,RGB,3,JPEG,8372be30e4ea08df4cf19600547b2a3e834184a27454af23cac10f83a91a9f17,,Normal_Leaf,RiceLeafDisease_BD5,EXTERNAL_FIELD_DATASET
IMG20241103130527.jpg,.jpg,Normal_Leaf/IMG20241103130527.jpg,5602,True,300,300,1.0,RGB,3,JPEG,214132e6e55ebba4a1123d3483a547f5796b21afaf48a6305b98f44728717ebf,,Normal_Leaf,RiceLeafDisease_BD5,EXTERNAL_FIELD_DATASET
IMG20241103130528.jpg,.jpg,Normal_Leaf/IMG20241103130528.jpg,7033,True,300,300,1.0,RGB,3,JPEG,c7619afd5c499a4286290dbb753eda2283996fc2987195735ba38a2f891c677f,,Normal_Leaf,RiceLeafDisease_BD5,EXTERNAL_FIELD_DATASET
IMG20241103130530.jpg,.jpg,Normal_Leaf/IMG20241103130530.jpg,8618,True,300,300,1.0,RGB,3,JPEG,cb1f2e707a5d2d57255a0b0c1e57deae6c0717e4b5d13dfdd250e67168768cca,,Normal_Leaf,RiceLeafDisease_BD5,EXTERNAL_FIELD_DATASET
IMG20241103130543.jpg,.jpg,Normal_Leaf/IMG20241103130543.jpg,5850,True,300,300,1.0,RGB,3,JPEG,dd8208ed3b13301772bc40477d99ba912f35389c30291c6c7d587b1181ef999c,,Normal_Leaf,RiceLeafDisease_BD5,EXTERNAL_FIELD_DATASET
IMG20241103130543_01.jpg,.jpg,Normal_Leaf/IMG20241103130543_01.jpg,4435,True,300,300,1.0,RGB,3,JPEG,f3a856642511be6ff2b25bb7779e5b56214e897eb4815279c3a8037f2edea217,,Normal_Leaf,RiceLeafDisease_BD5,EXTERNAL_FIELD_DATASET
IMG20241103130545.jpg,.jpg,Normal_Leaf/IMG20241103130545.jpg,5936,True,300,300,1.0,RGB,3,JPEG,efbe38eb95ad89b0ab5a4cba3096213bde0766fc1566e853c9b02fd7aeecd078,,Normal_Leaf,RiceLeafDisease_BD5,EXTERNAL_FIELD_DATASET
IMG20241103130551.jpg,.jpg,Normal_Leaf/IMG20241103130551.jpg,8471,True,300,300,1.0,RGB,3,JPEG,d6d42047706d07f05fcd67dbdf2381e9c39e8945256032e4124123c2029e13f3,,Normal_Leaf,RiceLeafDisease_BD5,EXTERNAL_FIELD_DATASET
IMG20241103130553.jpg,.jpg,Normal_Leaf/IMG20241103130553.jpg,9384,True,300,300,1.0,RGB,3,JPEG,a149ddbf7e93db24afdbfda5cc351ec702e2a375bd617c66cb1d54b26ccbd760,,Normal_Leaf,RiceLeafDisease_BD5,EXTERNAL_FIELD_DATASET
IMG20241103130555.jpg,.jpg,Normal_Leaf/IMG20241103130555.jpg,9013,True,300,300,1.0,RGB,3,JPEG,9c93cc589f934f193d4fc2adfba5ba1f8e740507f4e19e9d693f7395b76d2281,,Normal_Leaf,RiceLeafDisease_BD5,EXTERNAL_FIELD_DATASET
IMG20241103130557.jpg,.jpg,Normal_Leaf/IMG20241103130557.jpg,8659,True,300,300,1.0,RGB,3,JPEG,de8d060fe98c9f062bbde100d82b592d6b1cc875d9736a6a330099ef5225ef98,,Normal_Leaf,RiceLeafDisease_BD5,EXTERNAL_FIELD_DATASET
IMG20241103130600.jpg,.jpg,Normal_Leaf/IMG20241103130600.jpg,5955,True,300,300,1.0,RGB,3,JPEG,eb98ffdf35dbea26cd8bc65b864a6b6c3b279d11bb2d6140ec418a641d49349a,,Normal_Leaf,RiceLeafDisease_BD5,EXTERNAL_FIELD_DATASET
IMG20241103130601.jpg,.jpg,Normal_Leaf/IMG20241103130601.jpg,7064,True,300,300,1.0,RGB,3,JPEG,826ff7ff5b37202deefc4928e54f3cc62acb57786d5d587055c79d5dd672f83d,,Normal_Leaf,RiceLeafDisease_BD5,EXTERNAL_FIELD_DATASET
IMG20241103130603.jpg,.jpg,Normal_Leaf/IMG20241103130603.jpg,7685,True,300,300,1.0,RGB,3,JPEG,6622376a10ee4c784c7f0013279ac60f08b78bb6aaf909e7fe23054665d2e822,,Normal_Leaf,RiceLeafDisease_BD5,EXTERNAL_FIELD_DATASET
IMG20241103130606.jpg,.jpg,Normal_Leaf/IMG20241103130606.jpg,4133,True,300,300,1.0,RGB,3,JPEG,1517a7ef24a106f327acb136b48191d0b6ee1c76f8b6bfa272ff0081027470c3,,Normal_Leaf,RiceLeafDisease_BD5,EXTERNAL_FIELD_DATASET
IMG20241103130611.jpg,.jpg,Normal_Leaf/IMG20241103130611.jpg,4216,True,300,300,1.0,RGB,3,JPEG,aaef3a3fb003369f0111618e0db7d961f533636af0232d37bd15e0a64135e2a8,,Normal_Leaf,RiceLeafDisease_BD5,EXTERNAL_FIELD_DATASET
IMG20241103130613.jpg,.jpg,Normal_Leaf/IMG20241103130613.jpg,5947,True,300,300,1.0,RGB,3,JPEG,c7ae2ab6275bb5b0f4298d64640e8c1e9ab501002aa93b4e905edadc771d4e8e,,Normal_Leaf,RiceLeafDisease_BD5,EXTERNAL_FIELD_DATASET
IMG20241103130615.jpg,.jpg,Normal_Leaf/IMG20241103130615.jpg,7225,True,300,300,1.0,RGB,3,JPEG,5f141569315e4f2d97c2b0fae8257cd0c8f2c6bb4913e44c10266a5b2a10ade1,,Normal_Leaf,RiceLeafDisease_BD5,EXTERNAL_FIELD_DATASET
IMG20241103130625.jpg,.jpg,Normal_Leaf/IMG20241103130625.jpg,5677,True,300,300,1.0,RGB,3,JPEG,27618ebc257cbc63f92a4404c611c662ede7dca40814d08ea60f1fd5cbc73a28,,Normal_Leaf,RiceLeafDisease_BD5,EXTERNAL_FIELD_DATASET
IMG20241103130625_01.jpg,.jpg,Normal_Leaf/IMG20241103130625_01.jpg,5784,True,300,300,1.0,RGB,3,JPEG,3b835a354583b36081ff2eed74d308620e1355265b62a7d61f73022b5b7f2dc7,,Normal_Leaf,RiceLeafDisease_BD5,EXTERNAL_FIELD_DATASET
IMG20241103130629.jpg,.jpg,Normal_Leaf/IMG20241103130629.jpg,7058,True,300,300,1.0,RGB,3,JPEG,a4b169e81c6b9c10dd69a97859cac71fc1d2c3ea6a4e85128573d005a58101f4,,Normal_Leaf,RiceLeafDisease_BD5,EXTERNAL_FIELD_DATASET
IMG20241103130630.jpg,.jpg,Normal_Leaf/IMG20241103130630.jpg,7059,True,300,300,1.0,RGB,3,JPEG,b8e89c9b0af776bb7e2b92cc7d5f5e3d22d770681dd99241748347e4340577a3,,Normal_Leaf,RiceLeafDisease_BD5,EXTERNAL_FIELD_DATASET
IMG20241103130634.jpg,.jpg,Normal_Leaf/IMG20241103130634.jpg,8145,True,300,300,1.0,RGB,3,JPEG,a6e7c6c3be1865f0e7ef448720e1d04f1853942605af8a09cd028b8afa8cc0c0,,Normal_Leaf,RiceLeafDisease_BD5,EXTERNAL_FIELD_DATASET
IMG20241103130634_01.jpg,.jpg,Normal_Leaf/IMG20241103130634_01.jpg,8241,True,300,300,1.0,RGB,3,JPEG,a1b5b3274334c1e2394c2e1150e5400697f279a0380957c5bfe84e022865f045,,Normal_Leaf,RiceLeafDisease_BD5,EXTERNAL_FIELD_DATASET
IMG20241103130635.jpg,.jpg,Normal_Leaf/IMG20241103130635.jpg,8034,True,300,300,1.0,RGB,3,JPEG,161dec3d6b16117b57cc86eb2586960fbd61ba9e4fcf8f875abf50f24e593988,,Normal_Leaf,RiceLeafDisease_BD5,EXTERNAL_FIELD_DATASET
IMG20241103130845.jpg,.jpg,Normal_Leaf/IMG20241103130845.jpg,7438,True,300,300,1.0,RGB,3,JPEG,5e9bb333a987ffbfbe1af63f91645aab8f88d41818387c0ec698069e00f1f512,,Normal_Leaf,RiceLeafDisease_BD5,EXTERNAL_FIELD_DATASET
IMG20241103130845_01.jpg,.jpg,Normal_Leaf/IMG20241103130845_01.jpg,7498,True,300,300,1.0,RGB,3,JPEG,7c34de1bf92a935d572349a49f9418a340f14fa4bb52d2f3bc7a1713d811dee3,,Normal_Leaf,RiceLeafDisease_BD5,EXTERNAL_FIELD_DATASET
IMG20241103130847.jpg,.jpg,Normal_Leaf/IMG20241103130847.jpg,4689,True,300,300,1.0,RGB,3,JPEG,ea942f2867bba512855544f6b34c33bc1df41f6253cbe5e48ac0f4f6e4c549a1,,Normal_Leaf,RiceLeafDisease_BD5,EXTERNAL_FIELD_DATASET
IMG20241103130849.jpg,.jpg,Normal_Leaf/IMG20241103130849.jpg,6178,True,300,300,1.0,RGB,3,JPEG,6fb62f938c875cb769cee651e6611b54877fb0d898eeb77c98388dc1651a2127,,Normal_Leaf,RiceLeafDisease_BD5,EXTERNAL_FIELD_DATASET
IMG20241103130852.jpg,.jpg,Normal_Leaf/IMG20241103130852.jpg,6547,True,300,300,1.0,RGB,3,JPEG,54b36b04542cc4a885d30afcf13f861c1b98fc790d1556d84c95ca38a031e1e3,,Normal_Leaf,RiceLeafDisease_BD5,EXTERNAL_FIELD_DATASET
IMG20241103130854.jpg,.jpg,Normal_Leaf/IMG20241103130854.jpg,8358,True,300,300,1.0,RGB,3,JPEG,7ca5da3856c8a54172f6be1ba112b9cd3fa61d0e9e6d922f58a87836f0202eeb,,Normal_Leaf,RiceLeafDisease_BD5,EXTERNAL_FIELD_DATASET
IMG20241103130906.jpg,.jpg,Normal_Leaf/IMG20241103130906.jpg,6267,True,300,300,1.0,RGB,3,JPEG,b6d64a14bdf5b743c85220ab71375deeb986e62202497f54bf7ad1e47fe4b899,,Normal_Leaf,RiceLeafDisease_BD5,EXTERNAL_FIELD_DATASET
IMG20241103130907.jpg,.jpg,Normal_Leaf/IMG20241103130907.jpg,6314,True,300,300,1.0,RGB,3,JPEG,69637c54b084aa853d770fddd681c142fdb9970fb902369c2852cc4d769de7da,,Normal_Leaf,RiceLeafDisease_BD5,EXTERNAL_FIELD_DATASET
IMG20241103131248.jpg,.jpg,Normal_Leaf/IMG20241103131248.jpg,5466,True,300,300,1.0,RGB,3,JPEG,ab3d676e4cce06ce1b4b6b188269743b6974c2ee9e202c6b8adc44a2e9422b53,,Normal_Leaf,RiceLeafDisease_BD5,EXTERNAL_FIELD_DATASET
IMG20241103131249.jpg,.jpg,Normal_Leaf/IMG20241103131249.jpg,6479,True,300,300,1.0,RGB,3,JPEG,06a521fb44b0e84bde5ab4cc4943dc85366ca76ac9609887cf3fea04a551dce6,,Normal_Leaf,RiceLeafDisease_BD5,EXTERNAL_FIELD_DATASET
IMG20241103131251.jpg,.jpg,Normal_Leaf/IMG20241103131251.jpg,7465,True,300,300,1.0,RGB,3,JPEG,b828fef3ec3c705e9f53630a70a3a970e1b67fb6b4994f42447646bd915d52d9,,Normal_Leaf,RiceLeafDisease_BD5,EXTERNAL_FIELD_DATASET
IMG20241103131300.jpg,.jpg,Normal_Leaf/IMG20241103131300.jpg,8177,True,300,300,1.0,RGB,3,JPEG,c7dabfcbe0105e8059aed05b0071382b1b2ace8b0cd2447bc5f527008cde2f9d,,Normal_Leaf,RiceLeafDisease_BD5,EXTERNAL_FIELD_DATASET
IMG20241103131307.jpg,.jpg,Normal_Leaf/IMG20241103131307.jpg,8755,True,300,300,1.0,RGB,3,JPEG,da2f454c05bc43e09d0e808c446ddb24dc491703ca1fbf89a1836ae3c4c11468,,Normal_Leaf,RiceLeafDisease_BD5,EXTERNAL_FIELD_DATASET
IMG20241103131307_01.jpg,.jpg,Normal_Leaf/IMG20241103131307_01.jpg,8722,True,300,300,1.0,RGB,3,JPEG,29b3bb7cc5961ecf112345626f29b41b13f8ec74d43129c377d52aa00ab17d84,,Normal_Leaf,RiceLeafDisease_BD5,EXTERNAL_FIELD_DATASET
IMG20241103131311.jpg,.jpg,Normal_Leaf/IMG20241103131311.jpg,5341,True,300,300,1.0,RGB,3,JPEG,c23cdba5c9e1d06a26cde86d1a8d615754b1f641412e69f90a788810d866a170,,Normal_Leaf,RiceLeafDisease_BD5,EXTERNAL_FIELD_DATASET
IMG20241103131311_01.jpg,.jpg,Normal_Leaf/IMG20241103131311_01.jpg,5319,True,300,300,1.0,RGB,3,JPEG,a5ff68c556936aec8eb531477d397a248c6f407afd34e23688275ed0e7d06a06,,Normal_Leaf,RiceLeafDisease_BD5,EXTERNAL_FIELD_DATASET
IMG20241103131315.jpg,.jpg,Normal_Leaf/IMG20241103131315.jpg,5730,True,300,300,1.0,RGB,3,JPEG,65d36eda32c3fc4c4e1fb276eeb624c1d1e4b59120b4c8d12c095e0a3a47f3d4,,Normal_Leaf,RiceLeafDisease_BD5,EXTERNAL_FIELD_DATASET
IMG20241103131316.jpg,.jpg,Normal_Leaf/IMG20241103131316.jpg,5716,True,300,300,1.0,RGB,3,JPEG,18b787dcc60794c9172d395dd2df212f7bec54363695b29eab6640082bd9371b,,Normal_Leaf,RiceLeafDisease_BD5,EXTERNAL_FIELD_DATASET
IMG20241103131325.jpg,.jpg,Normal_Leaf/IMG20241103131325.jpg,5720,True,300,300,1.0,RGB,3,JPEG,498a22db05cb9fef9b6e220f493e8aa79395736bd9341f71a8ea4535e1bc31f1,,Normal_Leaf,RiceLeafDisease_BD5,EXTERNAL_FIELD_DATASET
IMG20241103131326.jpg,.jpg,Normal_Leaf/IMG20241103131326.jpg,5695,True,300,300,1.0,RGB,3,JPEG,9e850ce2df9ef7dce25b4150852bf3d7fcfc4f9b91d88dc50326c3388a5eeb43,,Normal_Leaf,RiceLeafDisease_BD5,EXTERNAL_FIELD_DATASET
IMG20241103131329.jpg,.jpg,Normal_Leaf/IMG20241103131329.jpg,6644,True,300,300,1.0,RGB,3,JPEG,c99f0284826c7dab9e3effc531d3ef0927e4bcae26435759216dc61d14704d81,,Normal_Leaf,RiceLeafDisease_BD5,EXTERNAL_FIELD_DATASET
IMG20241103131329_01.jpg,.jpg,Normal_Leaf/IMG20241103131329_01.jpg,6620,True,300,300,1.0,RGB,3,JPEG,271ededa5f6a1dd2aa17d729c1c4e8c011fa849d4ba415a68a39021eac020df2,,Normal_Leaf,RiceLeafDisease_BD5,EXTERNAL_FIELD_DATASET
IMG20241103131332.jpg,.jpg,Normal_Leaf/IMG20241103131332.jpg,8779,True,300,300,1.0,RGB,3,JPEG,045a4ebba6c5ab50bf3072bd17efed890ea32409c85c1037916ae218a0f91bdf,,Normal_Leaf,RiceLeafDisease_BD5,EXTERNAL_FIELD_DATASET
IMG20241103131332_01.jpg,.jpg,Normal_Leaf/IMG20241103131332_01.jpg,8746,True,300,300,1.0,RGB,3,JPEG,46c0c6da5c26d635e174cd2baca3b1a4446e1eb9dfc158a1215ea02f927f0f8c,,Normal_Leaf,RiceLeafDisease_BD5,EXTERNAL_FIELD_DATASET
IMG20241103131335.jpg,.jpg,Normal_Leaf/IMG20241103131335.jpg,9755,True,300,300,1.0,RGB,3,JPEG,5ae9313058c71d1aa37316ddd926cb148116e7f305cc28207824e8c3edb5b731,,Normal_Leaf,RiceLeafDisease_BD5,EXTERNAL_FIELD_DATASET
IMG20241103131341.jpg,.jpg,Normal_Leaf/IMG20241103131341.jpg,6151,True,300,300,1.0,RGB,3,JPEG,5b43564ecb886253a2b8b3054f5cc3c51f6de5b378e1779db6968543826c6b09,,Normal_Leaf,RiceLeafDisease_BD5,EXTERNAL_FIELD_DATASET
IMG20241103131342.jpg,.jpg,Normal_Leaf/IMG20241103131342.jpg,6996,True,300,300,1.0,RGB,3,JPEG,e69ac3ec0a4c19e5de028d6425f80c881b6df835ebd9391f71c4662f104e74e7,,Normal_Leaf,RiceLeafDisease_BD5,EXTERNAL_FIELD_DATASET
IMG20241103131352.jpg,.jpg,Normal_Leaf/IMG20241103131352.jpg,5717,True,300,300,1.0,RGB,3,JPEG,b95433382461bad99460bdd6f45dab3a0f2dbe8ea034f25516a19a94fa17e84c,,Normal_Leaf,RiceLeafDisease_BD5,EXTERNAL_FIELD_DATASET
IMG20241103131352_01.jpg,.jpg,Normal_Leaf/IMG20241103131352_01.jpg,5727,True,300,300,1.0,RGB,3,JPEG,9606a11af7f064a97325ae8b1a1c78411c58df10f3e3e08b10aabe922478db19,,Normal_Leaf,RiceLeafDisease_BD5,EXTERNAL_FIELD_DATASET
IMG20241103131356.jpg,.jpg,Normal_Leaf/IMG20241103131356.jpg,7269,True,300,300,1.0,RGB,3,JPEG,9eb70497916c3c40581f86efb431786a9938f61d427442372c00232a456b6fdc,,Normal_Leaf,RiceLeafDisease_BD5,EXTERNAL_FIELD_DATASET
IMG20241103131359.jpg,.jpg,Normal_Leaf/IMG20241103131359.jpg,6020,True,300,300,1.0,RGB,3,JPEG,21479ee51a7c1abd40cd1ca5375d3a512f90c036d02e7565e3d42136fbb6aaf6,,Normal_Leaf,RiceLeafDisease_BD5,EXTERNAL_FIELD_DATASET
IMG20241103131450.jpg,.jpg,Normal_Leaf/IMG20241103131450.jpg,5817,True,300,300,1.0,RGB,3,JPEG,9673e620da8b2e7b3d63171bb10f60d454fe8319a3c7460e64af92b59f9aed3b,,Normal_Leaf,RiceLeafDisease_BD5,EXTERNAL_FIELD_DATASET
IMG20241103131451.jpg,.jpg,Normal_Leaf/IMG20241103131451.jpg,5883,True,300,300,1.0,RGB,3,JPEG,eaeacbca28cfffed7d8e08225e24cfcaa4d687c562f05ce8bf7a0c9b86f8edc9,,Normal_Leaf,RiceLeafDisease_BD5,EXTERNAL_FIELD_DATASET
IMG20241103131451_01.jpg,.jpg,Normal_Leaf/IMG20241103131451_01.jpg,5862,True,300,300,1.0,RGB,3,JPEG,525b2ffe8e92b5ffe2f2f48c11eaf2392889733467ac7619e6f2e490646dbb80,,Normal_Leaf,RiceLeafDisease_BD5,EXTERNAL_FIELD_DATASET
IMG20241103131456.jpg,.jpg,Normal_Leaf/IMG20241103131456.jpg,6146,True,300,300,1.0,RGB,3,JPEG,faf39991ddee3ec5708f9d5da4292a0845c0975b225e0178bc8b70a5e0289fd8,,Normal_Leaf,RiceLeafDisease_BD5,EXTERNAL_FIELD_DATASET
IMG20241103131502.jpg,.jpg,Normal_Leaf/IMG20241103131502.jpg,7921,True,300,300,1.0,RGB,3,JPEG,47874c135978e213d1bdea583b81489079f4ff9f53cfe84f0414afec62e8335a,,Normal_Leaf,RiceLeafDisease_BD5,EXTERNAL_FIELD_DATASET
IMG20241103131505.jpg,.jpg,Normal_Leaf/IMG20241103131505.jpg,9000,True,300,300,1.0,RGB,3,JPEG,fdd52215a6a1dc4dfce430e0b3c39a4e06a3b66610009214c40f450670542ab1,,Normal_Leaf,RiceLeafDisease_BD5,EXTERNAL_FIELD_DATASET
IMG20241103131513.jpg,.jpg,Normal_Leaf/IMG20241103131513.jpg,4558,True,300,300,1.0,RGB,3,JPEG,d6df8f5d435b7412eca602db13ec1a7e5a84660cb39087c41c01fc5167b2faff,,Normal_Leaf,RiceLeafDisease_BD5,EXTERNAL_FIELD_DATASET
IMG20241103131517.jpg,.jpg,Normal_Leaf/IMG20241103131517.jpg,6595,True,300,300,1.0,RGB,3,JPEG,2c73c9a15813ed7f03f66a4a6c71ee9580f5d5f64fdaa2c1507ff1e99a479a15,,Normal_Leaf,RiceLeafDisease_BD5,EXTERNAL_FIELD_DATASET
IMG20241103131521.jpg,.jpg,Normal_Leaf/IMG20241103131521.jpg,5878,True,300,300,1.0,RGB,3,JPEG,0f244c25c43dfa45fc5720a1472277bedc25a7326f5e45b634aa89f478b1cc1b,,Normal_Leaf,RiceLeafDisease_BD5,EXTERNAL_FIELD_DATASET
IMG20241103131527.jpg,.jpg,Normal_Leaf/IMG20241103131527.jpg,6880,True,300,300,1.0,RGB,3,JPEG,1b23cc4bd07578626d82f7f1725f6440fcbe87a173a55db704366938668f96e7,,Normal_Leaf,RiceLeafDisease_BD5,EXTERNAL_FIELD_DATASET
IMG20241103131528.jpg,.jpg,Normal_Leaf/IMG20241103131528.jpg,6888,True,300,300,1.0,RGB,3,JPEG,28ec4ad2dcbb7328db62366f80c4001c1dfcbe2c62fe0afad1e51cfb875a2708,,Normal_Leaf,RiceLeafDisease_BD5,EXTERNAL_FIELD_DATASET
IMG20241103131533.jpg,.jpg,Normal_Leaf/IMG20241103131533.jpg,8270,True,300,300,1.0,RGB,3,JPEG,997b0fd5877ffeec41f3037f239ffd6e65b665969f33ff89dee693505f3bea7c,,Normal_Leaf,RiceLeafDisease_BD5,EXTERNAL_FIELD_DATASET
IMG20241103131538.jpg,.jpg,Normal_Leaf/IMG20241103131538.jpg,5999,True,300,300,1.0,RGB,3,JPEG,5038b490db351e60a221c649d8fb29b4412656edad5ed32cdec343209cb371b7,,Normal_Leaf,RiceLeafDisease_BD5,EXTERNAL_FIELD_DATASET
IMG20241103131539.jpg,.jpg,Normal_Leaf/IMG20241103131539.jpg,5896,True,300,300,1.0,RGB,3,JPEG,1aa68c877ffc311b94675ed6b6ef1908fc519040a866371e0c2cf7fea0d52bcc,,Normal_Leaf,RiceLeafDisease_BD5,EXTERNAL_FIELD_DATASET
IMG20241103131543.jpg,.jpg,Normal_Leaf/IMG20241103131543.jpg,7050,True,300,300,1.0,RGB,3,JPEG,7d09800bf2c0e13da14012f199e92cdea1a1e3055f49cd57d21fe8077a40c01b,,Normal_Leaf,RiceLeafDisease_BD5,EXTERNAL_FIELD_DATASET
IMG20241103131543_01.jpg,.jpg,Normal_Leaf/IMG20241103131543_01.jpg,7053,True,300,300,1.0,RGB,3,JPEG,1dabc9bdea044e35d4e4c518064c29d4ad3f598a7e36d5aded87af3ea9d9cd9a,,Normal_Leaf,RiceLeafDisease_BD5,EXTERNAL_FIELD_DATASET
IMG20241103131547.jpg,.jpg,Normal_Leaf/IMG20241103131547.jpg,7879,True,300,300,1.0,RGB,3,JPEG,9ba3be1d6c6f979393b75118d100e4828d23f87de12c97cb4acb6d780bb3ea96,,Normal_Leaf,RiceLeafDisease_BD5,EXTERNAL_FIELD_DATASET
IMG20241103131547_01.jpg,.jpg,Normal_Leaf/IMG20241103131547_01.jpg,7900,True,300,300,1.0,RGB,3,JPEG,8bb067aeef501470adafca016756dc355045a26687a6020814dc05736c569b46,,Normal_Leaf,RiceLeafDisease_BD5,EXTERNAL_FIELD_DATASET
IMG20241103131548.jpg,.jpg,Normal_Leaf/IMG20241103131548.jpg,7865,True,300,300,1.0,RGB,3,JPEG,dd866e85d74f588e57682244696181706d76e9b7a73c3b114db2b47363e21af0,,Normal_Leaf,RiceLeafDisease_BD5,EXTERNAL_FIELD_DATASET
IMG20241103131552.jpg,.jpg,Normal_Leaf/IMG20241103131552.jpg,5634,True,300,300,1.0,RGB,3,JPEG,9c6847879c7d87ccb7fe2a7efd14b7daffb879ddcd813c00e139c548a739ad50,,Normal_Leaf,RiceLeafDisease_BD5,EXTERNAL_FIELD_DATASET
IMG20241103131555.jpg,.jpg,Normal_Leaf/IMG20241103131555.jpg,6969,True,300,300,1.0,RGB,3,JPEG,5f061f6ff1f1c6af9fc04b8548836f048b687f3caeefe9cc375eea498049e330,,Normal_Leaf,RiceLeafDisease_BD5,EXTERNAL_FIELD_DATASET
IMG20241103131559.jpg,.jpg,Normal_Leaf/IMG20241103131559.jpg,4515,True,300,300,1.0,RGB,3,JPEG,7dbd516d98c18218a01df6668d48e65af2d890e14ab62ad589372437c3a22a0c,,Normal_Leaf,RiceLeafDisease_BD5,EXTERNAL_FIELD_DATASET
IMG20241103131602.jpg,.jpg,Normal_Leaf/IMG20241103131602.jpg,5775,True,300,300,1.0,RGB,3,JPEG,165c9f109072cd374cf16cd007f8b416000cec8b2671ae4bdce752f2fa949c17,,Normal_Leaf,RiceLeafDisease_BD5,EXTERNAL_FIELD_DATASET
IMG20241103131606.jpg,.jpg,Normal_Leaf/IMG20241103131606.jpg,6711,True,300,300,1.0,RGB,3,JPEG,77ad0af1db6f1f69789423d2cb1807a4346a8bb1ac0765bff783ce0f1056eead,,Normal_Leaf,RiceLeafDisease_BD5,EXTERNAL_FIELD_DATASET
IMG20241103131608.jpg,.jpg,Normal_Leaf/IMG20241103131608.jpg,7609,True,300,300,1.0,RGB,3,JPEG,205c028ce590f20d4878b2bd9a4d4cf14425d545037c6ffdef8d56e392c749dc,,Normal_Leaf,RiceLeafDisease_BD5,EXTERNAL_FIELD_DATASET
IMG20241103131615_01.jpg,.jpg,Normal_Leaf/IMG20241103131615_01.jpg,5905,True,300,300,1.0,RGB,3,JPEG,92b7b1844e3d4f361aba0e392e8361c74e407681355ba7e1b873061eb9ab9714,,Normal_Leaf,RiceLeafDisease_BD5,EXTERNAL_FIELD_DATASET
IMG_20241031_132440.jpg,.jpg,Normal_Leaf/IMG_20241031_132440.jpg,5590,True,300,300,1.0,RGB,3,JPEG,4f68ff9ab5a472482e554bdbedd3af602439a3bc4db292aefdaae4f455f08ea4,,Normal_Leaf,RiceLeafDisease_BD5,EXTERNAL_FIELD_DATASET
IMG_20241031_132441.jpg,.jpg,Normal_Leaf/IMG_20241031_132441.jpg,5114,True,300,300,1.0,RGB,3,JPEG,bd97f9e09fea3c7f51774f4d54c57cc4b77d230c621a672bfaa72e437a7a1a6d,,Normal_Leaf,RiceLeafDisease_BD5,EXTERNAL_FIELD_DATASET
IMG_20241031_132450.jpg,.jpg,Normal_Leaf/IMG_20241031_132450.jpg,4425,True,300,300,1.0,RGB,3,JPEG,6ea3e6ecd37b1ef57c8d80666616887e1058828d9426422480b971ed4309291d,,Normal_Leaf,RiceLeafDisease_BD5,EXTERNAL_FIELD_DATASET
IMG_20241031_132451.jpg,.jpg,Normal_Leaf/IMG_20241031_132451.jpg,4354,True,300,300,1.0,RGB,3,JPEG,0ddb2560759e0c78259b2a9fb59728122e18e578b299442329549bc8a9c254c3,,Normal_Leaf,RiceLeafDisease_BD5,EXTERNAL_FIELD_DATASET
IMG_20241031_132452.jpg,.jpg,Normal_Leaf/IMG_20241031_132452.jpg,4307,True,300,300,1.0,RGB,3,JPEG,0fc155d10a55203fcc510c0d28d86d8ef91143ee639f27e8cbed578b0d7b4076,,Normal_Leaf,RiceLeafDisease_BD5,EXTERNAL_FIELD_DATASET
IMG_20241031_132458.jpg,.jpg,Normal_Leaf/IMG_20241031_132458.jpg,6082,True,300,300,1.0,RGB,3,JPEG,879cb3a48da988117a28541c19549bb5c6bc8a965ad8ffe2fb5e42440a1f634d,,Normal_Leaf,RiceLeafDisease_BD5,EXTERNAL_FIELD_DATASET
IMG_20241031_132500.jpg,.jpg,Normal_Leaf/IMG_20241031_132500.jpg,6043,True,300,300,1.0,RGB,3,JPEG,af82b609587ace098e8b320803040fa65101a8777f6d6c3b44ecbd88991a24ac,,Normal_Leaf,RiceLeafDisease_BD5,EXTERNAL_FIELD_DATASET
IMG_20241031_132507.jpg,.jpg,Normal_Leaf/IMG_20241031_132507.jpg,5711,True,300,300,1.0,RGB,3,JPEG,cf5931170651e0503abab173ca6c58b801dca0b5420ab651ea0b62540683a275,,Normal_Leaf,RiceLeafDisease_BD5,EXTERNAL_FIELD_DATASET
IMG_20241031_132537.jpg,.jpg,Normal_Leaf/IMG_20241031_132537.jpg,7313,True,300,300,1.0,RGB,3,JPEG,a6f26085e0934336750bc0b59b443f3b7c621b7007c70670fcd95749918be9c1,,Normal_Leaf,RiceLeafDisease_BD5,EXTERNAL_FIELD_DATASET
IMG_20241031_132538.jpg,.jpg,Normal_Leaf/IMG_20241031_132538.jpg,7284,True,300,300,1.0,RGB,3,JPEG,a9ffa978c4a55bd7362526cc9f591a13c108241d243740f310bbf49fbc9feaa5,,Normal_Leaf,RiceLeafDisease_BD5,EXTERNAL_FIELD_DATASET
IMG_20241031_132539.jpg,.jpg,Normal_Leaf/IMG_20241031_132539.jpg,7168,True,300,300,1.0,RGB,3,JPEG,d1dc89ae9441f6e5aa29df04dc13a1b0123a7edd9cf941327bc90a8487b21f7e,,Normal_Leaf,RiceLeafDisease_BD5,EXTERNAL_FIELD_DATASET
IMG_20241031_132603.jpg,.jpg,Normal_Leaf/IMG_20241031_132603.jpg,6200,True,300,300,1.0,RGB,3,JPEG,2da6971bb3458e4158bd9d53c8771d3f98d7adc8ecde761d800a446eda050b5b,,Normal_Leaf,RiceLeafDisease_BD5,EXTERNAL_FIELD_DATASET
IMG_20241031_132605.jpg,.jpg,Normal_Leaf/IMG_20241031_132605.jpg,6283,True,300,300,1.0,RGB,3,JPEG,52188c7829d9b0b6985b353af5f7727fc999d6dac78e7531e2511e834fb80030,,Normal_Leaf,RiceLeafDisease_BD5,EXTERNAL_FIELD_DATASET
IMG_20241031_132611.jpg,.jpg,Normal_Leaf/IMG_20241031_132611.jpg,6656,True,300,300,1.0,RGB,3,JPEG,8baf8d626dc63c642c4b67a39a58c6b36021f5c524c95693243598b88cd7b527,,Normal_Leaf,RiceLeafDisease_BD5,EXTERNAL_FIELD_DATASET
IMG_20241031_132611_1.jpg,.jpg,Normal_Leaf/IMG_20241031_132611_1.jpg,6666,True,300,300,1.0,RGB,3,JPEG,6c35a8eba07f1c7f877e35169186ef99660cae5a06de45754fac82ada3c72254,,Normal_Leaf,RiceLeafDisease_BD5,EXTERNAL_FIELD_DATASET
IMG_20241031_132628.jpg,.jpg,Normal_Leaf/IMG_20241031_132628.jpg,6289,True,300,300,1.0,RGB,3,JPEG,c3fcc30e5ea229b8e5a06c9496cdd72c38be9462536f7523db7535d14b6e78dc,,Normal_Leaf,RiceLeafDisease_BD5,EXTERNAL_FIELD_DATASET
IMG_20241031_132629.jpg,.jpg,Normal_Leaf/IMG_20241031_132629.jpg,6305,True,300,300,1.0,RGB,3,JPEG,61b70d33314ba08deb8967fdcc90a6143fe65ffb466daa7b3b391f473084adff,,Normal_Leaf,RiceLeafDisease_BD5,EXTERNAL_FIELD_DATASET
IMG_20241031_132634.jpg,.jpg,Normal_Leaf/IMG_20241031_132634.jpg,6522,True,300,300,1.0,RGB,3,JPEG,207e785604d09f22dc2d6b35f27426986e7004b12fe9e05a69dc0a77833cc6b1,,Normal_Leaf,RiceLeafDisease_BD5,EXTERNAL_FIELD_DATASET
IMG_20241031_132635.jpg,.jpg,Normal_Leaf/IMG_20241031_132635.jpg,6519,True,300,300,1.0,RGB,3,JPEG,6b076858ed41331eca5814a1b8a0b4c5cd975535993b777ffe041853feddfb8f,,Normal_Leaf,RiceLeafDisease_BD5,EXTERNAL_FIELD_DATASET
IMG_20241031_132640.jpg,.jpg,Normal_Leaf/IMG_20241031_132640.jpg,6500,True,300,300,1.0,RGB,3,JPEG,478e5ed9d06b344f47e1d3963496ff40b8c761a609f3aa2ee686856a19e7818c,,Normal_Leaf,RiceLeafDisease_BD5,EXTERNAL_FIELD_DATASET
IMG_20241031_132656.jpg,.jpg,Normal_Leaf/IMG_20241031_132656.jpg,4161,True,300,300,1.0,RGB,3,JPEG,364c8e3c47038a057e986eedf8e3ed9297d96cb98f48aff9a03de7ccaf10f8aa,,Normal_Leaf,RiceLeafDisease_BD5,EXTERNAL_FIELD_DATASET
IMG_20241031_132657.jpg,.jpg,Normal_Leaf/IMG_20241031_132657.jpg,4109,True,300,300,1.0,RGB,3,JPEG,ab2c457bed85f1f1fb9f8b1604d1344f6c7a2859fbe695ad1b62c5a5cfe8d88b,,Normal_Leaf,RiceLeafDisease_BD5,EXTERNAL_FIELD_DATASET
IMG_20241031_132751.jpg,.jpg,Normal_Leaf/IMG_20241031_132751.jpg,7509,True,300,300,1.0,RGB,3,JPEG,50d64694b16d4eb348dfa6d95b162c905558708e088133f2254fab438d9fe083,,Normal_Leaf,RiceLeafDisease_BD5,EXTERNAL_FIELD_DATASET
IMG_20241031_132752.jpg,.jpg,Normal_Leaf/IMG_20241031_132752.jpg,7342,True,300,300,1.0,RGB,3,JPEG,4fff0ba91ac066681ebf78cc351526cc6f09f0324074d27a76628545200e8fea,,Normal_Leaf,RiceLeafDisease_BD5,EXTERNAL_FIELD_DATASET
IMG_20241031_132802.jpg,.jpg,Normal_Leaf/IMG_20241031_132802.jpg,8136,True,300,300,1.0,RGB,3,JPEG,8aeecc8c16181d64770a93c382365afdb0b7eb77a97f341ea92d5c5871712afb,,Normal_Leaf,RiceLeafDisease_BD5,EXTERNAL_FIELD_DATASET
IMG_20241031_132803.jpg,.jpg,Normal_Leaf/IMG_20241031_132803.jpg,8017,True,300,300,1.0,RGB,3,JPEG,0a1d0d116f4270a9d4fe7f4e86853b4280db7def4fd1584e40422c19a9ec2e60,,Normal_Leaf,RiceLeafDisease_BD5,EXTERNAL_FIELD_DATASET
IMG_20241031_132814.jpg,.jpg,Normal_Leaf/IMG_20241031_132814.jpg,6192,True,300,300,1.0,RGB,3,JPEG,f68cdd756b2b1f9891e29b17c8dde324d247dc149b80c73263833b6363d6f10b,,Normal_Leaf,RiceLeafDisease_BD5,EXTERNAL_FIELD_DATASET
IMG_20241031_132816.jpg,.jpg,Normal_Leaf/IMG_20241031_132816.jpg,6245,True,300,300,1.0,RGB,3,JPEG,0e74e869acb86a7fcda4a7b84524c3110e329e1083ee768e0af1e46690e4451b,,Normal_Leaf,RiceLeafDisease_BD5,EXTERNAL_FIELD_DATASET
IMG_20241031_133011.jpg,.jpg,Normal_Leaf/IMG_20241031_133011.jpg,9076,True,300,300,1.0,RGB,3,JPEG,3d418b24a280712f7033dd7c6ccae0ccbb3bbc8226c174b04b13cc7fbc607c65,,Normal_Leaf,RiceLeafDisease_BD5,EXTERNAL_FIELD_DATASET
IMG_20241031_133012.jpg,.jpg,Normal_Leaf/IMG_20241031_133012.jpg,9120,True,300,300,1.0,RGB,3,JPEG,3b6a950115b4c994f99192a3233d89a236388106fa2f5a53ca349bd90697ee3c,,Normal_Leaf,RiceLeafDisease_BD5,EXTERNAL_FIELD_DATASET
IMG_20241031_133014.jpg,.jpg,Normal_Leaf/IMG_20241031_133014.jpg,9203,True,300,300,1.0,RGB,3,JPEG,c5fdde8c0ba404fbd2593fdc9f3d49114782bdc0cdd92ae0f78b8c75c7fb9fcc,,Normal_Leaf,RiceLeafDisease_BD5,EXTERNAL_FIELD_DATASET
IMG_20241031_133015.jpg,.jpg,Normal_Leaf/IMG_20241031_133015.jpg,9230,True,300,300,1.0,RGB,3,JPEG,b4cd299289c683e4e68d9bf86ee87208373e63b5629bd52d977f51bd5b552080,,Normal_Leaf,RiceLeafDisease_BD5,EXTERNAL_FIELD_DATASET
IMG_20241031_133020.jpg,.jpg,Normal_Leaf/IMG_20241031_133020.jpg,8159,True,300,300,1.0,RGB,3,JPEG,e27c48e623405cb745e416c50bf0cf0d3d7b60cb892ea3a52c695dcf983b0f19,,Normal_Leaf,RiceLeafDisease_BD5,EXTERNAL_FIELD_DATASET
IMG_20241031_133021.jpg,.jpg,Normal_Leaf/IMG_20241031_133021.jpg,8154,True,300,300,1.0,RGB,3,JPEG,784630dddefc6b157ddb034634a6ec537ac993971b9af0e918ca14a46e7257ac,,Normal_Leaf,RiceLeafDisease_BD5,EXTERNAL_FIELD_DATASET
IMG_20241031_133023.jpg,.jpg,Normal_Leaf/IMG_20241031_133023.jpg,8180,True,300,300,1.0,RGB,3,JPEG,f9d18ab646a93beb1d4d1c4bd643fd5cacd925accc17c76fc238d1fe530862ce,,Normal_Leaf,RiceLeafDisease_BD5,EXTERNAL_FIELD_DATASET
IMG_20241031_133028.jpg,.jpg,Normal_Leaf/IMG_20241031_133028.jpg,8670,True,300,300,1.0,RGB,3,JPEG,a529a4a344b3938f4e14874dcf1dcccb7f9c1a56c066218a68fb1191dfada8ca,,Normal_Leaf,RiceLeafDisease_BD5,EXTERNAL_FIELD_DATASET
IMG_20241031_133030.jpg,.jpg,Normal_Leaf/IMG_20241031_133030.jpg,8272,True,300,300,1.0,RGB,3,JPEG,501422b2edb57aa5bacd7f4e24110d266886581d36e98c74b69e28aa9374188e,,Normal_Leaf,RiceLeafDisease_BD5,EXTERNAL_FIELD_DATASET
IMG_20241031_133036.jpg,.jpg,Normal_Leaf/IMG_20241031_133036.jpg,7672,True,300,300,1.0,RGB,3,JPEG,e2a0b628d58017246f09f9a796a9ad99629f750794076972b236728d67cf597d,,Normal_Leaf,RiceLeafDisease_BD5,EXTERNAL_FIELD_DATASET
IMG_20241031_133037.jpg,.jpg,Normal_Leaf/IMG_20241031_133037.jpg,7639,True,300,300,1.0,RGB,3,JPEG,4bc5fe3d90a8916abeb8da6b0e3500bf9981d7a0313ea711069a229417c2bd11,,Normal_Leaf,RiceLeafDisease_BD5,EXTERNAL_FIELD_DATASET
IMG_20241031_133038.jpg,.jpg,Normal_Leaf/IMG_20241031_133038.jpg,7632,True,300,300,1.0,RGB,3,JPEG,503a880c3f7eba3b28a400e3e9c435fb5bcfa4343afda659de65e8c03a56a1d4,,Normal_Leaf,RiceLeafDisease_BD5,EXTERNAL_FIELD_DATASET
IMG_20241031_133050.jpg,.jpg,Normal_Leaf/IMG_20241031_133050.jpg,4399,True,300,300,1.0,RGB,3,JPEG,c77d2ab0d6306ac9aa198c963e9f30548f019c0fc09d10721e1d1413dafb613c,,Normal_Leaf,RiceLeafDisease_BD5,EXTERNAL_FIELD_DATASET
IMG_20241031_133051.jpg,.jpg,Normal_Leaf/IMG_20241031_133051.jpg,4383,True,300,300,1.0,RGB,3,JPEG,f426d269074ed88ee7e0a9d20f074a9408123a918d4be67a6044f2e888db21c5,,Normal_Leaf,RiceLeafDisease_BD5,EXTERNAL_FIELD_DATASET
IMG_20241031_133454.jpg,.jpg,Normal_Leaf/IMG_20241031_133454.jpg,5548,True,300,300,1.0,RGB,3,JPEG,416405e59a87078911255a6861683862e8415c1db9781573a927bdc7742f0041,,Normal_Leaf,RiceLeafDisease_BD5,EXTERNAL_FIELD_DATASET
IMG_20241031_133455.jpg,.jpg,Normal_Leaf/IMG_20241031_133455.jpg,5678,True,300,300,1.0,RGB,3,JPEG,2dffe1e61f40d121924a1a3a9359ce7ae55ed7a5a8d013374afd87297119d5af,,Normal_Leaf,RiceLeafDisease_BD5,EXTERNAL_FIELD_DATASET
IMG_20241031_133503.jpg,.jpg,Normal_Leaf/IMG_20241031_133503.jpg,6164,True,300,300,1.0,RGB,3,JPEG,b375f24101c034ac0fc1fa2b73c8bb2e2730a39cb06f148abb696107f785bed6,,Normal_Leaf,RiceLeafDisease_BD5,EXTERNAL_FIELD_DATASET
IMG_20241031_133504.jpg,.jpg,Normal_Leaf/IMG_20241031_133504.jpg,6251,True,300,300,1.0,RGB,3,JPEG,dfa9d2a7d10e9919a94d16bc2b315dfc056c42e4f3cc348ec737aff96ab43910,,Normal_Leaf,RiceLeafDisease_BD5,EXTERNAL_FIELD_DATASET
IMG_20241031_133508.jpg,.jpg,Normal_Leaf/IMG_20241031_133508.jpg,5789,True,300,300,1.0,RGB,3,JPEG,dc65b717200f81e11ac67f53a4e95167124d41717fa2d5b72425986e28bece78,,Normal_Leaf,RiceLeafDisease_BD5,EXTERNAL_FIELD_DATASET
IMG_20241031_133510.jpg,.jpg,Normal_Leaf/IMG_20241031_133510.jpg,8031,True,300,300,1.0,RGB,3,JPEG,e67af0f08fca1fd092484600db1005bb5cebc120686ec34ab4372f3822d54d20,,Normal_Leaf,RiceLeafDisease_BD5,EXTERNAL_FIELD_DATASET
IMG_20241031_133511.jpg,.jpg,Normal_Leaf/IMG_20241031_133511.jpg,8142,True,300,300,1.0,RGB,3,JPEG,a872304a168d9012a60ee40c59afe252affb311c24f6b58b639d6260762c4328,,Normal_Leaf,RiceLeafDisease_BD5,EXTERNAL_FIELD_DATASET
IMG_20241031_133515.jpg,.jpg,Normal_Leaf/IMG_20241031_133515.jpg,8513,True,300,300,1.0,RGB,3,JPEG,ab5f65063d4520e24b74f4aee2b810f8c262c4dcc72937d9cd54e38f1a333b73,,Normal_Leaf,RiceLeafDisease_BD5,EXTERNAL_FIELD_DATASET
IMG_20241031_133516.jpg,.jpg,Normal_Leaf/IMG_20241031_133516.jpg,8520,True,300,300,1.0,RGB,3,JPEG,7907dfaa93877ee8e53e5e2d12b0c378833a1db6a956c1c67969ee153b9027d7,,Normal_Leaf,RiceLeafDisease_BD5,EXTERNAL_FIELD_DATASET
IMG_20241031_133522.jpg,.jpg,Normal_Leaf/IMG_20241031_133522.jpg,8572,True,300,300,1.0,RGB,3,JPEG,fbac6f14cda6d27fae4a2cd04a7a0547eb83d17a891e1095b7248a53035ba8ea,,Normal_Leaf,RiceLeafDisease_BD5,EXTERNAL_FIELD_DATASET
IMG_20241031_133524.jpg,.jpg,Normal_Leaf/IMG_20241031_133524.jpg,8580,True,300,300,1.0,RGB,3,JPEG,51b887b492855098194d69db3c8dbadfb31fc866be289573fb043a0040fca2b0,,Normal_Leaf,RiceLeafDisease_BD5,EXTERNAL_FIELD_DATASET
IMG_20241031_133535.jpg,.jpg,Normal_Leaf/IMG_20241031_133535.jpg,9055,True,300,300,1.0,RGB,3,JPEG,e32ab34abadae4bc4fb10df4b797efde26150253c2d397eb1ed50dd0964d44bd,,Normal_Leaf,RiceLeafDisease_BD5,EXTERNAL_FIELD_DATASET
IMG_20241031_133539.jpg,.jpg,Normal_Leaf/IMG_20241031_133539.jpg,8217,True,300,300,1.0,RGB,3,JPEG,61edc037d35357ab1a29bd5ce437bd5cd6387ae91460eaaec7b75b3bf18eec13,,Normal_Leaf,RiceLeafDisease_BD5,EXTERNAL_FIELD_DATASET
IMG_20241031_133539_1.jpg,.jpg,Normal_Leaf/IMG_20241031_133539_1.jpg,8517,True,300,300,1.0,RGB,3,JPEG,ccf55030babc03e962b951157c8fd16ea5f4588987ba96261505220cb50b01ec,,Normal_Leaf,RiceLeafDisease_BD5,EXTERNAL_FIELD_DATASET
IMG_20241031_133540.jpg,.jpg,Normal_Leaf/IMG_20241031_133540.jpg,8408,True,300,300,1.0,RGB,3,JPEG,6de242b81bdb4444ef9f888a735fa961a50f55c4c822022af7b6e1619407d3b2,,Normal_Leaf,RiceLeafDisease_BD5,EXTERNAL_FIELD_DATASET
IMG_20241031_133550.jpg,.jpg,Normal_Leaf/IMG_20241031_133550.jpg,8665,True,300,300,1.0,RGB,3,JPEG,a0b822fb8a45a8fc045790538a3547ceedab1046157442699dae82c55557f44e,,Normal_Leaf,RiceLeafDisease_BD5,EXTERNAL_FIELD_DATASET
IMG_20241031_133551.jpg,.jpg,Normal_Leaf/IMG_20241031_133551.jpg,8976,True,300,300,1.0,RGB,3,JPEG,aa1b9cbea20816d53b1820d0fae875e0529c8233630295047b06304372d33f30,,Normal_Leaf,RiceLeafDisease_BD5,EXTERNAL_FIELD_DATASET
IMG_20241031_133552.jpg,.jpg,Normal_Leaf/IMG_20241031_133552.jpg,8846,True,300,300,1.0,RGB,3,JPEG,a77520897de99ed8c1a16ac26db2540115d4ccc42eba33dc612d6672d4002420,,Normal_Leaf,RiceLeafDisease_BD5,EXTERNAL_FIELD_DATASET
IMG_20241031_133557.jpg,.jpg,Normal_Leaf/IMG_20241031_133557.jpg,8785,True,300,300,1.0,RGB,3,JPEG,5b3318637d42e9d0eb072e37e883f7dd08de76b1524ffe7cfba83b1d4ba5c3ca,,Normal_Leaf,RiceLeafDisease_BD5,EXTERNAL_FIELD_DATASET
IMG_20241031_133558.jpg,.jpg,Normal_Leaf/IMG_20241031_133558.jpg,8814,True,300,300,1.0,RGB,3,JPEG,32aa7b93f846ad0c73dd1913bbd490fb393786ced746dc5275d37a885c6a67f3,,Normal_Leaf,RiceLeafDisease_BD5,EXTERNAL_FIELD_DATASET
IMG_20241031_133605.jpg,.jpg,Normal_Leaf/IMG_20241031_133605.jpg,8200,True,300,300,1.0,RGB,3,JPEG,2fc74faaf8350de5d47af5412a974b75d3d54271081273741151d79cac08f423,,Normal_Leaf,RiceLeafDisease_BD5,EXTERNAL_FIELD_DATASET
IMG_20241031_133606.jpg,.jpg,Normal_Leaf/IMG_20241031_133606.jpg,8182,True,300,300,1.0,RGB,3,JPEG,eaac9b4ff4f52d35e85bad93972d7eab6edd3f8b791d8e3c54e8378c8c3ca2db,,Normal_Leaf,RiceLeafDisease_BD5,EXTERNAL_FIELD_DATASET
IMG_20241031_133610.jpg,.jpg,Normal_Leaf/IMG_20241031_133610.jpg,9030,True,300,300,1.0,RGB,3,JPEG,36f17914568aed8533b6fd7a13935bdde9defc376995814a032aa68a5158bae5,,Normal_Leaf,RiceLeafDisease_BD5,EXTERNAL_FIELD_DATASET
IMG_20241031_133611.jpg,.jpg,Normal_Leaf/IMG_20241031_133611.jpg,9296,True,300,300,1.0,RGB,3,JPEG,b47cf85c87336e5a0349c5061b0f52332e8018f9359ddcca72217a811d3b85ab,,Normal_Leaf,RiceLeafDisease_BD5,EXTERNAL_FIELD_DATASET
IMG_20241031_133612.jpg,.jpg,Normal_Leaf/IMG_20241031_133612.jpg,8995,True,300,300,1.0,RGB,3,JPEG,79fcee569f1e06d53cf40138bce06fb76a517ca0bf433349fe849bc23c111add,,Normal_Leaf,RiceLeafDisease_BD5,EXTERNAL_FIELD_DATASET
IMG_20241031_133618.jpg,.jpg,Normal_Leaf/IMG_20241031_133618.jpg,7524,True,300,300,1.0,RGB,3,JPEG,55b1101318d4c610447c8d2b4ea8a0a48961f9132ee82dbd5fa3039b856d84ca,,Normal_Leaf,RiceLeafDisease_BD5,EXTERNAL_FIELD_DATASET
IMG_20241031_133618_1.jpg,.jpg,Normal_Leaf/IMG_20241031_133618_1.jpg,7625,True,300,300,1.0,RGB,3,JPEG,d3de540887170709e51134efb61ee795df045c50fbc3b63b6efd8b3245d19261,,Normal_Leaf,RiceLeafDisease_BD5,EXTERNAL_FIELD_DATASET
IMG_20241031_133648.jpg,.jpg,Normal_Leaf/IMG_20241031_133648.jpg,6882,True,300,300,1.0,RGB,3,JPEG,bce61414c60908d56317fad03065e39d710697fd5d939e663d488d57132586cd,,Normal_Leaf,RiceLeafDisease_BD5,EXTERNAL_FIELD_DATASET
IMG_20241031_133649.jpg,.jpg,Normal_Leaf/IMG_20241031_133649.jpg,6898,True,300,300,1.0,RGB,3,JPEG,806aac0f0a977cd1d9bd2a3969242b5760b1133a64fcc199f2d011deed1a8394,,Normal_Leaf,RiceLeafDisease_BD5,EXTERNAL_FIELD_DATASET
IMG_20241031_133650.jpg,.jpg,Normal_Leaf/IMG_20241031_133650.jpg,6917,True,300,300,1.0,RGB,3,JPEG,618663fd5784d797e695666774402d660c6f97bd864d5a44822b430ec1b93c6c,,Normal_Leaf,RiceLeafDisease_BD5,EXTERNAL_FIELD_DATASET
IMG_20241031_133655.jpg,.jpg,Normal_Leaf/IMG_20241031_133655.jpg,8037,True,300,300,1.0,RGB,3,JPEG,da2d567d65bfcb59836a9f9ce4be2021bb91d006248b93d0c5a3a8b5d3c7e189,,Normal_Leaf,RiceLeafDisease_BD5,EXTERNAL_FIELD_DATASET
IMG_20241031_133656.jpg,.jpg,Normal_Leaf/IMG_20241031_133656.jpg,8088,True,300,300,1.0,RGB,3,JPEG,a2d687b8ec73874a936720ad640bdf12405332d4885ea8b1305562807bf596ba,,Normal_Leaf,RiceLeafDisease_BD5,EXTERNAL_FIELD_DATASET
IMG_20241031_133657.jpg,.jpg,Normal_Leaf/IMG_20241031_133657.jpg,8116,True,300,300,1.0,RGB,3,JPEG,4e5be9ff0f4a3851ff78ed85cd3a7b25a3fab96e0d0f6769c449548cf8eaacf6,,Normal_Leaf,RiceLeafDisease_BD5,EXTERNAL_FIELD_DATASET
IMG_20241031_133658.jpg,.jpg,Normal_Leaf/IMG_20241031_133658.jpg,6176,True,300,300,1.0,RGB,3,JPEG,255e2e81471026dee9150b9b48f232961059facf95c2b173a5e037b11d42fb96,,Normal_Leaf,RiceLeafDisease_BD5,EXTERNAL_FIELD_DATASET
IMG_20241031_133705.jpg,.jpg,Normal_Leaf/IMG_20241031_133705.jpg,6403,True,300,300,1.0,RGB,3,JPEG,4793e091685b4064fe2c3758e94c55c835eb95547956b3b7ee29fa7a98400aee,,Normal_Leaf,RiceLeafDisease_BD5,EXTERNAL_FIELD_DATASET
IMG_20241031_133705_1.jpg,.jpg,Normal_Leaf/IMG_20241031_133705_1.jpg,6376,True,300,300,1.0,RGB,3,JPEG,9f1ba3e6f3f36ca4483bd9c3d7604c953bd0782d1f8f30c0833af0e557359282,,Normal_Leaf,RiceLeafDisease_BD5,EXTERNAL_FIELD_DATASET
IMG_20241031_133706.jpg,.jpg,Normal_Leaf/IMG_20241031_133706.jpg,6220,True,300,300,1.0,RGB,3,JPEG,ae5776276ce78a39a6182385fa58be0808664bfd4d132a2421d106f28ef64ef2,,Normal_Leaf,RiceLeafDisease_BD5,EXTERNAL_FIELD_DATASET
IMG_20241031_133714.jpg,.jpg,Normal_Leaf/IMG_20241031_133714.jpg,5369,True,300,300,1.0,RGB,3,JPEG,713bcc6dfff4ceaa56859c0444c47ca0ac18f7bf5b65eff8dff0ed6d499fbced,,Normal_Leaf,RiceLeafDisease_BD5,EXTERNAL_FIELD_DATASET
IMG_20241031_133715.jpg,.jpg,Normal_Leaf/IMG_20241031_133715.jpg,5369,True,300,300,1.0,RGB,3,JPEG,c42725ffede0265f5f118e64f094d1a2291acd649714696cf169113c1240e6a6,,Normal_Leaf,RiceLeafDisease_BD5,EXTERNAL_FIELD_DATASET
IMG_20241031_133715_1.jpg,.jpg,Normal_Leaf/IMG_20241031_133715_1.jpg,5363,True,300,300,1.0,RGB,3,JPEG,61745070047ba9b8857f00679018f831608167f5b3d13da5a29acccd2712990a,,Normal_Leaf,RiceLeafDisease_BD5,EXTERNAL_FIELD_DATASET
IMG_20241031_133721.jpg,.jpg,Normal_Leaf/IMG_20241031_133721.jpg,6156,True,300,300,1.0,RGB,3,JPEG,2e793d8fc95f267a1200d4fd5c8bd2828b17b5296947e476dcfcad7471d647d2,,Normal_Leaf,RiceLeafDisease_BD5,EXTERNAL_FIELD_DATASET
IMG_20241031_133721_1.jpg,.jpg,Normal_Leaf/IMG_20241031_133721_1.jpg,5689,True,300,300,1.0,RGB,3,JPEG,f8a633d0c39de6f0b96aaf8a96334cf01d32fc831d74c5c9d0ccd0e25faa0e31,,Normal_Leaf,RiceLeafDisease_BD5,EXTERNAL_FIELD_DATASET
IMG_20241031_133722.jpg,.jpg,Normal_Leaf/IMG_20241031_133722.jpg,5905,True,300,300,1.0,RGB,3,JPEG,4e5cdf7ba5a76c9d5afb8ec351e94e48501919380f7facc2a485f25c3a247015,,Normal_Leaf,RiceLeafDisease_BD5,EXTERNAL_FIELD_DATASET
IMG_20241031_133723.jpg,.jpg,Normal_Leaf/IMG_20241031_133723.jpg,6146,True,300,300,1.0,RGB,3,JPEG,acb89f5822f8e2d82e826e0fb0ba25e66577f8f7eabd9ba223348402932b1103,,Normal_Leaf,RiceLeafDisease_BD5,EXTERNAL_FIELD_DATASET
IMG_20241031_133730.jpg,.jpg,Normal_Leaf/IMG_20241031_133730.jpg,9348,True,300,300,1.0,RGB,3,JPEG,5cc54f32bc59eefc1ab25fb13ca1d2277a751e7131a0f09f66ae82a56f651ce1,,Normal_Leaf,RiceLeafDisease_BD5,EXTERNAL_FIELD_DATASET
IMG_20241031_133731.jpg,.jpg,Normal_Leaf/IMG_20241031_133731.jpg,9520,True,300,300,1.0,RGB,3,JPEG,dfcd9917891b9300e436e783cee76bc6f38233aabd099a938c31584a3279ed20,,Normal_Leaf,RiceLeafDisease_BD5,EXTERNAL_FIELD_DATASET
IMG_20241031_133732.jpg,.jpg,Normal_Leaf/IMG_20241031_133732.jpg,9508,True,300,300,1.0,RGB,3,JPEG,9b3c219a9ecd486acc4ef40535e1c7d61a0764b9db440f4a29730038f2ef41f4,,Normal_Leaf,RiceLeafDisease_BD5,EXTERNAL_FIELD_DATASET
IMG_20241031_133738.jpg,.jpg,Normal_Leaf/IMG_20241031_133738.jpg,9896,True,300,300,1.0,RGB,3,JPEG,698e46d6c65693cd0aaf7ec48bf6cabc9127ac906895cb626353578c709870d3,,Normal_Leaf,RiceLeafDisease_BD5,EXTERNAL_FIELD_DATASET
IMG_20241031_133739.jpg,.jpg,Normal_Leaf/IMG_20241031_133739.jpg,9954,True,300,300,1.0,RGB,3,JPEG,1d1bd11dfa6e445ffaa7a68b60bf6b306c23fdddcc9b7ac1d737c0829a701342,,Normal_Leaf,RiceLeafDisease_BD5,EXTERNAL_FIELD_DATASET
IMG_20241031_133810.jpg,.jpg,Normal_Leaf/IMG_20241031_133810.jpg,7837,True,300,300,1.0,RGB,3,JPEG,477bc94723b938f6c86ba2a4aeb4c72aa759f586d05e66776a95133342498a1e,,Normal_Leaf,RiceLeafDisease_BD5,EXTERNAL_FIELD_DATASET
IMG_20241031_133812.jpg,.jpg,Normal_Leaf/IMG_20241031_133812.jpg,7859,True,300,300,1.0,RGB,3,JPEG,833c6b6999d3fce5d93e81cde5907d807dd83d91be8180678855879b20c9dbb7,,Normal_Leaf,RiceLeafDisease_BD5,EXTERNAL_FIELD_DATASET
IMG_20241031_133816.jpg,.jpg,Normal_Leaf/IMG_20241031_133816.jpg,8090,True,300,300,1.0,RGB,3,JPEG,ad33deabad098d0f2fcdd74237f18e5e327229375c139eb876ce227dbf0f831a,,Normal_Leaf,RiceLeafDisease_BD5,EXTERNAL_FIELD_DATASET
IMG_20241031_133823.jpg,.jpg,Normal_Leaf/IMG_20241031_133823.jpg,6885,True,300,300,1.0,RGB,3,JPEG,7b02f24244b8b689c2d1ba8bc137bdc49098fd773b12c73184a23350b2997458,,Normal_Leaf,RiceLeafDisease_BD5,EXTERNAL_FIELD_DATASET
IMG_20241031_133824.jpg,.jpg,Normal_Leaf/IMG_20241031_133824.jpg,6917,True,300,300,1.0,RGB,3,JPEG,53f42c55a4230ec446e3f1d21c3ab28d6796be24ec6dafe8fa5078c121a21b8d,,Normal_Leaf,RiceLeafDisease_BD5,EXTERNAL_FIELD_DATASET
IMG_20241031_133825.jpg,.jpg,Normal_Leaf/IMG_20241031_133825.jpg,6788,True,300,300,1.0,RGB,3,JPEG,bda8794e70de4edcebc41fbcfe57bea5d94560521ab48e029bbfeec3a2ce3d8e,,Normal_Leaf,RiceLeafDisease_BD5,EXTERNAL_FIELD_DATASET
IMG_20241031_133829.jpg,.jpg,Normal_Leaf/IMG_20241031_133829.jpg,6936,True,300,300,1.0,RGB,3,JPEG,7fc4f28c9bbde33a7579ca68c779e377898c9419ab23b1850c6d1d6cb890f3fc,,Normal_Leaf,RiceLeafDisease_BD5,EXTERNAL_FIELD_DATASET
IMG_20241031_133830.jpg,.jpg,Normal_Leaf/IMG_20241031_133830.jpg,7527,True,300,300,1.0,RGB,3,JPEG,7c99c81e3b5177d5f37c71dc8ad7882ed86bdd75e4bdd992e13c856d15ad5a54,,Normal_Leaf,RiceLeafDisease_BD5,EXTERNAL_FIELD_DATASET
IMG_20241031_133834.jpg,.jpg,Normal_Leaf/IMG_20241031_133834.jpg,6141,True,300,300,1.0,RGB,3,JPEG,94e6f469325cca55accf53e88c945a704d80269ca4596d19b0fc7f86d97f294e,,Normal_Leaf,RiceLeafDisease_BD5,EXTERNAL_FIELD_DATASET
IMG_20241031_133838.jpg,.jpg,Normal_Leaf/IMG_20241031_133838.jpg,7536,True,300,300,1.0,RGB,3,JPEG,d1ba0d8d6956e4efa1d88749ce1e8bae8315b1cd19e03d0d59efe52da15ff99c,,Normal_Leaf,RiceLeafDisease_BD5,EXTERNAL_FIELD_DATASET
IMG_20241031_133839.jpg,.jpg,Normal_Leaf/IMG_20241031_133839.jpg,7505,True,300,300,1.0,RGB,3,JPEG,8752cafbd4d7254fec364eadca9e8e28fff32daa7b8a8ea7c2f8fd4e14cea530,,Normal_Leaf,RiceLeafDisease_BD5,EXTERNAL_FIELD_DATASET
IMG_20241031_133839_1.jpg,.jpg,Normal_Leaf/IMG_20241031_133839_1.jpg,7484,True,300,300,1.0,RGB,3,JPEG,668c7f30053e04f993b49eb59117b15834aa04aac9d391d7ae88e28162670fea,,Normal_Leaf,RiceLeafDisease_BD5,EXTERNAL_FIELD_DATASET
IMG_20241031_133851.jpg,.jpg,Normal_Leaf/IMG_20241031_133851.jpg,8331,True,300,300,1.0,RGB,3,JPEG,7f895a792736182529177bb425c98ffd0cc510dd3fd64428c82a477e09c853c5,,Normal_Leaf,RiceLeafDisease_BD5,EXTERNAL_FIELD_DATASET
IMG_20241031_133851_1.jpg,.jpg,Normal_Leaf/IMG_20241031_133851_1.jpg,8499,True,300,300,1.0,RGB,3,JPEG,aa42c76a6777b4c8f68eed035c476ca562d8983e45ff515c5c3990f9500e8742,,Normal_Leaf,RiceLeafDisease_BD5,EXTERNAL_FIELD_DATASET
IMG_20241031_133852.jpg,.jpg,Normal_Leaf/IMG_20241031_133852.jpg,5825,True,300,300,1.0,RGB,3,JPEG,bf9a548f6b687ad39aee5f661394eb6a60a4ef58634a0a819186b9ab66379b45,,Normal_Leaf,RiceLeafDisease_BD5,EXTERNAL_FIELD_DATASET
IMG_20241031_133857.jpg,.jpg,Normal_Leaf/IMG_20241031_133857.jpg,6682,True,300,300,1.0,RGB,3,JPEG,00938ee756f47233a34c56d56acd55b87f680458972319ccc62eea37a4839d6d,,Normal_Leaf,RiceLeafDisease_BD5,EXTERNAL_FIELD_DATASET
IMG_20241031_133858.jpg,.jpg,Normal_Leaf/IMG_20241031_133858.jpg,8206,True,300,300,1.0,RGB,3,JPEG,c3f2ccd649d281835794f2a4bdb9033e2e714bd0b705339ef0021eca5d7aaf67,,Normal_Leaf,RiceLeafDisease_BD5,EXTERNAL_FIELD_DATASET
IMG_20241031_133859.jpg,.jpg,Normal_Leaf/IMG_20241031_133859.jpg,8224,True,300,300,1.0,RGB,3,JPEG,677c569078f47a41050010eaa7310b55f90d8f013ea22e42e70d53f7d9e7857e,,Normal_Leaf,RiceLeafDisease_BD5,EXTERNAL_FIELD_DATASET
IMG_20241031_133904.jpg,.jpg,Normal_Leaf/IMG_20241031_133904.jpg,7692,True,300,300,1.0,RGB,3,JPEG,691d76c295f4508ecc89df4579fab689588fc780de790ee96f76628b7fe94a81,,Normal_Leaf,RiceLeafDisease_BD5,EXTERNAL_FIELD_DATASET
IMG_20241031_133906.jpg,.jpg,Normal_Leaf/IMG_20241031_133906.jpg,4732,True,300,300,1.0,RGB,3,JPEG,4e8722bb9b37c37716aa4e49a03974d94befcbe753637909f53f41f64979e7a6,,Normal_Leaf,RiceLeafDisease_BD5,EXTERNAL_FIELD_DATASET
IMG_20241031_133910.jpg,.jpg,Normal_Leaf/IMG_20241031_133910.jpg,7931,True,300,300,1.0,RGB,3,JPEG,76b986fa22e4e63f0c4bc49d0616770aafcfe0ed7561b0cd62600bdfd1768907,,Normal_Leaf,RiceLeafDisease_BD5,EXTERNAL_FIELD_DATASET
IMG_20241031_133910_1.jpg,.jpg,Normal_Leaf/IMG_20241031_133910_1.jpg,7611,True,300,300,1.0,RGB,3,JPEG,d5c82d56ebaf97f120835eb3499ff91f200c89a6f93aa9ad69f9f4b1c57a8018,,Normal_Leaf,RiceLeafDisease_BD5,EXTERNAL_FIELD_DATASET
IMG_20241031_133917.jpg,.jpg,Normal_Leaf/IMG_20241031_133917.jpg,5466,True,300,300,1.0,RGB,3,JPEG,ada1e3b184be22ed7c192ae0e069568ab8a8ee018a92f59b62e4dc203e4f4b1b,,Normal_Leaf,RiceLeafDisease_BD5,EXTERNAL_FIELD_DATASET
IMG_20241031_133917_1.jpg,.jpg,Normal_Leaf/IMG_20241031_133917_1.jpg,11334,True,300,300,1.0,RGB,3,JPEG,391a05d15b3690a408dc9d014c83c0c3de0c3949b613ec97b188a0524178ab1d,,Normal_Leaf,RiceLeafDisease_BD5,EXTERNAL_FIELD_DATASET
IMG_20241031_133918.jpg,.jpg,Normal_Leaf/IMG_20241031_133918.jpg,11497,True,300,300,1.0,RGB,3,JPEG,d5ff30b11ba0b236a4449ad7ba5cf88f11e1c258158261e3e3d7f4d6008b4167,,Normal_Leaf,RiceLeafDisease_BD5,EXTERNAL_FIELD_DATASET
IMG_20241031_133919.jpg,.jpg,Normal_Leaf/IMG_20241031_133919.jpg,11290,True,300,300,1.0,RGB,3,JPEG,6af52546c40190d8bdcbf3955203109be0bb09510bc1fc88abb86fff32669fa5,,Normal_Leaf,RiceLeafDisease_BD5,EXTERNAL_FIELD_DATASET
IMG_20241031_133923.jpg,.jpg,Normal_Leaf/IMG_20241031_133923.jpg,9875,True,300,300,1.0,RGB,3,JPEG,916cc541bae8265d94392ea940ddb00e5a2611758e61f6937196b24c109d90dd,,Normal_Leaf,RiceLeafDisease_BD5,EXTERNAL_FIELD_DATASET
IMG_20241031_133924.jpg,.jpg,Normal_Leaf/IMG_20241031_133924.jpg,9997,True,300,300,1.0,RGB,3,JPEG,aaf2659789574d1d6b486e106f31bdb15f6d922fb828822c2ebd91806ae26946,,Normal_Leaf,RiceLeafDisease_BD5,EXTERNAL_FIELD_DATASET
IMG_20241031_133925.jpg,.jpg,Normal_Leaf/IMG_20241031_133925.jpg,10102,True,300,300,1.0,RGB,3,JPEG,7f5aaae3c24866bfd55c38bb13810becefef607103803d9b26802be2d697987c,,Normal_Leaf,RiceLeafDisease_BD5,EXTERNAL_FIELD_DATASET
IMG_20241031_133926_1.jpg,.jpg,Normal_Leaf/IMG_20241031_133926_1.jpg,7114,True,300,300,1.0,RGB,3,JPEG,e732847565b8a1a370dce820da44c73b36c0e55e69cc56fab595e1e07e62a3cc,,Normal_Leaf,RiceLeafDisease_BD5,EXTERNAL_FIELD_DATASET
IMG_20241031_133929.jpg,.jpg,Normal_Leaf/IMG_20241031_133929.jpg,10295,True,300,300,1.0,RGB,3,JPEG,e55091c747838bcbbc23cc9741f90c0926d213380ac3efd98c65bf0ec31488af,,Normal_Leaf,RiceLeafDisease_BD5,EXTERNAL_FIELD_DATASET
IMG_20241031_133930.jpg,.jpg,Normal_Leaf/IMG_20241031_133930.jpg,10233,True,300,300,1.0,RGB,3,JPEG,730de35421e9418b2638ccc9e6cee4e44b09e2d967aeafecb6c4caf828ba73a5,,Normal_Leaf,RiceLeafDisease_BD5,EXTERNAL_FIELD_DATASET
IMG_20241031_133931.jpg,.jpg,Normal_Leaf/IMG_20241031_133931.jpg,10454,True,300,300,1.0,RGB,3,JPEG,9a2917011aca49a85147222a2c3310cf2067f76d7fce746d4da9af5a2544a293,,Normal_Leaf,RiceLeafDisease_BD5,EXTERNAL_FIELD_DATASET
IMG_20241031_133940.jpg,.jpg,Normal_Leaf/IMG_20241031_133940.jpg,9691,True,300,300,1.0,RGB,3,JPEG,26fa0fe35f45f11ca883498571c1b80bd38b463b5a15ffaa5deb493fc72a0397,,Normal_Leaf,RiceLeafDisease_BD5,EXTERNAL_FIELD_DATASET
IMG_20241031_133940_1.jpg,.jpg,Normal_Leaf/IMG_20241031_133940_1.jpg,9894,True,300,300,1.0,RGB,3,JPEG,fd0ffd4e3b8448e4df8bc4f7d4065317c19df6c9705b5e032175795a9b0ac00f,,Normal_Leaf,RiceLeafDisease_BD5,EXTERNAL_FIELD_DATASET
IMG_20241031_133941.jpg,.jpg,Normal_Leaf/IMG_20241031_133941.jpg,9956,True,300,300,1.0,RGB,3,JPEG,44df6bfcc4c650a98f855eed077d206de119c5b870ab7dfb842dcf626505f21a,,Normal_Leaf,RiceLeafDisease_BD5,EXTERNAL_FIELD_DATASET
IMG_20241031_133951.jpg,.jpg,Normal_Leaf/IMG_20241031_133951.jpg,10848,True,300,300,1.0,RGB,3,JPEG,bfa16e98249b96dfda6835cdb22e1f6ed49967878b9641217c091be3a550f2b5,,Normal_Leaf,RiceLeafDisease_BD5,EXTERNAL_FIELD_DATASET
IMG_20241031_133952.jpg,.jpg,Normal_Leaf/IMG_20241031_133952.jpg,10076,True,300,300,1.0,RGB,3,JPEG,46722dac2374b36955053bc4bd77f84f202490ddb0c377f2f7dbab27931bff04,,Normal_Leaf,RiceLeafDisease_BD5,EXTERNAL_FIELD_DATASET
IMG_20241031_133953.jpg,.jpg,Normal_Leaf/IMG_20241031_133953.jpg,9980,True,300,300,1.0,RGB,3,JPEG,e1b0464e535cee860dc401f85feae87db9ebef1420f3eae1118491b19bb425af,,Normal_Leaf,RiceLeafDisease_BD5,EXTERNAL_FIELD_DATASET
IMG_20241031_133954.jpg,.jpg,Normal_Leaf/IMG_20241031_133954.jpg,9994,True,300,300,1.0,RGB,3,JPEG,e46e0808c3ce3493062325fd557124a642b19a7427acb66705f4c3fa6325f785,,Normal_Leaf,RiceLeafDisease_BD5,EXTERNAL_FIELD_DATASET
IMG_20241031_134022.jpg,.jpg,Normal_Leaf/IMG_20241031_134022.jpg,9586,True,300,300,1.0,RGB,3,JPEG,b982dc0115e359634c6e93b3879abaf55e9bc7a618e9cfa35e09ed47ffa6a048,,Normal_Leaf,RiceLeafDisease_BD5,EXTERNAL_FIELD_DATASET
IMG_20241031_134023.jpg,.jpg,Normal_Leaf/IMG_20241031_134023.jpg,9129,True,300,300,1.0,RGB,3,JPEG,f24d5e582ddb076fcec2c0fe69d4b0d5b7880b328e57fe8826da02677156d59c,,Normal_Leaf,RiceLeafDisease_BD5,EXTERNAL_FIELD_DATASET
IMG_20241031_134028.jpg,.jpg,Normal_Leaf/IMG_20241031_134028.jpg,9405,True,300,300,1.0,RGB,3,JPEG,c572f2069fd71b342bdcc73b694cc47f799c9271abfdff0bd472d2ceec4e7c2f,,Normal_Leaf,RiceLeafDisease_BD5,EXTERNAL_FIELD_DATASET
IMG_20241031_134028_1.jpg,.jpg,Normal_Leaf/IMG_20241031_134028_1.jpg,9404,True,300,300,1.0,RGB,3,JPEG,a45c4229f76a1cdb2bba6f7bba904158a7bed9b2809f789af8b2ba327b9c5f03,,Normal_Leaf,RiceLeafDisease_BD5,EXTERNAL_FIELD_DATASET
IMG_20241031_134029.jpg,.jpg,Normal_Leaf/IMG_20241031_134029.jpg,9402,True,300,300,1.0,RGB,3,JPEG,6e9b39c8c06e4ebfad08a2375a0a361ec62e5cbec85cbb62c37a7dd8cdac9500,,Normal_Leaf,RiceLeafDisease_BD5,EXTERNAL_FIELD_DATASET
IMG_20241031_134032.jpg,.jpg,Normal_Leaf/IMG_20241031_134032.jpg,9601,True,300,300,1.0,RGB,3,JPEG,e6dfc050e873ea6f9b4506dc51166aa5f48621afde9c6550dc623b8d97abb47c,,Normal_Leaf,RiceLeafDisease_BD5,EXTERNAL_FIELD_DATASET
IMG_20241031_134033.jpg,.jpg,Normal_Leaf/IMG_20241031_134033.jpg,9424,True,300,300,1.0,RGB,3,JPEG,bd4598b37317afc5842dc744fcf1ffd7d4034d320fde31c1145da4ef09432ced,,Normal_Leaf,RiceLeafDisease_BD5,EXTERNAL_FIELD_DATASET
IMG_20241031_134034.jpg,.jpg,Normal_Leaf/IMG_20241031_134034.jpg,9503,True,300,300,1.0,RGB,3,JPEG,ce4306153ead46bc127caaeb283e4a4542981226278669af76afa52a4faf0d2f,,Normal_Leaf,RiceLeafDisease_BD5,EXTERNAL_FIELD_DATASET
IMG_20241031_134041.jpg,.jpg,Normal_Leaf/IMG_20241031_134041.jpg,8500,True,300,300,1.0,RGB,3,JPEG,5e6825d0425b078e9c2cbe3e7f901c7ea469888a94f43e51235340d04c8fadf1,,Normal_Leaf,RiceLeafDisease_BD5,EXTERNAL_FIELD_DATASET
IMG_20241031_134042.jpg,.jpg,Normal_Leaf/IMG_20241031_134042.jpg,8506,True,300,300,1.0,RGB,3,JPEG,fc3a19aede559cb77d3e91f95a4626e121022c25ac136d2fe4a26d2b89250f9d,,Normal_Leaf,RiceLeafDisease_BD5,EXTERNAL_FIELD_DATASET
IMG_20241031_134054.jpg,.jpg,Normal_Leaf/IMG_20241031_134054.jpg,8180,True,300,300,1.0,RGB,3,JPEG,44073225b561997d2d02794201271146707b8ad56da89dc53b48983f8f2ff643,,Normal_Leaf,RiceLeafDisease_BD5,EXTERNAL_FIELD_DATASET
IMG_20241031_134055.jpg,.jpg,Normal_Leaf/IMG_20241031_134055.jpg,6397,True,300,300,1.0,RGB,3,JPEG,80a8f9560fad3e383ca338661390ca0f09914c147f9e949e680e86fe3b1d493e,,Normal_Leaf,RiceLeafDisease_BD5,EXTERNAL_FIELD_DATASET
IMG_20241031_134057.jpg,.jpg,Normal_Leaf/IMG_20241031_134057.jpg,6539,True,300,300,1.0,RGB,3,JPEG,60c1fac31e99a5883518da4649e952e231f7f72a49a8af9404b5659a88586f5c,,Normal_Leaf,RiceLeafDisease_BD5,EXTERNAL_FIELD_DATASET
IMG_20241031_134127.jpg,.jpg,Normal_Leaf/IMG_20241031_134127.jpg,4844,True,300,300,1.0,RGB,3,JPEG,f6483086a263880be133484d7cc9a282570e6f1b9ac3954013fa4d0721e5b1d3,,Normal_Leaf,RiceLeafDisease_BD5,EXTERNAL_FIELD_DATASET
IMG_20241031_134128.jpg,.jpg,Normal_Leaf/IMG_20241031_134128.jpg,4919,True,300,300,1.0,RGB,3,JPEG,cafa5bd250f16237d41d1d3142fc893a0a970023bfe400854f6eeb3f5d6417be,,Normal_Leaf,RiceLeafDisease_BD5,EXTERNAL_FIELD_DATASET
IMG_20241031_134131.jpg,.jpg,Normal_Leaf/IMG_20241031_134131.jpg,4415,True,300,300,1.0,RGB,3,JPEG,044987c4eaf47f04dcf6dcc341752e28469fbfbad8777e959a82ebdc9ae7891d,,Normal_Leaf,RiceLeafDisease_BD5,EXTERNAL_FIELD_DATASET
IMG_20241031_134132.jpg,.jpg,Normal_Leaf/IMG_20241031_134132.jpg,4501,True,300,300,1.0,RGB,3,JPEG,95d2b9271a2e32ee902855e3f310247215afcef44cbc7109a9660bae374d346d,,Normal_Leaf,RiceLeafDisease_BD5,EXTERNAL_FIELD_DATASET
IMG_20241031_134138.jpg,.jpg,Normal_Leaf/IMG_20241031_134138.jpg,7086,True,300,300,1.0,RGB,3,JPEG,f4e5f355458de9080acc5fb8bafa3f7acb94f8b9775e8e321539e90743add165,,Normal_Leaf,RiceLeafDisease_BD5,EXTERNAL_FIELD_DATASET
IMG_20241031_134139.jpg,.jpg,Normal_Leaf/IMG_20241031_134139.jpg,7125,True,300,300,1.0,RGB,3,JPEG,f5c478b88dfddc843ccffb6e6db7761b1da649428c3ee7d9717f7dcd1478e2b5,,Normal_Leaf,RiceLeafDisease_BD5,EXTERNAL_FIELD_DATASET
IMG_20241031_134141.jpg,.jpg,Normal_Leaf/IMG_20241031_134141.jpg,5785,True,300,300,1.0,RGB,3,JPEG,18e62c896d1057b682d923eb2bb0381f477618afbc76bdf7a5eb282d72fedc00,,Normal_Leaf,RiceLeafDisease_BD5,EXTERNAL_FIELD_DATASET
IMG_20241031_134142.jpg,.jpg,Normal_Leaf/IMG_20241031_134142.jpg,5832,True,300,300,1.0,RGB,3,JPEG,94c11d087a411580f8c7173608216da6d8b8c5a92fd469809154e986331244cc,,Normal_Leaf,RiceLeafDisease_BD5,EXTERNAL_FIELD_DATASET
IMG_20241031_134145.jpg,.jpg,Normal_Leaf/IMG_20241031_134145.jpg,7029,True,300,300,1.0,RGB,3,JPEG,895344008b20db07ab3a6e372a0c485a2cdbe636a4b88a1ef7aa2b4011a935f8,,Normal_Leaf,RiceLeafDisease_BD5,EXTERNAL_FIELD_DATASET
IMG_20241031_134146.jpg,.jpg,Normal_Leaf/IMG_20241031_134146.jpg,6562,True,300,300,1.0,RGB,3,JPEG,5052eac26354e11f23c47dd7eb2b713eade9cf03bd6a563cef08b721c5e69e89,,Normal_Leaf,RiceLeafDisease_BD5,EXTERNAL_FIELD_DATASET
IMG_20241031_134147.jpg,.jpg,Normal_Leaf/IMG_20241031_134147.jpg,6585,True,300,300,1.0,RGB,3,JPEG,9dbdcf456dcc05445e38ce3db947d0a3a1dbda704866cd9aeab8cea3de00b8f7,,Normal_Leaf,RiceLeafDisease_BD5,EXTERNAL_FIELD_DATASET
IMG_20241031_134148.jpg,.jpg,Normal_Leaf/IMG_20241031_134148.jpg,6658,True,300,300,1.0,RGB,3,JPEG,7ad080f13e8111a4f1d25e85a7fe4519dfb07192b7eabc4be1ec87266e6971b3,,Normal_Leaf,RiceLeafDisease_BD5,EXTERNAL_FIELD_DATASET
IMG_20241031_134149.jpg,.jpg,Normal_Leaf/IMG_20241031_134149.jpg,7046,True,300,300,1.0,RGB,3,JPEG,5ae68c92e76c9d92f43aef44bed1e24f19b2ee6e56c739516107fe57bda91cd7,,Normal_Leaf,RiceLeafDisease_BD5,EXTERNAL_FIELD_DATASET
IMG_20241031_134150.jpg,.jpg,Normal_Leaf/IMG_20241031_134150.jpg,6892,True,300,300,1.0,RGB,3,JPEG,825f2ca1c02fed871f467bcf386fb51b3b25fe5a59a27958a83fa71528fc6d05,,Normal_Leaf,RiceLeafDisease_BD5,EXTERNAL_FIELD_DATASET
IMG_20241031_134153.jpg,.jpg,Normal_Leaf/IMG_20241031_134153.jpg,5181,True,300,300,1.0,RGB,3,JPEG,974fc954006a96d793f9c3d0cb3f5dd117bca30126a924f765a61585a0853a41,,Normal_Leaf,RiceLeafDisease_BD5,EXTERNAL_FIELD_DATASET
IMG_20241031_134153_1.jpg,.jpg,Normal_Leaf/IMG_20241031_134153_1.jpg,7349,True,300,300,1.0,RGB,3,JPEG,1e7d43cad222101df6b285943d177cbe896e68045f5f91e0e7dcd6c733c3ec50,,Normal_Leaf,RiceLeafDisease_BD5,EXTERNAL_FIELD_DATASET
IMG_20241031_134154.jpg,.jpg,Normal_Leaf/IMG_20241031_134154.jpg,7361,True,300,300,1.0,RGB,3,JPEG,18b9e1f7808b3faae23bdaadf82ce60dff0fd7783cd5bab37153dde14efcbf5e,,Normal_Leaf,RiceLeafDisease_BD5,EXTERNAL_FIELD_DATASET
IMG_20241031_134155.jpg,.jpg,Normal_Leaf/IMG_20241031_134155.jpg,7428,True,300,300,1.0,RGB,3,JPEG,22675cf46f5d3f636f99ebdd472a1b3f25527edb906f422c4ec22509e1cdd256,,Normal_Leaf,RiceLeafDisease_BD5,EXTERNAL_FIELD_DATASET
IMG_20241031_134200.jpg,.jpg,Normal_Leaf/IMG_20241031_134200.jpg,6297,True,300,300,1.0,RGB,3,JPEG,6d94f619adab8f5395b30cea079c62edc58ae166c1e1ddf0a162f9c3d2b3e63b,,Normal_Leaf,RiceLeafDisease_BD5,EXTERNAL_FIELD_DATASET
IMG_20241031_134212.jpg,.jpg,Normal_Leaf/IMG_20241031_134212.jpg,5773,True,300,300,1.0,RGB,3,JPEG,05d55e57743ae6ac353e9bc29acf34d1131e87790aa2ab98e10761bf0eccfcab,,Normal_Leaf,RiceLeafDisease_BD5,EXTERNAL_FIELD_DATASET
IMG_20241031_134219.jpg,.jpg,Normal_Leaf/IMG_20241031_134219.jpg,5989,True,300,300,1.0,RGB,3,JPEG,3a398f302ede1da9cd957a21bdaeac1d7a88002507afa25623abfc62d103aaff,,Normal_Leaf,RiceLeafDisease_BD5,EXTERNAL_FIELD_DATASET
IMG_20241031_134225.jpg,.jpg,Normal_Leaf/IMG_20241031_134225.jpg,6924,True,300,300,1.0,RGB,3,JPEG,96444cdaaae251f59023ba3843186b469d7b18f3007fc54799d91ad364342a0f,,Normal_Leaf,RiceLeafDisease_BD5,EXTERNAL_FIELD_DATASET
IMG_20241031_134226.jpg,.jpg,Normal_Leaf/IMG_20241031_134226.jpg,6851,True,300,300,1.0,RGB,3,JPEG,60e3bf9b58491e60628f9050f46204b44717b24d0baccf351774b1a932dec81f,,Normal_Leaf,RiceLeafDisease_BD5,EXTERNAL_FIELD_DATASET
IMG_20241031_134228.jpg,.jpg,Normal_Leaf/IMG_20241031_134228.jpg,6801,True,300,300,1.0,RGB,3,JPEG,7fa34b87a8e68420f20880132a9fd38e3928ca503e555344097aa3849e4f100c,,Normal_Leaf,RiceLeafDisease_BD5,EXTERNAL_FIELD_DATASET
IMG_20241031_134234.jpg,.jpg,Normal_Leaf/IMG_20241031_134234.jpg,7722,True,300,300,1.0,RGB,3,JPEG,b28a3f69a45d54a94b17e9dc373357ad7769876f4fd86baaa291d086007a9d60,,Normal_Leaf,RiceLeafDisease_BD5,EXTERNAL_FIELD_DATASET
IMG_20241031_134235.jpg,.jpg,Normal_Leaf/IMG_20241031_134235.jpg,7622,True,300,300,1.0,RGB,3,JPEG,6043c554dd5eecc6349ace9f1bc2c62e557d544d014b5d8e66d4b451d9671289,,Normal_Leaf,RiceLeafDisease_BD5,EXTERNAL_FIELD_DATASET
IMG_20241031_134240.jpg,.jpg,Normal_Leaf/IMG_20241031_134240.jpg,6751,True,300,300,1.0,RGB,3,JPEG,12e75ec12b6aaf46e844a675a3cf7185dbd2801d0ded7272232ad6ac70628c68,,Normal_Leaf,RiceLeafDisease_BD5,EXTERNAL_FIELD_DATASET
IMG_20241031_134240_1.jpg,.jpg,Normal_Leaf/IMG_20241031_134240_1.jpg,6770,True,300,300,1.0,RGB,3,JPEG,82fafadac670bf03b10026b8689c21712d7786d653681de8ac4ef341bf22f35f,,Normal_Leaf,RiceLeafDisease_BD5,EXTERNAL_FIELD_DATASET
IMG_20241031_134241.jpg,.jpg,Normal_Leaf/IMG_20241031_134241.jpg,6719,True,300,300,1.0,RGB,3,JPEG,e964fc44de5bf04362c3c7601806d84f1650cd757140c3fe74bfd5f2dce6a326,,Normal_Leaf,RiceLeafDisease_BD5,EXTERNAL_FIELD_DATASET
IMG_20241031_134245.jpg,.jpg,Normal_Leaf/IMG_20241031_134245.jpg,5912,True,300,300,1.0,RGB,3,JPEG,fffc3d9a01a3b9b5af2a57980926789157a285f1f44e09fcff011b959b270e89,,Normal_Leaf,RiceLeafDisease_BD5,EXTERNAL_FIELD_DATASET
IMG_20241031_134250.jpg,.jpg,Normal_Leaf/IMG_20241031_134250.jpg,6602,True,300,300,1.0,RGB,3,JPEG,bad4b0ad6a525f4b280d72f4f2501921840d087cbc8b47248918eb87f8b51bb7,,Normal_Leaf,RiceLeafDisease_BD5,EXTERNAL_FIELD_DATASET
IMG_20241031_134250_1.jpg,.jpg,Normal_Leaf/IMG_20241031_134250_1.jpg,7855,True,300,300,1.0,RGB,3,JPEG,2b4744b36ba6d7de3e26a0b9df6510ec69680759feb9b3a54c3e2535a9a6edac,,Normal_Leaf,RiceLeafDisease_BD5,EXTERNAL_FIELD_DATASET
IMG_20241031_134250_2.jpg,.jpg,Normal_Leaf/IMG_20241031_134250_2.jpg,7835,True,300,300,1.0,RGB,3,JPEG,c7f967b377166203693597f3ee98068b593824264dc514ba15d40c0b7844e3e6,,Normal_Leaf,RiceLeafDisease_BD5,EXTERNAL_FIELD_DATASET
IMG_20241031_134251.jpg,.jpg,Normal_Leaf/IMG_20241031_134251.jpg,8106,True,300,300,1.0,RGB,3,JPEG,808d5eb8fad073867779eee3de59a6a4f2cb6e817c78911a12a3ce91e911b4d4,,Normal_Leaf,RiceLeafDisease_BD5,EXTERNAL_FIELD_DATASET
IMG_20241031_134256.jpg,.jpg,Normal_Leaf/IMG_20241031_134256.jpg,7825,True,300,300,1.0,RGB,3,JPEG,1b83a436e7a7c07497e781f41586cf83b29f22b90f122fec251864c8ac9daa6d,,Normal_Leaf,RiceLeafDisease_BD5,EXTERNAL_FIELD_DATASET
IMG_20241031_134257.jpg,.jpg,Normal_Leaf/IMG_20241031_134257.jpg,7896,True,300,300,1.0,RGB,3,JPEG,3145b710e8b2fe5bff1745abd8eac19cfde77cd86a690088cff76bc9b47a06b3,,Normal_Leaf,RiceLeafDisease_BD5,EXTERNAL_FIELD_DATASET
IMG_20241031_134258.jpg,.jpg,Normal_Leaf/IMG_20241031_134258.jpg,7340,True,300,300,1.0,RGB,3,JPEG,0eb253888c8a581693ddc6c0b59f494c172345d58648a2610266ae8d7939fb80,,Normal_Leaf,RiceLeafDisease_BD5,EXTERNAL_FIELD_DATASET
IMG_20241031_134353.jpg,.jpg,Normal_Leaf/IMG_20241031_134353.jpg,7569,True,300,300,1.0,RGB,3,JPEG,4c9c10ad372c38196cc655c4cab5033fd5c1f1ddfd3ce34530f11445799845d8,,Normal_Leaf,RiceLeafDisease_BD5,EXTERNAL_FIELD_DATASET
IMG_20241031_134400.jpg,.jpg,Normal_Leaf/IMG_20241031_134400.jpg,5634,True,300,300,1.0,RGB,3,JPEG,26467e2da0a5dce0ef403bba0496a56542c1a5e2c5096bf0624ae05f5e30b44d,,Normal_Leaf,RiceLeafDisease_BD5,EXTERNAL_FIELD_DATASET
IMG_20241031_134401.jpg,.jpg,Normal_Leaf/IMG_20241031_134401.jpg,5651,True,300,300,1.0,RGB,3,JPEG,9b4c6616b0b005801631b0c771a106c2c0e32ebb4327ff4e1c3e59b251a02998,,Normal_Leaf,RiceLeafDisease_BD5,EXTERNAL_FIELD_DATASET
IMG_20241031_134413.jpg,.jpg,Normal_Leaf/IMG_20241031_134413.jpg,7089,True,300,300,1.0,RGB,3,JPEG,4770f700f82be5978e2f451ee603f0bd627d41dd3e4177214d3b881d223c5ac4,,Normal_Leaf,RiceLeafDisease_BD5,EXTERNAL_FIELD_DATASET
IMG_20241031_134414.jpg,.jpg,Normal_Leaf/IMG_20241031_134414.jpg,7186,True,300,300,1.0,RGB,3,JPEG,13877dcb90df89de6aa610634451e8a4b7805c72742b1b70a3bcffc8ab20d752,,Normal_Leaf,RiceLeafDisease_BD5,EXTERNAL_FIELD_DATASET
IMG_20241031_134438.jpg,.jpg,Normal_Leaf/IMG_20241031_134438.jpg,9103,True,300,300,1.0,RGB,3,JPEG,8b095197cbfcda1437c5b90b58f1cd80ac461f94270b5a093d602ae6d2b32f4f,,Normal_Leaf,RiceLeafDisease_BD5,EXTERNAL_FIELD_DATASET
IMG_20241031_134439.jpg,.jpg,Normal_Leaf/IMG_20241031_134439.jpg,9054,True,300,300,1.0,RGB,3,JPEG,6547a731d7bb6c87db5f3df09b1b6bb98b7a2b8dc01037c7ce08fc18ee0b712d,,Normal_Leaf,RiceLeafDisease_BD5,EXTERNAL_FIELD_DATASET
IMG_20241031_134439_1.jpg,.jpg,Normal_Leaf/IMG_20241031_134439_1.jpg,9050,True,300,300,1.0,RGB,3,JPEG,e1f35a54f3fbc5fbb8c5af53a53fe13cde8a14a98f37f00a829651ad761b8946,,Normal_Leaf,RiceLeafDisease_BD5,EXTERNAL_FIELD_DATASET
IMG_20241031_134452.jpg,.jpg,Normal_Leaf/IMG_20241031_134452.jpg,6643,True,300,300,1.0,RGB,3,JPEG,71813e3fd1ba5f81606497eeeee51d90ad93600dc77eb31e6ba20466fa0d36bb,,Normal_Leaf,RiceLeafDisease_BD5,EXTERNAL_FIELD_DATASET
IMG_20241031_134505.jpg,.jpg,Normal_Leaf/IMG_20241031_134505.jpg,5553,True,300,300,1.0,RGB,3,JPEG,926b63186e12be9b6c1e295785c1becc866a56dc21ee83dc079ea2784b8393d7,,Normal_Leaf,RiceLeafDisease_BD5,EXTERNAL_FIELD_DATASET
IMG_20241031_134509.jpg,.jpg,Normal_Leaf/IMG_20241031_134509.jpg,8849,True,300,300,1.0,RGB,3,JPEG,bb759e4906671086088bd51308471b0b219c5a86c6d3f084a6f43f8dadc2256e,,Normal_Leaf,RiceLeafDisease_BD5,EXTERNAL_FIELD_DATASET
IMG_20241031_134510.jpg,.jpg,Normal_Leaf/IMG_20241031_134510.jpg,8763,True,300,300,1.0,RGB,3,JPEG,133b96df68eb70df70a5a30e4e8a948f6086edbdc77296c33f81fdf3ff492f9b,,Normal_Leaf,RiceLeafDisease_BD5,EXTERNAL_FIELD_DATASET
IMG_20241031_134511.jpg,.jpg,Normal_Leaf/IMG_20241031_134511.jpg,8840,True,300,300,1.0,RGB,3,JPEG,00044a9ea756d21a582a35472efcc14b5f9af2d95ad9d78fa0ad80902e34af78,,Normal_Leaf,RiceLeafDisease_BD5,EXTERNAL_FIELD_DATASET
IMG_20241031_134517.jpg,.jpg,Normal_Leaf/IMG_20241031_134517.jpg,8154,True,300,300,1.0,RGB,3,JPEG,c3b2fb8911602eafaf6447b959baa499f64e22ce4193ddccb301758e746865cf,,Normal_Leaf,RiceLeafDisease_BD5,EXTERNAL_FIELD_DATASET
IMG_20241031_134518.jpg,.jpg,Normal_Leaf/IMG_20241031_134518.jpg,8061,True,300,300,1.0,RGB,3,JPEG,46e5e70756a62533e6d1af66823a0ac7359c8a45ddf53e171e658e62a75c07a0,,Normal_Leaf,RiceLeafDisease_BD5,EXTERNAL_FIELD_DATASET
IMG_20241031_134519.jpg,.jpg,Normal_Leaf/IMG_20241031_134519.jpg,8017,True,300,300,1.0,RGB,3,JPEG,d3a82748f568fd4b780c4ea535cff4e2e5b66498d3a3f653f29f363c573eda0a,,Normal_Leaf,RiceLeafDisease_BD5,EXTERNAL_FIELD_DATASET
IMG_20241031_134529.jpg,.jpg,Normal_Leaf/IMG_20241031_134529.jpg,7574,True,300,300,1.0,RGB,3,JPEG,c9442a77bee23d9d320d4e5582cf9ddb858710d575c830af132ff5c8386455c3,,Normal_Leaf,RiceLeafDisease_BD5,EXTERNAL_FIELD_DATASET
IMG_20241031_134529_1.jpg,.jpg,Normal_Leaf/IMG_20241031_134529_1.jpg,7585,True,300,300,1.0,RGB,3,JPEG,f893e4c9f2861e1b3aca60e0f7250d56ff3bc4a56db69615409eb4d934191292,,Normal_Leaf,RiceLeafDisease_BD5,EXTERNAL_FIELD_DATASET
IMG_20241031_134530.jpg,.jpg,Normal_Leaf/IMG_20241031_134530.jpg,7544,True,300,300,1.0,RGB,3,JPEG,c5475cf5b15b5305e434bd0fc818a3bdd40e0d2833957df40bac238af7f3235c,,Normal_Leaf,RiceLeafDisease_BD5,EXTERNAL_FIELD_DATASET
IMG_20241031_134548.jpg,.jpg,Normal_Leaf/IMG_20241031_134548.jpg,7671,True,300,300,1.0,RGB,3,JPEG,99ccd6df650eb94a673288463e4414a8da2b1457bd8b1655b4dd2328e06901bf,,Normal_Leaf,RiceLeafDisease_BD5,EXTERNAL_FIELD_DATASET
IMG_20241031_134549.jpg,.jpg,Normal_Leaf/IMG_20241031_134549.jpg,7798,True,300,300,1.0,RGB,3,JPEG,b2591a282661668c52c795bb0905d512dbd7a6779a35dd5436d9f75c7a8fc098,,Normal_Leaf,RiceLeafDisease_BD5,EXTERNAL_FIELD_DATASET
IMG_20241031_134550.jpg,.jpg,Normal_Leaf/IMG_20241031_134550.jpg,7793,True,300,300,1.0,RGB,3,JPEG,4285beba3e9650807386d3f33c4ede4eeff9bc99306b5c2cfb5cb7803e67a10e,,Normal_Leaf,RiceLeafDisease_BD5,EXTERNAL_FIELD_DATASET
IMG_20241031_134551.jpg,.jpg,Normal_Leaf/IMG_20241031_134551.jpg,7747,True,300,300,1.0,RGB,3,JPEG,b0b4c23866063e07ec084894504997e203a26e535f410e3055e7eb529d859b8a,,Normal_Leaf,RiceLeafDisease_BD5,EXTERNAL_FIELD_DATASET
IMG_20241031_134651.jpg,.jpg,Normal_Leaf/IMG_20241031_134651.jpg,5282,True,300,300,1.0,RGB,3,JPEG,ae71438b21be73430207349c8f3361831728b6b7bfb6f93916b8ebac478decd5,,Normal_Leaf,RiceLeafDisease_BD5,EXTERNAL_FIELD_DATASET
IMG_20241031_134652.jpg,.jpg,Normal_Leaf/IMG_20241031_134652.jpg,5311,True,300,300,1.0,RGB,3,JPEG,a534147a02e5b1a660d69bb4a0a4332d4692fa230ed66c7d44965391d5074bf6,,Normal_Leaf,RiceLeafDisease_BD5,EXTERNAL_FIELD_DATASET
IMG_20241031_134825.jpg,.jpg,Normal_Leaf/IMG_20241031_134825.jpg,7179,True,300,300,1.0,RGB,3,JPEG,588556bff146cd111c6e8d94ddd66fa73c8957da4409ed075a0234785ba851eb,,Normal_Leaf,RiceLeafDisease_BD5,EXTERNAL_FIELD_DATASET
IMG_20241031_135002.jpg,.jpg,Normal_Leaf/IMG_20241031_135002.jpg,5586,True,300,300,1.0,RGB,3,JPEG,d3c7aa32dea7f061d68bb6dd2d973157f36cb995a6693e616131ebbb910be809,,Normal_Leaf,RiceLeafDisease_BD5,EXTERNAL_FIELD_DATASET
IMG_20241031_135032.jpg,.jpg,Normal_Leaf/IMG_20241031_135032.jpg,7171,True,300,300,1.0,RGB,3,JPEG,de495d01267efb963ee71fe976a49ec98cf691045f0ee5ec2d909cdfaf7a1229,,Normal_Leaf,RiceLeafDisease_BD5,EXTERNAL_FIELD_DATASET
IMG_20241031_135038.jpg,.jpg,Normal_Leaf/IMG_20241031_135038.jpg,5914,True,300,300,1.0,RGB,3,JPEG,6ace63d993f15559935832fd7e63bd9b2ff969a0b80b6b94e53ef7f20d0bc4c3,,Normal_Leaf,RiceLeafDisease_BD5,EXTERNAL_FIELD_DATASET
IMG_20241031_135039.jpg,.jpg,Normal_Leaf/IMG_20241031_135039.jpg,7285,True,300,300,1.0,RGB,3,JPEG,6108fa8d5168663684a771e3948ca79ffd0dcd60ba695b39c1b1a18c7cdb6c02,,Normal_Leaf,RiceLeafDisease_BD5,EXTERNAL_FIELD_DATASET
IMG_20241031_135047.jpg,.jpg,Normal_Leaf/IMG_20241031_135047.jpg,6729,True,300,300,1.0,RGB,3,JPEG,b4be5059cbd53ca389b1e1996c4d0785eda1adbb2dbbfbafa27709f491c8c815,,Normal_Leaf,RiceLeafDisease_BD5,EXTERNAL_FIELD_DATASET
IMG_20241031_135052.jpg,.jpg,Normal_Leaf/IMG_20241031_135052.jpg,5916,True,300,300,1.0,RGB,3,JPEG,1ac6dfc8ce91463c1c51e642513e1cc809875f523a5f440a15515d7597908a71,,Normal_Leaf,RiceLeafDisease_BD5,EXTERNAL_FIELD_DATASET
IMG_20241031_135053.jpg,.jpg,Normal_Leaf/IMG_20241031_135053.jpg,5976,True,300,300,1.0,RGB,3,JPEG,19ea79689c4a3ad5340e9eb834e79e63c3abcf5976818bf2616ddc879b03e388,,Normal_Leaf,RiceLeafDisease_BD5,EXTERNAL_FIELD_DATASET
IMG_20241031_135058.jpg,.jpg,Normal_Leaf/IMG_20241031_135058.jpg,6744,True,300,300,1.0,RGB,3,JPEG,fba5db4bb876876de6146f3addabb57799cfc9334de6a3f7777f6d3ced4fe65e,,Normal_Leaf,RiceLeafDisease_BD5,EXTERNAL_FIELD_DATASET
IMG_20241031_135059.jpg,.jpg,Normal_Leaf/IMG_20241031_135059.jpg,6886,True,300,300,1.0,RGB,3,JPEG,61fb88f1af1173ea57305bb5cc19767238088a94e69bc9b4243eacaa118961e3,,Normal_Leaf,RiceLeafDisease_BD5,EXTERNAL_FIELD_DATASET
IMG_20241031_135106.jpg,.jpg,Normal_Leaf/IMG_20241031_135106.jpg,6695,True,300,300,1.0,RGB,3,JPEG,b6500e40913526c6c6f6a51195ba9ebf8fa0d0c650e1c699e6b01ef9427950ec,,Normal_Leaf,RiceLeafDisease_BD5,EXTERNAL_FIELD_DATASET
IMG_20241031_135107.jpg,.jpg,Normal_Leaf/IMG_20241031_135107.jpg,6971,True,300,300,1.0,RGB,3,JPEG,79e8b7c5c50823133f2a14a432ecc42a21797af533c7a577dc5521893bce4558,,Normal_Leaf,RiceLeafDisease_BD5,EXTERNAL_FIELD_DATASET
IMG_20241031_135108.jpg,.jpg,Normal_Leaf/IMG_20241031_135108.jpg,7299,True,300,300,1.0,RGB,3,JPEG,bbfa93756e719756bcc4438f7b1fba913dd3dc077f628cb76fde861ba5350f72,,Normal_Leaf,RiceLeafDisease_BD5,EXTERNAL_FIELD_DATASET
IMG_20241031_135109.jpg,.jpg,Normal_Leaf/IMG_20241031_135109.jpg,7067,True,300,300,1.0,RGB,3,JPEG,6f5b884215fcdcac5bce25d5edfdc5a0926cb3a24f7ee37497928d7771e3b838,,Normal_Leaf,RiceLeafDisease_BD5,EXTERNAL_FIELD_DATASET
IMG_20241031_135121.jpg,.jpg,Normal_Leaf/IMG_20241031_135121.jpg,5282,True,300,300,1.0,RGB,3,JPEG,7579b7d80330413e3fb410b321e3def585d4eaf17a35eaed687bade439e04b03,,Normal_Leaf,RiceLeafDisease_BD5,EXTERNAL_FIELD_DATASET
IMG_20241031_135122.jpg,.jpg,Normal_Leaf/IMG_20241031_135122.jpg,5484,True,300,300,1.0,RGB,3,JPEG,04ecc94e9a5528194cd864a58204113ab6eea31db69957a49eeef34cec93c534,,Normal_Leaf,RiceLeafDisease_BD5,EXTERNAL_FIELD_DATASET
IMG_20241031_135126.jpg,.jpg,Normal_Leaf/IMG_20241031_135126.jpg,5169,True,300,300,1.0,RGB,3,JPEG,e94d39b37ee371be34d9d46378fb3d70c3568528b78ab4598b8f9b2d9dae8274,,Normal_Leaf,RiceLeafDisease_BD5,EXTERNAL_FIELD_DATASET
IMG_20241031_135128.jpg,.jpg,Normal_Leaf/IMG_20241031_135128.jpg,5082,True,300,300,1.0,RGB,3,JPEG,f977021c93086b7d74c730e65d663cdaf19c4684640394d950dd99678eb3cf1d,,Normal_Leaf,RiceLeafDisease_BD5,EXTERNAL_FIELD_DATASET
IMG_20241031_135137.jpg,.jpg,Normal_Leaf/IMG_20241031_135137.jpg,7918,True,300,300,1.0,RGB,3,JPEG,a97ddca1bb8e5ac7f4c2b8a4cbb9fb39db6ba6d7a747dbfc0f4072ca972c4e6d,,Normal_Leaf,RiceLeafDisease_BD5,EXTERNAL_FIELD_DATASET
IMG_20241031_135145.jpg,.jpg,Normal_Leaf/IMG_20241031_135145.jpg,6769,True,300,300,1.0,RGB,3,JPEG,05a1ff33fb155a34f8bee9ef8255c52fc926e26c20ac3c610779ecfd226a6c17,,Normal_Leaf,RiceLeafDisease_BD5,EXTERNAL_FIELD_DATASET
IMG_20241031_135146.jpg,.jpg,Normal_Leaf/IMG_20241031_135146.jpg,6795,True,300,300,1.0,RGB,3,JPEG,457ec39c52bdd8f170c8e99336795a16b81bf3d053529d5fac677d5a15d1a134,,Normal_Leaf,RiceLeafDisease_BD5,EXTERNAL_FIELD_DATASET
IMG_20241031_135147.jpg,.jpg,Normal_Leaf/IMG_20241031_135147.jpg,6337,True,300,300,1.0,RGB,3,JPEG,17a875d5113ed4a627f58ef3b7a7b55dd87f2bb61a90cb6a4537acc5fbc2a7aa,,Normal_Leaf,RiceLeafDisease_BD5,EXTERNAL_FIELD_DATASET
IMG_20241031_135154.jpg,.jpg,Normal_Leaf/IMG_20241031_135154.jpg,7084,True,300,300,1.0,RGB,3,JPEG,5d062fbcfd9625523953773bfe9da8494c61a55f695a4a02441e40efe7056880,,Normal_Leaf,RiceLeafDisease_BD5,EXTERNAL_FIELD_DATASET
IMG_20241031_135155.jpg,.jpg,Normal_Leaf/IMG_20241031_135155.jpg,6950,True,300,300,1.0,RGB,3,JPEG,c0d6629146b65d85a96124bde708b976829c1087627d1ea2170550deb0737994,,Normal_Leaf,RiceLeafDisease_BD5,EXTERNAL_FIELD_DATASET
IMG_20241031_135155_1.jpg,.jpg,Normal_Leaf/IMG_20241031_135155_1.jpg,7105,True,300,300,1.0,RGB,3,JPEG,b500d8674a89a9b6f3eed45d885d51d5bb23246ec1df8a95a7d098c9702afe48,,Normal_Leaf,RiceLeafDisease_BD5,EXTERNAL_FIELD_DATASET
IMG_20241031_135156.jpg,.jpg,Normal_Leaf/IMG_20241031_135156.jpg,6877,True,300,300,1.0,RGB,3,JPEG,90877913909a7fe106b7801b890f3e3abb912112156377f54de12915f1b573fc,,Normal_Leaf,RiceLeafDisease_BD5,EXTERNAL_FIELD_DATASET
IMG_20241031_135156_1.jpg,.jpg,Normal_Leaf/IMG_20241031_135156_1.jpg,6860,True,300,300,1.0,RGB,3,JPEG,d906e1bc7a92ffe00dc1c7cc88c7c4dc3f1dd777f3c90fd0870d77aa964fcc87,,Normal_Leaf,RiceLeafDisease_BD5,EXTERNAL_FIELD_DATASET
IMG_20241031_135156_2.jpg,.jpg,Normal_Leaf/IMG_20241031_135156_2.jpg,7155,True,300,300,1.0,RGB,3,JPEG,e7908a20fedfb9fe39472d179605292a346e8d895f75f4da582ae8f6a6809781,,Normal_Leaf,RiceLeafDisease_BD5,EXTERNAL_FIELD_DATASET
IMG_20241031_135157.jpg,.jpg,Normal_Leaf/IMG_20241031_135157.jpg,7166,True,300,300,1.0,RGB,3,JPEG,0de86335ca2b0d81d139bf9a0d751cff72888105f406c4413fb21976527d5673,,Normal_Leaf,RiceLeafDisease_BD5,EXTERNAL_FIELD_DATASET
IMG_20241031_135203.jpg,.jpg,Normal_Leaf/IMG_20241031_135203.jpg,6138,True,300,300,1.0,RGB,3,JPEG,8bc6f9b1b3b6a285c97defb2c5ae72cc536b4852e819310ed3b8cbcb756a8a30,,Normal_Leaf,RiceLeafDisease_BD5,EXTERNAL_FIELD_DATASET
IMG_20241031_135204.jpg,.jpg,Normal_Leaf/IMG_20241031_135204.jpg,8311,True,300,300,1.0,RGB,3,JPEG,bc3ae094426ac6fbf837e22f7848ee6e6bf2046ca3ace7afbdff9f726e67ac27,,Normal_Leaf,RiceLeafDisease_BD5,EXTERNAL_FIELD_DATASET
IMG_20241031_135205.jpg,.jpg,Normal_Leaf/IMG_20241031_135205.jpg,6042,True,300,300,1.0,RGB,3,JPEG,198be5a34164faaabdb706bc26c4ef9550bfc0d10a5d11259ddb32c12047ddb5,,Normal_Leaf,RiceLeafDisease_BD5,EXTERNAL_FIELD_DATASET
IMG_20241031_135207.jpg,.jpg,Normal_Leaf/IMG_20241031_135207.jpg,8070,True,300,300,1.0,RGB,3,JPEG,6c850b441fc72723de700ab6392897db17657e20864eea26f8cdf6f6ed0a1acc,,Normal_Leaf,RiceLeafDisease_BD5,EXTERNAL_FIELD_DATASET
IMG_20241031_135208.jpg,.jpg,Normal_Leaf/IMG_20241031_135208.jpg,8170,True,300,300,1.0,RGB,3,JPEG,30689238354af0467a366e41984f1cd96af0fd3bbfe2a63b69591fc58e443dc7,,Normal_Leaf,RiceLeafDisease_BD5,EXTERNAL_FIELD_DATASET
IMG_20241031_135213.jpg,.jpg,Normal_Leaf/IMG_20241031_135213.jpg,5662,True,300,300,1.0,RGB,3,JPEG,ce19651da3a5ad7c7e4f133a1c2aaa5207b926416db252fc9d1ca29bfc5ded35,,Normal_Leaf,RiceLeafDisease_BD5,EXTERNAL_FIELD_DATASET
IMG_20241031_135214.jpg,.jpg,Normal_Leaf/IMG_20241031_135214.jpg,5722,True,300,300,1.0,RGB,3,JPEG,1892d8f00b5faec12a811c2ff76931c42a3cdc59dcc0bab5e421203fbf16681c,,Normal_Leaf,RiceLeafDisease_BD5,EXTERNAL_FIELD_DATASET
IMG_20241031_135226.jpg,.jpg,Normal_Leaf/IMG_20241031_135226.jpg,6423,True,300,300,1.0,RGB,3,JPEG,cc79ca1f2c332a32f006fc2feccdd289b26ee924537c719a0fb505d8d7dd77bf,,Normal_Leaf,RiceLeafDisease_BD5,EXTERNAL_FIELD_DATASET
IMG_20241031_135229.jpg,.jpg,Normal_Leaf/IMG_20241031_135229.jpg,6191,True,300,300,1.0,RGB,3,JPEG,5c69567d7f94f9cd2b9c5e2e316cd0a8d4282766fd9479ecc7fea4371e8d2e95,,Normal_Leaf,RiceLeafDisease_BD5,EXTERNAL_FIELD_DATASET
IMG_20241031_135245.jpg,.jpg,Normal_Leaf/IMG_20241031_135245.jpg,6085,True,300,300,1.0,RGB,3,JPEG,5e2b5e51f5aea29e514974c692f48a1ea3ec6c5677e04bb57c08d39bb34449fd,,Normal_Leaf,RiceLeafDisease_BD5,EXTERNAL_FIELD_DATASET
IMG_20241031_135246.jpg,.jpg,Normal_Leaf/IMG_20241031_135246.jpg,6101,True,300,300,1.0,RGB,3,JPEG,a1d0e630efbe5eaf026d3700e2eaac0ba47359cd0e0ccba1789aa55bf5b50dbd,,Normal_Leaf,RiceLeafDisease_BD5,EXTERNAL_FIELD_DATASET
IMG_20241031_135257.jpg,.jpg,Normal_Leaf/IMG_20241031_135257.jpg,5948,True,300,300,1.0,RGB,3,JPEG,369b78008cbb080f87baa90e989afe62ece24df408147e0bf1e28f52948951ae,,Normal_Leaf,RiceLeafDisease_BD5,EXTERNAL_FIELD_DATASET
IMG_20241031_135259.jpg,.jpg,Normal_Leaf/IMG_20241031_135259.jpg,5959,True,300,300,1.0,RGB,3,JPEG,7567c03236b8a7c006a78532980fc325ae176bdd4b987cde1f210d52f41460cf,,Normal_Leaf,RiceLeafDisease_BD5,EXTERNAL_FIELD_DATASET
IMG_20241031_135301.jpg,.jpg,Normal_Leaf/IMG_20241031_135301.jpg,6011,True,300,300,1.0,RGB,3,JPEG,da2fc9b64d0b4b09f333892b4729efe2aedb9c00454fa4629623f28ae44cb70f,,Normal_Leaf,RiceLeafDisease_BD5,EXTERNAL_FIELD_DATASET
IMG_20241031_135302.jpg,.jpg,Normal_Leaf/IMG_20241031_135302.jpg,6053,True,300,300,1.0,RGB,3,JPEG,29b3eadd7a308c4fb1566db7018412b52e3173b0acf51fe731a7cffe9a5e37cc,,Normal_Leaf,RiceLeafDisease_BD5,EXTERNAL_FIELD_DATASET
IMG_20241031_135303.jpg,.jpg,Normal_Leaf/IMG_20241031_135303.jpg,6173,True,300,300,1.0,RGB,3,JPEG,64cf533925e5505d61971ddd82061ea5d6622ccd927da45172c80bc64e7e2ea5,,Normal_Leaf,RiceLeafDisease_BD5,EXTERNAL_FIELD_DATASET
IMG_20241031_135307.jpg,.jpg,Normal_Leaf/IMG_20241031_135307.jpg,5882,True,300,300,1.0,RGB,3,JPEG,3488ba4c297d085ef84e97e5b9069807437656c81d410637b5c8b06df1cd8670,,Normal_Leaf,RiceLeafDisease_BD5,EXTERNAL_FIELD_DATASET
IMG_20241031_135311.jpg,.jpg,Normal_Leaf/IMG_20241031_135311.jpg,8406,True,300,300,1.0,RGB,3,JPEG,7575f4d4ad7233ef7a0547f2a4c018d18673aca0a42450a9a0f274ac7103d650,,Normal_Leaf,RiceLeafDisease_BD5,EXTERNAL_FIELD_DATASET
IMG_20241031_135313.jpg,.jpg,Normal_Leaf/IMG_20241031_135313.jpg,8615,True,300,300,1.0,RGB,3,JPEG,aec24581e3e2b2aab870c347782ca670cf31d7011c71e50a21f05179091226dd,,Normal_Leaf,RiceLeafDisease_BD5,EXTERNAL_FIELD_DATASET
IMG_20241031_135314.jpg,.jpg,Normal_Leaf/IMG_20241031_135314.jpg,8541,True,300,300,1.0,RGB,3,JPEG,28e746b86078316ef11b4997064b46716f45097f6e7749f15730cb1941b01d5d,,Normal_Leaf,RiceLeafDisease_BD5,EXTERNAL_FIELD_DATASET
IMG_20241031_135315.jpg,.jpg,Normal_Leaf/IMG_20241031_135315.jpg,8496,True,300,300,1.0,RGB,3,JPEG,1fa612e391ddcc44311ff2571e53918ac28272ac183099be6c00e328f03149ed,,Normal_Leaf,RiceLeafDisease_BD5,EXTERNAL_FIELD_DATASET
IMG_20241031_135325.jpg,.jpg,Normal_Leaf/IMG_20241031_135325.jpg,3849,True,300,300,1.0,RGB,3,JPEG,a8fc22a25e1d93ee7ccebcab3ed17c22d16f694ba0d892371a8b39aff39158a5,,Normal_Leaf,RiceLeafDisease_BD5,EXTERNAL_FIELD_DATASET
IMG_20241031_135325_1.jpg,.jpg,Normal_Leaf/IMG_20241031_135325_1.jpg,8117,True,300,300,1.0,RGB,3,JPEG,6b0369b3d16d98b1192a80dcc11313051dcf5126c6f232870487a47a219e60f2,,Normal_Leaf,RiceLeafDisease_BD5,EXTERNAL_FIELD_DATASET
IMG_20241031_135326.jpg,.jpg,Normal_Leaf/IMG_20241031_135326.jpg,8255,True,300,300,1.0,RGB,3,JPEG,191cc82022fb58e86c5cde2db024505912b7c26832cb22ee304c1e4a660a845b,,Normal_Leaf,RiceLeafDisease_BD5,EXTERNAL_FIELD_DATASET
IMG_20241031_135329.jpg,.jpg,Normal_Leaf/IMG_20241031_135329.jpg,8181,True,300,300,1.0,RGB,3,JPEG,86073936da5b5c6ad7de6bd7d3dd7fc879fba826b2f4824b6e611c3166484bc6,,Normal_Leaf,RiceLeafDisease_BD5,EXTERNAL_FIELD_DATASET
IMG_20241031_135331.jpg,.jpg,Normal_Leaf/IMG_20241031_135331.jpg,5785,True,300,300,1.0,RGB,3,JPEG,582b8f3c4d889e7c84ce0e2b6ce3034964885ebdbbdfe0b8e049e278c5eb73c3,,Normal_Leaf,RiceLeafDisease_BD5,EXTERNAL_FIELD_DATASET
IMG_20241031_135331_1.jpg,.jpg,Normal_Leaf/IMG_20241031_135331_1.jpg,8245,True,300,300,1.0,RGB,3,JPEG,227fe8025e69d9c1e00aa892523bd6624ab239108eedc6b4d9de1166aa72ce49,,Normal_Leaf,RiceLeafDisease_BD5,EXTERNAL_FIELD_DATASET
IMG_20241031_135337.jpg,.jpg,Normal_Leaf/IMG_20241031_135337.jpg,5868,True,300,300,1.0,RGB,3,JPEG,257a274157abad16836b61468b8e988b79468c0d6031956c9e05815643672df0,,Normal_Leaf,RiceLeafDisease_BD5,EXTERNAL_FIELD_DATASET
IMG_20241031_135345.jpg,.jpg,Normal_Leaf/IMG_20241031_135345.jpg,8008,True,300,300,1.0,RGB,3,JPEG,7591bb8231f1782445b56983d7f8e8c2a6f687325c2d3057d9a3c38466280b6a,,Normal_Leaf,RiceLeafDisease_BD5,EXTERNAL_FIELD_DATASET
IMG_20241031_135353.jpg,.jpg,Normal_Leaf/IMG_20241031_135353.jpg,7644,True,300,300,1.0,RGB,3,JPEG,77a9f1ef6a08f5c0bfb05ed3a97cb6db94232855b571f25d195d6962ff58f81c,,Normal_Leaf,RiceLeafDisease_BD5,EXTERNAL_FIELD_DATASET
IMG_20241031_135353_1.jpg,.jpg,Normal_Leaf/IMG_20241031_135353_1.jpg,7761,True,300,300,1.0,RGB,3,JPEG,1935fb4c28c8ae85eb83fddf70c745e2329efc1169f0c9469771bf77e6681f4f,,Normal_Leaf,RiceLeafDisease_BD5,EXTERNAL_FIELD_DATASET
IMG_20241031_135354.jpg,.jpg,Normal_Leaf/IMG_20241031_135354.jpg,7784,True,300,300,1.0,RGB,3,JPEG,557962f9f010643abe08d66864fc77c849552f092db219b0285efb2b7e48ff43,,Normal_Leaf,RiceLeafDisease_BD5,EXTERNAL_FIELD_DATASET
IMG_20241031_135357.jpg,.jpg,Normal_Leaf/IMG_20241031_135357.jpg,5969,True,300,300,1.0,RGB,3,JPEG,75ebcc00094c0599393a96894a0aa197fea684f3d8e709dbd00c0c75bf1af985,,Normal_Leaf,RiceLeafDisease_BD5,EXTERNAL_FIELD_DATASET
IMG_20241031_135358.jpg,.jpg,Normal_Leaf/IMG_20241031_135358.jpg,6162,True,300,300,1.0,RGB,3,JPEG,dee4cd91b57d6e6658219381eef638b2a0dcfa2f285cd52e9c74c5642853538d,,Normal_Leaf,RiceLeafDisease_BD5,EXTERNAL_FIELD_DATASET
IMG_20241031_135401.jpg,.jpg,Normal_Leaf/IMG_20241031_135401.jpg,5596,True,300,300,1.0,RGB,3,JPEG,5c5f60e7c84b07cef7fa46a728bc79045e788baf7e338e1438afcc02a10d54f1,,Normal_Leaf,RiceLeafDisease_BD5,EXTERNAL_FIELD_DATASET
IMG_20241031_135415.jpg,.jpg,Normal_Leaf/IMG_20241031_135415.jpg,5569,True,300,300,1.0,RGB,3,JPEG,d95b72605ab360e13232df062a6182fcbb40b8ea2bedf1c93dabbc3e7e12f746,,Normal_Leaf,RiceLeafDisease_BD5,EXTERNAL_FIELD_DATASET
IMG_20241031_135416.jpg,.jpg,Normal_Leaf/IMG_20241031_135416.jpg,5986,True,300,300,1.0,RGB,3,JPEG,633b9de151983695b5179c69a1d571e92b6416f84e979f503d35a567bd0a8f4e,,Normal_Leaf,RiceLeafDisease_BD5,EXTERNAL_FIELD_DATASET
IMG_20241031_135421.jpg,.jpg,Normal_Leaf/IMG_20241031_135421.jpg,5654,True,300,300,1.0,RGB,3,JPEG,417dcb58a60b5aa246b6b078def1d2510d7a43fd9a04d42e4dc9765626d2ac3c,,Normal_Leaf,RiceLeafDisease_BD5,EXTERNAL_FIELD_DATASET
IMG_20241031_135422.jpg,.jpg,Normal_Leaf/IMG_20241031_135422.jpg,5712,True,300,300,1.0,RGB,3,JPEG,5b29e5b5d917fe79334200c655fb854b4466ae21b0081e4f9e1ea10a0be7a75b,,Normal_Leaf,RiceLeafDisease_BD5,EXTERNAL_FIELD_DATASET
IMG_20241031_135423.jpg,.jpg,Normal_Leaf/IMG_20241031_135423.jpg,6644,True,300,300,1.0,RGB,3,JPEG,451c491f9248eb0bc456e133ed4265907eafea526988372fb480a520276dbf67,,Normal_Leaf,RiceLeafDisease_BD5,EXTERNAL_FIELD_DATASET
IMG_20241031_135425.jpg,.jpg,Normal_Leaf/IMG_20241031_135425.jpg,6713,True,300,300,1.0,RGB,3,JPEG,068054ad989e7c642e65cf1333cfdd30ead3917dac38439b27a503fe31bfa204,,Normal_Leaf,RiceLeafDisease_BD5,EXTERNAL_FIELD_DATASET
IMG_20241031_135426.jpg,.jpg,Normal_Leaf/IMG_20241031_135426.jpg,6699,True,300,300,1.0,RGB,3,JPEG,441e77519b5950827de50ed22518880ddc5ad3d64be63a41342869ab02d5beba,,Normal_Leaf,RiceLeafDisease_BD5,EXTERNAL_FIELD_DATASET
IMG_20241031_135433.jpg,.jpg,Normal_Leaf/IMG_20241031_135433.jpg,5618,True,300,300,1.0,RGB,3,JPEG,ea43e719727d2d70c3a98f4212a236b5e9c75b061cdcd17a425bc10b4d22547e,,Normal_Leaf,RiceLeafDisease_BD5,EXTERNAL_FIELD_DATASET
IMG_20241031_135435.jpg,.jpg,Normal_Leaf/IMG_20241031_135435.jpg,5411,True,300,300,1.0,RGB,3,JPEG,8b50a74ae1aa21614e331095edfa24e0e87daec7f76a70709f4ec13706697fca,,Normal_Leaf,RiceLeafDisease_BD5,EXTERNAL_FIELD_DATASET
IMG_20241031_135435_1.jpg,.jpg,Normal_Leaf/IMG_20241031_135435_1.jpg,8542,True,300,300,1.0,RGB,3,JPEG,80166b0b1424ce4ab1500f7133d15b5b66ce84a5d687962e557f080985ce8d28,,Normal_Leaf,RiceLeafDisease_BD5,EXTERNAL_FIELD_DATASET
IMG_20241031_135437.jpg,.jpg,Normal_Leaf/IMG_20241031_135437.jpg,8041,True,300,300,1.0,RGB,3,JPEG,45ddcb238153a2ebbe800b226ee5accdd190d6b3142f694de9a782f08164ef13,,Normal_Leaf,RiceLeafDisease_BD5,EXTERNAL_FIELD_DATASET
IMG_20241031_135438.jpg,.jpg,Normal_Leaf/IMG_20241031_135438.jpg,8204,True,300,300,1.0,RGB,3,JPEG,8cbc732389e7cae9ec8d711da55f16f2846d9a831b3cc15d038387aa29b17b41,,Normal_Leaf,RiceLeafDisease_BD5,EXTERNAL_FIELD_DATASET
IMG_20241031_135442.jpg,.jpg,Normal_Leaf/IMG_20241031_135442.jpg,7056,True,300,300,1.0,RGB,3,JPEG,28fb7cdb8943ac64d5228767e5c97c9379fcc7afe12b193424291e56098cc2d5,,Normal_Leaf,RiceLeafDisease_BD5,EXTERNAL_FIELD_DATASET
IMG_20241031_135443.jpg,.jpg,Normal_Leaf/IMG_20241031_135443.jpg,6625,True,300,300,1.0,RGB,3,JPEG,7e72b3d6b32669e32bcf3f620591265731b5a9586981ab407fc78d57f08933a3,,Normal_Leaf,RiceLeafDisease_BD5,EXTERNAL_FIELD_DATASET
IMG_20241031_135444.jpg,.jpg,Normal_Leaf/IMG_20241031_135444.jpg,7398,True,300,300,1.0,RGB,3,JPEG,d31f937d3dfa031ab7c745101cbc809c01ca7c46738a639f83fe772e7ff738c2,,Normal_Leaf,RiceLeafDisease_BD5,EXTERNAL_FIELD_DATASET
IMG_20241031_135444_1.jpg,.jpg,Normal_Leaf/IMG_20241031_135444_1.jpg,7186,True,300,300,1.0,RGB,3,JPEG,916d7c4623f09a0476777f19c72444724383521f878f9c21747b35d4bb94277e,,Normal_Leaf,RiceLeafDisease_BD5,EXTERNAL_FIELD_DATASET
IMG_20241031_135445.jpg,.jpg,Normal_Leaf/IMG_20241031_135445.jpg,7200,True,300,300,1.0,RGB,3,JPEG,5b1b187eae88346a94e3bd753a9f689ba9d28f663b958b6f3f8d704c45fef581,,Normal_Leaf,RiceLeafDisease_BD5,EXTERNAL_FIELD_DATASET
IMG_20241031_135451.jpg,.jpg,Normal_Leaf/IMG_20241031_135451.jpg,8417,True,300,300,1.0,RGB,3,JPEG,e7f0f8228cd33318804ca03a8bb4a05359d9ca9ee955fbeec68f335282caa9e4,,Normal_Leaf,RiceLeafDisease_BD5,EXTERNAL_FIELD_DATASET
IMG_20241031_135501.jpg,.jpg,Normal_Leaf/IMG_20241031_135501.jpg,7045,True,300,300,1.0,RGB,3,JPEG,5f58ae2b0f95632ae143ed0cd55818da8fb69776be3d497d181f68fac53e39f1,,Normal_Leaf,RiceLeafDisease_BD5,EXTERNAL_FIELD_DATASET
IMG_20241031_135502.jpg,.jpg,Normal_Leaf/IMG_20241031_135502.jpg,6973,True,300,300,1.0,RGB,3,JPEG,c31837bae42c3e1544760de7646754a9925c5b39c6e3f9bfd2ac9e17cb6f5791,,Normal_Leaf,RiceLeafDisease_BD5,EXTERNAL_FIELD_DATASET
IMG_20241031_135503.jpg,.jpg,Normal_Leaf/IMG_20241031_135503.jpg,6949,True,300,300,1.0,RGB,3,JPEG,29aafcecc241833ac37b11949b982778c13c01c06ffa76083e763d4e4c87d065,,Normal_Leaf,RiceLeafDisease_BD5,EXTERNAL_FIELD_DATASET
IMG_20241031_135508.jpg,.jpg,Normal_Leaf/IMG_20241031_135508.jpg,5764,True,300,300,1.0,RGB,3,JPEG,955519bb3bd59f3f2c3c9e8a79ce8508e382b782dfee2a1f10697eda265ed478,,Normal_Leaf,RiceLeafDisease_BD5,EXTERNAL_FIELD_DATASET
IMG_20241031_135510.jpg,.jpg,Normal_Leaf/IMG_20241031_135510.jpg,6047,True,300,300,1.0,RGB,3,JPEG,9710bb82f802943889e78c6c3ca13fa83dbe6ad2f18565fe9ca8e9f05035ffd5,,Normal_Leaf,RiceLeafDisease_BD5,EXTERNAL_FIELD_DATASET
IMG_20241031_135517.jpg,.jpg,Normal_Leaf/IMG_20241031_135517.jpg,5902,True,300,300,1.0,RGB,3,JPEG,3f845c9d79c56825e1f47c5d1bdc609f5c69370b60357925821ade68d052ee9e,,Normal_Leaf,RiceLeafDisease_BD5,EXTERNAL_FIELD_DATASET
IMG_20241031_135519.jpg,.jpg,Normal_Leaf/IMG_20241031_135519.jpg,5831,True,300,300,1.0,RGB,3,JPEG,a8d4850c056c4c0e44911c5a2d7f734c4aa9dd559832bcc80b9f58d5b54debba,,Normal_Leaf,RiceLeafDisease_BD5,EXTERNAL_FIELD_DATASET
IMG_20241031_135524.jpg,.jpg,Normal_Leaf/IMG_20241031_135524.jpg,4211,True,300,300,1.0,RGB,3,JPEG,3ac8d74638c64e358736765fb712450b6cd3c611602bbb7b6816f8e74c14282a,,Normal_Leaf,RiceLeafDisease_BD5,EXTERNAL_FIELD_DATASET
IMG_20241031_135536.jpg,.jpg,Normal_Leaf/IMG_20241031_135536.jpg,4898,True,300,300,1.0,RGB,3,JPEG,30b7bfd26e9391f3ef9ff849bcfb72a4cf6520635d2bc17b7df5a976faf25043,,Normal_Leaf,RiceLeafDisease_BD5,EXTERNAL_FIELD_DATASET
IMG_20241031_135537.jpg,.jpg,Normal_Leaf/IMG_20241031_135537.jpg,4945,True,300,300,1.0,RGB,3,JPEG,e2d3cf83af8c23039ff564d933c702ed3488d3acda2256bf087fae640e16a8cd,,Normal_Leaf,RiceLeafDisease_BD5,EXTERNAL_FIELD_DATASET
IMG_20241031_135542.jpg,.jpg,Normal_Leaf/IMG_20241031_135542.jpg,4671,True,300,300,1.0,RGB,3,JPEG,a96e8b6b5891a6e85d30da4242660e964cc32272d91e9ea2274159e6ef102ffc,,Normal_Leaf,RiceLeafDisease_BD5,EXTERNAL_FIELD_DATASET
IMG_20241031_135543.jpg,.jpg,Normal_Leaf/IMG_20241031_135543.jpg,4657,True,300,300,1.0,RGB,3,JPEG,75eb74fb4f66b25a20a7ad6ddeeb49990cb9b21920ecdf225bcdf23783e75740,,Normal_Leaf,RiceLeafDisease_BD5,EXTERNAL_FIELD_DATASET
IMG_20241031_135636.jpg,.jpg,Normal_Leaf/IMG_20241031_135636.jpg,4462,True,300,300,1.0,RGB,3,JPEG,db26cee7794ee07afd2ec566481a904035dc9bdc668f8d742635696ea1fc14c0,,Normal_Leaf,RiceLeafDisease_BD5,EXTERNAL_FIELD_DATASET
IMG_20241031_135638.jpg,.jpg,Normal_Leaf/IMG_20241031_135638.jpg,4546,True,300,300,1.0,RGB,3,JPEG,71ccac71cded96de5311944b80b05af0ac29a1d002a3314487cfd0601878ad2e,,Normal_Leaf,RiceLeafDisease_BD5,EXTERNAL_FIELD_DATASET
IMG_20241031_135649.jpg,.jpg,Normal_Leaf/IMG_20241031_135649.jpg,4663,True,300,300,1.0,RGB,3,JPEG,279f9e6eaaecc8a69c47b868166ccac3ed1084233d999cc74abb00dfc626988c,,Normal_Leaf,RiceLeafDisease_BD5,EXTERNAL_FIELD_DATASET
IMG_20241031_135650.jpg,.jpg,Normal_Leaf/IMG_20241031_135650.jpg,4700,True,300,300,1.0,RGB,3,JPEG,90ada8ac030fd43c135aa1975f7df048185eab4c5c8e1c92022da627f137d02c,,Normal_Leaf,RiceLeafDisease_BD5,EXTERNAL_FIELD_DATASET
IMG_20241031_135651.jpg,.jpg,Normal_Leaf/IMG_20241031_135651.jpg,2992,True,300,300,1.0,RGB,3,JPEG,9d158d5b1d219940a791e94f95a18a8a862be05bdd8418c9d6463b465790b557,,Normal_Leaf,RiceLeafDisease_BD5,EXTERNAL_FIELD_DATASET
IMG_20241031_135700.jpg,.jpg,Normal_Leaf/IMG_20241031_135700.jpg,6949,True,300,300,1.0,RGB,3,JPEG,15cd9f7f877a274ca56adb1c967bcd3ff0b546d79f8194d2f0eefe21251d3055,,Normal_Leaf,RiceLeafDisease_BD5,EXTERNAL_FIELD_DATASET
IMG_20241031_135701.jpg,.jpg,Normal_Leaf/IMG_20241031_135701.jpg,6828,True,300,300,1.0,RGB,3,JPEG,04ef855dbc297020502b454bf31cc576bc776881886731473376fa84b2c86083,,Normal_Leaf,RiceLeafDisease_BD5,EXTERNAL_FIELD_DATASET
IMG_20241031_135706.jpg,.jpg,Normal_Leaf/IMG_20241031_135706.jpg,6031,True,300,300,1.0,RGB,3,JPEG,8c892eca044df50134b1151ebb1d4b628b6f83f131c2c42f414b53a1b2c4bb69,,Normal_Leaf,RiceLeafDisease_BD5,EXTERNAL_FIELD_DATASET
IMG_20241031_135707.jpg,.jpg,Normal_Leaf/IMG_20241031_135707.jpg,6171,True,300,300,1.0,RGB,3,JPEG,60b074be8d7e364dc6ba4b02e718df98dc1d7e5591b34364dd1f66522e9fc7de,,Normal_Leaf,RiceLeafDisease_BD5,EXTERNAL_FIELD_DATASET
IMG_20241031_135712.jpg,.jpg,Normal_Leaf/IMG_20241031_135712.jpg,6941,True,300,300,1.0,RGB,3,JPEG,475898262e572335ef07d23a035583a5e7d034696df37644b9f15a4eae0b86f8,,Normal_Leaf,RiceLeafDisease_BD5,EXTERNAL_FIELD_DATASET
IMG_20241031_135713.jpg,.jpg,Normal_Leaf/IMG_20241031_135713.jpg,6633,True,300,300,1.0,RGB,3,JPEG,1c3d5cc6fd938afffa284f517d46e524ad3d04eec4ed3d7831b397952a8f51f8,,Normal_Leaf,RiceLeafDisease_BD5,EXTERNAL_FIELD_DATASET
IMG_20241031_135713_1.jpg,.jpg,Normal_Leaf/IMG_20241031_135713_1.jpg,7025,True,300,300,1.0,RGB,3,JPEG,f1232aa454677341080f779c13bb9a53d1ec70f97130be88048b55218bee5565,,Normal_Leaf,RiceLeafDisease_BD5,EXTERNAL_FIELD_DATASET
IMG_20241031_135718.jpg,.jpg,Normal_Leaf/IMG_20241031_135718.jpg,6123,True,300,300,1.0,RGB,3,JPEG,b6f3c644d1c1feed95b158be71dcfda8217d0e34427916c202698b89688eb6f3,,Normal_Leaf,RiceLeafDisease_BD5,EXTERNAL_FIELD_DATASET
IMG_20241031_135719.jpg,.jpg,Normal_Leaf/IMG_20241031_135719.jpg,6185,True,300,300,1.0,RGB,3,JPEG,521203237f4fe1e4b9b8fd273449f95422c6bfbfd4f8242acd65499257b5b4b2,,Normal_Leaf,RiceLeafDisease_BD5,EXTERNAL_FIELD_DATASET
IMG_20241031_135723.jpg,.jpg,Normal_Leaf/IMG_20241031_135723.jpg,6570,True,300,300,1.0,RGB,3,JPEG,c4c2864feca279a42f40244f482496efed0d94ea097733fa83e19eeeb6e1d131,,Normal_Leaf,RiceLeafDisease_BD5,EXTERNAL_FIELD_DATASET
IMG_20241031_135723_1.jpg,.jpg,Normal_Leaf/IMG_20241031_135723_1.jpg,6649,True,300,300,1.0,RGB,3,JPEG,b75bacbffd91b9c5c14efbb688ce843527a02cb8efc342c1d7122d4534770203,,Normal_Leaf,RiceLeafDisease_BD5,EXTERNAL_FIELD_DATASET
IMG_20241031_135724.jpg,.jpg,Normal_Leaf/IMG_20241031_135724.jpg,6771,True,300,300,1.0,RGB,3,JPEG,0bb586a207bb10eec49ec4f99e6f264872d90d0097b4ecca479ba53d8ee517cc,,Normal_Leaf,RiceLeafDisease_BD5,EXTERNAL_FIELD_DATASET
IMG_20241031_135729.jpg,.jpg,Normal_Leaf/IMG_20241031_135729.jpg,4590,True,300,300,1.0,RGB,3,JPEG,5a750bab0a9440c08cd5bcec2b3ea5046da480cf64350b5e30a77ea83a16df30,,Normal_Leaf,RiceLeafDisease_BD5,EXTERNAL_FIELD_DATASET
IMG_20241031_135741.jpg,.jpg,Normal_Leaf/IMG_20241031_135741.jpg,7823,True,300,300,1.0,RGB,3,JPEG,18f6c7f9283ff144fe79d1dfa6b3beaf5ac8e132fca05d1625ca527fbb9fb469,,Normal_Leaf,RiceLeafDisease_BD5,EXTERNAL_FIELD_DATASET
IMG_20241031_135742.jpg,.jpg,Normal_Leaf/IMG_20241031_135742.jpg,7997,True,300,300,1.0,RGB,3,JPEG,e4c877d8a63e3ed1ca2bed6f6116c49552ed1f985b871cce16458ad8bc735b22,,Normal_Leaf,RiceLeafDisease_BD5,EXTERNAL_FIELD_DATASET
IMG_20241031_135749.jpg,.jpg,Normal_Leaf/IMG_20241031_135749.jpg,6395,True,300,300,1.0,RGB,3,JPEG,f5abd80768c141e695f70d10d0f7b3c6ed4db60233d49d52daa258e8e79b0b44,,Normal_Leaf,RiceLeafDisease_BD5,EXTERNAL_FIELD_DATASET
IMG_20241031_135749_1.jpg,.jpg,Normal_Leaf/IMG_20241031_135749_1.jpg,6401,True,300,300,1.0,RGB,3,JPEG,f0e13972e2754fd2f3ab7c2d43150748568358575e0b1bb61058712ef7c913bb,,Normal_Leaf,RiceLeafDisease_BD5,EXTERNAL_FIELD_DATASET
IMG_20241031_135750.jpg,.jpg,Normal_Leaf/IMG_20241031_135750.jpg,6399,True,300,300,1.0,RGB,3,JPEG,64819fac7c7eb23b0df2be88d2e82034db6c4842e17c33ec03694baadaecd433,,Normal_Leaf,RiceLeafDisease_BD5,EXTERNAL_FIELD_DATASET
IMG_20241031_135752.jpg,.jpg,Normal_Leaf/IMG_20241031_135752.jpg,6461,True,300,300,1.0,RGB,3,JPEG,6d7e7ba563cfef4845692d36420dc9ce09436b3a66c3c0edfb475c98fb474ceb,,Normal_Leaf,RiceLeafDisease_BD5,EXTERNAL_FIELD_DATASET
IMG_20241031_135803.jpg,.jpg,Normal_Leaf/IMG_20241031_135803.jpg,6400,True,300,300,1.0,RGB,3,JPEG,691dd22a8591e40622b35118d3c6ba256def07ee87d3786d044f4176e55c3399,,Normal_Leaf,RiceLeafDisease_BD5,EXTERNAL_FIELD_DATASET
IMG_20241031_135804.jpg,.jpg,Normal_Leaf/IMG_20241031_135804.jpg,6444,True,300,300,1.0,RGB,3,JPEG,442d428d21ddea1b386a1e2c79727fe3890f1f7725a4b33341715cba7bf37858,,Normal_Leaf,RiceLeafDisease_BD5,EXTERNAL_FIELD_DATASET
IMG_20241031_135810.jpg,.jpg,Normal_Leaf/IMG_20241031_135810.jpg,5732,True,300,300,1.0,RGB,3,JPEG,febec9661da5c63f5fcfb2822cc2052d1d1d03047d81d29489e738e884ceac92,,Normal_Leaf,RiceLeafDisease_BD5,EXTERNAL_FIELD_DATASET
IMG_20241031_135811.jpg,.jpg,Normal_Leaf/IMG_20241031_135811.jpg,5646,True,300,300,1.0,RGB,3,JPEG,1d86b5022e24a20b206eb4a7f018e8ec663fc286bb4cafd9d01998facbb249d7,,Normal_Leaf,RiceLeafDisease_BD5,EXTERNAL_FIELD_DATASET
IMG_20241031_135812.jpg,.jpg,Normal_Leaf/IMG_20241031_135812.jpg,8974,True,300,300,1.0,RGB,3,JPEG,2c47abf4357e327114395cb6025ffeae632adff86f54f35ef1395ce58b1dbe66,,Normal_Leaf,RiceLeafDisease_BD5,EXTERNAL_FIELD_DATASET
IMG_20241031_135813.jpg,.jpg,Normal_Leaf/IMG_20241031_135813.jpg,9103,True,300,300,1.0,RGB,3,JPEG,198e0602fdb799deb7dc6c5ced3679f4d0abb54aa78abbae572f3d30d3a6c8e1,,Normal_Leaf,RiceLeafDisease_BD5,EXTERNAL_FIELD_DATASET
IMG_20241031_135818.jpg,.jpg,Normal_Leaf/IMG_20241031_135818.jpg,7607,True,300,300,1.0,RGB,3,JPEG,f7de2368ae7c4fe704727c59e4d96478755186e4f71f0d58d73de159d0a1a2dd,,Normal_Leaf,RiceLeafDisease_BD5,EXTERNAL_FIELD_DATASET
IMG_20241031_135819.jpg,.jpg,Normal_Leaf/IMG_20241031_135819.jpg,7551,True,300,300,1.0,RGB,3,JPEG,db1d69d6c7bbb80e4fb8f45ba5731af070b0618cbca0666d88a9034af9e9a04b,,Normal_Leaf,RiceLeafDisease_BD5,EXTERNAL_FIELD_DATASET
IMG_20241031_135821.jpg,.jpg,Normal_Leaf/IMG_20241031_135821.jpg,5892,True,300,300,1.0,RGB,3,JPEG,23602ef34353442e1448f385eb237aec4ed546d67ac1606a4672339b969b0273,,Normal_Leaf,RiceLeafDisease_BD5,EXTERNAL_FIELD_DATASET
IMG_20241031_135829.jpg,.jpg,Normal_Leaf/IMG_20241031_135829.jpg,7308,True,300,300,1.0,RGB,3,JPEG,5e16fe970413d74ef38aa51005f80bcedff9960c903d8d20ad0e1980a2490818,,Normal_Leaf,RiceLeafDisease_BD5,EXTERNAL_FIELD_DATASET
IMG_20241031_135830.jpg,.jpg,Normal_Leaf/IMG_20241031_135830.jpg,7442,True,300,300,1.0,RGB,3,JPEG,2418b3e93812a16772485d09bd8531c04ce1052d3134431f7c651792e14e4f4f,,Normal_Leaf,RiceLeafDisease_BD5,EXTERNAL_FIELD_DATASET
IMG_20241031_135837.jpg,.jpg,Normal_Leaf/IMG_20241031_135837.jpg,5569,True,300,300,1.0,RGB,3,JPEG,c1a50c0fac2fbed2848b4f42eb818314d70fa3a27e76aca0646bb89225d17414,,Normal_Leaf,RiceLeafDisease_BD5,EXTERNAL_FIELD_DATASET
IMG_20241031_135838.jpg,.jpg,Normal_Leaf/IMG_20241031_135838.jpg,5509,True,300,300,1.0,RGB,3,JPEG,9eb7820695e8eff021621e47172be53afaf315750d9fb612334793841a177715,,Normal_Leaf,RiceLeafDisease_BD5,EXTERNAL_FIELD_DATASET
IMG_20241031_135838_1.jpg,.jpg,Normal_Leaf/IMG_20241031_135838_1.jpg,7957,True,300,300,1.0,RGB,3,JPEG,959ffb97136c8fc83db8adb73663e8b21176d844b8e046c6db2725d3ce14f41c,,Normal_Leaf,RiceLeafDisease_BD5,EXTERNAL_FIELD_DATASET
IMG_20241031_135839.jpg,.jpg,Normal_Leaf/IMG_20241031_135839.jpg,7903,True,300,300,1.0,RGB,3,JPEG,b5df8694e0bad5d5af913ef40d23fe40c7a41832a4129a434a40f2d5e4acfc32,,Normal_Leaf,RiceLeafDisease_BD5,EXTERNAL_FIELD_DATASET
IMG_20241031_135840.jpg,.jpg,Normal_Leaf/IMG_20241031_135840.jpg,7867,True,300,300,1.0,RGB,3,JPEG,8f0975ff0ce0fbdf06485444e510dd59add18bcd4c890703573bf3607ea18938,,Normal_Leaf,RiceLeafDisease_BD5,EXTERNAL_FIELD_DATASET
IMG_20241031_135841.jpg,.jpg,Normal_Leaf/IMG_20241031_135841.jpg,7850,True,300,300,1.0,RGB,3,JPEG,e06a8e6c14a5bd4ee20c473f439b1326e12bdb31be5584102be37fcd7eb0e364,,Normal_Leaf,RiceLeafDisease_BD5,EXTERNAL_FIELD_DATASET
IMG_20241031_135852.jpg,.jpg,Normal_Leaf/IMG_20241031_135852.jpg,8500,True,300,300,1.0,RGB,3,JPEG,f1d182186e0fd1774ddde909124504a415c25fe0b88e511c8ecec905002c32d6,,Normal_Leaf,RiceLeafDisease_BD5,EXTERNAL_FIELD_DATASET
IMG_20241031_135853.jpg,.jpg,Normal_Leaf/IMG_20241031_135853.jpg,8333,True,300,300,1.0,RGB,3,JPEG,86136f9b0f30a9121794021e3d26f99a1a5a8c6d25daf204bd2e2e706afdf5b0,,Normal_Leaf,RiceLeafDisease_BD5,EXTERNAL_FIELD_DATASET
IMG_20241031_135854.jpg,.jpg,Normal_Leaf/IMG_20241031_135854.jpg,8423,True,300,300,1.0,RGB,3,JPEG,7bb46193a70885e4e8571da7471c716fe444b84409c849f9b6576dbca421e2eb,,Normal_Leaf,RiceLeafDisease_BD5,EXTERNAL_FIELD_DATASET
IMG_20241031_135900.jpg,.jpg,Normal_Leaf/IMG_20241031_135900.jpg,8064,True,300,300,1.0,RGB,3,JPEG,1ff9f43a91d11eadaf75fcaf6584663224dc3b84489bec748940be4aefd1fd31,,Normal_Leaf,RiceLeafDisease_BD5,EXTERNAL_FIELD_DATASET
IMG_20241031_135901.jpg,.jpg,Normal_Leaf/IMG_20241031_135901.jpg,8308,True,300,300,1.0,RGB,3,JPEG,ab451f3be26d15cb601de5621335433399b8df6963785e62473cd7954dd6b289,,Normal_Leaf,RiceLeafDisease_BD5,EXTERNAL_FIELD_DATASET
IMG_20241031_135902.jpg,.jpg,Normal_Leaf/IMG_20241031_135902.jpg,8250,True,300,300,1.0,RGB,3,JPEG,213bf65f378642caf24b515aa608997cd305be5107d49fe3b7cd198b8f60d155,,Normal_Leaf,RiceLeafDisease_BD5,EXTERNAL_FIELD_DATASET
IMG_20241031_135910.jpg,.jpg,Normal_Leaf/IMG_20241031_135910.jpg,7359,True,300,300,1.0,RGB,3,JPEG,2b304691b26442795a01c2b2a2be545fcb57d7a1f62c86d6443c1580f52c38aa,,Normal_Leaf,RiceLeafDisease_BD5,EXTERNAL_FIELD_DATASET
IMG_20241031_135933.jpg,.jpg,Normal_Leaf/IMG_20241031_135933.jpg,6854,True,300,300,1.0,RGB,3,JPEG,9c3c955e679bd7a7f312dbb0b928dee303b920903cfa53b39b62f1423c58ed18,,Normal_Leaf,RiceLeafDisease_BD5,EXTERNAL_FIELD_DATASET
IMG_20241031_135934.jpg,.jpg,Normal_Leaf/IMG_20241031_135934.jpg,6823,True,300,300,1.0,RGB,3,JPEG,7820ef1f3005b81f28236bdc25c7264d001562b67fafd862237a4e41529d8def,,Normal_Leaf,RiceLeafDisease_BD5,EXTERNAL_FIELD_DATASET
IMG_20241031_135934_1.jpg,.jpg,Normal_Leaf/IMG_20241031_135934_1.jpg,6967,True,300,300,1.0,RGB,3,JPEG,100294b3882be75a25e7271e2f4179bcbf3ad001cfc69fcd3d68e573c5480d42,,Normal_Leaf,RiceLeafDisease_BD5,EXTERNAL_FIELD_DATASET
IMG_20241031_135944.jpg,.jpg,Normal_Leaf/IMG_20241031_135944.jpg,8422,True,300,300,1.0,RGB,3,JPEG,176dd6670bfe3744c01ad3cb05aa6c91414981b884819eeae530d6651fcbf761,,Normal_Leaf,RiceLeafDisease_BD5,EXTERNAL_FIELD_DATASET
IMG_20241031_135945.jpg,.jpg,Normal_Leaf/IMG_20241031_135945.jpg,8647,True,300,300,1.0,RGB,3,JPEG,7c734a57852577ccfc8e194cca120ca446a4e4bd29200191ea02149a78bcaa25,,Normal_Leaf,RiceLeafDisease_BD5,EXTERNAL_FIELD_DATASET
IMG_20241031_135951.jpg,.jpg,Normal_Leaf/IMG_20241031_135951.jpg,9113,True,300,300,1.0,RGB,3,JPEG,42618347d9de993d0d3e0e28717075e10d9b90faad8e33ccf374f2c326dc108d,,Normal_Leaf,RiceLeafDisease_BD5,EXTERNAL_FIELD_DATASET
IMG_20241031_135951_1.jpg,.jpg,Normal_Leaf/IMG_20241031_135951_1.jpg,9231,True,300,300,1.0,RGB,3,JPEG,50919196818379435c627143f71e07d10808610ac0006f0f5a2e699ce0cd317d,,Normal_Leaf,RiceLeafDisease_BD5,EXTERNAL_FIELD_DATASET
IMG_20241031_140006.jpg,.jpg,Normal_Leaf/IMG_20241031_140006.jpg,8032,True,300,300,1.0,RGB,3,JPEG,b52f0dcd1fcecf3c3a211c2d437f4af1c80e0ad9e5fe6bcc5ebe0358d8069b30,,Normal_Leaf,RiceLeafDisease_BD5,EXTERNAL_FIELD_DATASET
IMG_20241031_140029.jpg,.jpg,Normal_Leaf/IMG_20241031_140029.jpg,4688,True,300,300,1.0,RGB,3,JPEG,e78098122cbd3daccbe910ecf7560204e86e926c464150b05c26a9bc65e7d0a6,,Normal_Leaf,RiceLeafDisease_BD5,EXTERNAL_FIELD_DATASET
IMG_20241031_140031.jpg,.jpg,Normal_Leaf/IMG_20241031_140031.jpg,9730,True,300,300,1.0,RGB,3,JPEG,2dfb9a9b52abf0a8ee71baa45d2abe4887d6c90cdadc0f52c8dd6675a4f0e4df,,Normal_Leaf,RiceLeafDisease_BD5,EXTERNAL_FIELD_DATASET
IMG_20241031_140032.jpg,.jpg,Normal_Leaf/IMG_20241031_140032.jpg,4594,True,300,300,1.0,RGB,3,JPEG,0a9f6eefa80f0a6907569f8e19efff32752d3f750573a5339fe0e5426b439e8f,,Normal_Leaf,RiceLeafDisease_BD5,EXTERNAL_FIELD_DATASET
IMG_20241031_140041.jpg,.jpg,Normal_Leaf/IMG_20241031_140041.jpg,9916,True,300,300,1.0,RGB,3,JPEG,5ff1d81f46f793d2e8c68b560bc3e857e393797b44f540935067359b02063aa8,,Normal_Leaf,RiceLeafDisease_BD5,EXTERNAL_FIELD_DATASET
IMG_20241031_140047.jpg,.jpg,Normal_Leaf/IMG_20241031_140047.jpg,9428,True,300,300,1.0,RGB,3,JPEG,47847404dfd5e9bfb07f11cf17ecbd6ee7134555f4e90a55425a6d5cca00e51e,,Normal_Leaf,RiceLeafDisease_BD5,EXTERNAL_FIELD_DATASET
IMG_20241031_140048.jpg,.jpg,Normal_Leaf/IMG_20241031_140048.jpg,9574,True,300,300,1.0,RGB,3,JPEG,1d561093d8aaca5be057d75c1a6abaeb648db8580eb2bda66305c0f9b92bfc02,,Normal_Leaf,RiceLeafDisease_BD5,EXTERNAL_FIELD_DATASET
IMG_20241031_140053.jpg,.jpg,Normal_Leaf/IMG_20241031_140053.jpg,9381,True,300,300,1.0,RGB,3,JPEG,9f6a004e0c134e55f7811b44944c7eed58b391f42a75f6c61f5d4a633177f779,,Normal_Leaf,RiceLeafDisease_BD5,EXTERNAL_FIELD_DATASET
IMG_20241031_140054.jpg,.jpg,Normal_Leaf/IMG_20241031_140054.jpg,9448,True,300,300,1.0,RGB,3,JPEG,8ba03e34f32fcdc48f5ef81aeafd0f9599a728ac8a0a5351c739338c610ff415,,Normal_Leaf,RiceLeafDisease_BD5,EXTERNAL_FIELD_DATASET
IMG_20241031_140054_1.jpg,.jpg,Normal_Leaf/IMG_20241031_140054_1.jpg,9410,True,300,300,1.0,RGB,3,JPEG,b4ba4b46c56ce1f535d0a78fb893194a4a1679a02f1b4cae7019e691374e65dc,,Normal_Leaf,RiceLeafDisease_BD5,EXTERNAL_FIELD_DATASET
IMG_20241031_140055.jpg,.jpg,Normal_Leaf/IMG_20241031_140055.jpg,5441,True,300,300,1.0,RGB,3,JPEG,0d646acb61046c9d868c9c714017294528076debe6484fc94c7a6e73fc5788f8,,Normal_Leaf,RiceLeafDisease_BD5,EXTERNAL_FIELD_DATASET
IMG_20241031_140055_1.jpg,.jpg,Normal_Leaf/IMG_20241031_140055_1.jpg,9472,True,300,300,1.0,RGB,3,JPEG,557fa82f3d6b94e2911b8a79ba15121769f6672393274602dd078ef0a9ab6bb5,,Normal_Leaf,RiceLeafDisease_BD5,EXTERNAL_FIELD_DATASET
IMG_20241031_140056.jpg,.jpg,Normal_Leaf/IMG_20241031_140056.jpg,5395,True,300,300,1.0,RGB,3,JPEG,c4e6c6352bf95eb1dfda61a1fa8e965c003680a26c0729808aa041cb30c32f60,,Normal_Leaf,RiceLeafDisease_BD5,EXTERNAL_FIELD_DATASET
IMG_20241031_140103_1.jpg,.jpg,Normal_Leaf/IMG_20241031_140103_1.jpg,10267,True,300,300,1.0,RGB,3,JPEG,8b83b50bb4920c002990e577d48edfa1c6b50dfcca184d744df06ae0cc8cd905,,Normal_Leaf,RiceLeafDisease_BD5,EXTERNAL_FIELD_DATASET
IMG_20241031_140104.jpg,.jpg,Normal_Leaf/IMG_20241031_140104.jpg,10124,True,300,300,1.0,RGB,3,JPEG,799235a9fef73de3c0b4eb7c74d598ea13aa2d22893cb5ff1a24717ff875613b,,Normal_Leaf,RiceLeafDisease_BD5,EXTERNAL_FIELD_DATASET
IMG_20241031_140107.jpg,.jpg,Normal_Leaf/IMG_20241031_140107.jpg,3989,True,300,300,1.0,RGB,3,JPEG,ba28a94e2f242734f0732d366767bd0e23aa5eca44dc7ba74518879ac27d3886,,Normal_Leaf,RiceLeafDisease_BD5,EXTERNAL_FIELD_DATASET
IMG_20241031_140108.jpg,.jpg,Normal_Leaf/IMG_20241031_140108.jpg,4065,True,300,300,1.0,RGB,3,JPEG,a947d876cbe8fec926e4ae3ff73b442386d4fe3b3c317a10e20c5ff6add9989c,,Normal_Leaf,RiceLeafDisease_BD5,EXTERNAL_FIELD_DATASET
IMG_20241031_140111.jpg,.jpg,Normal_Leaf/IMG_20241031_140111.jpg,5275,True,300,300,1.0,RGB,3,JPEG,d8c15972d825e6008695e0e33607cbeecfd3749858084dc13d1fc2d5e455be25,,Normal_Leaf,RiceLeafDisease_BD5,EXTERNAL_FIELD_DATASET
IMG_20241031_140112.jpg,.jpg,Normal_Leaf/IMG_20241031_140112.jpg,5372,True,300,300,1.0,RGB,3,JPEG,62e34b6db99aa97dd887e41517d326f82911585f12179c8b4fb17ddc9118e678,,Normal_Leaf,RiceLeafDisease_BD5,EXTERNAL_FIELD_DATASET
IMG_20241031_140113.jpg,.jpg,Normal_Leaf/IMG_20241031_140113.jpg,5345,True,300,300,1.0,RGB,3,JPEG,b9f465e3d033489d53c8aa2faf38b43fe6c2e6bbdd334fa88e2c583f968623dd,,Normal_Leaf,RiceLeafDisease_BD5,EXTERNAL_FIELD_DATASET
IMG_20241031_140116.jpg,.jpg,Normal_Leaf/IMG_20241031_140116.jpg,5155,True,300,300,1.0,RGB,3,JPEG,5df74b13b89ce412a90f8919b6bf8f7dab29f989df2200eb1248dbeadd10edce,,Normal_Leaf,RiceLeafDisease_BD5,EXTERNAL_FIELD_DATASET
IMG_20241031_140117.jpg,.jpg,Normal_Leaf/IMG_20241031_140117.jpg,4670,True,300,300,1.0,RGB,3,JPEG,3e3464d079895ad5f025b37383e551ce129de45373158337a59a07a966936e8a,,Normal_Leaf,RiceLeafDisease_BD5,EXTERNAL_FIELD_DATASET
IMG_20241031_140119.jpg,.jpg,Normal_Leaf/IMG_20241031_140119.jpg,7993,True,300,300,1.0,RGB,3,JPEG,a2ccec8ea14d83483645bad07369def606ed8e434f2b4d9db334d94b77f96393,,Normal_Leaf,RiceLeafDisease_BD5,EXTERNAL_FIELD_DATASET
IMG_20241031_140120.jpg,.jpg,Normal_Leaf/IMG_20241031_140120.jpg,5304,True,300,300,1.0,RGB,3,JPEG,4fe8a381da67e17999248f4eb512ff0677b11d6c3aa17b73fc175295de527ef3,,Normal_Leaf,RiceLeafDisease_BD5,EXTERNAL_FIELD_DATASET
IMG_20241031_140120_1.jpg,.jpg,Normal_Leaf/IMG_20241031_140120_1.jpg,5372,True,300,300,1.0,RGB,3,JPEG,168af5d28407d24cef4829f1e966698b8e6f0e6ea80f7206f37e3841fe1992b0,,Normal_Leaf,RiceLeafDisease_BD5,EXTERNAL_FIELD_DATASET
IMG_20241031_140126.jpg,.jpg,Normal_Leaf/IMG_20241031_140126.jpg,7396,True,300,300,1.0,RGB,3,JPEG,93493f85ee48059c675a70d7f72417b07022fd2512ddf298c2e9736031a203ab,,Normal_Leaf,RiceLeafDisease_BD5,EXTERNAL_FIELD_DATASET
IMG_20241031_140128.jpg,.jpg,Normal_Leaf/IMG_20241031_140128.jpg,7523,True,300,300,1.0,RGB,3,JPEG,03556ba92897f8e4dfdcdfbf8d3ad517b3e38eb6b5369e94d187c14c9511e461,,Normal_Leaf,RiceLeafDisease_BD5,EXTERNAL_FIELD_DATASET
IMG_20241031_140132.jpg,.jpg,Normal_Leaf/IMG_20241031_140132.jpg,8606,True,300,300,1.0,RGB,3,JPEG,a3c9e239664f8dbed1838353deef8b4078ca7fcb8ff0e1a94b520d350fa4f60d,,Normal_Leaf,RiceLeafDisease_BD5,EXTERNAL_FIELD_DATASET
IMG_20241031_140135.jpg,.jpg,Normal_Leaf/IMG_20241031_140135.jpg,7804,True,300,300,1.0,RGB,3,JPEG,6bc9d955c6759a7396b2238fae1b905aee4f3aa8f423b540dae52a68bed970cc,,Normal_Leaf,RiceLeafDisease_BD5,EXTERNAL_FIELD_DATASET
IMG_20241031_140136.jpg,.jpg,Normal_Leaf/IMG_20241031_140136.jpg,7349,True,300,300,1.0,RGB,3,JPEG,5423743120515383b89c943b4aea53765230dab07dc082267db475956588c131,,Normal_Leaf,RiceLeafDisease_BD5,EXTERNAL_FIELD_DATASET
IMG_20241031_140139.jpg,.jpg,Normal_Leaf/IMG_20241031_140139.jpg,8507,True,300,300,1.0,RGB,3,JPEG,0296614d076ecf2c03f9d2458d9f4510f50cec49a62ca44f7364b9abb87d27cd,,Normal_Leaf,RiceLeafDisease_BD5,EXTERNAL_FIELD_DATASET
IMG_20241031_140142.jpg,.jpg,Normal_Leaf/IMG_20241031_140142.jpg,5483,True,300,300,1.0,RGB,3,JPEG,2aa9c61ecc33b640b080c73ec4354e1d8f5d3c11eac5b0610a02764d07806967,,Normal_Leaf,RiceLeafDisease_BD5,EXTERNAL_FIELD_DATASET
IMG_20241031_140146.jpg,.jpg,Normal_Leaf/IMG_20241031_140146.jpg,8785,True,300,300,1.0,RGB,3,JPEG,403e1f151f44afbf8687a0043295dc87f2deeed262657841adb9deec30b37d5b,,Normal_Leaf,RiceLeafDisease_BD5,EXTERNAL_FIELD_DATASET
IMG_20241031_140151.jpg,.jpg,Normal_Leaf/IMG_20241031_140151.jpg,8164,True,300,300,1.0,RGB,3,JPEG,fdc5041bf96e5233a29d55f9da022116493e852ae194afda9cad7c8b7d8f6015,,Normal_Leaf,RiceLeafDisease_BD5,EXTERNAL_FIELD_DATASET
IMG_20241031_140154.jpg,.jpg,Normal_Leaf/IMG_20241031_140154.jpg,8263,True,300,300,1.0,RGB,3,JPEG,600e718340f367997b381bf2e4b2ed1b6e7b9992f4cd9221f97ce92f024f7fb9,,Normal_Leaf,RiceLeafDisease_BD5,EXTERNAL_FIELD_DATASET
IMG_20241031_140155.jpg,.jpg,Normal_Leaf/IMG_20241031_140155.jpg,5907,True,300,300,1.0,RGB,3,JPEG,eac7cb19c4953d299f83221b5b1786ee2f38e11fe6acb335ea88700c159e75bd,,Normal_Leaf,RiceLeafDisease_BD5,EXTERNAL_FIELD_DATASET
IMG_20241031_140201.jpg,.jpg,Normal_Leaf/IMG_20241031_140201.jpg,8932,True,300,300,1.0,RGB,3,JPEG,6c398560e77202fce13361b17344bc0d44856a23fe6536dbbaae7f1a293d1ef1,,Normal_Leaf,RiceLeafDisease_BD5,EXTERNAL_FIELD_DATASET
IMG_20241031_140202.jpg,.jpg,Normal_Leaf/IMG_20241031_140202.jpg,7329,True,300,300,1.0,RGB,3,JPEG,95ff04a937a01d83af10fc2a2510cb7eecfc2380c178b66da63088973483e572,,Normal_Leaf,RiceLeafDisease_BD5,EXTERNAL_FIELD_DATASET
IMG_20241031_140203.jpg,.jpg,Normal_Leaf/IMG_20241031_140203.jpg,7623,True,300,300,1.0,RGB,3,JPEG,80d199582da20f92e5e29e54972d96693d569b4ab72c4ca8d5139a2d0a4e3a64,,Normal_Leaf,RiceLeafDisease_BD5,EXTERNAL_FIELD_DATASET
IMG_20241031_140204.jpg,.jpg,Normal_Leaf/IMG_20241031_140204.jpg,7514,True,300,300,1.0,RGB,3,JPEG,87e4bf64c129acd3b3850f6bdbd4b560700445d1489112908acbbd2d3e99fd9b,,Normal_Leaf,RiceLeafDisease_BD5,EXTERNAL_FIELD_DATASET
IMG_20241031_140206.jpg,.jpg,Normal_Leaf/IMG_20241031_140206.jpg,7503,True,300,300,1.0,RGB,3,JPEG,6feee0a41ecf731f6aa5d43cb381c132061dbcf743b0b7691e60ee5ef9fffce5,,Normal_Leaf,RiceLeafDisease_BD5,EXTERNAL_FIELD_DATASET
IMG_20241031_140208.jpg,.jpg,Normal_Leaf/IMG_20241031_140208.jpg,6967,True,300,300,1.0,RGB,3,JPEG,167d43821f9e7ead0010247c5fa44895a31952c925d25ec5de14eb18fdab29fb,,Normal_Leaf,RiceLeafDisease_BD5,EXTERNAL_FIELD_DATASET
IMG_20241031_140209.jpg,.jpg,Normal_Leaf/IMG_20241031_140209.jpg,6700,True,300,300,1.0,RGB,3,JPEG,de35dd6935f38154efad1370a1351006356a75e0bf74bafa49fd022421541251,,Normal_Leaf,RiceLeafDisease_BD5,EXTERNAL_FIELD_DATASET
IMG_20241031_140209_1.jpg,.jpg,Normal_Leaf/IMG_20241031_140209_1.jpg,6726,True,300,300,1.0,RGB,3,JPEG,0112f73564bc607b158c0ae7393e06bf7d59aa595cbb28578616acaf0cda41d3,,Normal_Leaf,RiceLeafDisease_BD5,EXTERNAL_FIELD_DATASET
IMG_20241031_140218.jpg,.jpg,Normal_Leaf/IMG_20241031_140218.jpg,7086,True,300,300,1.0,RGB,3,JPEG,9fe21e9d4a266fb17764228312a87e6c929ee33981dd77a277a7beb4a0ed22e1,,Normal_Leaf,RiceLeafDisease_BD5,EXTERNAL_FIELD_DATASET
IMG_20241031_140223.jpg,.jpg,Normal_Leaf/IMG_20241031_140223.jpg,4362,True,300,300,1.0,RGB,3,JPEG,95e8c01d68e9343e023b200458d63742042581cf371361c7328b01e6a8543a8a,,Normal_Leaf,RiceLeafDisease_BD5,EXTERNAL_FIELD_DATASET
IMG_20241031_140224.jpg,.jpg,Normal_Leaf/IMG_20241031_140224.jpg,4456,True,300,300,1.0,RGB,3,JPEG,284a163a5010699b9ff1cde8eeeddb751c2388e7f9641fc3eb68d936ac992d37,,Normal_Leaf,RiceLeafDisease_BD5,EXTERNAL_FIELD_DATASET
IMG_20241031_140235.jpg,.jpg,Normal_Leaf/IMG_20241031_140235.jpg,6820,True,300,300,1.0,RGB,3,JPEG,d1c5d4f65adc46efe5e8c049d9c98ec549f72e3703710875f5985ac34bf72d14,,Normal_Leaf,RiceLeafDisease_BD5,EXTERNAL_FIELD_DATASET
IMG_20241031_140237.jpg,.jpg,Normal_Leaf/IMG_20241031_140237.jpg,5992,True,300,300,1.0,RGB,3,JPEG,664818504fa3191ad31525966b2e06656dd1db50a1627c86f93749c8720f28a4,,Normal_Leaf,RiceLeafDisease_BD5,EXTERNAL_FIELD_DATASET
IMG_20241031_140238.jpg,.jpg,Normal_Leaf/IMG_20241031_140238.jpg,6012,True,300,300,1.0,RGB,3,JPEG,7097cdd473605a233c6d41ba9d40cca72778021d47142502c1f47f6bbbe0f193,,Normal_Leaf,RiceLeafDisease_BD5,EXTERNAL_FIELD_DATASET
IMG_20241031_140239.jpg,.jpg,Normal_Leaf/IMG_20241031_140239.jpg,9878,True,300,300,1.0,RGB,3,JPEG,2d9eeeabf1f14f97bd00a73738377e89f713525230416913451035186217a907,,Normal_Leaf,RiceLeafDisease_BD5,EXTERNAL_FIELD_DATASET
IMG_20241031_140239_1.jpg,.jpg,Normal_Leaf/IMG_20241031_140239_1.jpg,9815,True,300,300,1.0,RGB,3,JPEG,762868c1f5b3cfb7e44750ca45bc3f5259dcd02abdd863748aef86268bf0dfcb,,Normal_Leaf,RiceLeafDisease_BD5,EXTERNAL_FIELD_DATASET
IMG_20241031_140244.jpg,.jpg,Normal_Leaf/IMG_20241031_140244.jpg,7303,True,300,300,1.0,RGB,3,JPEG,8689e31974404327a1a20833e81dc0580f62bbcc5e2e2aadc04bc808d665e9ac,,Normal_Leaf,RiceLeafDisease_BD5,EXTERNAL_FIELD_DATASET
IMG_20241031_140244_1.jpg,.jpg,Normal_Leaf/IMG_20241031_140244_1.jpg,9674,True,300,300,1.0,RGB,3,JPEG,bd7fd69d9a8350953f5e6502c6b337fa7516da7c454fdc9bc741fa277b2669c4,,Normal_Leaf,RiceLeafDisease_BD5,EXTERNAL_FIELD_DATASET
IMG_20241031_140245.jpg,.jpg,Normal_Leaf/IMG_20241031_140245.jpg,9742,True,300,300,1.0,RGB,3,JPEG,3ba29e7ce49b42bd8552883832f826ac2de9339c0f5c5b8f995b788b930384a4,,Normal_Leaf,RiceLeafDisease_BD5,EXTERNAL_FIELD_DATASET
IMG_20241031_140246.jpg,.jpg,Normal_Leaf/IMG_20241031_140246.jpg,9661,True,300,300,1.0,RGB,3,JPEG,35f159c5b330dbe37a94523429e9bddf4ceade94155dee70243ba587e0f9c887,,Normal_Leaf,RiceLeafDisease_BD5,EXTERNAL_FIELD_DATASET
IMG_20241031_140247.jpg,.jpg,Normal_Leaf/IMG_20241031_140247.jpg,7657,True,300,300,1.0,RGB,3,JPEG,15929b8b37618ad8b0a854a2e4436ca5862237d6d9830b78d50e20894fb27c15,,Normal_Leaf,RiceLeafDisease_BD5,EXTERNAL_FIELD_DATASET
IMG_20241031_140252.jpg,.jpg,Normal_Leaf/IMG_20241031_140252.jpg,6349,True,300,300,1.0,RGB,3,JPEG,b6097a8cd565bc29f87d4a848d90331a2747d40a7234ada400e99e4ef78f21a6,,Normal_Leaf,RiceLeafDisease_BD5,EXTERNAL_FIELD_DATASET
IMG_20241031_140252_1.jpg,.jpg,Normal_Leaf/IMG_20241031_140252_1.jpg,6458,True,300,300,1.0,RGB,3,JPEG,0b5abcd5e02df48e399de838ee56193f6ffa042a3855d7b8ca3c4e8e08d0d8c1,,Normal_Leaf,RiceLeafDisease_BD5,EXTERNAL_FIELD_DATASET
IMG_20241031_140253.jpg,.jpg,Normal_Leaf/IMG_20241031_140253.jpg,6443,True,300,300,1.0,RGB,3,JPEG,521855ae5c2121bd1df746e25063d1c56cde90e3266f8f2d6733f28c8b6bf48e,,Normal_Leaf,RiceLeafDisease_BD5,EXTERNAL_FIELD_DATASET
IMG_20241031_140324.jpg,.jpg,Normal_Leaf/IMG_20241031_140324.jpg,6383,True,300,300,1.0,RGB,3,JPEG,eb1daaaea07caa776a1840de9a0480e1eb8ea978434ac200c7babe591bac938f,,Normal_Leaf,RiceLeafDisease_BD5,EXTERNAL_FIELD_DATASET
IMG_20241031_140325.jpg,.jpg,Normal_Leaf/IMG_20241031_140325.jpg,6440,True,300,300,1.0,RGB,3,JPEG,46d2bc2abe0463e47b5a97043a9f46da594fb6eda9e441f311466b4a8d227933,,Normal_Leaf,RiceLeafDisease_BD5,EXTERNAL_FIELD_DATASET
IMG_20241031_140329.jpg,.jpg,Normal_Leaf/IMG_20241031_140329.jpg,6421,True,300,300,1.0,RGB,3,JPEG,efc511197b00ea42d9a8f8c2d4aaf308f454bba74ef6a42af2938e26c5b96d32,,Normal_Leaf,RiceLeafDisease_BD5,EXTERNAL_FIELD_DATASET
IMG_20241031_140333.jpg,.jpg,Normal_Leaf/IMG_20241031_140333.jpg,5797,True,300,300,1.0,RGB,3,JPEG,aed281ca9a9ee0920259665c49d2e952d5c21077c72d334b9c03cef4b9487678,,Normal_Leaf,RiceLeafDisease_BD5,EXTERNAL_FIELD_DATASET
IMG_20241031_140336.jpg,.jpg,Normal_Leaf/IMG_20241031_140336.jpg,7412,True,300,300,1.0,RGB,3,JPEG,d48dd33df25419090294174a68fb242bfb9d2231870409d3651605b5f476a70a,,Normal_Leaf,RiceLeafDisease_BD5,EXTERNAL_FIELD_DATASET
IMG_20241031_140338.jpg,.jpg,Normal_Leaf/IMG_20241031_140338.jpg,7272,True,300,300,1.0,RGB,3,JPEG,258b6dae7b82d37bd96a6eb64df84e68bf7cfb44901620ea563dd8df259a1ef7,,Normal_Leaf,RiceLeafDisease_BD5,EXTERNAL_FIELD_DATASET
IMG_20241031_140339.jpg,.jpg,Normal_Leaf/IMG_20241031_140339.jpg,7167,True,300,300,1.0,RGB,3,JPEG,1238f34bbadc38ebcd4fd4e909c9fc5cac683e09a057202f686eb19706cdfafe,,Normal_Leaf,RiceLeafDisease_BD5,EXTERNAL_FIELD_DATASET
IMG_20241031_140342.jpg,.jpg,Normal_Leaf/IMG_20241031_140342.jpg,7322,True,300,300,1.0,RGB,3,JPEG,38c9098b81bff67e89340a63de82e6903dfa2f9c93756faa9abbdb32da5207aa,,Normal_Leaf,RiceLeafDisease_BD5,EXTERNAL_FIELD_DATASET
IMG_20241031_140343.jpg,.jpg,Normal_Leaf/IMG_20241031_140343.jpg,7371,True,300,300,1.0,RGB,3,JPEG,70c1da9ed77b2c1e3c3020ff5c1b821f9eb065e66420a5ca8ab8f8874890a58b,,Normal_Leaf,RiceLeafDisease_BD5,EXTERNAL_FIELD_DATASET
IMG_20241031_140343_1.jpg,.jpg,Normal_Leaf/IMG_20241031_140343_1.jpg,7518,True,300,300,1.0,RGB,3,JPEG,20a9488331e2fd336b9a5b03fc1bf635a4edd9ce01289824626c6edd1abd3995,,Normal_Leaf,RiceLeafDisease_BD5,EXTERNAL_FIELD_DATASET
IMG_20241031_140347.jpg,.jpg,Normal_Leaf/IMG_20241031_140347.jpg,7212,True,300,300,1.0,RGB,3,JPEG,678e10813358e198b36c8efefe52a59a97b25fcf0126aceb67f1aedabd4c098e,,Normal_Leaf,RiceLeafDisease_BD5,EXTERNAL_FIELD_DATASET
IMG_20241031_140348.jpg,.jpg,Normal_Leaf/IMG_20241031_140348.jpg,7317,True,300,300,1.0,RGB,3,JPEG,9d42bf2c054d7b7d16eff4f72239f8f8b22f64839d2368d533c182996473a3eb,,Normal_Leaf,RiceLeafDisease_BD5,EXTERNAL_FIELD_DATASET
IMG_20241031_140349.jpg,.jpg,Normal_Leaf/IMG_20241031_140349.jpg,7277,True,300,300,1.0,RGB,3,JPEG,0982801cb1aba1d9b4bd727af3ceee842bbe45f9dbfe57e7dca68e87e8a34779,,Normal_Leaf,RiceLeafDisease_BD5,EXTERNAL_FIELD_DATASET
IMG_20241031_140354.jpg,.jpg,Normal_Leaf/IMG_20241031_140354.jpg,7006,True,300,300,1.0,RGB,3,JPEG,e2a3bcbf3e587f29c152debcbf834049e2b103f2c66580afe325bdcf71f6548e,,Normal_Leaf,RiceLeafDisease_BD5,EXTERNAL_FIELD_DATASET
IMG_20241031_140355.jpg,.jpg,Normal_Leaf/IMG_20241031_140355.jpg,7015,True,300,300,1.0,RGB,3,JPEG,3709894de381c11de4314743497170e829fc79b1ccc949822b2bf5bb1b938ed9,,Normal_Leaf,RiceLeafDisease_BD5,EXTERNAL_FIELD_DATASET
IMG_20241031_140401.jpg,.jpg,Normal_Leaf/IMG_20241031_140401.jpg,7603,True,300,300,1.0,RGB,3,JPEG,335df1ffef0ee17f5c21fbcaf2114a1d67338633b193b70e2560446ec4e656c6,,Normal_Leaf,RiceLeafDisease_BD5,EXTERNAL_FIELD_DATASET
IMG_20241031_140402.jpg,.jpg,Normal_Leaf/IMG_20241031_140402.jpg,7743,True,300,300,1.0,RGB,3,JPEG,28f2fbeb545d76198ebe21ac14a94e7d47e03ac7bf3d0ab3531a759a9892e222,,Normal_Leaf,RiceLeafDisease_BD5,EXTERNAL_FIELD_DATASET
IMG_20241031_140413.jpg,.jpg,Normal_Leaf/IMG_20241031_140413.jpg,6657,True,300,300,1.0,RGB,3,JPEG,af383cbc91de48bd92539f7bc705f351083bd44311f5b7e07aef16121f36845c,,Normal_Leaf,RiceLeafDisease_BD5,EXTERNAL_FIELD_DATASET
IMG_20241031_140414.jpg,.jpg,Normal_Leaf/IMG_20241031_140414.jpg,7633,True,300,300,1.0,RGB,3,JPEG,3e6b65d236e8bb8741854013d114b1ef8468dc81ec94229f318161a5f5b31c08,,Normal_Leaf,RiceLeafDisease_BD5,EXTERNAL_FIELD_DATASET
IMG_20241031_140418.jpg,.jpg,Normal_Leaf/IMG_20241031_140418.jpg,6224,True,300,300,1.0,RGB,3,JPEG,88047738114bc8ffe5df6a43a268a0d897c6b09a81ac5611148316d09c7d957d,,Normal_Leaf,RiceLeafDisease_BD5,EXTERNAL_FIELD_DATASET
IMG_20241031_140419.jpg,.jpg,Normal_Leaf/IMG_20241031_140419.jpg,5800,True,300,300,1.0,RGB,3,JPEG,1e84911d2a507a0de5a394a53f4f82a9077eebeadc4d829c2927fa7baae95f52,,Normal_Leaf,RiceLeafDisease_BD5,EXTERNAL_FIELD_DATASET
IMG_20241031_140420.jpg,.jpg,Normal_Leaf/IMG_20241031_140420.jpg,7557,True,300,300,1.0,RGB,3,JPEG,61796c0c805c73d7f1d42f75cd4545aafbc3be99f049119d3301688958570e35,,Normal_Leaf,RiceLeafDisease_BD5,EXTERNAL_FIELD_DATASET
IMG_20241031_140420_1.jpg,.jpg,Normal_Leaf/IMG_20241031_140420_1.jpg,5753,True,300,300,1.0,RGB,3,JPEG,3c6097557d6de977761b085d8db2bbbe148516c0c34fd3f58025e912757a28e2,,Normal_Leaf,RiceLeafDisease_BD5,EXTERNAL_FIELD_DATASET
IMG_20241031_140421.jpg,.jpg,Normal_Leaf/IMG_20241031_140421.jpg,7449,True,300,300,1.0,RGB,3,JPEG,96596d9b80307a9291ae203a8a7f746d5dc80290716b3d349e87b5372a0a0560,,Normal_Leaf,RiceLeafDisease_BD5,EXTERNAL_FIELD_DATASET
IMG_20241031_140430.jpg,.jpg,Normal_Leaf/IMG_20241031_140430.jpg,7403,True,300,300,1.0,RGB,3,JPEG,55af06f09313f067258d671909a0177976b2d30d295958b64342eca7fd4a4271,,Normal_Leaf,RiceLeafDisease_BD5,EXTERNAL_FIELD_DATASET
IMG_20241031_140430_1.jpg,.jpg,Normal_Leaf/IMG_20241031_140430_1.jpg,7341,True,300,300,1.0,RGB,3,JPEG,420fb658878bf546ec91b014bbf5736f03ef369484466aead323870aa4e328ab,,Normal_Leaf,RiceLeafDisease_BD5,EXTERNAL_FIELD_DATASET
IMG_20241031_140432.jpg,.jpg,Normal_Leaf/IMG_20241031_140432.jpg,7374,True,300,300,1.0,RGB,3,JPEG,bb579e7f3aab7ea6bdd7869bb3170285bb4be28758c2eec9e70484eab214a2ee,,Normal_Leaf,RiceLeafDisease_BD5,EXTERNAL_FIELD_DATASET
IMG_20241031_140437.jpg,.jpg,Normal_Leaf/IMG_20241031_140437.jpg,5561,True,300,300,1.0,RGB,3,JPEG,8a1b288d792cad9fbb2670060f63df0fbc4761faaf5768367737ccad74c66b46,,Normal_Leaf,RiceLeafDisease_BD5,EXTERNAL_FIELD_DATASET
IMG_20241031_140439.jpg,.jpg,Normal_Leaf/IMG_20241031_140439.jpg,7403,True,300,300,1.0,RGB,3,JPEG,2e3ea55a8bdf426d968506eebb1b8f729ff7c3a6a8dee2a0f855005c23b04fb8,,Normal_Leaf,RiceLeafDisease_BD5,EXTERNAL_FIELD_DATASET
IMG_20241031_140440.jpg,.jpg,Normal_Leaf/IMG_20241031_140440.jpg,7481,True,300,300,1.0,RGB,3,JPEG,4effd9fe4d856edf7f9ef48c5b150a2d91480ae8dde0114a50f361de420182fd,,Normal_Leaf,RiceLeafDisease_BD5,EXTERNAL_FIELD_DATASET
IMG_20241031_140441.jpg,.jpg,Normal_Leaf/IMG_20241031_140441.jpg,7313,True,300,300,1.0,RGB,3,JPEG,81feb1be4e5b785cad480776138ad90ffb36ff0792c3acfc201b504925caf455,,Normal_Leaf,RiceLeafDisease_BD5,EXTERNAL_FIELD_DATASET
IMG_20241031_140447.jpg,.jpg,Normal_Leaf/IMG_20241031_140447.jpg,6980,True,300,300,1.0,RGB,3,JPEG,9bc8cc771b50c8c1ecdff70a7a7cc7d91332f6ffa30326eb9e916ecce6310b07,,Normal_Leaf,RiceLeafDisease_BD5,EXTERNAL_FIELD_DATASET
IMG_20241031_140449.jpg,.jpg,Normal_Leaf/IMG_20241031_140449.jpg,7697,True,300,300,1.0,RGB,3,JPEG,f98c078cdd719cb748a80442b22e412912224e08ee44b98ce3ecbc4066582f50,,Normal_Leaf,RiceLeafDisease_BD5,EXTERNAL_FIELD_DATASET
IMG_20241031_140450.jpg,.jpg,Normal_Leaf/IMG_20241031_140450.jpg,7875,True,300,300,1.0,RGB,3,JPEG,89350bb8c67cc37ad9cedb4cdb3c3eadd93efd6c1fe70aa585fed1b3d323d0ff,,Normal_Leaf,RiceLeafDisease_BD5,EXTERNAL_FIELD_DATASET
IMG_20241031_140453.jpg,.jpg,Normal_Leaf/IMG_20241031_140453.jpg,6209,True,300,300,1.0,RGB,3,JPEG,4dc3f7af46fef13f56cb0c677b1fafa1f124ed130d1f636043a9bd68f368a517,,Normal_Leaf,RiceLeafDisease_BD5,EXTERNAL_FIELD_DATASET
IMG_20241031_140454.jpg,.jpg,Normal_Leaf/IMG_20241031_140454.jpg,6279,True,300,300,1.0,RGB,3,JPEG,c22493187f28b896cdb5b081f7e334bdc163e5010186ec5751d774401d7d426f,,Normal_Leaf,RiceLeafDisease_BD5,EXTERNAL_FIELD_DATASET
IMG_20241031_140459.jpg,.jpg,Normal_Leaf/IMG_20241031_140459.jpg,5231,True,300,300,1.0,RGB,3,JPEG,762e58f06f8713de4ad69d252a7922f13b55e2fb00db452e45ad43e02c42ee89,,Normal_Leaf,RiceLeafDisease_BD5,EXTERNAL_FIELD_DATASET
IMG_20241031_140459_1.jpg,.jpg,Normal_Leaf/IMG_20241031_140459_1.jpg,5376,True,300,300,1.0,RGB,3,JPEG,b305e0c1b3cf5f965f486ab511fbe08e1d7790fd8dc9deb7fc69720cf7e277ef,,Normal_Leaf,RiceLeafDisease_BD5,EXTERNAL_FIELD_DATASET
IMG_20241031_140501.jpg,.jpg,Normal_Leaf/IMG_20241031_140501.jpg,10087,True,300,300,1.0,RGB,3,JPEG,49b35026e6efebf95ca9f4bc4c9a7cb615b267068da7fbad288fef7f9e884d66,,Normal_Leaf,RiceLeafDisease_BD5,EXTERNAL_FIELD_DATASET
IMG_20241031_140502.jpg,.jpg,Normal_Leaf/IMG_20241031_140502.jpg,10473,True,300,300,1.0,RGB,3,JPEG,5c85725bbcb452a97a401890a3ecbf8f253a800af9fe041a7d0bda705f229530,,Normal_Leaf,RiceLeafDisease_BD5,EXTERNAL_FIELD_DATASET
IMG_20241031_140504.jpg,.jpg,Normal_Leaf/IMG_20241031_140504.jpg,7052,True,300,300,1.0,RGB,3,JPEG,be5eea2ae5696a339fb69bd9a148f18cb6bf4ad4a142d6d818699c04547dbec6,,Normal_Leaf,RiceLeafDisease_BD5,EXTERNAL_FIELD_DATASET
IMG_20241031_140506.jpg,.jpg,Normal_Leaf/IMG_20241031_140506.jpg,6053,True,300,300,1.0,RGB,3,JPEG,ea17dbf0f0a0d161186e6770986f4b522a91b6c38c1196307da675cb5c24b0a5,,Normal_Leaf,RiceLeafDisease_BD5,EXTERNAL_FIELD_DATASET
IMG_20241031_140507.jpg,.jpg,Normal_Leaf/IMG_20241031_140507.jpg,10235,True,300,300,1.0,RGB,3,JPEG,83277a2c5f867264b9885c32e9fad00783760f5c859c37e2477305bfc908aced,,Normal_Leaf,RiceLeafDisease_BD5,EXTERNAL_FIELD_DATASET
IMG_20241031_140508.jpg,.jpg,Normal_Leaf/IMG_20241031_140508.jpg,10460,True,300,300,1.0,RGB,3,JPEG,e00eae5020bfd05d176a33f2ea23f927cafcf2853b11e49c3531bda866e3c5a5,,Normal_Leaf,RiceLeafDisease_BD5,EXTERNAL_FIELD_DATASET
IMG_20241031_140513.jpg,.jpg,Normal_Leaf/IMG_20241031_140513.jpg,8934,True,300,300,1.0,RGB,3,JPEG,ffc4d7f0568fe5a08331fd1ae4f8159a71e28b91c3232bf9b63d07e88c8bddee,,Normal_Leaf,RiceLeafDisease_BD5,EXTERNAL_FIELD_DATASET
IMG_20241031_140514.jpg,.jpg,Normal_Leaf/IMG_20241031_140514.jpg,8911,True,300,300,1.0,RGB,3,JPEG,f4ba68da504ab44812084bc5f67785d01106f1b2efcf545b910b4178c37655e6,,Normal_Leaf,RiceLeafDisease_BD5,EXTERNAL_FIELD_DATASET
IMG_20241031_140514_1.jpg,.jpg,Normal_Leaf/IMG_20241031_140514_1.jpg,8996,True,300,300,1.0,RGB,3,JPEG,47aa504bb2ecebab71404a7cfa0b2f61a242b00c533ba2235259b43e4e5e059b,,Normal_Leaf,RiceLeafDisease_BD5,EXTERNAL_FIELD_DATASET
IMG_20241031_140519.jpg,.jpg,Normal_Leaf/IMG_20241031_140519.jpg,8837,True,300,300,1.0,RGB,3,JPEG,e2c18ebbf276b85085296083a1dcf6d32947a95135f3aa27958ba9561788740f,,Normal_Leaf,RiceLeafDisease_BD5,EXTERNAL_FIELD_DATASET
IMG_20241031_140520.jpg,.jpg,Normal_Leaf/IMG_20241031_140520.jpg,7505,True,300,300,1.0,RGB,3,JPEG,bef1ecdc660833992272d38938802eff0235fe7def1b679724a86230ea2756de,,Normal_Leaf,RiceLeafDisease_BD5,EXTERNAL_FIELD_DATASET
IMG_20241031_140520_1.jpg,.jpg,Normal_Leaf/IMG_20241031_140520_1.jpg,9064,True,300,300,1.0,RGB,3,JPEG,59e0c465367bf7854fe3265c8c2f5b906e5a7b8a34e641c18e51e08e82bae687,,Normal_Leaf,RiceLeafDisease_BD5,EXTERNAL_FIELD_DATASET
IMG_20241031_140525.jpg,.jpg,Normal_Leaf/IMG_20241031_140525.jpg,6524,True,300,300,1.0,RGB,3,JPEG,a850a29d4052d33b6fa1d412a5a6c6548a69d4e12cd4391787dfb487f3b5d231,,Normal_Leaf,RiceLeafDisease_BD5,EXTERNAL_FIELD_DATASET
IMG_20241031_140527.jpg,.jpg,Normal_Leaf/IMG_20241031_140527.jpg,6450,True,300,300,1.0,RGB,3,JPEG,5216fb8fa04bf2ecf52a8891f5906e43cb6122cea7ce743dae57a4ab3040d5a5,,Normal_Leaf,RiceLeafDisease_BD5,EXTERNAL_FIELD_DATASET
IMG_20241031_140536.jpg,.jpg,Normal_Leaf/IMG_20241031_140536.jpg,6103,True,300,300,1.0,RGB,3,JPEG,e55f889511d40828f408b06a9e564dd198766c6599a049f3008489eb643520ac,,Normal_Leaf,RiceLeafDisease_BD5,EXTERNAL_FIELD_DATASET
IMG_20241031_140536_1.jpg,.jpg,Normal_Leaf/IMG_20241031_140536_1.jpg,6232,True,300,300,1.0,RGB,3,JPEG,c4e5ddcc87674e239a91110183291a119c5c6e351a0519e1e6e023281153cbe2,,Normal_Leaf,RiceLeafDisease_BD5,EXTERNAL_FIELD_DATASET
IMG_20241031_140537.jpg,.jpg,Normal_Leaf/IMG_20241031_140537.jpg,5446,True,300,300,1.0,RGB,3,JPEG,0e1216aec306e8a0e28c0d4f2820b0607353ae9e9ccd554dc77863e51bb8cf64,,Normal_Leaf,RiceLeafDisease_BD5,EXTERNAL_FIELD_DATASET
IMG_20241031_140541.jpg,.jpg,Normal_Leaf/IMG_20241031_140541.jpg,5862,True,300,300,1.0,RGB,3,JPEG,3d66dc083af3c8f5a90091a86649183ed1a34ceee4d9b2353522827640c5d098,,Normal_Leaf,RiceLeafDisease_BD5,EXTERNAL_FIELD_DATASET
IMG_20241031_140548.jpg,.jpg,Normal_Leaf/IMG_20241031_140548.jpg,6543,True,300,300,1.0,RGB,3,JPEG,ff1438814790b81879b4024fe465eff280dffe88f62a9f9c342a2fbab63e4e5b,,Normal_Leaf,RiceLeafDisease_BD5,EXTERNAL_FIELD_DATASET
IMG_20241031_140549.jpg,.jpg,Normal_Leaf/IMG_20241031_140549.jpg,6642,True,300,300,1.0,RGB,3,JPEG,8ca7f2bd988fc176699ea16504ee3a07279fd889585f55cfaea797e94bcf5f92,,Normal_Leaf,RiceLeafDisease_BD5,EXTERNAL_FIELD_DATASET
IMG_20241031_140550.jpg,.jpg,Normal_Leaf/IMG_20241031_140550.jpg,6605,True,300,300,1.0,RGB,3,JPEG,ee802751c98b57c6e57c618cc878825a5a3ddb0e50a4aa8245bd13fd480aa05e,,Normal_Leaf,RiceLeafDisease_BD5,EXTERNAL_FIELD_DATASET
IMG_20241031_140551.jpg,.jpg,Normal_Leaf/IMG_20241031_140551.jpg,6546,True,300,300,1.0,RGB,3,JPEG,27886510677461cb772d16dfe9c9f3ed69e721c723678e6c9a7565daf61b8cb1,,Normal_Leaf,RiceLeafDisease_BD5,EXTERNAL_FIELD_DATASET
IMG_20241031_140552.jpg,.jpg,Normal_Leaf/IMG_20241031_140552.jpg,6673,True,300,300,1.0,RGB,3,JPEG,ec43540b3ff124285c24cb8a912f80eff2b03ac3462182cc8c26895f55f7695f,,Normal_Leaf,RiceLeafDisease_BD5,EXTERNAL_FIELD_DATASET
IMG_20241031_140553.jpg,.jpg,Normal_Leaf/IMG_20241031_140553.jpg,6707,True,300,300,1.0,RGB,3,JPEG,525f3368659b8a7eae0a835fdb3df7639b42f4fc76d6a8012b41056ce3859cf3,,Normal_Leaf,RiceLeafDisease_BD5,EXTERNAL_FIELD_DATASET
IMG_20241031_140553_1.jpg,.jpg,Normal_Leaf/IMG_20241031_140553_1.jpg,7110,True,300,300,1.0,RGB,3,JPEG,d5029f9c2cc26560a77e9fc169a5ffdaf98812aa05b1abbb20ed2d6d29b3e2ab,,Normal_Leaf,RiceLeafDisease_BD5,EXTERNAL_FIELD_DATASET
IMG_20241031_140704.jpg,.jpg,Normal_Leaf/IMG_20241031_140704.jpg,5834,True,300,300,1.0,RGB,3,JPEG,ad19a15b8b868d71cf27ed8400876275c3c0f2dfa4f7416961ab43c41096e62b,,Normal_Leaf,RiceLeafDisease_BD5,EXTERNAL_FIELD_DATASET
IMG_20241031_140705.jpg,.jpg,Normal_Leaf/IMG_20241031_140705.jpg,6012,True,300,300,1.0,RGB,3,JPEG,2e110f4335a3057d501c4184d1ce1c5b4d1be6ed32e5b38a5c07f62441299dbb,,Normal_Leaf,RiceLeafDisease_BD5,EXTERNAL_FIELD_DATASET
IMG_20241031_140706.jpg,.jpg,Normal_Leaf/IMG_20241031_140706.jpg,5831,True,300,300,1.0,RGB,3,JPEG,e067a6bfd762e46a7bcbf1aba87cf493cd1725a9f253057b8f656a973856aea3,,Normal_Leaf,RiceLeafDisease_BD5,EXTERNAL_FIELD_DATASET
IMG_20241031_140707.jpg,.jpg,Normal_Leaf/IMG_20241031_140707.jpg,5838,True,300,300,1.0,RGB,3,JPEG,6e9f325037badf3da86b5c93cff32a2cf2d067accb7fce278242e794673a7861,,Normal_Leaf,RiceLeafDisease_BD5,EXTERNAL_FIELD_DATASET
IMG_20241031_140720.jpg,.jpg,Normal_Leaf/IMG_20241031_140720.jpg,5922,True,300,300,1.0,RGB,3,JPEG,fb9109a8018d45dc8cd3b3ad7498d231a795a0a3a611644eb4621237195ee9e8,,Normal_Leaf,RiceLeafDisease_BD5,EXTERNAL_FIELD_DATASET
IMG_20241031_140720_1.jpg,.jpg,Normal_Leaf/IMG_20241031_140720_1.jpg,5671,True,300,300,1.0,RGB,3,JPEG,1b851ef90c8a6add47649c4f1565eaf5018cc3a3b65d154bdf6418da516f2fde,,Normal_Leaf,RiceLeafDisease_BD5,EXTERNAL_FIELD_DATASET
IMG_20241031_140725.jpg,.jpg,Normal_Leaf/IMG_20241031_140725.jpg,6511,True,300,300,1.0,RGB,3,JPEG,400df20944ce01a62a353de1723ef74b9359cd26596e3215e5eecdd681412ee8,,Normal_Leaf,RiceLeafDisease_BD5,EXTERNAL_FIELD_DATASET
IMG_20241031_140727.jpg,.jpg,Normal_Leaf/IMG_20241031_140727.jpg,6679,True,300,300,1.0,RGB,3,JPEG,424f20f7725904e057cbb20513b54c5d280cba46f91665f6c56ec05c0c09b525,,Normal_Leaf,RiceLeafDisease_BD5,EXTERNAL_FIELD_DATASET
IMG_20241031_140740.jpg,.jpg,Normal_Leaf/IMG_20241031_140740.jpg,7043,True,300,300,1.0,RGB,3,JPEG,b37fdfc18431915fe657073acd4d56eb1e1c576294240622127f5616e4dac366,,Normal_Leaf,RiceLeafDisease_BD5,EXTERNAL_FIELD_DATASET
IMG_20241031_140742.jpg,.jpg,Normal_Leaf/IMG_20241031_140742.jpg,6657,True,300,300,1.0,RGB,3,JPEG,0c8b478c1766173f933a05a1e2a8165f2ff6360d196b461cabcf8664a42c51f3,,Normal_Leaf,RiceLeafDisease_BD5,EXTERNAL_FIELD_DATASET
IMG_20241031_140742_1.jpg,.jpg,Normal_Leaf/IMG_20241031_140742_1.jpg,6890,True,300,300,1.0,RGB,3,JPEG,216108404868ea4bf675dadba066ff5317d73afe39918e898a2371509aca0d32,,Normal_Leaf,RiceLeafDisease_BD5,EXTERNAL_FIELD_DATASET
IMG_20241031_140753.jpg,.jpg,Normal_Leaf/IMG_20241031_140753.jpg,7913,True,300,300,1.0,RGB,3,JPEG,9f3c3db153663d1bdd670e3211b5d5bc2207914dba133b34f44777c2d57a9c82,,Normal_Leaf,RiceLeafDisease_BD5,EXTERNAL_FIELD_DATASET
IMG_20241031_140754.jpg,.jpg,Normal_Leaf/IMG_20241031_140754.jpg,7109,True,300,300,1.0,RGB,3,JPEG,ff02dcde2f2a3ae7d6f471be916c92a1c33bcdab6465d8b540fa9b68bc2e255e,,Normal_Leaf,RiceLeafDisease_BD5,EXTERNAL_FIELD_DATASET
IMG_20241031_140755.jpg,.jpg,Normal_Leaf/IMG_20241031_140755.jpg,7165,True,300,300,1.0,RGB,3,JPEG,2b1fc348a6d5cbab5ab5f6f20b9d0c688ee80b6a286cdd95f7c9fcc84ff3be08,,Normal_Leaf,RiceLeafDisease_BD5,EXTERNAL_FIELD_DATASET
IMG_20241031_140807.jpg,.jpg,Normal_Leaf/IMG_20241031_140807.jpg,6857,True,300,300,1.0,RGB,3,JPEG,6a8c28068abe00794f356667799bbe6a6e56094cdcd7c64e5c2782d8a375112c,,Normal_Leaf,RiceLeafDisease_BD5,EXTERNAL_FIELD_DATASET
IMG_20241031_140819.jpg,.jpg,Normal_Leaf/IMG_20241031_140819.jpg,7977,True,300,300,1.0,RGB,3,JPEG,0fb352968e635c74d840c9459feb7e7426436849ee0e26756766e1aab56c2eb5,,Normal_Leaf,RiceLeafDisease_BD5,EXTERNAL_FIELD_DATASET
IMG_20241031_140824.jpg,.jpg,Normal_Leaf/IMG_20241031_140824.jpg,8516,True,300,300,1.0,RGB,3,JPEG,b82439aa3b6b96f1b0ee81c14a96382bb187ba92497e611fed582a4bab703897,,Normal_Leaf,RiceLeafDisease_BD5,EXTERNAL_FIELD_DATASET
IMG_20241031_140829.jpg,.jpg,Normal_Leaf/IMG_20241031_140829.jpg,7023,True,300,300,1.0,RGB,3,JPEG,0818900a48d46afd2f48b37d88d855d01fe69257cf5df765a1d3b97b127a29fd,,Normal_Leaf,RiceLeafDisease_BD5,EXTERNAL_FIELD_DATASET
IMG_20241031_140830.jpg,.jpg,Normal_Leaf/IMG_20241031_140830.jpg,7931,True,300,300,1.0,RGB,3,JPEG,f6e1f78dd9aa060952e749aeb27ef7fff488bad8a9d10c592894f6ca313193d7,,Normal_Leaf,RiceLeafDisease_BD5,EXTERNAL_FIELD_DATASET
IMG_20241031_140831.jpg,.jpg,Normal_Leaf/IMG_20241031_140831.jpg,7139,True,300,300,1.0,RGB,3,JPEG,a7f91c6b111ce1a37bc112c89e0e6431cd0d52ade9cfd9f95e750ca20ecfdfbf,,Normal_Leaf,RiceLeafDisease_BD5,EXTERNAL_FIELD_DATASET
IMG_20241031_140832.jpg,.jpg,Normal_Leaf/IMG_20241031_140832.jpg,7618,True,300,300,1.0,RGB,3,JPEG,70cc3f4b0b8f60518caff958fb8ed71fba46ebaf0c97404f8a5cb8aac7458ef1,,Normal_Leaf,RiceLeafDisease_BD5,EXTERNAL_FIELD_DATASET
IMG_20241031_140833.jpg,.jpg,Normal_Leaf/IMG_20241031_140833.jpg,7563,True,300,300,1.0,RGB,3,JPEG,80fa52ecb719cf8521a16fbb861100fe5731805fd8c63c14e58c9d55ea1fb2a6,,Normal_Leaf,RiceLeafDisease_BD5,EXTERNAL_FIELD_DATASET
IMG_20241031_140838.jpg,.jpg,Normal_Leaf/IMG_20241031_140838.jpg,8742,True,300,300,1.0,RGB,3,JPEG,06b17264cbea722fb7bde1bccb1df3773ff0ee9006589bb6bc9d251504231dbe,,Normal_Leaf,RiceLeafDisease_BD5,EXTERNAL_FIELD_DATASET
IMG_20241031_140838_1.jpg,.jpg,Normal_Leaf/IMG_20241031_140838_1.jpg,8637,True,300,300,1.0,RGB,3,JPEG,37f00fbc8b3201c3c44195b37fe34799651d0b3bded268d16039d6b047b0349e,,Normal_Leaf,RiceLeafDisease_BD5,EXTERNAL_FIELD_DATASET
IMG_20241031_140839.jpg,.jpg,Normal_Leaf/IMG_20241031_140839.jpg,5959,True,300,300,1.0,RGB,3,JPEG,a2f299d935888cab6a87dfe33d00e9c3c344f75dad7de3b89e408afcf1d57884,,Normal_Leaf,RiceLeafDisease_BD5,EXTERNAL_FIELD_DATASET
IMG_20241031_140840.jpg,.jpg,Normal_Leaf/IMG_20241031_140840.jpg,6128,True,300,300,1.0,RGB,3,JPEG,c8c396588b4f2f389b8763b7bada5833d85260ce3f73079781843c0071cad52b,,Normal_Leaf,RiceLeafDisease_BD5,EXTERNAL_FIELD_DATASET
IMG_20241031_140841.jpg,.jpg,Normal_Leaf/IMG_20241031_140841.jpg,6275,True,300,300,1.0,RGB,3,JPEG,b9724efe746278f113d19f97007793d9598d95c5f45e76f6fa359c690c46fc40,,Normal_Leaf,RiceLeafDisease_BD5,EXTERNAL_FIELD_DATASET
IMG_20241031_140842.jpg,.jpg,Normal_Leaf/IMG_20241031_140842.jpg,6231,True,300,300,1.0,RGB,3,JPEG,904d5390b61e8c7b8d8e57513ec0fdbbf539624ab0a6f9aae11b13f06e48b862,,Normal_Leaf,RiceLeafDisease_BD5,EXTERNAL_FIELD_DATASET
IMG_20241031_140843.jpg,.jpg,Normal_Leaf/IMG_20241031_140843.jpg,6193,True,300,300,1.0,RGB,3,JPEG,86c0cda9b4fd392a6e48a5ed20233fed8a4c523f590c0fc06271f46cc771efd3,,Normal_Leaf,RiceLeafDisease_BD5,EXTERNAL_FIELD_DATASET
IMG_20241031_140845.jpg,.jpg,Normal_Leaf/IMG_20241031_140845.jpg,8871,True,300,300,1.0,RGB,3,JPEG,5aa8fb736a4a88094a706f9a834b33c555f122585a9423504ee78fe23187b353,,Normal_Leaf,RiceLeafDisease_BD5,EXTERNAL_FIELD_DATASET
IMG_20241031_140851.jpg,.jpg,Normal_Leaf/IMG_20241031_140851.jpg,8568,True,300,300,1.0,RGB,3,JPEG,42f5921a508deafe7308b620f6b0c72f6dbaf591a2664bf531eb1adaee79ce7a,,Normal_Leaf,RiceLeafDisease_BD5,EXTERNAL_FIELD_DATASET
IMG_20241031_140901.jpg,.jpg,Normal_Leaf/IMG_20241031_140901.jpg,7443,True,300,300,1.0,RGB,3,JPEG,740079996ce5211d2966792ad175bfe05c1b160bb7aec1c12025ee135c09949a,,Normal_Leaf,RiceLeafDisease_BD5,EXTERNAL_FIELD_DATASET
IMG_20241031_140902.jpg,.jpg,Normal_Leaf/IMG_20241031_140902.jpg,7529,True,300,300,1.0,RGB,3,JPEG,12a0db477c19732b540b6a6bc6d3178fd6260aaf75f652322a9888e01c21c3d0,,Normal_Leaf,RiceLeafDisease_BD5,EXTERNAL_FIELD_DATASET
IMG_20241031_140904.jpg,.jpg,Normal_Leaf/IMG_20241031_140904.jpg,8257,True,300,300,1.0,RGB,3,JPEG,d8b635971a2009aff2547ae8dd2596c877350adf649843a14d194782a5077000,,Normal_Leaf,RiceLeafDisease_BD5,EXTERNAL_FIELD_DATASET
IMG_20241031_140906.jpg,.jpg,Normal_Leaf/IMG_20241031_140906.jpg,7500,True,300,300,1.0,RGB,3,JPEG,d31fee519f11668bbb94f5237fd8bee8ec367e9c83401ff0d170459b1ca8f961,,Normal_Leaf,RiceLeafDisease_BD5,EXTERNAL_FIELD_DATASET
IMG_20241031_140907.jpg,.jpg,Normal_Leaf/IMG_20241031_140907.jpg,7469,True,300,300,1.0,RGB,3,JPEG,9faa4ca6d090695817935cfd295df3a6fbd6ad97d368c10b1985fd62eb83a463,,Normal_Leaf,RiceLeafDisease_BD5,EXTERNAL_FIELD_DATASET
IMG_20241031_140909.jpg,.jpg,Normal_Leaf/IMG_20241031_140909.jpg,8121,True,300,300,1.0,RGB,3,JPEG,2aa4ae059a733db6d26df2275a0e4de7afdb881a6029bbd5b62b6de8e1437311,,Normal_Leaf,RiceLeafDisease_BD5,EXTERNAL_FIELD_DATASET
IMG_20241031_140912.jpg,.jpg,Normal_Leaf/IMG_20241031_140912.jpg,8657,True,300,300,1.0,RGB,3,JPEG,e6493c0653a046f4876dff346d86f0cdf717eb6c74062360523c6e861d7f1bfd,,Normal_Leaf,RiceLeafDisease_BD5,EXTERNAL_FIELD_DATASET
IMG_20241031_140914.jpg,.jpg,Normal_Leaf/IMG_20241031_140914.jpg,4660,True,300,300,1.0,RGB,3,JPEG,1cbe3d2cc12f90d010597baa53be6c808f1eb286cf59ec2ea525b444a9845726,,Normal_Leaf,RiceLeafDisease_BD5,EXTERNAL_FIELD_DATASET
IMG_20241031_140915.jpg,.jpg,Normal_Leaf/IMG_20241031_140915.jpg,4666,True,300,300,1.0,RGB,3,JPEG,23f0f81e07bfa127f9fe56dd6b502a66f1a3e223e0b7345e0586288c554e6b66,,Normal_Leaf,RiceLeafDisease_BD5,EXTERNAL_FIELD_DATASET
IMG_20241031_140921.jpg,.jpg,Normal_Leaf/IMG_20241031_140921.jpg,9188,True,300,300,1.0,RGB,3,JPEG,c59a74f67218187548af39f58f372a82f7b764cbbd2f02f7a8165ed16d538a71,,Normal_Leaf,RiceLeafDisease_BD5,EXTERNAL_FIELD_DATASET
IMG_20241031_140922.jpg,.jpg,Normal_Leaf/IMG_20241031_140922.jpg,9180,True,300,300,1.0,RGB,3,JPEG,343484cbeb8567d4b8386355c249fa2b269401d3da070c4575a5644beadf0267,,Normal_Leaf,RiceLeafDisease_BD5,EXTERNAL_FIELD_DATASET
IMG_20241031_140924.jpg,.jpg,Normal_Leaf/IMG_20241031_140924.jpg,7217,True,300,300,1.0,RGB,3,JPEG,90fc01697aff179a444a98757a0f8c281615f0b184ccd53b7d123baf167dd8e1,,Normal_Leaf,RiceLeafDisease_BD5,EXTERNAL_FIELD_DATASET
IMG_20241031_140928.jpg,.jpg,Normal_Leaf/IMG_20241031_140928.jpg,9987,True,300,300,1.0,RGB,3,JPEG,fa9be6a4d60477b416fdeab846504cc10866504c10c4c483dca5c0ddf2f3828a,,Normal_Leaf,RiceLeafDisease_BD5,EXTERNAL_FIELD_DATASET
IMG_20241031_140930.jpg,.jpg,Normal_Leaf/IMG_20241031_140930.jpg,10010,True,300,300,1.0,RGB,3,JPEG,12c323ed50470112c967a37bc347df5514f6e29d791c4ac175d29c1e499102e0,,Normal_Leaf,RiceLeafDisease_BD5,EXTERNAL_FIELD_DATASET
IMG_20241031_140937.jpg,.jpg,Normal_Leaf/IMG_20241031_140937.jpg,9631,True,300,300,1.0,RGB,3,JPEG,52650cceb495c5bbddcae590fa4e4cda58399f32cf2ee33ce5fa1fb7c220c09b,,Normal_Leaf,RiceLeafDisease_BD5,EXTERNAL_FIELD_DATASET
IMG_20241031_140937_1.jpg,.jpg,Normal_Leaf/IMG_20241031_140937_1.jpg,9660,True,300,300,1.0,RGB,3,JPEG,929f7ad4478271f4b4357a6e0150eb64144d5def97c07360d7be59d5d6ce65f8,,Normal_Leaf,RiceLeafDisease_BD5,EXTERNAL_FIELD_DATASET
IMG_20241031_140938.jpg,.jpg,Normal_Leaf/IMG_20241031_140938.jpg,6199,True,300,300,1.0,RGB,3,JPEG,ba749c7a2f4632aed31456df16deab7c5de3820cbbae206a9bcd66572db0aa6e,,Normal_Leaf,RiceLeafDisease_BD5,EXTERNAL_FIELD_DATASET
IMG_20241031_140941.jpg,.jpg,Normal_Leaf/IMG_20241031_140941.jpg,6279,True,300,300,1.0,RGB,3,JPEG,4cf49ecc150e523eec2a8bfd726a8cd0632eae132a1bafe975108107fda65247,,Normal_Leaf,RiceLeafDisease_BD5,EXTERNAL_FIELD_DATASET
IMG_20241031_140942.jpg,.jpg,Normal_Leaf/IMG_20241031_140942.jpg,6329,True,300,300,1.0,RGB,3,JPEG,3d3d183950a3977f01db3f23a5d9833b525b4341df3a3619b4e6cd9526d57fc3,,Normal_Leaf,RiceLeafDisease_BD5,EXTERNAL_FIELD_DATASET
IMG_20241031_140942_1.jpg,.jpg,Normal_Leaf/IMG_20241031_140942_1.jpg,9613,True,300,300,1.0,RGB,3,JPEG,a503aa07030febff49314ba4705143580060aaae999b1e5657de45ad783a2366,,Normal_Leaf,RiceLeafDisease_BD5,EXTERNAL_FIELD_DATASET
IMG_20241031_140946.jpg,.jpg,Normal_Leaf/IMG_20241031_140946.jpg,5091,True,300,300,1.0,RGB,3,JPEG,39c0f5ab2dd4896c7d821aedff62d0ae5b05d5d5ca70799dbf5f79a2b3bf6711,,Normal_Leaf,RiceLeafDisease_BD5,EXTERNAL_FIELD_DATASET
IMG_20241031_140947.jpg,.jpg,Normal_Leaf/IMG_20241031_140947.jpg,5093,True,300,300,1.0,RGB,3,JPEG,e8d1d61f6b8b093c7116e9f71f86f2ce2a76d091c476cd5640b01831f35f81d2,,Normal_Leaf,RiceLeafDisease_BD5,EXTERNAL_FIELD_DATASET
IMG_20241031_140948.jpg,.jpg,Normal_Leaf/IMG_20241031_140948.jpg,10306,True,300,300,1.0,RGB,3,JPEG,11b4a6460b783d8c6035092c4ee4ddefd0ee3fddee63ea9192bd9d9f5321b786,,Normal_Leaf,RiceLeafDisease_BD5,EXTERNAL_FIELD_DATASET
IMG_20241031_140948_1.jpg,.jpg,Normal_Leaf/IMG_20241031_140948_1.jpg,10260,True,300,300,1.0,RGB,3,JPEG,3ae6e286adca8ae86dab526110c0120430c4d4b849bc240914c6e3bd78635e9a,,Normal_Leaf,RiceLeafDisease_BD5,EXTERNAL_FIELD_DATASET
IMG_20241031_140949.jpg,.jpg,Normal_Leaf/IMG_20241031_140949.jpg,10427,True,300,300,1.0,RGB,3,JPEG,4363e92d649dd01bb7437c041d30aea7ce2c3c1a30d954b4d95506faa1744807,,Normal_Leaf,RiceLeafDisease_BD5,EXTERNAL_FIELD_DATASET
IMG_20241031_140950.jpg,.jpg,Normal_Leaf/IMG_20241031_140950.jpg,10318,True,300,300,1.0,RGB,3,JPEG,98d719de8e6e2065282bbd23ffe4a47fafe97b5b01f624f83f47586cf283033a,,Normal_Leaf,RiceLeafDisease_BD5,EXTERNAL_FIELD_DATASET
IMG_20241031_140954.jpg,.jpg,Normal_Leaf/IMG_20241031_140954.jpg,5909,True,300,300,1.0,RGB,3,JPEG,51929ebdc08d4359de9ad8ff00d609a0309a4aa2504372afc88f8e2828e06f5c,,Normal_Leaf,RiceLeafDisease_BD5,EXTERNAL_FIELD_DATASET
IMG_20241031_140957.jpg,.jpg,Normal_Leaf/IMG_20241031_140957.jpg,9137,True,300,300,1.0,RGB,3,JPEG,4c5ecec5e321daf2470ac3e29598438492291e698e14d8540b4502bb482da674,,Normal_Leaf,RiceLeafDisease_BD5,EXTERNAL_FIELD_DATASET
IMG_20241031_140958.jpg,.jpg,Normal_Leaf/IMG_20241031_140958.jpg,9094,True,300,300,1.0,RGB,3,JPEG,2675764fc08d5db959e931a832cfd78b4d03b7c20001ec853b4a8330c5969e4f,,Normal_Leaf,RiceLeafDisease_BD5,EXTERNAL_FIELD_DATASET
IMG_20241031_140959.jpg,.jpg,Normal_Leaf/IMG_20241031_140959.jpg,9043,True,300,300,1.0,RGB,3,JPEG,e3d9d4f4acf79a7e2eaf0409e2b15346926a119821dcd72e7036c1e1b270ca92,,Normal_Leaf,RiceLeafDisease_BD5,EXTERNAL_FIELD_DATASET
IMG_20241031_141000.jpg,.jpg,Normal_Leaf/IMG_20241031_141000.jpg,7099,True,300,300,1.0,RGB,3,JPEG,471bf66653749fb896e089c0335a97d83101fbd091c48c7fcbbdffe7de212dbe,,Normal_Leaf,RiceLeafDisease_BD5,EXTERNAL_FIELD_DATASET
IMG_20241031_141000_1.jpg,.jpg,Normal_Leaf/IMG_20241031_141000_1.jpg,8930,True,300,300,1.0,RGB,3,JPEG,e15c27cde779ee51570d69b8ca840994389f70586b222a9ce3424a2deeba73b8,,Normal_Leaf,RiceLeafDisease_BD5,EXTERNAL_FIELD_DATASET
IMG_20241031_141001.jpg,.jpg,Normal_Leaf/IMG_20241031_141001.jpg,7226,True,300,300,1.0,RGB,3,JPEG,58842d6ca1f9a03a539080e020b745d1553e2b2d44f579f7c1aba32e2002d46e,,Normal_Leaf,RiceLeafDisease_BD5,EXTERNAL_FIELD_DATASET
IMG_20241031_141004.jpg,.jpg,Normal_Leaf/IMG_20241031_141004.jpg,6521,True,300,300,1.0,RGB,3,JPEG,b3218a2120a0ff2a134bd47bbbb9a43750eecf7543d4f1c2e17938fe22cf90d6,,Normal_Leaf,RiceLeafDisease_BD5,EXTERNAL_FIELD_DATASET
IMG_20241031_141005.jpg,.jpg,Normal_Leaf/IMG_20241031_141005.jpg,6579,True,300,300,1.0,RGB,3,JPEG,5c573d374722f7f0be38a51b6c7e7b37f35418dc9d010d1829c51369f856d48e,,Normal_Leaf,RiceLeafDisease_BD5,EXTERNAL_FIELD_DATASET
IMG_20241031_141009.jpg,.jpg,Normal_Leaf/IMG_20241031_141009.jpg,6273,True,300,300,1.0,RGB,3,JPEG,e4aff80b2a0065a6ff81bd06933f1aa082303c7f803e81587a7dde6376fb5208,,Normal_Leaf,RiceLeafDisease_BD5,EXTERNAL_FIELD_DATASET
IMG_20241031_141010.jpg,.jpg,Normal_Leaf/IMG_20241031_141010.jpg,6262,True,300,300,1.0,RGB,3,JPEG,f4ca0e6fe6292f215d953fd47e971e796fbf174ca39587df6cbef0867c2ef935,,Normal_Leaf,RiceLeafDisease_BD5,EXTERNAL_FIELD_DATASET
IMG_20241031_141049.jpg,.jpg,Normal_Leaf/IMG_20241031_141049.jpg,6526,True,300,300,1.0,RGB,3,JPEG,b77034c44996b9f3e8b946e5d1eaa6ed72d9476e69f1bc6a2680581077be4297,,Normal_Leaf,RiceLeafDisease_BD5,EXTERNAL_FIELD_DATASET
IMG_20241031_141050.jpg,.jpg,Normal_Leaf/IMG_20241031_141050.jpg,6483,True,300,300,1.0,RGB,3,JPEG,7dfe0217c2cac0474c0f974c1c9ed1550a5179b198984315a557d7a5e8a57c50,,Normal_Leaf,RiceLeafDisease_BD5,EXTERNAL_FIELD_DATASET
IMG_20241031_141056.jpg,.jpg,Normal_Leaf/IMG_20241031_141056.jpg,5087,True,300,300,1.0,RGB,3,JPEG,12c3c33719bfa6492469573c4f836cf306e0fce0b591375b5966d66d6525e1ee,,Normal_Leaf,RiceLeafDisease_BD5,EXTERNAL_FIELD_DATASET
IMG_20241031_141058.jpg,.jpg,Normal_Leaf/IMG_20241031_141058.jpg,5168,True,300,300,1.0,RGB,3,JPEG,d4e5b9b39e752e942b0435f97e7f59a572563ec78db075981e820e64d505a787,,Normal_Leaf,RiceLeafDisease_BD5,EXTERNAL_FIELD_DATASET
IMG_20241031_141102.jpg,.jpg,Normal_Leaf/IMG_20241031_141102.jpg,6394,True,300,300,1.0,RGB,3,JPEG,054ca0687fc5c05455c0e00ed6ef680684dd57d8e54d3cda9dcf9165746880df,,Normal_Leaf,RiceLeafDisease_BD5,EXTERNAL_FIELD_DATASET
IMG_20241031_141103.jpg,.jpg,Normal_Leaf/IMG_20241031_141103.jpg,6430,True,300,300,1.0,RGB,3,JPEG,16c2b7ec0843bea308b3284fc122faff4841deb8aea9617d9f068dc3f2141d44,,Normal_Leaf,RiceLeafDisease_BD5,EXTERNAL_FIELD_DATASET
IMG_20241031_141110.jpg,.jpg,Normal_Leaf/IMG_20241031_141110.jpg,6271,True,300,300,1.0,RGB,3,JPEG,deafd03c67e44881a4b73469694ec31f3d7fdd69006bfe86c2f2ba69765172e2,,Normal_Leaf,RiceLeafDisease_BD5,EXTERNAL_FIELD_DATASET
IMG_20241031_141111.jpg,.jpg,Normal_Leaf/IMG_20241031_141111.jpg,6223,True,300,300,1.0,RGB,3,JPEG,8c35118a3e95e72a551b00a73f016997e6b3d9cf380d3a77364485c4222e39eb,,Normal_Leaf,RiceLeafDisease_BD5,EXTERNAL_FIELD_DATASET
IMG_20241031_141121.jpg,.jpg,Normal_Leaf/IMG_20241031_141121.jpg,8586,True,300,300,1.0,RGB,3,JPEG,243222647abcaab9d480abb52c34028aa54856334fac47e81f085bad8ec2ac00,,Normal_Leaf,RiceLeafDisease_BD5,EXTERNAL_FIELD_DATASET
IMG_20241031_141124.jpg,.jpg,Normal_Leaf/IMG_20241031_141124.jpg,7597,True,300,300,1.0,RGB,3,JPEG,09e0ff10170bd3d3d21e0b4fa37611d254d38cb9f12700d51d55ca23e73722a1,,Normal_Leaf,RiceLeafDisease_BD5,EXTERNAL_FIELD_DATASET
IMG_20241031_141126.jpg,.jpg,Normal_Leaf/IMG_20241031_141126.jpg,8470,True,300,300,1.0,RGB,3,JPEG,9637660490fd49e99960c9ddb60a018cb6a075bc8d0cca0e3127c6a0643e3b6f,,Normal_Leaf,RiceLeafDisease_BD5,EXTERNAL_FIELD_DATASET
IMG_20241031_141127.jpg,.jpg,Normal_Leaf/IMG_20241031_141127.jpg,8543,True,300,300,1.0,RGB,3,JPEG,b13073e437d5e842e9f774c975ae641a27cfc3d7af31181a38bccfd0be91fcf2,,Normal_Leaf,RiceLeafDisease_BD5,EXTERNAL_FIELD_DATASET
IMG_20241031_141127_1.jpg,.jpg,Normal_Leaf/IMG_20241031_141127_1.jpg,8672,True,300,300,1.0,RGB,3,JPEG,01530612a76061fbcf6dc403e05b9d80454c2bcf19da065cbd6ab782fe512262,,Normal_Leaf,RiceLeafDisease_BD5,EXTERNAL_FIELD_DATASET
IMG_20241031_141129.jpg,.jpg,Normal_Leaf/IMG_20241031_141129.jpg,8183,True,300,300,1.0,RGB,3,JPEG,41fa8e922c27e5cbbda745e6029f49bddb5a800ba70d89b59158d6f2fa04d19b,,Normal_Leaf,RiceLeafDisease_BD5,EXTERNAL_FIELD_DATASET
IMG_20241031_141132.jpg,.jpg,Normal_Leaf/IMG_20241031_141132.jpg,8640,True,300,300,1.0,RGB,3,JPEG,5eeb45e37fb526857ee80878f46a4f5d3bb43d957473123202655a262f4788eb,,Normal_Leaf,RiceLeafDisease_BD5,EXTERNAL_FIELD_DATASET
IMG_20241031_141133.jpg,.jpg,Normal_Leaf/IMG_20241031_141133.jpg,8555,True,300,300,1.0,RGB,3,JPEG,83e19b750600d53cafabf163dca8a3af1b3a513e156b5bd81ddfa0c0f03f97bb,,Normal_Leaf,RiceLeafDisease_BD5,EXTERNAL_FIELD_DATASET
IMG_20241031_141141.jpg,.jpg,Normal_Leaf/IMG_20241031_141141.jpg,5180,True,300,300,1.0,RGB,3,JPEG,448f7dc1cd142900215ca84374676e398e65bbbce745b8478bebbc702fdb2efe,,Normal_Leaf,RiceLeafDisease_BD5,EXTERNAL_FIELD_DATASET
IMG_20241031_141143.jpg,.jpg,Normal_Leaf/IMG_20241031_141143.jpg,7075,True,300,300,1.0,RGB,3,JPEG,f347dce83811194a8d2d2955b821397b2ab9bf85d9fb9b98a7c1c4d74b158616,,Normal_Leaf,RiceLeafDisease_BD5,EXTERNAL_FIELD_DATASET
IMG_20241031_141144.jpg,.jpg,Normal_Leaf/IMG_20241031_141144.jpg,7052,True,300,300,1.0,RGB,3,JPEG,3ade0ca72d3749d3ca36d9ccec6af505a38ff4a8ace7bba48c0cbf9948eb024d,,Normal_Leaf,RiceLeafDisease_BD5,EXTERNAL_FIELD_DATASET
IMG_20241031_141144_1.jpg,.jpg,Normal_Leaf/IMG_20241031_141144_1.jpg,7113,True,300,300,1.0,RGB,3,JPEG,932828c088af9f47069c9f6df9cd31c0dbb46b0dbdb23d400294f3a43c7d2583,,Normal_Leaf,RiceLeafDisease_BD5,EXTERNAL_FIELD_DATASET
IMG_20241031_141147.jpg,.jpg,Normal_Leaf/IMG_20241031_141147.jpg,6850,True,300,300,1.0,RGB,3,JPEG,cb2336d7b1099f1308ecc026bcf8c380f9f7696a5e58ee02211e4f6b996cdb56,,Normal_Leaf,RiceLeafDisease_BD5,EXTERNAL_FIELD_DATASET
IMG_20241031_141148.jpg,.jpg,Normal_Leaf/IMG_20241031_141148.jpg,6725,True,300,300,1.0,RGB,3,JPEG,69e3eb3196545adf05694ef4cb89b97c3b6887a1b80073cf5f08d84c3370e03a,,Normal_Leaf,RiceLeafDisease_BD5,EXTERNAL_FIELD_DATASET
IMG_20241031_141149.jpg,.jpg,Normal_Leaf/IMG_20241031_141149.jpg,6849,True,300,300,1.0,RGB,3,JPEG,2f3b0f80e3e59b771e1f202fb413efcdbfef75ce51c561e4e9e0228c41f07ca3,,Normal_Leaf,RiceLeafDisease_BD5,EXTERNAL_FIELD_DATASET
IMG_20241031_141150.jpg,.jpg,Normal_Leaf/IMG_20241031_141150.jpg,6839,True,300,300,1.0,RGB,3,JPEG,02b0d1980273a51bb4e702d5aebe71a546176261226aef8ef2a7bc498acd8035,,Normal_Leaf,RiceLeafDisease_BD5,EXTERNAL_FIELD_DATASET
IMG_20241031_141155.jpg,.jpg,Normal_Leaf/IMG_20241031_141155.jpg,5724,True,300,300,1.0,RGB,3,JPEG,8e10234a7ecb86184d99bb3ed8589ecccb483e9e0606aab4cdc95a40811adc1f,,Normal_Leaf,RiceLeafDisease_BD5,EXTERNAL_FIELD_DATASET
IMG_20241031_141159.jpg,.jpg,Normal_Leaf/IMG_20241031_141159.jpg,6789,True,300,300,1.0,RGB,3,JPEG,57b91ea9a63d8ce278b2edeba5f22d4d60cae7c111a100498f6524124064d3bf,,Normal_Leaf,RiceLeafDisease_BD5,EXTERNAL_FIELD_DATASET
IMG_20241031_141200.jpg,.jpg,Normal_Leaf/IMG_20241031_141200.jpg,6786,True,300,300,1.0,RGB,3,JPEG,cbe819f63e8cffed8d86924b62ae2de2e5cdcd5e866a412873a55537a1e38f7d,,Normal_Leaf,RiceLeafDisease_BD5,EXTERNAL_FIELD_DATASET
IMG_20241031_141202.jpg,.jpg,Normal_Leaf/IMG_20241031_141202.jpg,5618,True,300,300,1.0,RGB,3,JPEG,09eea2a86dbddfadcc0f7f99f7c1ea9761e6006f550ffdf74b7beab6de257410,,Normal_Leaf,RiceLeafDisease_BD5,EXTERNAL_FIELD_DATASET
IMG_20241031_141204.jpg,.jpg,Normal_Leaf/IMG_20241031_141204.jpg,4554,True,300,300,1.0,RGB,3,JPEG,494ee68cc17980ca0833a23cd6ab8428fff2520829a78b30deb90a3a4ae9ba53,,Normal_Leaf,RiceLeafDisease_BD5,EXTERNAL_FIELD_DATASET
IMG_20241031_141205.jpg,.jpg,Normal_Leaf/IMG_20241031_141205.jpg,4487,True,300,300,1.0,RGB,3,JPEG,52bdc2d20976f21527c260f21a3f6d3d8415aca50fa58fb0e4effb25b266c26c,,Normal_Leaf,RiceLeafDisease_BD5,EXTERNAL_FIELD_DATASET
IMG_20241031_141206.jpg,.jpg,Normal_Leaf/IMG_20241031_141206.jpg,4477,True,300,300,1.0,RGB,3,JPEG,800c225c2068eb8398892537587427c6906863d23aa7a86cfae283c36673f57e,,Normal_Leaf,RiceLeafDisease_BD5,EXTERNAL_FIELD_DATASET
IMG_20241031_141217.jpg,.jpg,Normal_Leaf/IMG_20241031_141217.jpg,7317,True,300,300,1.0,RGB,3,JPEG,26ca582095789655468b5f1470cb93fd70254374a1d791d8732d8cf06a01fdf5,,Normal_Leaf,RiceLeafDisease_BD5,EXTERNAL_FIELD_DATASET
IMG_20241031_141217_1.jpg,.jpg,Normal_Leaf/IMG_20241031_141217_1.jpg,7317,True,300,300,1.0,RGB,3,JPEG,ade98cd4a905a8ca23ec52dfa61529c6321b3182f3457a4682f0b23d19dac879,,Normal_Leaf,RiceLeafDisease_BD5,EXTERNAL_FIELD_DATASET
IMG_20241031_141218.jpg,.jpg,Normal_Leaf/IMG_20241031_141218.jpg,7372,True,300,300,1.0,RGB,3,JPEG,a3c896a5732cd7b7615cfcd0a9a3f759f2757b8b3dfe0a5c0fd832b2f4f6154e,,Normal_Leaf,RiceLeafDisease_BD5,EXTERNAL_FIELD_DATASET
IMG_20241031_141222.jpg,.jpg,Normal_Leaf/IMG_20241031_141222.jpg,8108,True,300,300,1.0,RGB,3,JPEG,6877d2e20bf4de089c86ea6c76cb0206c574e4d184951fba08012302240a52bc,,Normal_Leaf,RiceLeafDisease_BD5,EXTERNAL_FIELD_DATASET
IMG_20241031_141229.jpg,.jpg,Normal_Leaf/IMG_20241031_141229.jpg,5571,True,300,300,1.0,RGB,3,JPEG,b9a1749a72fa3688e109f6c5cc0ea3dc18f3377abbf512344d085ef640c65876,,Normal_Leaf,RiceLeafDisease_BD5,EXTERNAL_FIELD_DATASET
IMG_20241031_141230.jpg,.jpg,Normal_Leaf/IMG_20241031_141230.jpg,5607,True,300,300,1.0,RGB,3,JPEG,f11d7bc756f0bbe258055002414832da9ea7607fab5c9acf4360f4341e734645,,Normal_Leaf,RiceLeafDisease_BD5,EXTERNAL_FIELD_DATASET
IMG_20241031_141235.jpg,.jpg,Normal_Leaf/IMG_20241031_141235.jpg,4663,True,300,300,1.0,RGB,3,JPEG,3fabdb124223650e226c217d56116c0bab914f04a59da3419fba85cc851c81ea,,Normal_Leaf,RiceLeafDisease_BD5,EXTERNAL_FIELD_DATASET
IMG_20241031_141236.jpg,.jpg,Normal_Leaf/IMG_20241031_141236.jpg,4633,True,300,300,1.0,RGB,3,JPEG,dafedec8ba3f70f7f62435ba0c89ce6c10d3a5ef30c5af1347ead232af527be4,,Normal_Leaf,RiceLeafDisease_BD5,EXTERNAL_FIELD_DATASET
IMG_20241031_141237.jpg,.jpg,Normal_Leaf/IMG_20241031_141237.jpg,8582,True,300,300,1.0,RGB,3,JPEG,c6158197158146d071e6eed9ed2f2851ad875c15b7d39b6199876c27e938362d,,Normal_Leaf,RiceLeafDisease_BD5,EXTERNAL_FIELD_DATASET
IMG_20241031_141246.jpg,.jpg,Normal_Leaf/IMG_20241031_141246.jpg,6951,True,300,300,1.0,RGB,3,JPEG,df6e1d8acb21ab265f67de79c308596ff16c05992d882a7396ebdb36e78aafd3,,Normal_Leaf,RiceLeafDisease_BD5,EXTERNAL_FIELD_DATASET
IMG_20241031_141247.jpg,.jpg,Normal_Leaf/IMG_20241031_141247.jpg,6967,True,300,300,1.0,RGB,3,JPEG,0505dd9aee6376c80824c515eccf0bdab7e4bef3260855be146c8b421096327c,,Normal_Leaf,RiceLeafDisease_BD5,EXTERNAL_FIELD_DATASET
IMG_20241031_141250.jpg,.jpg,Normal_Leaf/IMG_20241031_141250.jpg,6086,True,300,300,1.0,RGB,3,JPEG,47f0c5662da0c3f1054a9c6f1056f5420fc07d3809097c491f9475a1fab10d5f,,Normal_Leaf,RiceLeafDisease_BD5,EXTERNAL_FIELD_DATASET
IMG_20241031_141251.jpg,.jpg,Normal_Leaf/IMG_20241031_141251.jpg,5333,True,300,300,1.0,RGB,3,JPEG,9e47d4377f0fe8b53ac5a654c3c5ece19299b89a08ba73e45ea6d02670bc8afc,,Normal_Leaf,RiceLeafDisease_BD5,EXTERNAL_FIELD_DATASET
IMG_20241031_141305.jpg,.jpg,Normal_Leaf/IMG_20241031_141305.jpg,5852,True,300,300,1.0,RGB,3,JPEG,499b25daac5260fc4ed8558faa88bc57f7b950968b5b544697b04ac93176a399,,Normal_Leaf,RiceLeafDisease_BD5,EXTERNAL_FIELD_DATASET
IMG_20241031_141306.jpg,.jpg,Normal_Leaf/IMG_20241031_141306.jpg,6713,True,300,300,1.0,RGB,3,JPEG,5b28cdd345b9b39d13496d278ab4b2d79c329f841d09f566a766f649a1c39860,,Normal_Leaf,RiceLeafDisease_BD5,EXTERNAL_FIELD_DATASET
IMG_20241031_141306_1.jpg,.jpg,Normal_Leaf/IMG_20241031_141306_1.jpg,5882,True,300,300,1.0,RGB,3,JPEG,098a42c8342b9a7c44a150c14e03c6d5ba8db6641cdc8c39b65959a14fec40d9,,Normal_Leaf,RiceLeafDisease_BD5,EXTERNAL_FIELD_DATASET
IMG_20241031_141309.jpg,.jpg,Normal_Leaf/IMG_20241031_141309.jpg,7499,True,300,300,1.0,RGB,3,JPEG,09fed3eddf0e7b38a45d2b9da3d5f068f24ea9feb1201b9a0e45b0450ab73013,,Normal_Leaf,RiceLeafDisease_BD5,EXTERNAL_FIELD_DATASET
IMG_20241031_141309_1.jpg,.jpg,Normal_Leaf/IMG_20241031_141309_1.jpg,5403,True,300,300,1.0,RGB,3,JPEG,13db76cf836e8aac16fa6a921117eda1b76a8819369072bb90424b02da2df41f,,Normal_Leaf,RiceLeafDisease_BD5,EXTERNAL_FIELD_DATASET
IMG_20241031_141310.jpg,.jpg,Normal_Leaf/IMG_20241031_141310.jpg,5591,True,300,300,1.0,RGB,3,JPEG,74b761da3cc07955d8e1f9c7449e18d2ad5e7138bfb8c83565b0ad550a0eeffc,,Normal_Leaf,RiceLeafDisease_BD5,EXTERNAL_FIELD_DATASET
IMG_20241031_141313.jpg,.jpg,Normal_Leaf/IMG_20241031_141313.jpg,5423,True,300,300,1.0,RGB,3,JPEG,b19bba48f692284dc66830f4f48d8b7d7559e2245fc88c6a01f029f168a16a7f,,Normal_Leaf,RiceLeafDisease_BD5,EXTERNAL_FIELD_DATASET
IMG_20241031_141313_1.jpg,.jpg,Normal_Leaf/IMG_20241031_141313_1.jpg,5248,True,300,300,1.0,RGB,3,JPEG,fec38c3fbec9960d582ec6217d8420ccb788590bd8cd8dfaa9d26b5cd963cf91,,Normal_Leaf,RiceLeafDisease_BD5,EXTERNAL_FIELD_DATASET
IMG_20241031_141314.jpg,.jpg,Normal_Leaf/IMG_20241031_141314.jpg,5909,True,300,300,1.0,RGB,3,JPEG,edb8272754f97773daf170e99fcb91d9467483bbc99baefdb4076a318f14f031,,Normal_Leaf,RiceLeafDisease_BD5,EXTERNAL_FIELD_DATASET
IMG_20241031_141315.jpg,.jpg,Normal_Leaf/IMG_20241031_141315.jpg,6005,True,300,300,1.0,RGB,3,JPEG,0d3affb6094e47d1f5d963d53f120e37d6e47a57b0d914587bcd7e6727e184d4,,Normal_Leaf,RiceLeafDisease_BD5,EXTERNAL_FIELD_DATASET
IMG_20241031_141318.jpg,.jpg,Normal_Leaf/IMG_20241031_141318.jpg,3986,True,300,300,1.0,RGB,3,JPEG,bf6188e6c102e2b0d515250dcd48140df9e73933e3776c7f89b45808b727bd32,,Normal_Leaf,RiceLeafDisease_BD5,EXTERNAL_FIELD_DATASET
IMG_20241031_141319.jpg,.jpg,Normal_Leaf/IMG_20241031_141319.jpg,4415,True,300,300,1.0,RGB,3,JPEG,983fba535a38111c2585e5fadcc868660db7979681e59fcddf3ea62daf56778b,,Normal_Leaf,RiceLeafDisease_BD5,EXTERNAL_FIELD_DATASET
IMG_20241031_141325.jpg,.jpg,Normal_Leaf/IMG_20241031_141325.jpg,4265,True,300,300,1.0,RGB,3,JPEG,08da35b00f73bcc1227cf52bd652f128be345fe40a0bfc6d30a59906ae784266,,Normal_Leaf,RiceLeafDisease_BD5,EXTERNAL_FIELD_DATASET
IMG_20241031_141327.jpg,.jpg,Normal_Leaf/IMG_20241031_141327.jpg,4271,True,300,300,1.0,RGB,3,JPEG,7dca3ac9ce7d5e5a9d9500fbe12bf4566287b15c7bac59bfba8a491eee16022f,,Normal_Leaf,RiceLeafDisease_BD5,EXTERNAL_FIELD_DATASET
IMG_20241103_124632.jpg,.jpg,Normal_Leaf/IMG_20241103_124632.jpg,7109,True,300,300,1.0,RGB,3,JPEG,d5773837a3b0fcfa0b00577f576c69738739d3d7e16d8e4b73caf0f79a8d310b,,Normal_Leaf,RiceLeafDisease_BD5,EXTERNAL_FIELD_DATASET
IMG_20241103_124634.jpg,.jpg,Normal_Leaf/IMG_20241103_124634.jpg,5193,True,300,300,1.0,RGB,3,JPEG,d28df7e893f8f21bd4f1348708be5f41a65905be0d27506fc3cf103d916a1471,,Normal_Leaf,RiceLeafDisease_BD5,EXTERNAL_FIELD_DATASET
IMG_20241103_124637.jpg,.jpg,Normal_Leaf/IMG_20241103_124637.jpg,6254,True,300,300,1.0,RGB,3,JPEG,154ac4c47f84cab6f4c371dfae4096f6db2346dc3d6f1f142ac13feaf80087ef,,Normal_Leaf,RiceLeafDisease_BD5,EXTERNAL_FIELD_DATASET
IMG_20241103_124639.jpg,.jpg,Normal_Leaf/IMG_20241103_124639.jpg,6833,True,300,300,1.0,RGB,3,JPEG,43ba3a8856478305b5e0987a3af8325d485f59130b0684bb03db0809ef8ac7c4,,Normal_Leaf,RiceLeafDisease_BD5,EXTERNAL_FIELD_DATASET
IMG_20241103_124640.jpg,.jpg,Normal_Leaf/IMG_20241103_124640.jpg,6199,True,300,300,1.0,RGB,3,JPEG,85fdfd7693f88825ff7f95f692b701eee10b2801e6162d3f91a51d82504f1c96,,Normal_Leaf,RiceLeafDisease_BD5,EXTERNAL_FIELD_DATASET
IMG_20241103_124646.jpg,.jpg,Normal_Leaf/IMG_20241103_124646.jpg,8057,True,300,300,1.0,RGB,3,JPEG,695bffd652941e2bb1fccec5f32727c85fbfa60cff52d5fcfe19b90f46124c49,,Normal_Leaf,RiceLeafDisease_BD5,EXTERNAL_FIELD_DATASET
IMG_20241103_124646_1.jpg,.jpg,Normal_Leaf/IMG_20241103_124646_1.jpg,6922,True,300,300,1.0,RGB,3,JPEG,21c21615ede6f8813a2a3e4f1bbc57df493067faab4d6dcbcae0ab52d40253bd,,Normal_Leaf,RiceLeafDisease_BD5,EXTERNAL_FIELD_DATASET
IMG_20241103_124648.jpg,.jpg,Normal_Leaf/IMG_20241103_124648.jpg,8114,True,300,300,1.0,RGB,3,JPEG,b766674c799a5925304b50b296823f1abac8ee33e4b70665db56dbe36c5f39dc,,Normal_Leaf,RiceLeafDisease_BD5,EXTERNAL_FIELD_DATASET
IMG_20241103_124649.jpg,.jpg,Normal_Leaf/IMG_20241103_124649.jpg,8294,True,300,300,1.0,RGB,3,JPEG,cd283b8ba50d425bb93a1dee8d97207434596062ab6412ae4a0400fe566987cc,,Normal_Leaf,RiceLeafDisease_BD5,EXTERNAL_FIELD_DATASET
IMG_20241103_124651.jpg,.jpg,Normal_Leaf/IMG_20241103_124651.jpg,7395,True,300,300,1.0,RGB,3,JPEG,d9ffc79748b5d583a89c681b54de0588984fb63db2d1b7756a028ced623bf339,,Normal_Leaf,RiceLeafDisease_BD5,EXTERNAL_FIELD_DATASET
IMG_20241103_124651_1.jpg,.jpg,Normal_Leaf/IMG_20241103_124651_1.jpg,7418,True,300,300,1.0,RGB,3,JPEG,1ed96e943002a6ae03deb03a170ec24fbdb5b2f0a2ca63e4e34feea3f38eac46,,Normal_Leaf,RiceLeafDisease_BD5,EXTERNAL_FIELD_DATASET
IMG_20241103_124659.jpg,.jpg,Normal_Leaf/IMG_20241103_124659.jpg,6206,True,300,300,1.0,RGB,3,JPEG,53fa46ac322d0eee5f12192a431cc7d79f593aa422ba7dc89928cca6d8b3c735,,Normal_Leaf,RiceLeafDisease_BD5,EXTERNAL_FIELD_DATASET
IMG_20241103_125302.jpg,.jpg,Normal_Leaf/IMG_20241103_125302.jpg,5589,True,300,300,1.0,RGB,3,JPEG,ca754941852e478d6a57ca6f431f9e765439fa0df4e813b5ed2af6d164c8e36b,,Normal_Leaf,RiceLeafDisease_BD5,EXTERNAL_FIELD_DATASET
IMG_20241103_125308_1.jpg,.jpg,Normal_Leaf/IMG_20241103_125308_1.jpg,5756,True,300,300,1.0,RGB,3,JPEG,236df63f7882b1e291c5b85248f0de617d9c19208a2457f5c126c7de327534f8,,Normal_Leaf,RiceLeafDisease_BD5,EXTERNAL_FIELD_DATASET
IMG_20241103_125315.jpg,.jpg,Normal_Leaf/IMG_20241103_125315.jpg,4702,True,300,300,1.0,RGB,3,JPEG,7d2e09ee53c45e0e638eb612a7524ea1edb9f681269a1cd26213ecdd937ae2e5,,Normal_Leaf,RiceLeafDisease_BD5,EXTERNAL_FIELD_DATASET
IMG_20241103_125431_1.jpg,.jpg,Normal_Leaf/IMG_20241103_125431_1.jpg,6339,True,300,300,1.0,RGB,3,JPEG,ba8b6619bb9301a2198c9cfd9654363cb5f6a4e2daacd3d249d74efb47fc5697,,Normal_Leaf,RiceLeafDisease_BD5,EXTERNAL_FIELD_DATASET
IMG_20241103_131409_1.jpg,.jpg,Normal_Leaf/IMG_20241103_131409_1.jpg,6444,True,300,300,1.0,RGB,3,JPEG,288df6b7497a20c78c5fc42c9f9c75089d28d525ae675f7ab78b2f9bb993792e,,Normal_Leaf,RiceLeafDisease_BD5,EXTERNAL_FIELD_DATASET
IMG_20241103_131416.jpg,.jpg,Normal_Leaf/IMG_20241103_131416.jpg,6575,True,300,300,1.0,RGB,3,JPEG,9c30aae01f9b81b8fa8c16d2e6c94b08f88e1621efa3d7da828dbc215efbe0ca,,Normal_Leaf,RiceLeafDisease_BD5,EXTERNAL_FIELD_DATASET
IMG_20241103_131417.jpg,.jpg,Normal_Leaf/IMG_20241103_131417.jpg,6697,True,300,300,1.0,RGB,3,JPEG,e91cd3590a1d03597f6ae47b4639b4b98a8943b803b54cebf08f67e1eaa97321,,Normal_Leaf,RiceLeafDisease_BD5,EXTERNAL_FIELD_DATASET
IMG_20241103_131423.jpg,.jpg,Normal_Leaf/IMG_20241103_131423.jpg,5787,True,300,300,1.0,RGB,3,JPEG,6bfff53ebbd882edddaa6ef195933ea8dd454216551d4b96291c8663ee979228,,Normal_Leaf,RiceLeafDisease_BD5,EXTERNAL_FIELD_DATASET
IMG_20241103_131423_1.jpg,.jpg,Normal_Leaf/IMG_20241103_131423_1.jpg,5484,True,300,300,1.0,RGB,3,JPEG,93426ca08b8cdc0f171421d6ae81c44044a13ade8140e0ad365a10bccf2655b2,,Normal_Leaf,RiceLeafDisease_BD5,EXTERNAL_FIELD_DATASET
IMG_20241103_131437.jpg,.jpg,Normal_Leaf/IMG_20241103_131437.jpg,5045,True,300,300,1.0,RGB,3,JPEG,6ac6eacde4c4d8594cd7da399d11d1085f52692fefb192a0f2e78bc1ac87b6b3,,Normal_Leaf,RiceLeafDisease_BD5,EXTERNAL_FIELD_DATASET
IMG_20241029_113349.jpg,.jpg,Sheath_Blight/IMG_20241029_113349.jpg,9406,True,300,300,1.0,RGB,3,JPEG,10ba4a4c683c3e4e6ad5aff7807d75251bd029f069bf38b50da29d6c61ac5d2d,,Sheath_Blight,RiceLeafDisease_BD5,EXTERNAL_FIELD_DATASET
IMG_20241029_113818.jpg,.jpg,Sheath_Blight/IMG_20241029_113818.jpg,8961,True,300,300,1.0,RGB,3,JPEG,f8a6dee77e1a8673c4924fb259eaf732ce3770b0a299a910adc15762b1d6066b,,Sheath_Blight,RiceLeafDisease_BD5,EXTERNAL_FIELD_DATASET
IMG_20241029_113920.jpg,.jpg,Sheath_Blight/IMG_20241029_113920.jpg,8637,True,300,300,1.0,RGB,3,JPEG,e7e487bf4d22b053026eff73741062d1e27636b425be4b56440945d70682b7d8,,Sheath_Blight,RiceLeafDisease_BD5,EXTERNAL_FIELD_DATASET
IMG_20241029_113957.jpg,.jpg,Sheath_Blight/IMG_20241029_113957.jpg,9234,True,300,300,1.0,RGB,3,JPEG,2b45137045d486bb124123c16a71da37e4e039396d9576bcb00e4b2ac1a13d22,,Sheath_Blight,RiceLeafDisease_BD5,EXTERNAL_FIELD_DATASET
IMG_20241029_114033.jpg,.jpg,Sheath_Blight/IMG_20241029_114033.jpg,7661,True,300,300,1.0,RGB,3,JPEG,4c91160794056795bad4a6aeeb70fc99a27e7f0da3d7caeaf61adb8cca606fa3,,Sheath_Blight,RiceLeafDisease_BD5,EXTERNAL_FIELD_DATASET
IMG_20241029_114058.jpg,.jpg,Sheath_Blight/IMG_20241029_114058.jpg,8188,True,300,300,1.0,RGB,3,JPEG,1d7625e3d1107a234812f204cbfb6a1ca637958b0aade4f50f5f2015a57f41fb,,Sheath_Blight,RiceLeafDisease_BD5,EXTERNAL_FIELD_DATASET
IMG_20241029_114157.jpg,.jpg,Sheath_Blight/IMG_20241029_114157.jpg,9979,True,300,300,1.0,RGB,3,JPEG,2352e59d165b14c1e7893e42c2c82e280704e5e855231e4f031632d51d5d2fb4,,Sheath_Blight,RiceLeafDisease_BD5,EXTERNAL_FIELD_DATASET
IMG_20241029_114202.jpg,.jpg,Sheath_Blight/IMG_20241029_114202.jpg,10022,True,300,300,1.0,RGB,3,JPEG,79c541fda54ec716d769c277ea29cee50176895ce9cafaef98a696d67ea9470b,,Sheath_Blight,RiceLeafDisease_BD5,EXTERNAL_FIELD_DATASET
IMG_20241029_114204.jpg,.jpg,Sheath_Blight/IMG_20241029_114204.jpg,7821,True,300,300,1.0,RGB,3,JPEG,5aff1ab26a74c0541e6f7c14883fc19bc0e0c576a51a7dd8efc87f39380a8160,,Sheath_Blight,RiceLeafDisease_BD5,EXTERNAL_FIELD_DATASET
IMG_20241029_114205.jpg,.jpg,Sheath_Blight/IMG_20241029_114205.jpg,10086,True,300,300,1.0,RGB,3,JPEG,109307b3260162ebf472f5783c630491e49b87655d37a4d2058857b7248efb56,,Sheath_Blight,RiceLeafDisease_BD5,EXTERNAL_FIELD_DATASET
IMG_20241029_114209.jpg,.jpg,Sheath_Blight/IMG_20241029_114209.jpg,9906,True,300,300,1.0,RGB,3,JPEG,3e70e44257f575c06c746447fab0e694a647926798e993bac57726806ef27de8,,Sheath_Blight,RiceLeafDisease_BD5,EXTERNAL_FIELD_DATASET
IMG_20241029_114212.jpg,.jpg,Sheath_Blight/IMG_20241029_114212.jpg,9911,True,300,300,1.0,RGB,3,JPEG,c3e88e76200845ef0e0ddb7584d523754ae19247628a1467c12d84e978d28d20,,Sheath_Blight,RiceLeafDisease_BD5,EXTERNAL_FIELD_DATASET
IMG_20241029_114224.jpg,.jpg,Sheath_Blight/IMG_20241029_114224.jpg,8025,True,300,300,1.0,RGB,3,JPEG,2c1868d3ecbc49a88cac4c5aea9bb02dd3648a676198d4be81316236bbb83291,,Sheath_Blight,RiceLeafDisease_BD5,EXTERNAL_FIELD_DATASET
IMG_20241029_114306.jpg,.jpg,Sheath_Blight/IMG_20241029_114306.jpg,9263,True,300,300,1.0,RGB,3,JPEG,79f3cb6fddbcfac771853986b58ecbd7c01193d3730e445b3ed980acbee3597d,,Sheath_Blight,RiceLeafDisease_BD5,EXTERNAL_FIELD_DATASET
IMG_20241029_114313.jpg,.jpg,Sheath_Blight/IMG_20241029_114313.jpg,10290,True,300,300,1.0,RGB,3,JPEG,5eff9616c826a773df8fa225f418d6b60e62731061880c596550b8f7f9d2b33c,,Sheath_Blight,RiceLeafDisease_BD5,EXTERNAL_FIELD_DATASET
IMG_20241029_114316.jpg,.jpg,Sheath_Blight/IMG_20241029_114316.jpg,10114,True,300,300,1.0,RGB,3,JPEG,4f263f09365cf3ddf48a859aec11deaf74cac6cc698393291de0b2b5d48a9d2a,,Sheath_Blight,RiceLeafDisease_BD5,EXTERNAL_FIELD_DATASET
IMG_20241029_114318.jpg,.jpg,Sheath_Blight/IMG_20241029_114318.jpg,10276,True,300,300,1.0,RGB,3,JPEG,8d6c8659a2ab94f783f5cfe7f20d426c954913b2c2d46595c12800cab453b986,,Sheath_Blight,RiceLeafDisease_BD5,EXTERNAL_FIELD_DATASET
IMG_20241029_114321.jpg,.jpg,Sheath_Blight/IMG_20241029_114321.jpg,10498,True,300,300,1.0,RGB,3,JPEG,799f3205f45eb955bf8be7034a1eec02e033e931eb12183d39d9c6a60e296a78,,Sheath_Blight,RiceLeafDisease_BD5,EXTERNAL_FIELD_DATASET
IMG_20241029_114325.jpg,.jpg,Sheath_Blight/IMG_20241029_114325.jpg,10542,True,300,300,1.0,RGB,3,JPEG,1d5a7da8ffd75fafd6f5349d17888280d4e1a0794ae7a3f4548abbc8806d73e2,,Sheath_Blight,RiceLeafDisease_BD5,EXTERNAL_FIELD_DATASET
IMG_20241029_114327.jpg,.jpg,Sheath_Blight/IMG_20241029_114327.jpg,10705,True,300,300,1.0,RGB,3,JPEG,71bd7c470f6aa8b721177fd1eabe6bd102f0c56b5eddce1be274c60cfcd095b8,,Sheath_Blight,RiceLeafDisease_BD5,EXTERNAL_FIELD_DATASET
IMG_20241029_114331.jpg,.jpg,Sheath_Blight/IMG_20241029_114331.jpg,10628,True,300,300,1.0,RGB,3,JPEG,0993a44f10372f71ca7316987ed2d8c1f74c584e588f24fc2ece6462c875116b,,Sheath_Blight,RiceLeafDisease_BD5,EXTERNAL_FIELD_DATASET
IMG_20241029_114338.jpg,.jpg,Sheath_Blight/IMG_20241029_114338.jpg,8764,True,300,300,1.0,RGB,3,JPEG,c2f1291433062bf99fffee4660c61cd89fd4bb34f4585a0d64c870e275a601d7,,Sheath_Blight,RiceLeafDisease_BD5,EXTERNAL_FIELD_DATASET
IMG_20241029_114404.jpg,.jpg,Sheath_Blight/IMG_20241029_114404.jpg,10409,True,300,300,1.0,RGB,3,JPEG,1dc3f4f33fd23133ffb1e6c10dd0048fc1fb6c889e62f8f9a95dd2432c004d36,,Sheath_Blight,RiceLeafDisease_BD5,EXTERNAL_FIELD_DATASET
IMG_20241029_114407.jpg,.jpg,Sheath_Blight/IMG_20241029_114407.jpg,10634,True,300,300,1.0,RGB,3,JPEG,a56b5e2c04b5129bf8b29289a39c9e306a39ce2dc071bde10e6517c7ff221626,,Sheath_Blight,RiceLeafDisease_BD5,EXTERNAL_FIELD_DATASET
IMG_20241029_114409.jpg,.jpg,Sheath_Blight/IMG_20241029_114409.jpg,10523,True,300,300,1.0,RGB,3,JPEG,5de76e34b6dc5b089ab17e8d800fea6813bb472a9049bd551a2b1cb84eca35bc,,Sheath_Blight,RiceLeafDisease_BD5,EXTERNAL_FIELD_DATASET
IMG_20241029_114410.jpg,.jpg,Sheath_Blight/IMG_20241029_114410.jpg,8597,True,300,300,1.0,RGB,3,JPEG,b41962451c485af149d6281140e1f71f056773226196a06980574d7b60fe220b,,Sheath_Blight,RiceLeafDisease_BD5,EXTERNAL_FIELD_DATASET
IMG_20241029_114606.jpg,.jpg,Sheath_Blight/IMG_20241029_114606.jpg,8205,True,300,300,1.0,RGB,3,JPEG,438ef8f69d0729b9224bee9fe485d1268f347f2fc658737efcbfa9674a2518f3,,Sheath_Blight,RiceLeafDisease_BD5,EXTERNAL_FIELD_DATASET
IMG_20241029_114639.jpg,.jpg,Sheath_Blight/IMG_20241029_114639.jpg,8193,True,300,300,1.0,RGB,3,JPEG,a4b7d0a66acaf0be28991cbacf1de2863a50397157a4834666d389e2bf1745ad,,Sheath_Blight,RiceLeafDisease_BD5,EXTERNAL_FIELD_DATASET
IMG_20241029_114714.jpg,.jpg,Sheath_Blight/IMG_20241029_114714.jpg,8481,True,300,300,1.0,RGB,3,JPEG,c54e67b52061101d2f2f2f6fa4f6c6fe61ade48a07f49347549b9a20ea8f0f1d,,Sheath_Blight,RiceLeafDisease_BD5,EXTERNAL_FIELD_DATASET
IMG_20241029_114742.jpg,.jpg,Sheath_Blight/IMG_20241029_114742.jpg,9584,True,300,300,1.0,RGB,3,JPEG,c5e126391535c2c71d80387e30b57a09f80f627de9eace873bae7187f84c7079,,Sheath_Blight,RiceLeafDisease_BD5,EXTERNAL_FIELD_DATASET
IMG_20241029_114814.jpg,.jpg,Sheath_Blight/IMG_20241029_114814.jpg,8418,True,300,300,1.0,RGB,3,JPEG,1de8b567cf573a26439c1b117cdb19de291234eb61fd3151bae4c0336460bcfe,,Sheath_Blight,RiceLeafDisease_BD5,EXTERNAL_FIELD_DATASET
IMG_20241029_115022.jpg,.jpg,Sheath_Blight/IMG_20241029_115022.jpg,7492,True,300,300,1.0,RGB,3,JPEG,e120e44d6ccb6ec6d08e00004882f50483dd2df4e0f8fea0580cd301f0120244,,Sheath_Blight,RiceLeafDisease_BD5,EXTERNAL_FIELD_DATASET
IMG_20241029_115105.jpg,.jpg,Sheath_Blight/IMG_20241029_115105.jpg,8168,True,300,300,1.0,RGB,3,JPEG,f09f151057d45ccd5716eb8dd602ccfd9a88a317b962f029c1ce67333abe28a9,,Sheath_Blight,RiceLeafDisease_BD5,EXTERNAL_FIELD_DATASET
IMG_20241029_115126.jpg,.jpg,Sheath_Blight/IMG_20241029_115126.jpg,7661,True,300,300,1.0,RGB,3,JPEG,b1a4d5bb187961d74f1d14151eefee5e1021d09de7549fa46df81c1f67b33655,,Sheath_Blight,RiceLeafDisease_BD5,EXTERNAL_FIELD_DATASET
IMG_20241029_115130.jpg,.jpg,Sheath_Blight/IMG_20241029_115130.jpg,7593,True,300,300,1.0,RGB,3,JPEG,cbbb98e878146f23b158da446e7980336fcab7d8713505228f10a20f5c2dca3a,,Sheath_Blight,RiceLeafDisease_BD5,EXTERNAL_FIELD_DATASET
IMG_20241029_115132.jpg,.jpg,Sheath_Blight/IMG_20241029_115132.jpg,7242,True,300,300,1.0,RGB,3,JPEG,3ae1705370bf6d0ef6eec211678754f5d3bde6a5a8fb19c583d7ad60128c4590,,Sheath_Blight,RiceLeafDisease_BD5,EXTERNAL_FIELD_DATASET
IMG_20241029_115133.jpg,.jpg,Sheath_Blight/IMG_20241029_115133.jpg,7621,True,300,300,1.0,RGB,3,JPEG,bafafdc9920cc3f9519ba7cdc3f53d84bfa783bbff437ba4d80f067b047469ec,,Sheath_Blight,RiceLeafDisease_BD5,EXTERNAL_FIELD_DATASET
IMG_20241029_115210.jpg,.jpg,Sheath_Blight/IMG_20241029_115210.jpg,8378,True,300,300,1.0,RGB,3,JPEG,bb2ae6bbb14256048f7f64c3cdcf4de2bb259b002c401079688f4858bb31dbfd,,Sheath_Blight,RiceLeafDisease_BD5,EXTERNAL_FIELD_DATASET
IMG_20241029_115348.jpg,.jpg,Sheath_Blight/IMG_20241029_115348.jpg,7884,True,300,300,1.0,RGB,3,JPEG,2c6f905de8887f8dc5f1be724f8ec222bb6f0a453983859ae5a6941e281a167e,,Sheath_Blight,RiceLeafDisease_BD5,EXTERNAL_FIELD_DATASET
IMG_20241029_115419.jpg,.jpg,Sheath_Blight/IMG_20241029_115419.jpg,8393,True,300,300,1.0,RGB,3,JPEG,1c603392ed4c9271fc4cb4314e6e484a0e7d3d8dd301129fcd1a9909ad571dfc,,Sheath_Blight,RiceLeafDisease_BD5,EXTERNAL_FIELD_DATASET
IMG_20241029_115517.jpg,.jpg,Sheath_Blight/IMG_20241029_115517.jpg,7932,True,300,300,1.0,RGB,3,JPEG,c3c548351f2a0cd394e59629e84aa3e911f943e0b6060364bceba942f480ceea,,Sheath_Blight,RiceLeafDisease_BD5,EXTERNAL_FIELD_DATASET
IMG_20241029_115932.jpg,.jpg,Sheath_Blight/IMG_20241029_115932.jpg,8477,True,300,300,1.0,RGB,3,JPEG,ecf6eaab07a3095760af463c625f428a9fb0891f71f361923252bdd9295f62cb,,Sheath_Blight,RiceLeafDisease_BD5,EXTERNAL_FIELD_DATASET
IMG_20241029_115947.jpg,.jpg,Sheath_Blight/IMG_20241029_115947.jpg,9974,True,300,300,1.0,RGB,3,JPEG,2d72868ff653009b4f58a541f1a7f980045e57074a9eef46c0705f076f8dd9c7,,Sheath_Blight,RiceLeafDisease_BD5,EXTERNAL_FIELD_DATASET
IMG_20241029_120003 - Copy.jpg,.jpg,Sheath_Blight/IMG_20241029_120003 - Copy.jpg,8550,True,300,300,1.0,RGB,3,JPEG,dfa791f3ecf824c9c063ac64da5024a923712052528427ce98b5d4c342c7b9c7,,Sheath_Blight,RiceLeafDisease_BD5,EXTERNAL_FIELD_DATASET
IMG_20241029_120023.jpg,.jpg,Sheath_Blight/IMG_20241029_120023.jpg,9242,True,300,300,1.0,RGB,3,JPEG,16c76b15aca21a00b0521a9cc8175799eb394595af0917a7c922d255ed448315,,Sheath_Blight,RiceLeafDisease_BD5,EXTERNAL_FIELD_DATASET
IMG_20241029_120041.jpg,.jpg,Sheath_Blight/IMG_20241029_120041.jpg,10101,True,300,300,1.0,RGB,3,JPEG,2660f537a675fe1bea820b0c24db539f783d602a2637563964f25404121b3b31,,Sheath_Blight,RiceLeafDisease_BD5,EXTERNAL_FIELD_DATASET
IMG_20241029_120104.jpg,.jpg,Sheath_Blight/IMG_20241029_120104.jpg,8576,True,300,300,1.0,RGB,3,JPEG,a193d2e58bb01c3bdbabd7b12fd6dca2f95c337bd2c0dd5569aabd67308e9cf0,,Sheath_Blight,RiceLeafDisease_BD5,EXTERNAL_FIELD_DATASET
IMG_20241029_120230.jpg,.jpg,Sheath_Blight/IMG_20241029_120230.jpg,8533,True,300,300,1.0,RGB,3,JPEG,0d061f9b053be36062b7b95896c9a99ad6f7c6f025598a3de8501244ff1ebfe8,,Sheath_Blight,RiceLeafDisease_BD5,EXTERNAL_FIELD_DATASET
IMG_20241029_120231 - Copy.jpg,.jpg,Sheath_Blight/IMG_20241029_120231 - Copy.jpg,7574,True,300,300,1.0,RGB,3,JPEG,bec1751c3f8c9e68c27a4ab989caf315fc3eb655e0e77cdf8024a50af5f27f5f,,Sheath_Blight,RiceLeafDisease_BD5,EXTERNAL_FIELD_DATASET
IMG_20241029_120233.jpg,.jpg,Sheath_Blight/IMG_20241029_120233.jpg,6920,True,300,300,1.0,RGB,3,JPEG,b1b0d06fdc364883fed34c602aa3dcdd0a44f9595153b5c68659d4c53361dedc,,Sheath_Blight,RiceLeafDisease_BD5,EXTERNAL_FIELD_DATASET
IMG_20241029_120236.jpg,.jpg,Sheath_Blight/IMG_20241029_120236.jpg,6894,True,300,300,1.0,RGB,3,JPEG,294f91573cd3edf529676832a0148e633997df9f0de59ba88ec9d3c29bcc9c94,,Sheath_Blight,RiceLeafDisease_BD5,EXTERNAL_FIELD_DATASET
IMG_20241029_120239.jpg,.jpg,Sheath_Blight/IMG_20241029_120239.jpg,6871,True,300,300,1.0,RGB,3,JPEG,f23800d20a3f80178c8f576c0e0aa8b4d8b7114c08174e4b5e87c964b302c0f7,,Sheath_Blight,RiceLeafDisease_BD5,EXTERNAL_FIELD_DATASET
IMG_20241029_120243.jpg,.jpg,Sheath_Blight/IMG_20241029_120243.jpg,6857,True,300,300,1.0,RGB,3,JPEG,6422f1d325819f098bdc8528c983d131fd021dea5859bd61b9768485ab1dc509,,Sheath_Blight,RiceLeafDisease_BD5,EXTERNAL_FIELD_DATASET
IMG_20241029_120337.jpg,.jpg,Sheath_Blight/IMG_20241029_120337.jpg,9732,True,300,300,1.0,RGB,3,JPEG,077d02ac76016de6577e19770505869cd393db361201d4f1b372133da3f5df94,,Sheath_Blight,RiceLeafDisease_BD5,EXTERNAL_FIELD_DATASET
IMG_20241029_120454.jpg,.jpg,Sheath_Blight/IMG_20241029_120454.jpg,10642,True,300,300,1.0,RGB,3,JPEG,c0d178c9fe90e879c4d950edf17f4d1aa28348c8078dc962ddfcdea5b89d2fa8,,Sheath_Blight,RiceLeafDisease_BD5,EXTERNAL_FIELD_DATASET
IMG_20241029_120629.jpg,.jpg,Sheath_Blight/IMG_20241029_120629.jpg,8425,True,300,300,1.0,RGB,3,JPEG,1e76929a8fa82d773100508ae011ba9f7bdf4f5419d6d034eb95acc306aea8ca,,Sheath_Blight,RiceLeafDisease_BD5,EXTERNAL_FIELD_DATASET
IMG_20241029_120631.jpg,.jpg,Sheath_Blight/IMG_20241029_120631.jpg,8452,True,300,300,1.0,RGB,3,JPEG,9354482cfa46553f3f6d70ca840f01556b9aa3524bb95374bd0a2bb180fc0ca0,,Sheath_Blight,RiceLeafDisease_BD5,EXTERNAL_FIELD_DATASET
IMG_20241029_120633.jpg,.jpg,Sheath_Blight/IMG_20241029_120633.jpg,8376,True,300,300,1.0,RGB,3,JPEG,d35671710dac564afb1aaedba0b1373ef6f8c87a074bcc5ea67c7ec7dd4ecc37,,Sheath_Blight,RiceLeafDisease_BD5,EXTERNAL_FIELD_DATASET
IMG_20241029_120635.jpg,.jpg,Sheath_Blight/IMG_20241029_120635.jpg,8441,True,300,300,1.0,RGB,3,JPEG,fd8f2ba54dd6e26bc955501931a56616b775d60d04e55628fc05ca673b978cc7,,Sheath_Blight,RiceLeafDisease_BD5,EXTERNAL_FIELD_DATASET
IMG_20241029_120637.jpg,.jpg,Sheath_Blight/IMG_20241029_120637.jpg,8579,True,300,300,1.0,RGB,3,JPEG,a35e96aeca0143b4465ecfd48081a3ed550ff59948b6e04957d0dba04e434942,,Sheath_Blight,RiceLeafDisease_BD5,EXTERNAL_FIELD_DATASET
IMG_20241029_120640.jpg,.jpg,Sheath_Blight/IMG_20241029_120640.jpg,8732,True,300,300,1.0,RGB,3,JPEG,aeb20a93889ec0879ed8e14fbfbc0aded0ff1d26450f16562fb5c9ee412abe8a,,Sheath_Blight,RiceLeafDisease_BD5,EXTERNAL_FIELD_DATASET
IMG_20241029_120641.jpg,.jpg,Sheath_Blight/IMG_20241029_120641.jpg,8691,True,300,300,1.0,RGB,3,JPEG,a63bf0e47d72b3bb108e5e5289fa64fdb868f38a268ba892a528e89a3974a494,,Sheath_Blight,RiceLeafDisease_BD5,EXTERNAL_FIELD_DATASET
IMG_20241029_120643.jpg,.jpg,Sheath_Blight/IMG_20241029_120643.jpg,8855,True,300,300,1.0,RGB,3,JPEG,bbe07f41b7e877369d66039725562131e0723fecc4c3f44cf30bf8b7a977860b,,Sheath_Blight,RiceLeafDisease_BD5,EXTERNAL_FIELD_DATASET
IMG_20241029_120644.jpg,.jpg,Sheath_Blight/IMG_20241029_120644.jpg,8768,True,300,300,1.0,RGB,3,JPEG,316e1dccc7dee843b1f2dca718f993cd63b3695bfb3daff1ded8bf775b3d0e26,,Sheath_Blight,RiceLeafDisease_BD5,EXTERNAL_FIELD_DATASET
IMG_20241029_120647.jpg,.jpg,Sheath_Blight/IMG_20241029_120647.jpg,8744,True,300,300,1.0,RGB,3,JPEG,dc946e3fc061b1ccf92e2dc695a05afc1efb0d0680333018503038f98d9b5176,,Sheath_Blight,RiceLeafDisease_BD5,EXTERNAL_FIELD_DATASET
IMG_20241029_120647_1.jpg,.jpg,Sheath_Blight/IMG_20241029_120647_1.jpg,9871,True,300,300,1.0,RGB,3,JPEG,d301da72f198654449d4709e2c5e4e272121f718cc5392bb4cd4e512f4f15601,,Sheath_Blight,RiceLeafDisease_BD5,EXTERNAL_FIELD_DATASET
IMG_20241029_120648.jpg,.jpg,Sheath_Blight/IMG_20241029_120648.jpg,8845,True,300,300,1.0,RGB,3,JPEG,ca817377d2f5b08a5569ca102cf264928c520b4e22622a26626f672acd852050,,Sheath_Blight,RiceLeafDisease_BD5,EXTERNAL_FIELD_DATASET
IMG_20241029_120721.jpg,.jpg,Sheath_Blight/IMG_20241029_120721.jpg,7620,True,300,300,1.0,RGB,3,JPEG,2a1763092519736f7393a8b271ccb29e81f760c96166781797c972af677b90f9,,Sheath_Blight,RiceLeafDisease_BD5,EXTERNAL_FIELD_DATASET
IMG_20241029_120731.jpg,.jpg,Sheath_Blight/IMG_20241029_120731.jpg,7701,True,300,300,1.0,RGB,3,JPEG,14cfb0ebeaf92e6695a7612544f89dc60d52715cd80aa67439c288c34e066870,,Sheath_Blight,RiceLeafDisease_BD5,EXTERNAL_FIELD_DATASET
IMG_20241029_120733.jpg,.jpg,Sheath_Blight/IMG_20241029_120733.jpg,7459,True,300,300,1.0,RGB,3,JPEG,215210286c8c54d8ca0a671ffd6c32933bc6db8f38bbd82ab69120e82573f901,,Sheath_Blight,RiceLeafDisease_BD5,EXTERNAL_FIELD_DATASET
IMG_20241029_120735.jpg,.jpg,Sheath_Blight/IMG_20241029_120735.jpg,7569,True,300,300,1.0,RGB,3,JPEG,4ce72613b211e00cb4328db0c17a3a97bb9a59e00f64f87245d8543ecc1115d1,,Sheath_Blight,RiceLeafDisease_BD5,EXTERNAL_FIELD_DATASET
IMG_20241029_120736.jpg,.jpg,Sheath_Blight/IMG_20241029_120736.jpg,7623,True,300,300,1.0,RGB,3,JPEG,bd8ebf3a102baa7b8aa379ea483c2e5788aed2acb750944b6e8170cdfec115b5,,Sheath_Blight,RiceLeafDisease_BD5,EXTERNAL_FIELD_DATASET
IMG_20241029_120738.jpg,.jpg,Sheath_Blight/IMG_20241029_120738.jpg,7673,True,300,300,1.0,RGB,3,JPEG,17f471e68a122480d0d955b6a52c53baf2e2ed21e7ac6abcb154dcbdc455955b,,Sheath_Blight,RiceLeafDisease_BD5,EXTERNAL_FIELD_DATASET
IMG_20241029_120740.jpg,.jpg,Sheath_Blight/IMG_20241029_120740.jpg,7727,True,300,300,1.0,RGB,3,JPEG,9ccec687ab530b6527affccbc718731db406e433f89b65a48b9fbd523b4ec1e0,,Sheath_Blight,RiceLeafDisease_BD5,EXTERNAL_FIELD_DATASET
IMG_20241029_120741.jpg,.jpg,Sheath_Blight/IMG_20241029_120741.jpg,7648,True,300,300,1.0,RGB,3,JPEG,ca45b66016a11a9f0497cc6109aa6fd0007095df9d7a9e083da75278056ba5d4,,Sheath_Blight,RiceLeafDisease_BD5,EXTERNAL_FIELD_DATASET
IMG_20241029_120743.jpg,.jpg,Sheath_Blight/IMG_20241029_120743.jpg,7762,True,300,300,1.0,RGB,3,JPEG,7086a70e546710944762595a0fb8d2f17ee2aa89f8c9951f489defd494d0733a,,Sheath_Blight,RiceLeafDisease_BD5,EXTERNAL_FIELD_DATASET
IMG_20241029_120745.jpg,.jpg,Sheath_Blight/IMG_20241029_120745.jpg,7838,True,300,300,1.0,RGB,3,JPEG,2908675cecb1e786169914d5555e71bb42a4b3e589a40199d9770be789c6d490,,Sheath_Blight,RiceLeafDisease_BD5,EXTERNAL_FIELD_DATASET
IMG_20241029_120746.jpg,.jpg,Sheath_Blight/IMG_20241029_120746.jpg,7812,True,300,300,1.0,RGB,3,JPEG,7bb80524e6e0f04386651c10bbc119fc292a53d757e0e0298064420b1e42a6a2,,Sheath_Blight,RiceLeafDisease_BD5,EXTERNAL_FIELD_DATASET
IMG_20241029_120748.jpg,.jpg,Sheath_Blight/IMG_20241029_120748.jpg,7840,True,300,300,1.0,RGB,3,JPEG,200e56e8b2485a7b38d840770dac0f3e8179796f289b34043ecc6e525a1ea116,,Sheath_Blight,RiceLeafDisease_BD5,EXTERNAL_FIELD_DATASET
IMG_20241029_120749.jpg,.jpg,Sheath_Blight/IMG_20241029_120749.jpg,7940,True,300,300,1.0,RGB,3,JPEG,a5e3ab94e9a84e016d6e4c78a4850b7105d952bc03fad0b27e858dc1a9ea45cc,,Sheath_Blight,RiceLeafDisease_BD5,EXTERNAL_FIELD_DATASET
IMG_20241029_120750.jpg,.jpg,Sheath_Blight/IMG_20241029_120750.jpg,7932,True,300,300,1.0,RGB,3,JPEG,bb43d4775edb9951cffd818ab9ac0a7762c2f81bc662e62d2c5186754387e914,,Sheath_Blight,RiceLeafDisease_BD5,EXTERNAL_FIELD_DATASET
IMG_20241029_120751.jpg,.jpg,Sheath_Blight/IMG_20241029_120751.jpg,7106,True,300,300,1.0,RGB,3,JPEG,ac1a7d9925a0402c67cc85e0373d43d57acf6d2c5e95727276256358f2a57784,,Sheath_Blight,RiceLeafDisease_BD5,EXTERNAL_FIELD_DATASET
IMG_20241029_120752.jpg,.jpg,Sheath_Blight/IMG_20241029_120752.jpg,7904,True,300,300,1.0,RGB,3,JPEG,e703e3224ce576e10c16d51095abc7cf45503fefa69d2056856f86d7c459e79b,,Sheath_Blight,RiceLeafDisease_BD5,EXTERNAL_FIELD_DATASET
IMG_20241029_120753.jpg,.jpg,Sheath_Blight/IMG_20241029_120753.jpg,7935,True,300,300,1.0,RGB,3,JPEG,b3e60cb44e2f1c701daa521f293310723abde321b965c4c4b4b671f2018fd959,,Sheath_Blight,RiceLeafDisease_BD5,EXTERNAL_FIELD_DATASET
IMG_20241029_120754.jpg,.jpg,Sheath_Blight/IMG_20241029_120754.jpg,8031,True,300,300,1.0,RGB,3,JPEG,bbb2381d210931aa36864a71504457621050ec7c1c74a48f16bfaa22731d5316,,Sheath_Blight,RiceLeafDisease_BD5,EXTERNAL_FIELD_DATASET
IMG_20241029_120805.jpg,.jpg,Sheath_Blight/IMG_20241029_120805.jpg,9105,True,300,300,1.0,RGB,3,JPEG,c8b764cbcd601f0f1b0851b6c7f541e3f94334b5556dff5291fa504feded6302,,Sheath_Blight,RiceLeafDisease_BD5,EXTERNAL_FIELD_DATASET
IMG_20241029_121123.jpg,.jpg,Sheath_Blight/IMG_20241029_121123.jpg,6441,True,300,300,1.0,RGB,3,JPEG,e5e1b748394d9858bfd21c74369bbc57f834d32298256add792c8b3aed260559,,Sheath_Blight,RiceLeafDisease_BD5,EXTERNAL_FIELD_DATASET
IMG_20241029_121328.jpg,.jpg,Sheath_Blight/IMG_20241029_121328.jpg,12196,True,300,300,1.0,RGB,3,JPEG,2c05905b551653b52a96b6d1830ea74045a63747160c48f8430ea61e0e03c6dc,,Sheath_Blight,RiceLeafDisease_BD5,EXTERNAL_FIELD_DATASET
IMG_20241029_121340.jpg,.jpg,Sheath_Blight/IMG_20241029_121340.jpg,7258,True,300,300,1.0,RGB,3,JPEG,369d43afe3ba7bbc5b88b5fba8a6d49f49a4f4188045d27f98a0abd7bd4c762d,,Sheath_Blight,RiceLeafDisease_BD5,EXTERNAL_FIELD_DATASET
IMG_20241029_121427.jpg,.jpg,Sheath_Blight/IMG_20241029_121427.jpg,8534,True,300,300,1.0,RGB,3,JPEG,db6d7a294994d14c0491c77670de47696252f6af5c5771c60a1dfc7f85a45784,,Sheath_Blight,RiceLeafDisease_BD5,EXTERNAL_FIELD_DATASET
IMG_20241029_121722.jpg,.jpg,Sheath_Blight/IMG_20241029_121722.jpg,9752,True,300,300,1.0,RGB,3,JPEG,d62caa34f3652cb181dc11624f07dbc67b482774feab3e01696df6f6121abc04,,Sheath_Blight,RiceLeafDisease_BD5,EXTERNAL_FIELD_DATASET
IMG_20241029_121735.jpg,.jpg,Sheath_Blight/IMG_20241029_121735.jpg,11623,True,300,300,1.0,RGB,3,JPEG,0d02b112cbda18c14bab61e337383542a4f2b0d88d6743600f428382ac5a4a62,,Sheath_Blight,RiceLeafDisease_BD5,EXTERNAL_FIELD_DATASET
IMG_20241029_121752.jpg,.jpg,Sheath_Blight/IMG_20241029_121752.jpg,10115,True,300,300,1.0,RGB,3,JPEG,f815616b97310e003c797adc44c5ee9c1ce17b359e68059baad4245b7095d812,,Sheath_Blight,RiceLeafDisease_BD5,EXTERNAL_FIELD_DATASET
IMG_20241029_121814.jpg,.jpg,Sheath_Blight/IMG_20241029_121814.jpg,7207,True,300,300,1.0,RGB,3,JPEG,4147ad607eb8f1f89af94b92f83cadd2bd2ef935001e212e8b11a71f02760ec1,,Sheath_Blight,RiceLeafDisease_BD5,EXTERNAL_FIELD_DATASET
IMG_20241029_121848.jpg,.jpg,Sheath_Blight/IMG_20241029_121848.jpg,8603,True,300,300,1.0,RGB,3,JPEG,32213484d4d9f85633f65a0244ac9205d225c35c88d0d38b20148e9673d0623f,,Sheath_Blight,RiceLeafDisease_BD5,EXTERNAL_FIELD_DATASET
IMG_20241029_121914.jpg,.jpg,Sheath_Blight/IMG_20241029_121914.jpg,10203,True,300,300,1.0,RGB,3,JPEG,ae67f04ef94d5c862936af32361c8fbc52c2dd85af92cc9112c82a26b3762033,,Sheath_Blight,RiceLeafDisease_BD5,EXTERNAL_FIELD_DATASET
IMG_20241029_121927.jpg,.jpg,Sheath_Blight/IMG_20241029_121927.jpg,10260,True,300,300,1.0,RGB,3,JPEG,53688efda424880ec4223a21a41bf6f15bb17384b39ccd7876366b332a71a41f,,Sheath_Blight,RiceLeafDisease_BD5,EXTERNAL_FIELD_DATASET
IMG_20241029_121945.jpg,.jpg,Sheath_Blight/IMG_20241029_121945.jpg,9744,True,300,300,1.0,RGB,3,JPEG,bce012b8ab02c5c4a21d23fd750907c9aa65a49412cf3ba1301c14cbbecb9ba4,,Sheath_Blight,RiceLeafDisease_BD5,EXTERNAL_FIELD_DATASET
IMG_20241029_122011.jpg,.jpg,Sheath_Blight/IMG_20241029_122011.jpg,7212,True,300,300,1.0,RGB,3,JPEG,996ac8df69495aa66dc15bdcba3fc560d24ba83a9df4eec6296bd3a048a72946,,Sheath_Blight,RiceLeafDisease_BD5,EXTERNAL_FIELD_DATASET
IMG_20241029_122029.jpg,.jpg,Sheath_Blight/IMG_20241029_122029.jpg,8443,True,300,300,1.0,RGB,3,JPEG,dfc80222f013f36bc6e9e3b656900accd28aae0bf1f4e44292f2495c9f9e4a8e,,Sheath_Blight,RiceLeafDisease_BD5,EXTERNAL_FIELD_DATASET
IMG_20241029_122050.jpg,.jpg,Sheath_Blight/IMG_20241029_122050.jpg,8957,True,300,300,1.0,RGB,3,JPEG,49b8bcffc965f2c4ca9d93f34f00b2ac32bb132a1310b47beeb4ac84221ba044,,Sheath_Blight,RiceLeafDisease_BD5,EXTERNAL_FIELD_DATASET
IMG_20241029_122111.jpg,.jpg,Sheath_Blight/IMG_20241029_122111.jpg,7889,True,300,300,1.0,RGB,3,JPEG,04f5cd1ae97037d63182db1f49727c1df93256ac15338fe5effff6a99b413b3f,,Sheath_Blight,RiceLeafDisease_BD5,EXTERNAL_FIELD_DATASET
IMG_20241029_122311.jpg,.jpg,Sheath_Blight/IMG_20241029_122311.jpg,7584,True,300,300,1.0,RGB,3,JPEG,0bdca64b48380e6fec4cb9fa3fcf77e34811c13acfcdf1c69d0d1036e6950963,,Sheath_Blight,RiceLeafDisease_BD5,EXTERNAL_FIELD_DATASET
IMG_20241029_122336.jpg,.jpg,Sheath_Blight/IMG_20241029_122336.jpg,8821,True,300,300,1.0,RGB,3,JPEG,db851cd546fe10600c7ab2bb6263c335f7c34b552cb08181b865512505d4bc8e,,Sheath_Blight,RiceLeafDisease_BD5,EXTERNAL_FIELD_DATASET
IMG_20241029_122641.jpg,.jpg,Sheath_Blight/IMG_20241029_122641.jpg,9659,True,300,300,1.0,RGB,3,JPEG,40dae012915136af6e879cc883ae71449891a64b2d6b805360bacb9d11b15e43,,Sheath_Blight,RiceLeafDisease_BD5,EXTERNAL_FIELD_DATASET
IMG_20241029_122710.jpg,.jpg,Sheath_Blight/IMG_20241029_122710.jpg,7301,True,300,300,1.0,RGB,3,JPEG,558ab081032e3a12ac51abce52493ffa1ee63da6e2b473f0532cfc1885fa657d,,Sheath_Blight,RiceLeafDisease_BD5,EXTERNAL_FIELD_DATASET
IMG_20241029_122735.jpg,.jpg,Sheath_Blight/IMG_20241029_122735.jpg,8436,True,300,300,1.0,RGB,3,JPEG,3f4a732845abe0ad4822a89d75f88822a6b579a6e72aee20dc37bad293fc3c82,,Sheath_Blight,RiceLeafDisease_BD5,EXTERNAL_FIELD_DATASET
IMG_20241029_124128.jpg,.jpg,Sheath_Blight/IMG_20241029_124128.jpg,10137,True,300,300,1.0,RGB,3,JPEG,bea79f7392e759f7030f42b933b489fed21504aa7ea06c64204dc154a7f66a2a,,Sheath_Blight,RiceLeafDisease_BD5,EXTERNAL_FIELD_DATASET
IMG_20241029_124259 - Copy.jpg,.jpg,Sheath_Blight/IMG_20241029_124259 - Copy.jpg,10256,True,300,300,1.0,RGB,3,JPEG,449afa3ca15adeb5d9d3c354fabaf0131753eb6ff36b14a5960b084404c62ff0,,Sheath_Blight,RiceLeafDisease_BD5,EXTERNAL_FIELD_DATASET
IMG_20241029_124343.jpg,.jpg,Sheath_Blight/IMG_20241029_124343.jpg,8202,True,300,300,1.0,RGB,3,JPEG,7e9de81e401c3339da1590e53a880212e1effd25b76206dda0cfb8cf314b0f1c,,Sheath_Blight,RiceLeafDisease_BD5,EXTERNAL_FIELD_DATASET
IMG_20241029_124550.jpg,.jpg,Sheath_Blight/IMG_20241029_124550.jpg,5914,True,300,300,1.0,RGB,3,JPEG,1d23fdc5b51bd1be62650d934231011f1a620f944a40bd85393576d2d6a122c2,,Sheath_Blight,RiceLeafDisease_BD5,EXTERNAL_FIELD_DATASET
IMG_20241029_124552.jpg,.jpg,Sheath_Blight/IMG_20241029_124552.jpg,5928,True,300,300,1.0,RGB,3,JPEG,cc4610d1e4e87a94cbcaf2ec61ad30ebc75937b86c302e4c2745e119745a6c44,,Sheath_Blight,RiceLeafDisease_BD5,EXTERNAL_FIELD_DATASET
IMG_20241029_124553.jpg,.jpg,Sheath_Blight/IMG_20241029_124553.jpg,5930,True,300,300,1.0,RGB,3,JPEG,80834e414a2232adbb6fb0bddf481e67413245001125e0d66dd0e1800e5d053d,,Sheath_Blight,RiceLeafDisease_BD5,EXTERNAL_FIELD_DATASET
IMG_20241029_124554.jpg,.jpg,Sheath_Blight/IMG_20241029_124554.jpg,5904,True,300,300,1.0,RGB,3,JPEG,41213ff4cabadae9139a8d43a56e0cc8e2d845dc8d5241369f601238e98d9945,,Sheath_Blight,RiceLeafDisease_BD5,EXTERNAL_FIELD_DATASET
IMG_20241029_124555.jpg,.jpg,Sheath_Blight/IMG_20241029_124555.jpg,5992,True,300,300,1.0,RGB,3,JPEG,0fa2e0f0ad835c0cce08a04eb4e1d17ac032ed55941b161999092fb2e1266303,,Sheath_Blight,RiceLeafDisease_BD5,EXTERNAL_FIELD_DATASET
IMG_20241029_124556.jpg,.jpg,Sheath_Blight/IMG_20241029_124556.jpg,5998,True,300,300,1.0,RGB,3,JPEG,161ac5a107783b7897a3e887f6cd84ade7a88609099dc4d871f03d15b976ab22,,Sheath_Blight,RiceLeafDisease_BD5,EXTERNAL_FIELD_DATASET
IMG_20241029_124613.jpg,.jpg,Sheath_Blight/IMG_20241029_124613.jpg,10019,True,300,300,1.0,RGB,3,JPEG,3611fc107edb2ca9ce581df5878b7be98af2a792ddd771300d1839d586216155,,Sheath_Blight,RiceLeafDisease_BD5,EXTERNAL_FIELD_DATASET
IMG_20241029_124617.jpg,.jpg,Sheath_Blight/IMG_20241029_124617.jpg,5872,True,300,300,1.0,RGB,3,JPEG,b345fd8db4ba79c83e421b8aa8da48db35825a3106eb9ecb74851143921e1333,,Sheath_Blight,RiceLeafDisease_BD5,EXTERNAL_FIELD_DATASET
IMG_20241029_124619.jpg,.jpg,Sheath_Blight/IMG_20241029_124619.jpg,5845,True,300,300,1.0,RGB,3,JPEG,0a133ef3188a20ca76daf6bc113117fd058a8ab31328b25d6f6534cb24eb4a53,,Sheath_Blight,RiceLeafDisease_BD5,EXTERNAL_FIELD_DATASET
IMG_20241029_124620.jpg,.jpg,Sheath_Blight/IMG_20241029_124620.jpg,5937,True,300,300,1.0,RGB,3,JPEG,ba8ffb651bce1bb490ee97c04363e0f930ec651562305a314c84a282150520c7,,Sheath_Blight,RiceLeafDisease_BD5,EXTERNAL_FIELD_DATASET
IMG_20241029_124621.jpg,.jpg,Sheath_Blight/IMG_20241029_124621.jpg,5993,True,300,300,1.0,RGB,3,JPEG,875215a1324b76dda4079fc76991959cdd6a28a78208048b8515205a58187d95,,Sheath_Blight,RiceLeafDisease_BD5,EXTERNAL_FIELD_DATASET
IMG_20241029_124622.jpg,.jpg,Sheath_Blight/IMG_20241029_124622.jpg,6044,True,300,300,1.0,RGB,3,JPEG,f3dc54549a8066b69842b0e38d5de80bbe51f1c7d67d2e31c158de611c1023c4,,Sheath_Blight,RiceLeafDisease_BD5,EXTERNAL_FIELD_DATASET
IMG_20241029_124634 - Copy (2).jpg,.jpg,Sheath_Blight/IMG_20241029_124634 - Copy (2).jpg,10079,True,300,300,1.0,RGB,3,JPEG,68f13e969e78d7ac07d18b981be9d69bccd7381b56ebd3ebc9bb6a3cdb976a72,,Sheath_Blight,RiceLeafDisease_BD5,EXTERNAL_FIELD_DATASET
IMG_20241029_124634 - Copy (3).jpg,.jpg,Sheath_Blight/IMG_20241029_124634 - Copy (3).jpg,10079,True,300,300,1.0,RGB,3,JPEG,68f13e969e78d7ac07d18b981be9d69bccd7381b56ebd3ebc9bb6a3cdb976a72,,Sheath_Blight,RiceLeafDisease_BD5,EXTERNAL_FIELD_DATASET
IMG_20241029_124634.jpg,.jpg,Sheath_Blight/IMG_20241029_124634.jpg,10079,True,300,300,1.0,RGB,3,JPEG,68f13e969e78d7ac07d18b981be9d69bccd7381b56ebd3ebc9bb6a3cdb976a72,,Sheath_Blight,RiceLeafDisease_BD5,EXTERNAL_FIELD_DATASET
IMG_20241029_124636.jpg,.jpg,Sheath_Blight/IMG_20241029_124636.jpg,5541,True,300,300,1.0,RGB,3,JPEG,e3d86c2b8a46302b3630ba26a5f64073501de4c7c28a266083894a984ac734f1,,Sheath_Blight,RiceLeafDisease_BD5,EXTERNAL_FIELD_DATASET
IMG_20241029_124638.jpg,.jpg,Sheath_Blight/IMG_20241029_124638.jpg,5480,True,300,300,1.0,RGB,3,JPEG,61ddf26b73ec7bda5878ec3e53a693339e83e55bbdcae7381d36f11ad91d9b4f,,Sheath_Blight,RiceLeafDisease_BD5,EXTERNAL_FIELD_DATASET
IMG_20241029_124648.jpg,.jpg,Sheath_Blight/IMG_20241029_124648.jpg,5795,True,300,300,1.0,RGB,3,JPEG,bb9d9047dce8305c1ae2ead5c89697d33f4fcba8cbe2912dc74e8667c3afb164,,Sheath_Blight,RiceLeafDisease_BD5,EXTERNAL_FIELD_DATASET
IMG_20241029_124651.jpg,.jpg,Sheath_Blight/IMG_20241029_124651.jpg,5729,True,300,300,1.0,RGB,3,JPEG,80d932d171990e71bb5b80049a00db174dcfe6e4aa3915248e421420fd6573e8,,Sheath_Blight,RiceLeafDisease_BD5,EXTERNAL_FIELD_DATASET
IMG_20241029_124718.jpg,.jpg,Sheath_Blight/IMG_20241029_124718.jpg,8468,True,300,300,1.0,RGB,3,JPEG,e64017ec09a59b0505027e34e7c0b5495d4e48b375c53c0b1df6c0ec35eb349c,,Sheath_Blight,RiceLeafDisease_BD5,EXTERNAL_FIELD_DATASET
IMG_20241029_124719.jpg,.jpg,Sheath_Blight/IMG_20241029_124719.jpg,8343,True,300,300,1.0,RGB,3,JPEG,7f710937d623c06506e5e07006710c9dea5167d37849f956da3820097c135739,,Sheath_Blight,RiceLeafDisease_BD5,EXTERNAL_FIELD_DATASET
IMG_20241029_124721.jpg,.jpg,Sheath_Blight/IMG_20241029_124721.jpg,8373,True,300,300,1.0,RGB,3,JPEG,9b5b242ba539c192f90ede0b58a6c19ba02e8e646b5eb465e498cc80942a550a,,Sheath_Blight,RiceLeafDisease_BD5,EXTERNAL_FIELD_DATASET
IMG_20241029_124722.jpg,.jpg,Sheath_Blight/IMG_20241029_124722.jpg,8218,True,300,300,1.0,RGB,3,JPEG,959c10807d247fed4a52d96b906b75f20d424d712094596cad87613c25f762a6,,Sheath_Blight,RiceLeafDisease_BD5,EXTERNAL_FIELD_DATASET
IMG_20241029_124723.jpg,.jpg,Sheath_Blight/IMG_20241029_124723.jpg,8227,True,300,300,1.0,RGB,3,JPEG,7a18dc81d0f1dd473873c4aa95b19eedee890d04655b43b465141b0b67a0111b,,Sheath_Blight,RiceLeafDisease_BD5,EXTERNAL_FIELD_DATASET
IMG_20241029_124733.jpg,.jpg,Sheath_Blight/IMG_20241029_124733.jpg,8638,True,300,300,1.0,RGB,3,JPEG,de75cff637b60f707a8b7f21213387ed0432c5acad2e00007b7a6340685d557b,,Sheath_Blight,RiceLeafDisease_BD5,EXTERNAL_FIELD_DATASET
IMG_20241029_124743.jpg,.jpg,Sheath_Blight/IMG_20241029_124743.jpg,9439,True,300,300,1.0,RGB,3,JPEG,103b6469a1f745440e51d4abe04b61d3c4368b8d94b5de763bb8560f3f9d9ffc,,Sheath_Blight,RiceLeafDisease_BD5,EXTERNAL_FIELD_DATASET
IMG_20241029_124744.jpg,.jpg,Sheath_Blight/IMG_20241029_124744.jpg,9504,True,300,300,1.0,RGB,3,JPEG,3fcb13d5f7c47569ef0080e187dffac117de3b182ee63b5d369426b9cf237192,,Sheath_Blight,RiceLeafDisease_BD5,EXTERNAL_FIELD_DATASET
IMG_20241029_124745.jpg,.jpg,Sheath_Blight/IMG_20241029_124745.jpg,9655,True,300,300,1.0,RGB,3,JPEG,2a4cdb70113fbae135b7cbbf33101f5c302a0b6947c8026bc53227052be412a1,,Sheath_Blight,RiceLeafDisease_BD5,EXTERNAL_FIELD_DATASET
IMG_20241029_124747.jpg,.jpg,Sheath_Blight/IMG_20241029_124747.jpg,9629,True,300,300,1.0,RGB,3,JPEG,9b3fb66e9de361864f824d4676f84e9d8cc10ee709b7eedbf2189445d16ee938,,Sheath_Blight,RiceLeafDisease_BD5,EXTERNAL_FIELD_DATASET
IMG_20241029_124748.jpg,.jpg,Sheath_Blight/IMG_20241029_124748.jpg,9827,True,300,300,1.0,RGB,3,JPEG,a6914d73258fab989c3df57e155d109d912bcc193d6443b3f0803fdc78d41923,,Sheath_Blight,RiceLeafDisease_BD5,EXTERNAL_FIELD_DATASET
IMG_20241029_124749.jpg,.jpg,Sheath_Blight/IMG_20241029_124749.jpg,9665,True,300,300,1.0,RGB,3,JPEG,472f3ed995b67b0a824bfed211b4d9a88f07d933e779f17964c2e9efdfade663,,Sheath_Blight,RiceLeafDisease_BD5,EXTERNAL_FIELD_DATASET
IMG_20241029_124750.jpg,.jpg,Sheath_Blight/IMG_20241029_124750.jpg,9395,True,300,300,1.0,RGB,3,JPEG,6e5e40bb0687e46cd1a19ae261ff2ef3ccb7838364a64158dbf976c9b38e0a92,,Sheath_Blight,RiceLeafDisease_BD5,EXTERNAL_FIELD_DATASET
IMG_20241029_124751.jpg,.jpg,Sheath_Blight/IMG_20241029_124751.jpg,8904,True,300,300,1.0,RGB,3,JPEG,db4caf14dee28c5af09aa19ac7a18053f1c1714e245d3c206622a5b3984c9566,,Sheath_Blight,RiceLeafDisease_BD5,EXTERNAL_FIELD_DATASET
IMG_20241029_124800.jpg,.jpg,Sheath_Blight/IMG_20241029_124800.jpg,9207,True,300,300,1.0,RGB,3,JPEG,ab207a143e16701e23ecfec222aad37ba3c6c303ecc00ee7ee58f1053dce83bb,,Sheath_Blight,RiceLeafDisease_BD5,EXTERNAL_FIELD_DATASET
IMG_20241029_124802.jpg,.jpg,Sheath_Blight/IMG_20241029_124802.jpg,9420,True,300,300,1.0,RGB,3,JPEG,bf8210cf28814ae12a9588d6b3012fff95fe9b754106b097e5fe6e32620a310f,,Sheath_Blight,RiceLeafDisease_BD5,EXTERNAL_FIELD_DATASET
IMG_20241029_124803.jpg,.jpg,Sheath_Blight/IMG_20241029_124803.jpg,9522,True,300,300,1.0,RGB,3,JPEG,5e1d1e57cea78ad9f47ee99fd8d27d5044263587ebbc6c1d817763b2ade44d86,,Sheath_Blight,RiceLeafDisease_BD5,EXTERNAL_FIELD_DATASET
IMG_20241029_124812.jpg,.jpg,Sheath_Blight/IMG_20241029_124812.jpg,8826,True,300,300,1.0,RGB,3,JPEG,a1219f2e5d755a5a59196ef1b2cfb6d775b028e1b024c700304773bd49b3d273,,Sheath_Blight,RiceLeafDisease_BD5,EXTERNAL_FIELD_DATASET
IMG_20241029_124813.jpg,.jpg,Sheath_Blight/IMG_20241029_124813.jpg,8865,True,300,300,1.0,RGB,3,JPEG,c0898c36fb9651076c2e9052983e1852c2aae11ce828f258fccc8a5231068a33,,Sheath_Blight,RiceLeafDisease_BD5,EXTERNAL_FIELD_DATASET
IMG_20241029_124815.jpg,.jpg,Sheath_Blight/IMG_20241029_124815.jpg,8967,True,300,300,1.0,RGB,3,JPEG,3394b5d3d0050d36a7b828e0bc794871679d28a6ca2526ef64b00e81b8de9193,,Sheath_Blight,RiceLeafDisease_BD5,EXTERNAL_FIELD_DATASET
IMG_20241029_124828.jpg,.jpg,Sheath_Blight/IMG_20241029_124828.jpg,8914,True,300,300,1.0,RGB,3,JPEG,2e78d7520b8614b8b0c20cd597e52f7a153a11ea725a332c92fc1d2fe7ca66c7,,Sheath_Blight,RiceLeafDisease_BD5,EXTERNAL_FIELD_DATASET
IMG_20241029_124848.jpg,.jpg,Sheath_Blight/IMG_20241029_124848.jpg,6954,True,300,300,1.0,RGB,3,JPEG,444f6df9c09649ebe0a05f337ce4687db84cba4f7a1c0a3ea345fdd9a6e794bf,,Sheath_Blight,RiceLeafDisease_BD5,EXTERNAL_FIELD_DATASET
IMG_20241029_124850.jpg,.jpg,Sheath_Blight/IMG_20241029_124850.jpg,6869,True,300,300,1.0,RGB,3,JPEG,23ef8ecb09bb12e079ed967ba7e955ef69e35389e2273406a1518833cbc7f183,,Sheath_Blight,RiceLeafDisease_BD5,EXTERNAL_FIELD_DATASET
IMG_20241029_124853.jpg,.jpg,Sheath_Blight/IMG_20241029_124853.jpg,6933,True,300,300,1.0,RGB,3,JPEG,5e7d00c3ad549744a232b3aea09ddcaa6f494dd706247ce8f76d62fca2d5b421,,Sheath_Blight,RiceLeafDisease_BD5,EXTERNAL_FIELD_DATASET
IMG_20241029_124855.jpg,.jpg,Sheath_Blight/IMG_20241029_124855.jpg,6895,True,300,300,1.0,RGB,3,JPEG,b7e15398ec09753ea27018ab549da106d41c0697879ead9be4fa9b3d7951b691,,Sheath_Blight,RiceLeafDisease_BD5,EXTERNAL_FIELD_DATASET
IMG_20241029_124856.jpg,.jpg,Sheath_Blight/IMG_20241029_124856.jpg,6865,True,300,300,1.0,RGB,3,JPEG,d1c4dddf51b55bc26470c41b15622bbf1d69c7116544cb8269fda6dae66c173f,,Sheath_Blight,RiceLeafDisease_BD5,EXTERNAL_FIELD_DATASET
IMG_20241029_124858.jpg,.jpg,Sheath_Blight/IMG_20241029_124858.jpg,6916,True,300,300,1.0,RGB,3,JPEG,2043b5bc534a8c8236344d62802358ccc6745780c004e4e4b79e95ba5f25c4e5,,Sheath_Blight,RiceLeafDisease_BD5,EXTERNAL_FIELD_DATASET
IMG_20241029_124922.jpg,.jpg,Sheath_Blight/IMG_20241029_124922.jpg,7690,True,300,300,1.0,RGB,3,JPEG,42106b3eaf416e09539085310fe861f5fdef45212dedfa85ee889415c72b6d52,,Sheath_Blight,RiceLeafDisease_BD5,EXTERNAL_FIELD_DATASET
IMG_20241029_124924.jpg,.jpg,Sheath_Blight/IMG_20241029_124924.jpg,7783,True,300,300,1.0,RGB,3,JPEG,60639e52e22b3dca6444c658b943795f208bf6a3f36f67cd528b14577c3643ea,,Sheath_Blight,RiceLeafDisease_BD5,EXTERNAL_FIELD_DATASET
IMG_20241029_124927.jpg,.jpg,Sheath_Blight/IMG_20241029_124927.jpg,7838,True,300,300,1.0,RGB,3,JPEG,6954588ee162ddc44a762fab5c407a5ee57ec1d645c9f8f2a7c67056775fc588,,Sheath_Blight,RiceLeafDisease_BD5,EXTERNAL_FIELD_DATASET
IMG_20241029_124928.jpg,.jpg,Sheath_Blight/IMG_20241029_124928.jpg,7930,True,300,300,1.0,RGB,3,JPEG,d63788f0d1b2a6667db73edf12479344cf47083ac50b51174f4a811434d0649f,,Sheath_Blight,RiceLeafDisease_BD5,EXTERNAL_FIELD_DATASET
IMG_20241029_124930.jpg,.jpg,Sheath_Blight/IMG_20241029_124930.jpg,7109,True,300,300,1.0,RGB,3,JPEG,e0cc1e30957689d1558fa8ea88077bd93a513341c35822887dbabf5893e4f70e,,Sheath_Blight,RiceLeafDisease_BD5,EXTERNAL_FIELD_DATASET
IMG_20241029_124937.jpg,.jpg,Sheath_Blight/IMG_20241029_124937.jpg,8206,True,300,300,1.0,RGB,3,JPEG,b60aa995b101b699f6c1bfad8b25c3741f2fbbdba42d11252e9bee95215c6c54,,Sheath_Blight,RiceLeafDisease_BD5,EXTERNAL_FIELD_DATASET
IMG_20241029_124938.jpg,.jpg,Sheath_Blight/IMG_20241029_124938.jpg,8038,True,300,300,1.0,RGB,3,JPEG,a717f0cb173375754e7a5d2ae115e9b874387567df6d14145529646436740e70,,Sheath_Blight,RiceLeafDisease_BD5,EXTERNAL_FIELD_DATASET
IMG_20241029_124954.jpg,.jpg,Sheath_Blight/IMG_20241029_124954.jpg,8878,True,300,300,1.0,RGB,3,JPEG,c2b5c91bfc7bd7023a519b4cded8f58ecbac850d4d4a8bf8a4007ffcfdc2d214,,Sheath_Blight,RiceLeafDisease_BD5,EXTERNAL_FIELD_DATASET
IMG_20241029_124954_1.jpg,.jpg,Sheath_Blight/IMG_20241029_124954_1.jpg,8297,True,300,300,1.0,RGB,3,JPEG,34f5355a212289a4d5084525eef035f0ec5c23566b162ec58eb8b90ab45b9879,,Sheath_Blight,RiceLeafDisease_BD5,EXTERNAL_FIELD_DATASET
IMG_20241029_124955.jpg,.jpg,Sheath_Blight/IMG_20241029_124955.jpg,8939,True,300,300,1.0,RGB,3,JPEG,c13da107608a992cc56190f6641720db680cd0ea015c73682d72da5b9cfa6ccc,,Sheath_Blight,RiceLeafDisease_BD5,EXTERNAL_FIELD_DATASET
IMG_20241029_125009.jpg,.jpg,Sheath_Blight/IMG_20241029_125009.jpg,9057,True,300,300,1.0,RGB,3,JPEG,ea83965ceb3715a7c8cab96ba554bf06befcc9b25dc5866770f81d273f1a5247,,Sheath_Blight,RiceLeafDisease_BD5,EXTERNAL_FIELD_DATASET
IMG_20241029_125011.jpg,.jpg,Sheath_Blight/IMG_20241029_125011.jpg,8956,True,300,300,1.0,RGB,3,JPEG,11d426823e25cfbced27f18a39dfd62e3ea46515699df61c35b1507de2525a4f,,Sheath_Blight,RiceLeafDisease_BD5,EXTERNAL_FIELD_DATASET
IMG_20241029_125012.jpg,.jpg,Sheath_Blight/IMG_20241029_125012.jpg,8892,True,300,300,1.0,RGB,3,JPEG,0a7c88c6931842e51671ac66089855cf8c2448a0cab36cfae0a10f276c182242,,Sheath_Blight,RiceLeafDisease_BD5,EXTERNAL_FIELD_DATASET
IMG_20241029_125013.jpg,.jpg,Sheath_Blight/IMG_20241029_125013.jpg,8936,True,300,300,1.0,RGB,3,JPEG,992b9f6ef728cd8b64b93cd3c62a22d6b00f61d3be99c17b2d922da5b47ef202,,Sheath_Blight,RiceLeafDisease_BD5,EXTERNAL_FIELD_DATASET
IMG_20241029_125015.jpg,.jpg,Sheath_Blight/IMG_20241029_125015.jpg,8921,True,300,300,1.0,RGB,3,JPEG,26ac837062c70673162f9f40b75a7287863e0c9173baf2e5d2ecd3c531001f8b,,Sheath_Blight,RiceLeafDisease_BD5,EXTERNAL_FIELD_DATASET
IMG_20241029_125017.jpg,.jpg,Sheath_Blight/IMG_20241029_125017.jpg,8424,True,300,300,1.0,RGB,3,JPEG,f06555154f7f4b05293b16109edd1797706c4b3b850b8467dea68ac40180fdf0,,Sheath_Blight,RiceLeafDisease_BD5,EXTERNAL_FIELD_DATASET
IMG_20241029_125032.jpg,.jpg,Sheath_Blight/IMG_20241029_125032.jpg,8869,True,300,300,1.0,RGB,3,JPEG,99894896c2c13897b320a14269738068f3bf1b4b5d714f7b16172755bd56016d,,Sheath_Blight,RiceLeafDisease_BD5,EXTERNAL_FIELD_DATASET
IMG_20241029_125033.jpg,.jpg,Sheath_Blight/IMG_20241029_125033.jpg,9046,True,300,300,1.0,RGB,3,JPEG,b6f00a62f8207d3d6ef50aed2ac5cf6de8ab0425c5a4afa57bfeaef277877661,,Sheath_Blight,RiceLeafDisease_BD5,EXTERNAL_FIELD_DATASET
IMG_20241029_125034.jpg,.jpg,Sheath_Blight/IMG_20241029_125034.jpg,8992,True,300,300,1.0,RGB,3,JPEG,03d41ba3f302a61fa2d69c9c49a372bc73694e5486da036e2dfc81a504962dd2,,Sheath_Blight,RiceLeafDisease_BD5,EXTERNAL_FIELD_DATASET
IMG_20241029_125034_1.jpg,.jpg,Sheath_Blight/IMG_20241029_125034_1.jpg,9024,True,300,300,1.0,RGB,3,JPEG,5542ecb069f50b830d8cc36ca1a9f61afcd5cba0cd33ae9bd41e5536473012b4,,Sheath_Blight,RiceLeafDisease_BD5,EXTERNAL_FIELD_DATASET
IMG_20241029_125037.jpg,.jpg,Sheath_Blight/IMG_20241029_125037.jpg,8991,True,300,300,1.0,RGB,3,JPEG,47a82a5c654f1ef571e1d5e0d760d0a08721f23428b5c638e751a0a12892b253,,Sheath_Blight,RiceLeafDisease_BD5,EXTERNAL_FIELD_DATASET
IMG_20241029_125059.jpg,.jpg,Sheath_Blight/IMG_20241029_125059.jpg,8127,True,300,300,1.0,RGB,3,JPEG,30413e5f0b6f915545e9c3516ddc5313fef5e5c48e61d9f87e15820f29ac96f2,,Sheath_Blight,RiceLeafDisease_BD5,EXTERNAL_FIELD_DATASET
IMG_20241029_125101.jpg,.jpg,Sheath_Blight/IMG_20241029_125101.jpg,8003,True,300,300,1.0,RGB,3,JPEG,f2d94bb2a71fcdcad9dacd03c9bc1cfa2d93bccaee3f16aba13697b4e8e7f321,,Sheath_Blight,RiceLeafDisease_BD5,EXTERNAL_FIELD_DATASET
IMG_20241029_125119.jpg,.jpg,Sheath_Blight/IMG_20241029_125119.jpg,8705,True,300,300,1.0,RGB,3,JPEG,1e074d1a58985eaa1b14fd6cedc5e6bd9260379e87df1f1194026049e207b511,,Sheath_Blight,RiceLeafDisease_BD5,EXTERNAL_FIELD_DATASET
IMG_20241029_125120.jpg,.jpg,Sheath_Blight/IMG_20241029_125120.jpg,8808,True,300,300,1.0,RGB,3,JPEG,46bd8f4612e8341c68a0927e35aaa12d30f977ee76262fbc57d1a0521b60fdc5,,Sheath_Blight,RiceLeafDisease_BD5,EXTERNAL_FIELD_DATASET
IMG_20241029_125122.jpg,.jpg,Sheath_Blight/IMG_20241029_125122.jpg,8644,True,300,300,1.0,RGB,3,JPEG,7f91b0723abd1fb66c107ca3841e99ce64fa7414165f034905debe4cca98995a,,Sheath_Blight,RiceLeafDisease_BD5,EXTERNAL_FIELD_DATASET
IMG_20241029_125152.jpg,.jpg,Sheath_Blight/IMG_20241029_125152.jpg,8314,True,300,300,1.0,RGB,3,JPEG,80ea74f3b75481472f08f9049de3bf0966b9477613227d5fa608a4502869d982,,Sheath_Blight,RiceLeafDisease_BD5,EXTERNAL_FIELD_DATASET
IMG_20241029_125212.jpg,.jpg,Sheath_Blight/IMG_20241029_125212.jpg,9101,True,300,300,1.0,RGB,3,JPEG,ad9974cbb20863d33565a71a472007ce439fdc4009e4fc898972244ce785eb0e,,Sheath_Blight,RiceLeafDisease_BD5,EXTERNAL_FIELD_DATASET
IMG_20241029_125213.jpg,.jpg,Sheath_Blight/IMG_20241029_125213.jpg,8509,True,300,300,1.0,RGB,3,JPEG,3b50e4c39cf3116f9aa699d85cd49a2fad5c7dae4feae06aa575964de382328f,,Sheath_Blight,RiceLeafDisease_BD5,EXTERNAL_FIELD_DATASET
IMG_20241029_125232.jpg,.jpg,Sheath_Blight/IMG_20241029_125232.jpg,7084,True,300,300,1.0,RGB,3,JPEG,2fff27b188159475d46a75562e21395abefd76e1475e2d83fe8dfc4b1804be4e,,Sheath_Blight,RiceLeafDisease_BD5,EXTERNAL_FIELD_DATASET
IMG_20241029_125246.jpg,.jpg,Sheath_Blight/IMG_20241029_125246.jpg,9237,True,300,300,1.0,RGB,3,JPEG,a5abc3eb3e3af366fdfb97f1cc9e7a1f1154858114c28dc7df94b2e4ce268e22,,Sheath_Blight,RiceLeafDisease_BD5,EXTERNAL_FIELD_DATASET
IMG_20241029_125256.jpg,.jpg,Sheath_Blight/IMG_20241029_125256.jpg,9191,True,300,300,1.0,RGB,3,JPEG,8305ea72e6e9d46513efc0c17e9ecd636d84bdede5bfdb2a1698bbcd73d74ecb,,Sheath_Blight,RiceLeafDisease_BD5,EXTERNAL_FIELD_DATASET
IMG_20241029_125259.jpg,.jpg,Sheath_Blight/IMG_20241029_125259.jpg,8562,True,300,300,1.0,RGB,3,JPEG,f131e70166eba9b6af77cfbae4b8c2b8276e85c50de5ed6663dbcd4746302197,,Sheath_Blight,RiceLeafDisease_BD5,EXTERNAL_FIELD_DATASET
IMG_20241029_125300.jpg,.jpg,Sheath_Blight/IMG_20241029_125300.jpg,8658,True,300,300,1.0,RGB,3,JPEG,d881aa3a0ac4aa57c6f97d984386516d9e6262cf39c2edad8a80dbbb04c25264,,Sheath_Blight,RiceLeafDisease_BD5,EXTERNAL_FIELD_DATASET
IMG_20241029_125301.jpg,.jpg,Sheath_Blight/IMG_20241029_125301.jpg,8664,True,300,300,1.0,RGB,3,JPEG,edc0bc9a1fe87a32e761c8bc1933f0076d0b22e4f33f2936a990f4aa1a2ebfdb,,Sheath_Blight,RiceLeafDisease_BD5,EXTERNAL_FIELD_DATASET
IMG_20241029_125302.jpg,.jpg,Sheath_Blight/IMG_20241029_125302.jpg,8721,True,300,300,1.0,RGB,3,JPEG,370e61e2b9365c83ff13dc40b6dbdf6b93b0aaa8767ffcaa7e2008b450eeb69e,,Sheath_Blight,RiceLeafDisease_BD5,EXTERNAL_FIELD_DATASET
IMG_20241029_125304.jpg,.jpg,Sheath_Blight/IMG_20241029_125304.jpg,7603,True,300,300,1.0,RGB,3,JPEG,d4ae7be3a62d44b2dc4fea8394e6a65c13bdffef2e84366f94887c69d751fb65,,Sheath_Blight,RiceLeafDisease_BD5,EXTERNAL_FIELD_DATASET
IMG_20241029_125342.jpg,.jpg,Sheath_Blight/IMG_20241029_125342.jpg,7102,True,300,300,1.0,RGB,3,JPEG,a5f93d73b79019132a2d9509ba953b6d3c3473f9cabe88110edbaed1429bbc56,,Sheath_Blight,RiceLeafDisease_BD5,EXTERNAL_FIELD_DATASET
IMG_20241029_125412.jpg,.jpg,Sheath_Blight/IMG_20241029_125412.jpg,7782,True,300,300,1.0,RGB,3,JPEG,06e4bc0728233d0da94763e0812886ec4e17532d2ae5d53e7592fd2b11a93498,,Sheath_Blight,RiceLeafDisease_BD5,EXTERNAL_FIELD_DATASET
IMG_20241029_125433.jpg,.jpg,Sheath_Blight/IMG_20241029_125433.jpg,7536,True,300,300,1.0,RGB,3,JPEG,14fd48d110d6fa36c09ac88192e0f96fa81c83e3995f4502c02f90b44c404d15,,Sheath_Blight,RiceLeafDisease_BD5,EXTERNAL_FIELD_DATASET
IMG_20241029_125436.jpg,.jpg,Sheath_Blight/IMG_20241029_125436.jpg,7488,True,300,300,1.0,RGB,3,JPEG,c2006f797a562a078e592a07a7b8cdcea180fe8d11412aa8be380de9a1eda6d7,,Sheath_Blight,RiceLeafDisease_BD5,EXTERNAL_FIELD_DATASET
IMG_20241029_125440.jpg,.jpg,Sheath_Blight/IMG_20241029_125440.jpg,10613,True,300,300,1.0,RGB,3,JPEG,65774a73e03c1a730e7e536f8aa7c556779ecf03833b432e28f16f718cc7d23a,,Sheath_Blight,RiceLeafDisease_BD5,EXTERNAL_FIELD_DATASET
IMG_20241029_125500.jpg,.jpg,Sheath_Blight/IMG_20241029_125500.jpg,9719,True,300,300,1.0,RGB,3,JPEG,c27f184a594827ca4644bee215db208904a9b5fc5c7924ae927fd5d0d1689dec,,Sheath_Blight,RiceLeafDisease_BD5,EXTERNAL_FIELD_DATASET
IMG_20241029_125509.jpg,.jpg,Sheath_Blight/IMG_20241029_125509.jpg,7949,True,300,300,1.0,RGB,3,JPEG,46ed3ef74b8836436f666e354c1adde16b743fcebcc56f2ae7be61ad5e19d252,,Sheath_Blight,RiceLeafDisease_BD5,EXTERNAL_FIELD_DATASET
IMG_20241029_125510.jpg,.jpg,Sheath_Blight/IMG_20241029_125510.jpg,7934,True,300,300,1.0,RGB,3,JPEG,51fc69d27d56aafac218b7ec63f90faf74a89c98f4818b208051dea75effb369,,Sheath_Blight,RiceLeafDisease_BD5,EXTERNAL_FIELD_DATASET
IMG_20241029_125512.jpg,.jpg,Sheath_Blight/IMG_20241029_125512.jpg,7843,True,300,300,1.0,RGB,3,JPEG,93aff80da1a99bf9a9330ce2f8e73b0c65ad54f02ba40a995fd63733ed2fb3c4,,Sheath_Blight,RiceLeafDisease_BD5,EXTERNAL_FIELD_DATASET
IMG_20241029_125535.jpg,.jpg,Sheath_Blight/IMG_20241029_125535.jpg,9203,True,300,300,1.0,RGB,3,JPEG,bafe47dc07be3c731e94233b0511d6f0c56cfd35f29070cb00af4cfbed19e39b,,Sheath_Blight,RiceLeafDisease_BD5,EXTERNAL_FIELD_DATASET
IMG_20241029_125622.jpg,.jpg,Sheath_Blight/IMG_20241029_125622.jpg,8282,True,300,300,1.0,RGB,3,JPEG,d407799f49fc3649344ee0335a0474091c93fe813422052e0945380017e4303c,,Sheath_Blight,RiceLeafDisease_BD5,EXTERNAL_FIELD_DATASET
IMG_20241029_125637.jpg,.jpg,Sheath_Blight/IMG_20241029_125637.jpg,9169,True,300,300,1.0,RGB,3,JPEG,deab160a4efa0591fd0ac9f95ef38477e4ad85e68d2db56974df3a0f70c4dfa3,,Sheath_Blight,RiceLeafDisease_BD5,EXTERNAL_FIELD_DATASET
IMG_20241029_125652.jpg,.jpg,Sheath_Blight/IMG_20241029_125652.jpg,8237,True,300,300,1.0,RGB,3,JPEG,536dd727fae16593159a201c0dde58df6214c07043428834d925b58c37412514,,Sheath_Blight,RiceLeafDisease_BD5,EXTERNAL_FIELD_DATASET
IMG_20241029_125723.jpg,.jpg,Sheath_Blight/IMG_20241029_125723.jpg,6698,True,300,300,1.0,RGB,3,JPEG,dbee4d22a75a50542536e28daf635320ec0e470593041de3d65666cb7dc87cbf,,Sheath_Blight,RiceLeafDisease_BD5,EXTERNAL_FIELD_DATASET
IMG_20241029_125748.jpg,.jpg,Sheath_Blight/IMG_20241029_125748.jpg,6935,True,300,300,1.0,RGB,3,JPEG,f795a09d6c72b171afbeb6c857dc37428dff5cad22cf1abe3074f3458a848581,,Sheath_Blight,RiceLeafDisease_BD5,EXTERNAL_FIELD_DATASET
IMG_20241029_125824.jpg,.jpg,Sheath_Blight/IMG_20241029_125824.jpg,7208,True,300,300,1.0,RGB,3,JPEG,8fb3b774a27b5c6d4e29451325ea63ba140e8a7d3a7bf7a153ce33e4b2720f2e,,Sheath_Blight,RiceLeafDisease_BD5,EXTERNAL_FIELD_DATASET
IMG_20241029_130052.jpg,.jpg,Sheath_Blight/IMG_20241029_130052.jpg,7046,True,300,300,1.0,RGB,3,JPEG,88fba9f77ea58bb3def65827c647c52be63958ace58bb5c0396e369173b7b534,,Sheath_Blight,RiceLeafDisease_BD5,EXTERNAL_FIELD_DATASET
IMG_20241029_130106.jpg,.jpg,Sheath_Blight/IMG_20241029_130106.jpg,6638,True,300,300,1.0,RGB,3,JPEG,e11fbe00e4208607ffa1b9fe49ae9c9870a54fd1677e6ea068dcd8263e5558bf,,Sheath_Blight,RiceLeafDisease_BD5,EXTERNAL_FIELD_DATASET
IMG_20241029_130156.jpg,.jpg,Sheath_Blight/IMG_20241029_130156.jpg,6601,True,300,300,1.0,RGB,3,JPEG,8b6baecbb58c53d7f062b747cc9876e69e8c74c44bd194b30ce00ca4b3b73cfc,,Sheath_Blight,RiceLeafDisease_BD5,EXTERNAL_FIELD_DATASET
IMG_20241029_130212.jpg,.jpg,Sheath_Blight/IMG_20241029_130212.jpg,7871,True,300,300,1.0,RGB,3,JPEG,b393ae04ec297856f2c1106452852e991e0da894cde1bf0f4ec3bcf7b53b1c36,,Sheath_Blight,RiceLeafDisease_BD5,EXTERNAL_FIELD_DATASET
IMG_20241029_130219.jpg,.jpg,Sheath_Blight/IMG_20241029_130219.jpg,10996,True,300,300,1.0,RGB,3,JPEG,ddcf1c70246682fe0e2ddfa9f46a7a4cbe337257a26ad135761e02ab39969574,,Sheath_Blight,RiceLeafDisease_BD5,EXTERNAL_FIELD_DATASET
IMG_20241029_130231.jpg,.jpg,Sheath_Blight/IMG_20241029_130231.jpg,8308,True,300,300,1.0,RGB,3,JPEG,5b2606de4604d827251ca7600530778ae72deeea25bf739d755af3b5ada94408,,Sheath_Blight,RiceLeafDisease_BD5,EXTERNAL_FIELD_DATASET
IMG_20241029_130244.jpg,.jpg,Sheath_Blight/IMG_20241029_130244.jpg,9396,True,300,300,1.0,RGB,3,JPEG,08698a25ed06650ae6da2aec25f4b3318d5c91f7190845809555ed4938ddf1c7,,Sheath_Blight,RiceLeafDisease_BD5,EXTERNAL_FIELD_DATASET
IMG_20241029_130253.jpg,.jpg,Sheath_Blight/IMG_20241029_130253.jpg,7837,True,300,300,1.0,RGB,3,JPEG,6faacbca553ddbb1915971fb1a9ab73363f530692bd114fea9d8cdda72cba9d5,,Sheath_Blight,RiceLeafDisease_BD5,EXTERNAL_FIELD_DATASET
IMG_20241029_130312.jpg,.jpg,Sheath_Blight/IMG_20241029_130312.jpg,8790,True,300,300,1.0,RGB,3,JPEG,99b3c873d22881e8550226983fbf2119077c2213c96f4c3198dade3f4c73cd91,,Sheath_Blight,RiceLeafDisease_BD5,EXTERNAL_FIELD_DATASET
IMG_20241029_130318.jpg,.jpg,Sheath_Blight/IMG_20241029_130318.jpg,7975,True,300,300,1.0,RGB,3,JPEG,3a41588da8e4290984bf66746f73b12af3ef196960131db24a4be6c244e76ce7,,Sheath_Blight,RiceLeafDisease_BD5,EXTERNAL_FIELD_DATASET
IMG_20241029_130320.jpg,.jpg,Sheath_Blight/IMG_20241029_130320.jpg,8087,True,300,300,1.0,RGB,3,JPEG,083b9c396abe5a4804cedbf66511ffdaef9230714d62b3525130f46f0821f75c,,Sheath_Blight,RiceLeafDisease_BD5,EXTERNAL_FIELD_DATASET
IMG_20241029_130356.jpg,.jpg,Sheath_Blight/IMG_20241029_130356.jpg,7748,True,300,300,1.0,RGB,3,JPEG,a48d121d616c1541f54fd9fc862c965104caa35d7d9a40b4816521a64c6f3b15,,Sheath_Blight,RiceLeafDisease_BD5,EXTERNAL_FIELD_DATASET
IMG_20241029_130406.jpg,.jpg,Sheath_Blight/IMG_20241029_130406.jpg,6997,True,300,300,1.0,RGB,3,JPEG,d14f44ecf11353d9231a672f0e0839aa98172fbad35132a47f713b20624b9440,,Sheath_Blight,RiceLeafDisease_BD5,EXTERNAL_FIELD_DATASET
IMG_20241029_130408.jpg,.jpg,Sheath_Blight/IMG_20241029_130408.jpg,7007,True,300,300,1.0,RGB,3,JPEG,803db3fda33967bfea9573285e73f508d9bd65b181ebe98d44c8c0af2a3c23ba,,Sheath_Blight,RiceLeafDisease_BD5,EXTERNAL_FIELD_DATASET
IMG_20241029_130410.jpg,.jpg,Sheath_Blight/IMG_20241029_130410.jpg,6983,True,300,300,1.0,RGB,3,JPEG,515dfda001ce49d9846399a1b0d1b4430ebd8e7faaaac6d6ef89cdcb1ca16b60,,Sheath_Blight,RiceLeafDisease_BD5,EXTERNAL_FIELD_DATASET
IMG_20241029_130434.jpg,.jpg,Sheath_Blight/IMG_20241029_130434.jpg,7793,True,300,300,1.0,RGB,3,JPEG,082df426250b500053836c46966d1ba05703a830fba1fad03b6c37770e14f0c7,,Sheath_Blight,RiceLeafDisease_BD5,EXTERNAL_FIELD_DATASET
IMG_20241029_130438.jpg,.jpg,Sheath_Blight/IMG_20241029_130438.jpg,8021,True,300,300,1.0,RGB,3,JPEG,a1f043cbbebd72a0c73c24211ee5ffa6505d309c2849ecf06d1a7893dc0fdfa7,,Sheath_Blight,RiceLeafDisease_BD5,EXTERNAL_FIELD_DATASET
IMG_20241029_130441.jpg,.jpg,Sheath_Blight/IMG_20241029_130441.jpg,7875,True,300,300,1.0,RGB,3,JPEG,6eccccadc75ce1b2357de30883b3c0377369bd02f29fb29f2d36e0eac444df51,,Sheath_Blight,RiceLeafDisease_BD5,EXTERNAL_FIELD_DATASET
IMG_20241029_130449.jpg,.jpg,Sheath_Blight/IMG_20241029_130449.jpg,6734,True,300,300,1.0,RGB,3,JPEG,2a6f2e646a67c6be19b779826cb29d160eb80f7a85eb081ba73222abb584686b,,Sheath_Blight,RiceLeafDisease_BD5,EXTERNAL_FIELD_DATASET
IMG_20241029_130449_1.jpg,.jpg,Sheath_Blight/IMG_20241029_130449_1.jpg,7225,True,300,300,1.0,RGB,3,JPEG,912b0ed78e33a3166b6bb8e471a177d00b24907435551817055f59c6b040bd33,,Sheath_Blight,RiceLeafDisease_BD5,EXTERNAL_FIELD_DATASET
IMG_20241029_130452.jpg,.jpg,Sheath_Blight/IMG_20241029_130452.jpg,6976,True,300,300,1.0,RGB,3,JPEG,531029e6754d3c2461a438f3a91fda9d1d5ced13c03418964c469bf796e3ca89,,Sheath_Blight,RiceLeafDisease_BD5,EXTERNAL_FIELD_DATASET
IMG_20241029_130501.jpg,.jpg,Sheath_Blight/IMG_20241029_130501.jpg,6642,True,300,300,1.0,RGB,3,JPEG,df30332e6b47fc349cc94f70a00a90300f90c5a289c991347386afe8cf683740,,Sheath_Blight,RiceLeafDisease_BD5,EXTERNAL_FIELD_DATASET
IMG_20241029_130504.jpg,.jpg,Sheath_Blight/IMG_20241029_130504.jpg,8806,True,300,300,1.0,RGB,3,JPEG,055f49206fb8a1aa37b8c7b22d78f5652a34bcc367a239ddc864b26318505e46,,Sheath_Blight,RiceLeafDisease_BD5,EXTERNAL_FIELD_DATASET
IMG_20241029_130516.jpg,.jpg,Sheath_Blight/IMG_20241029_130516.jpg,7997,True,300,300,1.0,RGB,3,JPEG,28ccfebe987110da764961a949ca1881b07fd1247d0b0c29c9f682b985894311,,Sheath_Blight,RiceLeafDisease_BD5,EXTERNAL_FIELD_DATASET
IMG_20241029_130517.jpg,.jpg,Sheath_Blight/IMG_20241029_130517.jpg,6290,True,300,300,1.0,RGB,3,JPEG,89d3839e33f6709bbf3ebe429f05ca86e65acebf12052d4ad8550a5abe37084b,,Sheath_Blight,RiceLeafDisease_BD5,EXTERNAL_FIELD_DATASET
IMG_20241029_130531.jpg,.jpg,Sheath_Blight/IMG_20241029_130531.jpg,10186,True,300,300,1.0,RGB,3,JPEG,326b8e0ae8ef6edf3d8c0f22c8fe03f8722a386d3f7982720f450d2b2b04a076,,Sheath_Blight,RiceLeafDisease_BD5,EXTERNAL_FIELD_DATASET
IMG_20241029_130545.jpg,.jpg,Sheath_Blight/IMG_20241029_130545.jpg,9340,True,300,300,1.0,RGB,3,JPEG,8824828a97415bff74d8dfa024c02af0ef6e043b0b1f42d45410de67b1b0ba2b,,Sheath_Blight,RiceLeafDisease_BD5,EXTERNAL_FIELD_DATASET
IMG_20241029_130546.jpg,.jpg,Sheath_Blight/IMG_20241029_130546.jpg,9072,True,300,300,1.0,RGB,3,JPEG,61b0d55769ad603582e6c2206e9d8b4933c7a0a41740963af3dcf3d762ddbf30,,Sheath_Blight,RiceLeafDisease_BD5,EXTERNAL_FIELD_DATASET
IMG_20241029_130606.jpg,.jpg,Sheath_Blight/IMG_20241029_130606.jpg,8817,True,300,300,1.0,RGB,3,JPEG,5fc804dbad7510aea0f38ad9791bf619ec323f5ccd6f43fc7085bf76a653a27e,,Sheath_Blight,RiceLeafDisease_BD5,EXTERNAL_FIELD_DATASET
IMG_20241029_130609.jpg,.jpg,Sheath_Blight/IMG_20241029_130609.jpg,8953,True,300,300,1.0,RGB,3,JPEG,1374a87d23ca903fd7625d327a600194725243c6c41775bb8dc00438fb523eb7,,Sheath_Blight,RiceLeafDisease_BD5,EXTERNAL_FIELD_DATASET
IMG_20241029_130625.jpg,.jpg,Sheath_Blight/IMG_20241029_130625.jpg,8547,True,300,300,1.0,RGB,3,JPEG,bc142805d48759a80ec31eab550862894c9189da1ad6c626be71923fe0c5f5a7,,Sheath_Blight,RiceLeafDisease_BD5,EXTERNAL_FIELD_DATASET
IMG_20241029_130627.jpg,.jpg,Sheath_Blight/IMG_20241029_130627.jpg,8428,True,300,300,1.0,RGB,3,JPEG,151b9a118d88880586c3074d8f97cd163a90b7e88b8acf99c33d10577f20afed,,Sheath_Blight,RiceLeafDisease_BD5,EXTERNAL_FIELD_DATASET
IMG_20241029_130709.jpg,.jpg,Sheath_Blight/IMG_20241029_130709.jpg,8513,True,300,300,1.0,RGB,3,JPEG,ac68f97001920be5134dd6ce6d9dd665105f28229831b4ddb7b481c315a1a081,,Sheath_Blight,RiceLeafDisease_BD5,EXTERNAL_FIELD_DATASET
IMG_20241029_130711.jpg,.jpg,Sheath_Blight/IMG_20241029_130711.jpg,8633,True,300,300,1.0,RGB,3,JPEG,b5f2f9bac54e9ba02d8017e29a4cd6175ee55bb7e5a22f6efb995054ae415d93,,Sheath_Blight,RiceLeafDisease_BD5,EXTERNAL_FIELD_DATASET
IMG_20241029_130718.jpg,.jpg,Sheath_Blight/IMG_20241029_130718.jpg,8748,True,300,300,1.0,RGB,3,JPEG,d6a4273f27f79200ddf5aca4891c0f74b4b65532cadfc63189e54dbacc8b3542,,Sheath_Blight,RiceLeafDisease_BD5,EXTERNAL_FIELD_DATASET
IMG_20241029_130731.jpg,.jpg,Sheath_Blight/IMG_20241029_130731.jpg,8310,True,300,300,1.0,RGB,3,JPEG,07c767a24e1c12f311a3afedd29a865fa50c660bbacbeae994e3c7ab1fe69b28,,Sheath_Blight,RiceLeafDisease_BD5,EXTERNAL_FIELD_DATASET
IMG_20241029_130732.jpg,.jpg,Sheath_Blight/IMG_20241029_130732.jpg,9041,True,300,300,1.0,RGB,3,JPEG,7df27857eb621baad01acf9d07f75976078292518b690ec28d1f2924917343e6,,Sheath_Blight,RiceLeafDisease_BD5,EXTERNAL_FIELD_DATASET
IMG_20241029_130751.jpg,.jpg,Sheath_Blight/IMG_20241029_130751.jpg,9210,True,300,300,1.0,RGB,3,JPEG,7f3bcc7899633ab97cef3adb233e0248e8c4e38c0a10f154352033180cc414b2,,Sheath_Blight,RiceLeafDisease_BD5,EXTERNAL_FIELD_DATASET
IMG_20241029_130803.jpg,.jpg,Sheath_Blight/IMG_20241029_130803.jpg,7961,True,300,300,1.0,RGB,3,JPEG,ff6246bee974f5a9457b61e390a1aaebddd8f9463a0c4da7192097b0c5a66439,,Sheath_Blight,RiceLeafDisease_BD5,EXTERNAL_FIELD_DATASET
IMG_20241029_130841.jpg,.jpg,Sheath_Blight/IMG_20241029_130841.jpg,8975,True,300,300,1.0,RGB,3,JPEG,c868db44de40562e1ef932995f9099c3711d37e05f96e396d5474c2a8fdba664,,Sheath_Blight,RiceLeafDisease_BD5,EXTERNAL_FIELD_DATASET
IMG_20241029_130850.jpg,.jpg,Sheath_Blight/IMG_20241029_130850.jpg,8954,True,300,300,1.0,RGB,3,JPEG,ebcec66d43a779daa8e6b0b76a04193e6f35425d9a9a8279734bae3fa9dedba9,,Sheath_Blight,RiceLeafDisease_BD5,EXTERNAL_FIELD_DATASET
IMG_20241029_130907.jpg,.jpg,Sheath_Blight/IMG_20241029_130907.jpg,8336,True,300,300,1.0,RGB,3,JPEG,d983e5f318fbc4c8b59689d2e3d72aa13b8a43b372d3d11dd78eb6455c1a4812,,Sheath_Blight,RiceLeafDisease_BD5,EXTERNAL_FIELD_DATASET
IMG_20241029_130915.jpg,.jpg,Sheath_Blight/IMG_20241029_130915.jpg,7955,True,300,300,1.0,RGB,3,JPEG,a67846c312eb5ca29cfe26593f16d007afd1c23b4e19c28e5f3b3f9285029d69,,Sheath_Blight,RiceLeafDisease_BD5,EXTERNAL_FIELD_DATASET
IMG_20241029_131018.jpg,.jpg,Sheath_Blight/IMG_20241029_131018.jpg,9083,True,300,300,1.0,RGB,3,JPEG,3b3582b13a6d6d435cec9b2002ff55ce6fe00d1165fd64b420d079ec27de68e4,,Sheath_Blight,RiceLeafDisease_BD5,EXTERNAL_FIELD_DATASET
IMG_20241029_131033.jpg,.jpg,Sheath_Blight/IMG_20241029_131033.jpg,6927,True,300,300,1.0,RGB,3,JPEG,5b9c0b7d0d86b62701240e9c2f17209403ee912854ef3ece9e3251a8a3891e74,,Sheath_Blight,RiceLeafDisease_BD5,EXTERNAL_FIELD_DATASET
IMG_20241029_131104.jpg,.jpg,Sheath_Blight/IMG_20241029_131104.jpg,7301,True,300,300,1.0,RGB,3,JPEG,1963b22f7706e36fc6229bbfb04102e78af135a6025c1aa07b29fdb7024c7e42,,Sheath_Blight,RiceLeafDisease_BD5,EXTERNAL_FIELD_DATASET
IMG_20241029_131131.jpg,.jpg,Sheath_Blight/IMG_20241029_131131.jpg,9057,True,300,300,1.0,RGB,3,JPEG,4c66fe0fb030794d3eecff4e5d1327869a74ecfac40ef56a0fe4dde79fa999ff,,Sheath_Blight,RiceLeafDisease_BD5,EXTERNAL_FIELD_DATASET
IMG_20241029_131145.jpg,.jpg,Sheath_Blight/IMG_20241029_131145.jpg,8817,True,300,300,1.0,RGB,3,JPEG,8718a28c1c80be7f81281913b158e0086e67428162e00937303bf7f8f32a6e30,,Sheath_Blight,RiceLeafDisease_BD5,EXTERNAL_FIELD_DATASET
IMG_20241029_131214.jpg,.jpg,Sheath_Blight/IMG_20241029_131214.jpg,8380,True,300,300,1.0,RGB,3,JPEG,b2a66dabd8f26d0a9488005535d95023c20b311ec60e4bcfea55100d77c789a3,,Sheath_Blight,RiceLeafDisease_BD5,EXTERNAL_FIELD_DATASET
IMG_20241029_131229.jpg,.jpg,Sheath_Blight/IMG_20241029_131229.jpg,7761,True,300,300,1.0,RGB,3,JPEG,db3f0fcb657c6bb67ed51385bc70975379e0f7e7c8109b002047f80ca5f79269,,Sheath_Blight,RiceLeafDisease_BD5,EXTERNAL_FIELD_DATASET
IMG_20241029_131245.jpg,.jpg,Sheath_Blight/IMG_20241029_131245.jpg,11077,True,300,300,1.0,RGB,3,JPEG,69f9da0d32fb429f1759bad9e98806da318956cffbb2123b98fc8e4784dc4bcc,,Sheath_Blight,RiceLeafDisease_BD5,EXTERNAL_FIELD_DATASET
IMG_20241029_131256.jpg,.jpg,Sheath_Blight/IMG_20241029_131256.jpg,14909,True,300,300,1.0,RGB,3,JPEG,ce5d2489dcd27ef262510fb18c8e0189a00a541552eefecae4b231627a0df400,,Sheath_Blight,RiceLeafDisease_BD5,EXTERNAL_FIELD_DATASET
IMG_20241029_131309.jpg,.jpg,Sheath_Blight/IMG_20241029_131309.jpg,10469,True,300,300,1.0,RGB,3,JPEG,0e18ad2b105eabeeca33780d9c7d72cd6ef4975c362dc8714ff1bf8086bbf59b,,Sheath_Blight,RiceLeafDisease_BD5,EXTERNAL_FIELD_DATASET
IMG_20241029_131327.jpg,.jpg,Sheath_Blight/IMG_20241029_131327.jpg,11816,True,300,300,1.0,RGB,3,JPEG,aec1154cd27d01e26fba5bfff737bd82dce8ccce079752f414cad2320656b596,,Sheath_Blight,RiceLeafDisease_BD5,EXTERNAL_FIELD_DATASET
IMG_20241029_131355.jpg,.jpg,Sheath_Blight/IMG_20241029_131355.jpg,9139,True,300,300,1.0,RGB,3,JPEG,b5faae75d159ca117f7ef82e9daf6f1c966f868cd3e53fe3aa4f6aeb55b409f7,,Sheath_Blight,RiceLeafDisease_BD5,EXTERNAL_FIELD_DATASET
IMG_20241029_131415.jpg,.jpg,Sheath_Blight/IMG_20241029_131415.jpg,8968,True,300,300,1.0,RGB,3,JPEG,7acdd9b10c15af61cf67149dfac2ee08b5f0a05a5f2b74c10ce452b4f1781e08,,Sheath_Blight,RiceLeafDisease_BD5,EXTERNAL_FIELD_DATASET
IMG_20241029_131425.jpg,.jpg,Sheath_Blight/IMG_20241029_131425.jpg,10426,True,300,300,1.0,RGB,3,JPEG,ab4d99f0465f8e4b6cf0bfb3769b926847de389474cd2eadc6c63d4a39d2dbf7,,Sheath_Blight,RiceLeafDisease_BD5,EXTERNAL_FIELD_DATASET
IMG_20241029_131433.jpg,.jpg,Sheath_Blight/IMG_20241029_131433.jpg,9241,True,300,300,1.0,RGB,3,JPEG,cc1e21937bd2b710e6d47e4e979112c7630c376d0e224fd2d3650f567d7d55a0,,Sheath_Blight,RiceLeafDisease_BD5,EXTERNAL_FIELD_DATASET
IMG_20241029_131436.jpg,.jpg,Sheath_Blight/IMG_20241029_131436.jpg,9205,True,300,300,1.0,RGB,3,JPEG,6a63e4938a415edf459a623ae9e6ee2d86a829e0b53dcc43ce696f20da4ceca6,,Sheath_Blight,RiceLeafDisease_BD5,EXTERNAL_FIELD_DATASET
IMG_20241029_131456.jpg,.jpg,Sheath_Blight/IMG_20241029_131456.jpg,9698,True,300,300,1.0,RGB,3,JPEG,e53301c41ee2a9aa71cd2c1cfd81dc304a164524ca6f0505c03baff05564114a,,Sheath_Blight,RiceLeafDisease_BD5,EXTERNAL_FIELD_DATASET
IMG_20241029_131504.jpg,.jpg,Sheath_Blight/IMG_20241029_131504.jpg,9807,True,300,300,1.0,RGB,3,JPEG,94fea5c8f420dd1c6c5ae0d834376d043c95ff93a42dcd04e90a599a38ba5d89,,Sheath_Blight,RiceLeafDisease_BD5,EXTERNAL_FIELD_DATASET
IMG_20241029_131516.jpg,.jpg,Sheath_Blight/IMG_20241029_131516.jpg,9310,True,300,300,1.0,RGB,3,JPEG,7774cdde9c40b4a3710e95cc5ab9537b4438455170b2d799ae0f95f4bdda429e,,Sheath_Blight,RiceLeafDisease_BD5,EXTERNAL_FIELD_DATASET
IMG_20241029_131525.jpg,.jpg,Sheath_Blight/IMG_20241029_131525.jpg,8728,True,300,300,1.0,RGB,3,JPEG,c20ab246a4bcb66f20182051a9c8fa242d683a2af53d98fe65e2ace11769e243,,Sheath_Blight,RiceLeafDisease_BD5,EXTERNAL_FIELD_DATASET
IMG_20241029_131536.jpg,.jpg,Sheath_Blight/IMG_20241029_131536.jpg,8072,True,300,300,1.0,RGB,3,JPEG,36957c9d186a336f43edfe88eaacbb8b09ab3aa1fdaefe14251a42bf6cd9b15b,,Sheath_Blight,RiceLeafDisease_BD5,EXTERNAL_FIELD_DATASET
IMG_20241029_131551.jpg,.jpg,Sheath_Blight/IMG_20241029_131551.jpg,7265,True,300,300,1.0,RGB,3,JPEG,e07a0cc47c32928f378ebe42fa26f324c462ced9cfddb0b7685f9997a3f5c97e,,Sheath_Blight,RiceLeafDisease_BD5,EXTERNAL_FIELD_DATASET
IMG_20241029_131604.jpg,.jpg,Sheath_Blight/IMG_20241029_131604.jpg,7254,True,300,300,1.0,RGB,3,JPEG,879f7787ed6376a5a69b9a029b4cfd7485cd02a595c179ce2b9a23190e3fc6f1,,Sheath_Blight,RiceLeafDisease_BD5,EXTERNAL_FIELD_DATASET
IMG_20241029_131803.jpg,.jpg,Sheath_Blight/IMG_20241029_131803.jpg,7927,True,300,300,1.0,RGB,3,JPEG,124b2477edd083a621c2e62fef7163d7bf10e33bd0dfe47b36fd2bb932bdd5cf,,Sheath_Blight,RiceLeafDisease_BD5,EXTERNAL_FIELD_DATASET
IMG_20241029_131807.jpg,.jpg,Sheath_Blight/IMG_20241029_131807.jpg,7938,True,300,300,1.0,RGB,3,JPEG,84578ca5f7132a8c244a8af08b38f2bbe909d96ce211c5ab747f1a04316a2e6d,,Sheath_Blight,RiceLeafDisease_BD5,EXTERNAL_FIELD_DATASET
IMG_20241029_131808.jpg,.jpg,Sheath_Blight/IMG_20241029_131808.jpg,7966,True,300,300,1.0,RGB,3,JPEG,2f70e650511fe92206182d1bc10a796979a877e407afaba7c54c41b7514401aa,,Sheath_Blight,RiceLeafDisease_BD5,EXTERNAL_FIELD_DATASET
IMG_20241029_131944.jpg,.jpg,Sheath_Blight/IMG_20241029_131944.jpg,8115,True,300,300,1.0,RGB,3,JPEG,908d02d261ee0b6f9439c118e4da6f5cee08813853a560331c0f31cf7bfa16e2,,Sheath_Blight,RiceLeafDisease_BD5,EXTERNAL_FIELD_DATASET
IMG_20241029_131951.jpg,.jpg,Sheath_Blight/IMG_20241029_131951.jpg,7857,True,300,300,1.0,RGB,3,JPEG,99e78a1d3e3757c386fcf03c2ef9f16cd73fe88e66f8576b3e192d3e471a9858,,Sheath_Blight,RiceLeafDisease_BD5,EXTERNAL_FIELD_DATASET
IMG_20241029_132012.jpg,.jpg,Sheath_Blight/IMG_20241029_132012.jpg,8743,True,300,300,1.0,RGB,3,JPEG,ce475ba862fc02a5475a3bf9df80198193334712e78557adb496bf8d4a6b754e,,Sheath_Blight,RiceLeafDisease_BD5,EXTERNAL_FIELD_DATASET
IMG_20241029_132023.jpg,.jpg,Sheath_Blight/IMG_20241029_132023.jpg,7621,True,300,300,1.0,RGB,3,JPEG,8612519bd2aa923d9b59e0dd50588b0412b627cc160572b45e25dc7ab04aa472,,Sheath_Blight,RiceLeafDisease_BD5,EXTERNAL_FIELD_DATASET
IMG_20241029_132029.jpg,.jpg,Sheath_Blight/IMG_20241029_132029.jpg,7315,True,300,300,1.0,RGB,3,JPEG,64bfa88aaa179b959c50c40b76e65ea3802e73ce8b8ac52a88cd74e4802af14c,,Sheath_Blight,RiceLeafDisease_BD5,EXTERNAL_FIELD_DATASET
IMG_20241029_132030.jpg,.jpg,Sheath_Blight/IMG_20241029_132030.jpg,7310,True,300,300,1.0,RGB,3,JPEG,0fcb9b300f9ba8aa98bcf7057c7f453246f82dd691acb2b7c336ab2fabd85ee7,,Sheath_Blight,RiceLeafDisease_BD5,EXTERNAL_FIELD_DATASET
IMG_20241029_132035.jpg,.jpg,Sheath_Blight/IMG_20241029_132035.jpg,8288,True,300,300,1.0,RGB,3,JPEG,9ce27dc151268164d3006c6b945a95c3979e86db8b31519997ac65f4238853f4,,Sheath_Blight,RiceLeafDisease_BD5,EXTERNAL_FIELD_DATASET
IMG_20241029_132058.jpg,.jpg,Sheath_Blight/IMG_20241029_132058.jpg,4329,True,300,300,1.0,RGB,3,JPEG,bb9b4528413bb26d666a6603b90d4354606b640724a00e71ee12992532caecac,,Sheath_Blight,RiceLeafDisease_BD5,EXTERNAL_FIELD_DATASET
IMG_20241029_132217.jpg,.jpg,Sheath_Blight/IMG_20241029_132217.jpg,8585,True,300,300,1.0,RGB,3,JPEG,e7891e21138d1a2afdd7c60c3561e3459d8377d65bcf67e45a5c877cb81cc2a0,,Sheath_Blight,RiceLeafDisease_BD5,EXTERNAL_FIELD_DATASET
IMG_20241029_132247.jpg,.jpg,Sheath_Blight/IMG_20241029_132247.jpg,8949,True,300,300,1.0,RGB,3,JPEG,ba0418a551a08828231c05d9c7ca1452005b3b4e67d34534730dbe18dff3105c,,Sheath_Blight,RiceLeafDisease_BD5,EXTERNAL_FIELD_DATASET
IMG_20241029_132308.jpg,.jpg,Sheath_Blight/IMG_20241029_132308.jpg,8700,True,300,300,1.0,RGB,3,JPEG,1e4573b09e0b45cfd13e37c810ec645ad5d8c5ef0b9f047eebb254cfdd11b438,,Sheath_Blight,RiceLeafDisease_BD5,EXTERNAL_FIELD_DATASET
IMG_20241029_132337.jpg,.jpg,Sheath_Blight/IMG_20241029_132337.jpg,9017,True,300,300,1.0,RGB,3,JPEG,40f619743f8602bebd2cd053c242bd54e89ad7276f4e0221cdaa8307add5e0a5,,Sheath_Blight,RiceLeafDisease_BD5,EXTERNAL_FIELD_DATASET
IMG_20241029_132405.jpg,.jpg,Sheath_Blight/IMG_20241029_132405.jpg,10321,True,300,300,1.0,RGB,3,JPEG,a7c74c32d51116555230b85b179d66735e9d9e242745225c4f3be9ee144f50d3,,Sheath_Blight,RiceLeafDisease_BD5,EXTERNAL_FIELD_DATASET
IMG_20241029_132443.jpg,.jpg,Sheath_Blight/IMG_20241029_132443.jpg,7924,True,300,300,1.0,RGB,3,JPEG,602ac5e723fb02512eaad66898b03f52ded3dfb832564828c8c14b4b97e3e060,,Sheath_Blight,RiceLeafDisease_BD5,EXTERNAL_FIELD_DATASET
IMG_20241029_132514.jpg,.jpg,Sheath_Blight/IMG_20241029_132514.jpg,9458,True,300,300,1.0,RGB,3,JPEG,1c60695466b81b755b1d47c37aa91c4416ac059a3a5bf87b52d9e9558d22f2b8,,Sheath_Blight,RiceLeafDisease_BD5,EXTERNAL_FIELD_DATASET
IMG_20241029_132609.jpg,.jpg,Sheath_Blight/IMG_20241029_132609.jpg,9058,True,300,300,1.0,RGB,3,JPEG,e6eb0975e1c48d65578d97449a81b727eb27008bcbbe77052048f3a981f19492,,Sheath_Blight,RiceLeafDisease_BD5,EXTERNAL_FIELD_DATASET
IMG_20241029_132629.jpg,.jpg,Sheath_Blight/IMG_20241029_132629.jpg,9838,True,300,300,1.0,RGB,3,JPEG,b1ef5723488da5fb9e5dc6237c0a4091221311f61f3c5d10dd61d64a805fb3da,,Sheath_Blight,RiceLeafDisease_BD5,EXTERNAL_FIELD_DATASET
IMG_20241029_132757.jpg,.jpg,Sheath_Blight/IMG_20241029_132757.jpg,7885,True,300,300,1.0,RGB,3,JPEG,884450f622645440c017e2d2ae36a3738371b6d5a0eaed5b09c9962534f828c1,,Sheath_Blight,RiceLeafDisease_BD5,EXTERNAL_FIELD_DATASET
IMG_20241029_132802.jpg,.jpg,Sheath_Blight/IMG_20241029_132802.jpg,8076,True,300,300,1.0,RGB,3,JPEG,7ec8297c78a7d160b311f6457ac45a3f1a55843a5ac7a7cff8a3cb1c3fc7a8da,,Sheath_Blight,RiceLeafDisease_BD5,EXTERNAL_FIELD_DATASET
IMG_20241029_132805.jpg,.jpg,Sheath_Blight/IMG_20241029_132805.jpg,8078,True,300,300,1.0,RGB,3,JPEG,e68c085177efa9b573fb77e41413ab4d0ac0c11248586a9df35e0c63718540c1,,Sheath_Blight,RiceLeafDisease_BD5,EXTERNAL_FIELD_DATASET
IMG_20241029_132813.jpg,.jpg,Sheath_Blight/IMG_20241029_132813.jpg,8999,True,300,300,1.0,RGB,3,JPEG,7626887582bd914849ca23630e4f73190b2ae1bfb9784e2f100a4573850b501e,,Sheath_Blight,RiceLeafDisease_BD5,EXTERNAL_FIELD_DATASET
IMG_20241029_132816.jpg,.jpg,Sheath_Blight/IMG_20241029_132816.jpg,7962,True,300,300,1.0,RGB,3,JPEG,b62753ce2ba3caad87a5aba9c34d7c5b651493b9cc31b98138f997243bfc5d3c,,Sheath_Blight,RiceLeafDisease_BD5,EXTERNAL_FIELD_DATASET
IMG_20241029_132836.jpg,.jpg,Sheath_Blight/IMG_20241029_132836.jpg,8400,True,300,300,1.0,RGB,3,JPEG,dff08b3facbc1ca02f9ec143de4c96db285a898d365e669710c2c69b494f99e4,,Sheath_Blight,RiceLeafDisease_BD5,EXTERNAL_FIELD_DATASET
IMG_20241029_132842.jpg,.jpg,Sheath_Blight/IMG_20241029_132842.jpg,7785,True,300,300,1.0,RGB,3,JPEG,c7ea1cc02c4b529a76038de342066dab662c30a76d11244ab713dcac1375d909,,Sheath_Blight,RiceLeafDisease_BD5,EXTERNAL_FIELD_DATASET
IMG_20241029_132855.jpg,.jpg,Sheath_Blight/IMG_20241029_132855.jpg,9940,True,300,300,1.0,RGB,3,JPEG,df48111d8b9a5624f53bbf47919783db06d826ab1d33ad5656946a9640aaffc5,,Sheath_Blight,RiceLeafDisease_BD5,EXTERNAL_FIELD_DATASET
IMG_20241029_132900.jpg,.jpg,Sheath_Blight/IMG_20241029_132900.jpg,8610,True,300,300,1.0,RGB,3,JPEG,c77f3eedd39c6a5ad04e183191a07a8e06bea713138dcb421397fd2ac6e6858a,,Sheath_Blight,RiceLeafDisease_BD5,EXTERNAL_FIELD_DATASET
IMG_20241029_132906.jpg,.jpg,Sheath_Blight/IMG_20241029_132906.jpg,7930,True,300,300,1.0,RGB,3,JPEG,9ecc861c6ce14efdefc2ff1280d4cd92e8a9df21f2bf5b5e44e3d02d5a93d072,,Sheath_Blight,RiceLeafDisease_BD5,EXTERNAL_FIELD_DATASET
IMG_20241029_132919.jpg,.jpg,Sheath_Blight/IMG_20241029_132919.jpg,8307,True,300,300,1.0,RGB,3,JPEG,4eca75c1aaccc539181fa51b52b6d5d75b3e9123ba5bd28f9a6ec95c87e048a0,,Sheath_Blight,RiceLeafDisease_BD5,EXTERNAL_FIELD_DATASET
IMG_20241029_132919_1.jpg,.jpg,Sheath_Blight/IMG_20241029_132919_1.jpg,8217,True,300,300,1.0,RGB,3,JPEG,03674435acbbaddbe9d0b65254cdf01ac19c0c9de08dd6a23e2e00180ad53c21,,Sheath_Blight,RiceLeafDisease_BD5,EXTERNAL_FIELD_DATASET
IMG_20241029_132921.jpg,.jpg,Sheath_Blight/IMG_20241029_132921.jpg,8180,True,300,300,1.0,RGB,3,JPEG,eec3fcf1327cb7613445cb36c5711e562e5e1750d0265f8c6094ac769e26ab12,,Sheath_Blight,RiceLeafDisease_BD5,EXTERNAL_FIELD_DATASET
IMG_20241029_132921_1.jpg,.jpg,Sheath_Blight/IMG_20241029_132921_1.jpg,8395,True,300,300,1.0,RGB,3,JPEG,6aed63ab88cc3412f743139f3a1ef0df49b149e3a9cf71e956e917e3cceb14ee,,Sheath_Blight,RiceLeafDisease_BD5,EXTERNAL_FIELD_DATASET
IMG_20241029_132923.jpg,.jpg,Sheath_Blight/IMG_20241029_132923.jpg,9560,True,300,300,1.0,RGB,3,JPEG,78bd50efcca11bded284e1ec1b241998c3c648cbc145e457169f144048f2fed4,,Sheath_Blight,RiceLeafDisease_BD5,EXTERNAL_FIELD_DATASET
IMG_20241029_132953.jpg,.jpg,Sheath_Blight/IMG_20241029_132953.jpg,7390,True,300,300,1.0,RGB,3,JPEG,21bfee2dc2683fa327e0e878aff9d88629cf0e178ea3b8011d00fc87c96c3ca8,,Sheath_Blight,RiceLeafDisease_BD5,EXTERNAL_FIELD_DATASET
IMG_20241029_133001.jpg,.jpg,Sheath_Blight/IMG_20241029_133001.jpg,8160,True,300,300,1.0,RGB,3,JPEG,ae77cf72757dde83e04c03a6bed9c4d96bd8a93d2bfacf3a2880fe8e74622554,,Sheath_Blight,RiceLeafDisease_BD5,EXTERNAL_FIELD_DATASET
IMG_20241029_133006.jpg,.jpg,Sheath_Blight/IMG_20241029_133006.jpg,8063,True,300,300,1.0,RGB,3,JPEG,042b731cdf14a203592c27b0c6c947edb2bf8ec96de574523a95c695d084a4ff,,Sheath_Blight,RiceLeafDisease_BD5,EXTERNAL_FIELD_DATASET
IMG_20241029_133009.jpg,.jpg,Sheath_Blight/IMG_20241029_133009.jpg,10915,True,300,300,1.0,RGB,3,JPEG,1631ac069456f3b86b5cc776bab52c56e98f673ef3762c0bdc0feb96e2be808e,,Sheath_Blight,RiceLeafDisease_BD5,EXTERNAL_FIELD_DATASET
IMG_20241029_133010.jpg,.jpg,Sheath_Blight/IMG_20241029_133010.jpg,8238,True,300,300,1.0,RGB,3,JPEG,d02cd8e3ea7a320d1a0d09062996191419122493063fd63d6486a5f9caf8a0b4,,Sheath_Blight,RiceLeafDisease_BD5,EXTERNAL_FIELD_DATASET
IMG_20241029_133010_1.jpg,.jpg,Sheath_Blight/IMG_20241029_133010_1.jpg,10906,True,300,300,1.0,RGB,3,JPEG,f6148286c86b3c5d14338e64891756547c97fedb3c2b7af4273c86c30fc44f56,,Sheath_Blight,RiceLeafDisease_BD5,EXTERNAL_FIELD_DATASET
IMG_20241029_133012.jpg,.jpg,Sheath_Blight/IMG_20241029_133012.jpg,10705,True,300,300,1.0,RGB,3,JPEG,f0d6914f2fe5dd0cd45c83209e0b8e27dc78d25fde99d96dc6b5956904ffa276,,Sheath_Blight,RiceLeafDisease_BD5,EXTERNAL_FIELD_DATASET
IMG_20241029_133014.jpg,.jpg,Sheath_Blight/IMG_20241029_133014.jpg,7923,True,300,300,1.0,RGB,3,JPEG,366e96d2ee972c485ebb7d6e7e4dca72dfca70c59a7b6ba0e44e30c5f56ec458,,Sheath_Blight,RiceLeafDisease_BD5,EXTERNAL_FIELD_DATASET
IMG_20241029_133019.jpg,.jpg,Sheath_Blight/IMG_20241029_133019.jpg,7922,True,300,300,1.0,RGB,3,JPEG,411257dd737268bdcaf8d777babebcb8f473b66acfba7542936e2a4b5a9de9b9,,Sheath_Blight,RiceLeafDisease_BD5,EXTERNAL_FIELD_DATASET
IMG_20241029_133024.jpg,.jpg,Sheath_Blight/IMG_20241029_133024.jpg,7030,True,300,300,1.0,RGB,3,JPEG,1636fde4dc74c640d496b4d757e5bc98cc9a01f4885c90b1e449795897366a42,,Sheath_Blight,RiceLeafDisease_BD5,EXTERNAL_FIELD_DATASET
IMG_20241029_133030.jpg,.jpg,Sheath_Blight/IMG_20241029_133030.jpg,7431,True,300,300,1.0,RGB,3,JPEG,9474d8e7a365f54e731ac7d21b9a1e540e8e80b92477754c60779711eebd7d6f,,Sheath_Blight,RiceLeafDisease_BD5,EXTERNAL_FIELD_DATASET
IMG_20241029_133038.jpg,.jpg,Sheath_Blight/IMG_20241029_133038.jpg,7807,True,300,300,1.0,RGB,3,JPEG,a8ec5439194d5f1004905efcd3c613ff2a6110c1bf7b32837f9b19713a61fca5,,Sheath_Blight,RiceLeafDisease_BD5,EXTERNAL_FIELD_DATASET
IMG_20241029_133040.jpg,.jpg,Sheath_Blight/IMG_20241029_133040.jpg,8572,True,300,300,1.0,RGB,3,JPEG,c4e33237f83ea7aa85ee0e81bba7da0f5ed42d678da8d021456b5e9d75c979f1,,Sheath_Blight,RiceLeafDisease_BD5,EXTERNAL_FIELD_DATASET
IMG_20241029_133156.jpg,.jpg,Sheath_Blight/IMG_20241029_133156.jpg,8301,True,300,300,1.0,RGB,3,JPEG,93e08d80135a8e47d263aa923cce67428d6bf2e419de6831f12901afa5a583af,,Sheath_Blight,RiceLeafDisease_BD5,EXTERNAL_FIELD_DATASET
IMG_20241029_133231.jpg,.jpg,Sheath_Blight/IMG_20241029_133231.jpg,8577,True,300,300,1.0,RGB,3,JPEG,21cf1addec4da16eef7f38e7b1478480f25a0ccc988724d394c45d4a0b34018e,,Sheath_Blight,RiceLeafDisease_BD5,EXTERNAL_FIELD_DATASET
IMG_20241029_133234.jpg,.jpg,Sheath_Blight/IMG_20241029_133234.jpg,9103,True,300,300,1.0,RGB,3,JPEG,434c5c6a1877ddbb1c7770a70e0c3060a8c33e961dcd46612b61f6bc818285d3,,Sheath_Blight,RiceLeafDisease_BD5,EXTERNAL_FIELD_DATASET
IMG_20241029_133236.jpg,.jpg,Sheath_Blight/IMG_20241029_133236.jpg,8528,True,300,300,1.0,RGB,3,JPEG,e1dd5b3957d6a6c0b5990612f357a72d3ac59f010bc4bf0610132f144edbc69f,,Sheath_Blight,RiceLeafDisease_BD5,EXTERNAL_FIELD_DATASET
IMG_20241029_133307.jpg,.jpg,Sheath_Blight/IMG_20241029_133307.jpg,8771,True,300,300,1.0,RGB,3,JPEG,a43645d615e4f3f38ef0deafc3dc4fb1d7e774b9b100c83329fd68f4bcf0b409,,Sheath_Blight,RiceLeafDisease_BD5,EXTERNAL_FIELD_DATASET
IMG_20241029_133638.jpg,.jpg,Sheath_Blight/IMG_20241029_133638.jpg,8957,True,300,300,1.0,RGB,3,JPEG,9230213f18c6ae8c709d8af03bbf6ff25a06d4c6043cb47a14b12f6d0336e945,,Sheath_Blight,RiceLeafDisease_BD5,EXTERNAL_FIELD_DATASET
IMG_20241029_133640.jpg,.jpg,Sheath_Blight/IMG_20241029_133640.jpg,8167,True,300,300,1.0,RGB,3,JPEG,9aa3194098a3b564a9cfd64cd91555ca0327b62f72ae0e81723e86ba061f6290,,Sheath_Blight,RiceLeafDisease_BD5,EXTERNAL_FIELD_DATASET
IMG_20241029_133652.jpg,.jpg,Sheath_Blight/IMG_20241029_133652.jpg,8389,True,300,300,1.0,RGB,3,JPEG,e412e3d438a9ce279da102562f18a24016d53ee839f9998950c5771f7d71ffad,,Sheath_Blight,RiceLeafDisease_BD5,EXTERNAL_FIELD_DATASET
IMG_20241029_133655.jpg,.jpg,Sheath_Blight/IMG_20241029_133655.jpg,7978,True,300,300,1.0,RGB,3,JPEG,e1dfcbb053a6ce373e962afe205f5d3654c520cc15861a270653ddc79e6dbb65,,Sheath_Blight,RiceLeafDisease_BD5,EXTERNAL_FIELD_DATASET
IMG_20241029_133706.jpg,.jpg,Sheath_Blight/IMG_20241029_133706.jpg,7999,True,300,300,1.0,RGB,3,JPEG,75881aaef1a682e0177e5b676b4025d9bb24b85d4b64e300cdec6ad472c77c22,,Sheath_Blight,RiceLeafDisease_BD5,EXTERNAL_FIELD_DATASET
IMG_20241029_133714.jpg,.jpg,Sheath_Blight/IMG_20241029_133714.jpg,8295,True,300,300,1.0,RGB,3,JPEG,a8d488935b299ac316b9bbfa6465d31b1a0998c53a1ebf112d74fa3eea2edd2b,,Sheath_Blight,RiceLeafDisease_BD5,EXTERNAL_FIELD_DATASET
IMG_20241029_133714_1.jpg,.jpg,Sheath_Blight/IMG_20241029_133714_1.jpg,7970,True,300,300,1.0,RGB,3,JPEG,ff122b92dac9a2d27945296dd508420b691dfbd3a0ee538b31ac856999f30649,,Sheath_Blight,RiceLeafDisease_BD5,EXTERNAL_FIELD_DATASET
IMG_20241029_133721.jpg,.jpg,Sheath_Blight/IMG_20241029_133721.jpg,8233,True,300,300,1.0,RGB,3,JPEG,10a434b8a5f7a5d5ffe6ef56b986f63c4db32b21d61ff737ab88ea3f6bacbdab,,Sheath_Blight,RiceLeafDisease_BD5,EXTERNAL_FIELD_DATASET
IMG_20241029_133722.jpg,.jpg,Sheath_Blight/IMG_20241029_133722.jpg,8142,True,300,300,1.0,RGB,3,JPEG,2630ad49e983d184f724033a961b5474317d0cf8b2f5a1b4b9cac9239df01990,,Sheath_Blight,RiceLeafDisease_BD5,EXTERNAL_FIELD_DATASET
IMG_20241029_133732.jpg,.jpg,Sheath_Blight/IMG_20241029_133732.jpg,9020,True,300,300,1.0,RGB,3,JPEG,70b15e3c2acd116716bd836a544a9380c104c93dfeabbd8fb1fd5451e36b5e56,,Sheath_Blight,RiceLeafDisease_BD5,EXTERNAL_FIELD_DATASET
IMG_20241029_133741.jpg,.jpg,Sheath_Blight/IMG_20241029_133741.jpg,10850,True,300,300,1.0,RGB,3,JPEG,593135b664d560de22b5c4615ad7188552fecc4d6956ec9b6a330a308471b03b,,Sheath_Blight,RiceLeafDisease_BD5,EXTERNAL_FIELD_DATASET
IMG_20241029_133744.jpg,.jpg,Sheath_Blight/IMG_20241029_133744.jpg,8653,True,300,300,1.0,RGB,3,JPEG,8fa5214a490c1abfaca8a269008b22241621b12bfc76db07bcae2901036216d0,,Sheath_Blight,RiceLeafDisease_BD5,EXTERNAL_FIELD_DATASET
IMG_20241029_133747.jpg,.jpg,Sheath_Blight/IMG_20241029_133747.jpg,9256,True,300,300,1.0,RGB,3,JPEG,db813751acf68acddf3c21be9119cfa991c679264627154d3ac0080b150a0f1d,,Sheath_Blight,RiceLeafDisease_BD5,EXTERNAL_FIELD_DATASET
IMG_20241029_133805.jpg,.jpg,Sheath_Blight/IMG_20241029_133805.jpg,10907,True,300,300,1.0,RGB,3,JPEG,6ab63ea36a1f8d3096912014ace1b53bf7e3e42685fc01cc0295d4e0e2d3b842,,Sheath_Blight,RiceLeafDisease_BD5,EXTERNAL_FIELD_DATASET
IMG_20241029_133811.jpg,.jpg,Sheath_Blight/IMG_20241029_133811.jpg,9077,True,300,300,1.0,RGB,3,JPEG,97f146d7005d645bf919f3c03741767ef1112a90763b0e2d427d26832c26dd94,,Sheath_Blight,RiceLeafDisease_BD5,EXTERNAL_FIELD_DATASET
IMG_20241029_133812.jpg,.jpg,Sheath_Blight/IMG_20241029_133812.jpg,10257,True,300,300,1.0,RGB,3,JPEG,b6d5fa61ffeb619db7bef69321438226a2c005721580baf851792e97ba367628,,Sheath_Blight,RiceLeafDisease_BD5,EXTERNAL_FIELD_DATASET
IMG_20241029_133817.jpg,.jpg,Sheath_Blight/IMG_20241029_133817.jpg,9027,True,300,300,1.0,RGB,3,JPEG,efe3280a25d592edacd6bb7c13dab5b45314ab5722581d719446cb6ac35fb3af,,Sheath_Blight,RiceLeafDisease_BD5,EXTERNAL_FIELD_DATASET
IMG_20241029_133818.jpg,.jpg,Sheath_Blight/IMG_20241029_133818.jpg,10450,True,300,300,1.0,RGB,3,JPEG,1f17dd59813bdfeef7af3519b4639d276ae5ba11ee499d8ad19544f8e529c0ba,,Sheath_Blight,RiceLeafDisease_BD5,EXTERNAL_FIELD_DATASET
IMG_20241029_133844.jpg,.jpg,Sheath_Blight/IMG_20241029_133844.jpg,8752,True,300,300,1.0,RGB,3,JPEG,868e040e7a946071d9c95d18aaa5ac224c4a37064c6de5418dca4265fee2eb30,,Sheath_Blight,RiceLeafDisease_BD5,EXTERNAL_FIELD_DATASET
IMG_20241029_133847.jpg,.jpg,Sheath_Blight/IMG_20241029_133847.jpg,9215,True,300,300,1.0,RGB,3,JPEG,0ab1fed6b5065055c2df1739b48cb5b08ce2dd13f5e74e3fb8c5cb572ea40e0d,,Sheath_Blight,RiceLeafDisease_BD5,EXTERNAL_FIELD_DATASET
IMG_20241029_133852.jpg,.jpg,Sheath_Blight/IMG_20241029_133852.jpg,8908,True,300,300,1.0,RGB,3,JPEG,7a1360410a37a2d1b8608ac43f1b66b236766d304888aa7dcdefedfed2a06fcf,,Sheath_Blight,RiceLeafDisease_BD5,EXTERNAL_FIELD_DATASET
IMG_20241029_133907.jpg,.jpg,Sheath_Blight/IMG_20241029_133907.jpg,9542,True,300,300,1.0,RGB,3,JPEG,ef063132d28c0517750a20a05adfdb7f4b2d51514c2a458b1f9f4dd861794f91,,Sheath_Blight,RiceLeafDisease_BD5,EXTERNAL_FIELD_DATASET
IMG_20241029_133912.jpg,.jpg,Sheath_Blight/IMG_20241029_133912.jpg,8872,True,300,300,1.0,RGB,3,JPEG,10b473834cc0a5ac461a1e1d86db61368df9f2a5a1f1d9bc684a5d6e8e7c209a,,Sheath_Blight,RiceLeafDisease_BD5,EXTERNAL_FIELD_DATASET
IMG_20241029_133922.jpg,.jpg,Sheath_Blight/IMG_20241029_133922.jpg,9632,True,300,300,1.0,RGB,3,JPEG,4f65871e0422aab948bd845e572f2912815674e6c3c57193bfc6b8105dc569c0,,Sheath_Blight,RiceLeafDisease_BD5,EXTERNAL_FIELD_DATASET
IMG_20241029_133928.jpg,.jpg,Sheath_Blight/IMG_20241029_133928.jpg,9293,True,300,300,1.0,RGB,3,JPEG,0bc248aff4c72a579b111e8b70792c63c1565b72c78ceda79ee686467f097f89,,Sheath_Blight,RiceLeafDisease_BD5,EXTERNAL_FIELD_DATASET
IMG_20241029_133933.jpg,.jpg,Sheath_Blight/IMG_20241029_133933.jpg,9253,True,300,300,1.0,RGB,3,JPEG,17d787ba89cb6586c6dd4b0f327b629120385c9a36b324223159d8147b6d8986,,Sheath_Blight,RiceLeafDisease_BD5,EXTERNAL_FIELD_DATASET
IMG_20241029_133938.jpg,.jpg,Sheath_Blight/IMG_20241029_133938.jpg,9530,True,300,300,1.0,RGB,3,JPEG,5cc6f90c80e611fc07a6e59dba8a764b8f45f449ad1dd19dbd7682f0c44f789d,,Sheath_Blight,RiceLeafDisease_BD5,EXTERNAL_FIELD_DATASET
IMG_20241029_134004.jpg,.jpg,Sheath_Blight/IMG_20241029_134004.jpg,8080,True,300,300,1.0,RGB,3,JPEG,c2219776b09b4b72298c19bb32ae8beb9c31bf4cc4beedb29418ea046ac2e57e,,Sheath_Blight,RiceLeafDisease_BD5,EXTERNAL_FIELD_DATASET
IMG_20241029_134016.jpg,.jpg,Sheath_Blight/IMG_20241029_134016.jpg,8304,True,300,300,1.0,RGB,3,JPEG,670814eb42ecfa065806b9a8ec8351267651bab9b5e0d1e81626b95b8ef68e0c,,Sheath_Blight,RiceLeafDisease_BD5,EXTERNAL_FIELD_DATASET
IMG_20241029_134035.jpg,.jpg,Sheath_Blight/IMG_20241029_134035.jpg,9872,True,300,300,1.0,RGB,3,JPEG,94f5dbefe95aefafef2872fac271aa36e0f027419b19495de527b5b1d76a844c,,Sheath_Blight,RiceLeafDisease_BD5,EXTERNAL_FIELD_DATASET
IMG_20241029_134041.jpg,.jpg,Sheath_Blight/IMG_20241029_134041.jpg,9086,True,300,300,1.0,RGB,3,JPEG,70bad444aef6ebcc8c9ccd56a27ab07d74b3aa7600a31da5df29eb93a4777fae,,Sheath_Blight,RiceLeafDisease_BD5,EXTERNAL_FIELD_DATASET
IMG_20241029_134042.jpg,.jpg,Sheath_Blight/IMG_20241029_134042.jpg,7044,True,300,300,1.0,RGB,3,JPEG,99bb0c828a7808512a3e7083dce6e31f6def732a86414a7c5a950bdc8e8faa63,,Sheath_Blight,RiceLeafDisease_BD5,EXTERNAL_FIELD_DATASET
IMG_20241029_134052.jpg,.jpg,Sheath_Blight/IMG_20241029_134052.jpg,9068,True,300,300,1.0,RGB,3,JPEG,45ce6e956c59094cc4d065f6da0dbce331ca8ce22239de5f300001c6464fe163,,Sheath_Blight,RiceLeafDisease_BD5,EXTERNAL_FIELD_DATASET
IMG_20241029_134056.jpg,.jpg,Sheath_Blight/IMG_20241029_134056.jpg,8686,True,300,300,1.0,RGB,3,JPEG,d1095899223575f5ab8fe815dacb7cb9eeda452f98b8c5b802f3651b8d81871e,,Sheath_Blight,RiceLeafDisease_BD5,EXTERNAL_FIELD_DATASET
IMG_20241029_134058.jpg,.jpg,Sheath_Blight/IMG_20241029_134058.jpg,8337,True,300,300,1.0,RGB,3,JPEG,314f700dcc900caffb6810458c7a1c190980308c14df821cab73f57feafcb54a,,Sheath_Blight,RiceLeafDisease_BD5,EXTERNAL_FIELD_DATASET
IMG_20241029_134108.jpg,.jpg,Sheath_Blight/IMG_20241029_134108.jpg,8235,True,300,300,1.0,RGB,3,JPEG,d820061472db70744ff7993a7d74dbf4defeeb2473fd43e9332bc502ce900ee2,,Sheath_Blight,RiceLeafDisease_BD5,EXTERNAL_FIELD_DATASET
IMG_20241029_134110.jpg,.jpg,Sheath_Blight/IMG_20241029_134110.jpg,9116,True,300,300,1.0,RGB,3,JPEG,1eabb91176e7a023ba8867b2a833613726f55156badbd8eba6fa71906d8401f1,,Sheath_Blight,RiceLeafDisease_BD5,EXTERNAL_FIELD_DATASET
IMG_20241029_134117.jpg,.jpg,Sheath_Blight/IMG_20241029_134117.jpg,7034,True,300,300,1.0,RGB,3,JPEG,15597d68d4638f57150e56c27b2a836c14148fd9d25231145eda71ff6136a215,,Sheath_Blight,RiceLeafDisease_BD5,EXTERNAL_FIELD_DATASET
IMG_20241029_134122.jpg,.jpg,Sheath_Blight/IMG_20241029_134122.jpg,6412,True,300,300,1.0,RGB,3,JPEG,ddbf8769df5384f7f19d42cb9e8d5ab5d4f64152a46fa5da3e5715509b4d421c,,Sheath_Blight,RiceLeafDisease_BD5,EXTERNAL_FIELD_DATASET
IMG_20241029_134127.jpg,.jpg,Sheath_Blight/IMG_20241029_134127.jpg,6270,True,300,300,1.0,RGB,3,JPEG,7995ed12463ab887640f7368a46d369b8ee3ba6dcbef2bc39f73bd3e2dce6b70,,Sheath_Blight,RiceLeafDisease_BD5,EXTERNAL_FIELD_DATASET
IMG_20241029_134134.jpg,.jpg,Sheath_Blight/IMG_20241029_134134.jpg,6027,True,300,300,1.0,RGB,3,JPEG,b58169d1a7a46398a3cd35cb39e672dab80cb5731fa7d5d02a075884b0a731dc,,Sheath_Blight,RiceLeafDisease_BD5,EXTERNAL_FIELD_DATASET
IMG_20241029_134139.jpg,.jpg,Sheath_Blight/IMG_20241029_134139.jpg,8571,True,300,300,1.0,RGB,3,JPEG,032a79e4fd5655f37d13036e0dbf93e6cd4d7404182b90b8c246d93185f560fe,,Sheath_Blight,RiceLeafDisease_BD5,EXTERNAL_FIELD_DATASET
IMG_20241029_134204.jpg,.jpg,Sheath_Blight/IMG_20241029_134204.jpg,6872,True,300,300,1.0,RGB,3,JPEG,e69c366fc99f12fd568bacb4fe9a4ca5fba224899951c3428367b447c7820624,,Sheath_Blight,RiceLeafDisease_BD5,EXTERNAL_FIELD_DATASET
IMG_20241029_134209.jpg,.jpg,Sheath_Blight/IMG_20241029_134209.jpg,7321,True,300,300,1.0,RGB,3,JPEG,9319e8ef434a0c461b75198d190ba696d60a9fe320e1d0f2e5b424cef2050f69,,Sheath_Blight,RiceLeafDisease_BD5,EXTERNAL_FIELD_DATASET
IMG_20241029_134219.jpg,.jpg,Sheath_Blight/IMG_20241029_134219.jpg,7161,True,300,300,1.0,RGB,3,JPEG,9f446d0a15187326dfae0d5c6c1e90bc0e961b3e65de67481e8f36b1ce4ace53,,Sheath_Blight,RiceLeafDisease_BD5,EXTERNAL_FIELD_DATASET
IMG_20241029_134235.jpg,.jpg,Sheath_Blight/IMG_20241029_134235.jpg,7292,True,300,300,1.0,RGB,3,JPEG,32153ef9850bac3e732cf81408d413e24feb3482123818cf2cf5bdcf270b5d60,,Sheath_Blight,RiceLeafDisease_BD5,EXTERNAL_FIELD_DATASET
IMG_20241029_135744.jpg,.jpg,Sheath_Blight/IMG_20241029_135744.jpg,8548,True,300,300,1.0,RGB,3,JPEG,27428156741f3acb3026362ab30cb9595c37d7160ac78c73c7d38b1456c084fc,,Sheath_Blight,RiceLeafDisease_BD5,EXTERNAL_FIELD_DATASET
IMG_20241029_135803.jpg,.jpg,Sheath_Blight/IMG_20241029_135803.jpg,9895,True,300,300,1.0,RGB,3,JPEG,2fc725132bcdf704bf16db4df709cf507509f9a14364ee1e969f4c512159322a,,Sheath_Blight,RiceLeafDisease_BD5,EXTERNAL_FIELD_DATASET
IMG_20241029_135822.jpg,.jpg,Sheath_Blight/IMG_20241029_135822.jpg,8807,True,300,300,1.0,RGB,3,JPEG,0525c4e4cae5d4bba2eb951c1527e8144f1c61706024f9e75a4cb6198d2498ed,,Sheath_Blight,RiceLeafDisease_BD5,EXTERNAL_FIELD_DATASET
IMG_20241029_135840.jpg,.jpg,Sheath_Blight/IMG_20241029_135840.jpg,10120,True,300,300,1.0,RGB,3,JPEG,03850a595f30713e2db2e060401c0a9fc6e4b61c95e140d49edf952b92001699,,Sheath_Blight,RiceLeafDisease_BD5,EXTERNAL_FIELD_DATASET
IMG_20241029_135854.jpg,.jpg,Sheath_Blight/IMG_20241029_135854.jpg,9976,True,300,300,1.0,RGB,3,JPEG,69ac0fa7752f94319cd33eab99516b7417a654368fcfc9fedcd5b82d8cafd4cd,,Sheath_Blight,RiceLeafDisease_BD5,EXTERNAL_FIELD_DATASET
IMG_20241029_135902.jpg,.jpg,Sheath_Blight/IMG_20241029_135902.jpg,10858,True,300,300,1.0,RGB,3,JPEG,f648fbe3d8dca4dbefc835b968a7623e9abb866bce6a7df4137a9fbb375b5ee7,,Sheath_Blight,RiceLeafDisease_BD5,EXTERNAL_FIELD_DATASET
IMG_20241029_135916.jpg,.jpg,Sheath_Blight/IMG_20241029_135916.jpg,11752,True,300,300,1.0,RGB,3,JPEG,12248f7b2d5f7330747a0edad8a9d623a443ed64c6bcdedd46151234db74ea84,,Sheath_Blight,RiceLeafDisease_BD5,EXTERNAL_FIELD_DATASET
IMG_20241029_135923.jpg,.jpg,Sheath_Blight/IMG_20241029_135923.jpg,10494,True,300,300,1.0,RGB,3,JPEG,3986e9fa5fce1d3668543589838890c387c4bdb8adaaceb510d9adf100412199,,Sheath_Blight,RiceLeafDisease_BD5,EXTERNAL_FIELD_DATASET
IMG_20241029_135940.jpg,.jpg,Sheath_Blight/IMG_20241029_135940.jpg,6782,True,300,300,1.0,RGB,3,JPEG,583e3eaec4941531059cbcb5c7af54af1f4be867b14f6f6fa7c2380e0c310931,,Sheath_Blight,RiceLeafDisease_BD5,EXTERNAL_FIELD_DATASET
IMG_20241029_135956.jpg,.jpg,Sheath_Blight/IMG_20241029_135956.jpg,10134,True,300,300,1.0,RGB,3,JPEG,aeca5a29e096ddf9cc06f601b8b05a6ec62a73517a303bb61115ffc90c3bbe55,,Sheath_Blight,RiceLeafDisease_BD5,EXTERNAL_FIELD_DATASET
IMG_20241029_140008.jpg,.jpg,Sheath_Blight/IMG_20241029_140008.jpg,9434,True,300,300,1.0,RGB,3,JPEG,e3922ea247defc42fc18b4ecfb9689e14936cd9e3f767ab7c6ea8b7ecc2e7f2c,,Sheath_Blight,RiceLeafDisease_BD5,EXTERNAL_FIELD_DATASET
IMG_20241029_140020.jpg,.jpg,Sheath_Blight/IMG_20241029_140020.jpg,8631,True,300,300,1.0,RGB,3,JPEG,37b0a3bf30f0938af1df7446a86f3c1dbd7536b650d123950c3f453de4231d35,,Sheath_Blight,RiceLeafDisease_BD5,EXTERNAL_FIELD_DATASET
IMG_20241029_140049.jpg,.jpg,Sheath_Blight/IMG_20241029_140049.jpg,8120,True,300,300,1.0,RGB,3,JPEG,3931cbb878448a9efee43a9d491344a9a587f384e55b83a2242dc032c975e0c9,,Sheath_Blight,RiceLeafDisease_BD5,EXTERNAL_FIELD_DATASET
IMG_20241029_140051.jpg,.jpg,Sheath_Blight/IMG_20241029_140051.jpg,8439,True,300,300,1.0,RGB,3,JPEG,690f9e1633e8040de8d54dc19901d2be5a726a81c77af3baefd49fcece25fcea,,Sheath_Blight,RiceLeafDisease_BD5,EXTERNAL_FIELD_DATASET
IMG_20241029_140114.jpg,.jpg,Sheath_Blight/IMG_20241029_140114.jpg,9657,True,300,300,1.0,RGB,3,JPEG,b261eda2d91bdd19c9fda4082a0cc60b1ccb429657ad9c865b0dd4cda2a45a4d,,Sheath_Blight,RiceLeafDisease_BD5,EXTERNAL_FIELD_DATASET
IMG_20241029_140127.jpg,.jpg,Sheath_Blight/IMG_20241029_140127.jpg,6670,True,300,300,1.0,RGB,3,JPEG,35bedc05c1d9cb1bce637aebd7fcbc3b2447d7907aa42d483b84bef0d2949f2a,,Sheath_Blight,RiceLeafDisease_BD5,EXTERNAL_FIELD_DATASET
IMG_20241029_140133.jpg,.jpg,Sheath_Blight/IMG_20241029_140133.jpg,6592,True,300,300,1.0,RGB,3,JPEG,a087481bd9592198d413a8211c3944aa80fee70a1505d066306a2a3b8df2a159,,Sheath_Blight,RiceLeafDisease_BD5,EXTERNAL_FIELD_DATASET
IMG_20241029_140139.jpg,.jpg,Sheath_Blight/IMG_20241029_140139.jpg,8571,True,300,300,1.0,RGB,3,JPEG,d38074a3c5f9d7bf2740c8d236af594e67d2f29a1511694c4489bfa601f7b6ba,,Sheath_Blight,RiceLeafDisease_BD5,EXTERNAL_FIELD_DATASET
IMG_20241029_140145.jpg,.jpg,Sheath_Blight/IMG_20241029_140145.jpg,9177,True,300,300,1.0,RGB,3,JPEG,f1e99c561493fd768074ca00d06ef49770c6e6b625c9df133f379a70c7fdf019,,Sheath_Blight,RiceLeafDisease_BD5,EXTERNAL_FIELD_DATASET
IMG_20241029_140146.jpg,.jpg,Sheath_Blight/IMG_20241029_140146.jpg,8537,True,300,300,1.0,RGB,3,JPEG,891a962b0fbe3040096512fc2fac2658443034653311931ac48b54b59cf48e96,,Sheath_Blight,RiceLeafDisease_BD5,EXTERNAL_FIELD_DATASET
IMG_20241029_140147.jpg,.jpg,Sheath_Blight/IMG_20241029_140147.jpg,9169,True,300,300,1.0,RGB,3,JPEG,e85b84af7321a0b361e7fc2e317ed9b28c4eb644111920d48e6e2f43cd81806f,,Sheath_Blight,RiceLeafDisease_BD5,EXTERNAL_FIELD_DATASET
IMG_20241029_140151.jpg,.jpg,Sheath_Blight/IMG_20241029_140151.jpg,7802,True,300,300,1.0,RGB,3,JPEG,60539eebbe7c8977fae7f7793671f8e342638b4957967f7568ea9ebbb90fe39b,,Sheath_Blight,RiceLeafDisease_BD5,EXTERNAL_FIELD_DATASET
IMG_20241029_140154.jpg,.jpg,Sheath_Blight/IMG_20241029_140154.jpg,10630,True,300,300,1.0,RGB,3,JPEG,e7bdf6f217dc03c2d4cb2018b75ae6eaed28484abb1114c87157836ae95cf152,,Sheath_Blight,RiceLeafDisease_BD5,EXTERNAL_FIELD_DATASET
IMG_20241029_140155.jpg,.jpg,Sheath_Blight/IMG_20241029_140155.jpg,8328,True,300,300,1.0,RGB,3,JPEG,9c83ad4a3df239504b101c332321d484d119a26cb417c61eb301fdeea7826aa2,,Sheath_Blight,RiceLeafDisease_BD5,EXTERNAL_FIELD_DATASET
IMG_20241029_140158.jpg,.jpg,Sheath_Blight/IMG_20241029_140158.jpg,7725,True,300,300,1.0,RGB,3,JPEG,5f6b528351d4aa7e7a7dab085099600f4e043ac7fcdeffb124d6f1472ec42e0d,,Sheath_Blight,RiceLeafDisease_BD5,EXTERNAL_FIELD_DATASET
IMG_20241029_140205.jpg,.jpg,Sheath_Blight/IMG_20241029_140205.jpg,7712,True,300,300,1.0,RGB,3,JPEG,4f0f3f96e3a8e7b6d70b32f02960966d98a6a057b01929ecb58276623f6d03ae,,Sheath_Blight,RiceLeafDisease_BD5,EXTERNAL_FIELD_DATASET
IMG_20241029_140209.jpg,.jpg,Sheath_Blight/IMG_20241029_140209.jpg,7209,True,300,300,1.0,RGB,3,JPEG,9ae3bc3cf97fd47538974be770163555a0d8dbbc8a57c214be2b4aa13ef7bd41,,Sheath_Blight,RiceLeafDisease_BD5,EXTERNAL_FIELD_DATASET
IMG_20241029_140213.jpg,.jpg,Sheath_Blight/IMG_20241029_140213.jpg,6842,True,300,300,1.0,RGB,3,JPEG,90094b35dfa31926da7a0a5f3c75177bd442078c814829c6d6b804bdc77af68b,,Sheath_Blight,RiceLeafDisease_BD5,EXTERNAL_FIELD_DATASET
IMG_20241029_140217.jpg,.jpg,Sheath_Blight/IMG_20241029_140217.jpg,7273,True,300,300,1.0,RGB,3,JPEG,d2523a067121f6614dbc9631fc3752241c28688e696e48560a058288035a9bcb,,Sheath_Blight,RiceLeafDisease_BD5,EXTERNAL_FIELD_DATASET
IMG_20241029_140223.jpg,.jpg,Sheath_Blight/IMG_20241029_140223.jpg,6857,True,300,300,1.0,RGB,3,JPEG,e502a4391623a999a3f5d5c6461302dcc26201cadab2961f4ef08f02453505c9,,Sheath_Blight,RiceLeafDisease_BD5,EXTERNAL_FIELD_DATASET
IMG_20241029_140232.jpg,.jpg,Sheath_Blight/IMG_20241029_140232.jpg,7425,True,300,300,1.0,RGB,3,JPEG,bdc8af05adddf74d4898c56a05b63a4b005ce5ed22e812a505939f3f95dd7fc9,,Sheath_Blight,RiceLeafDisease_BD5,EXTERNAL_FIELD_DATASET
IMG_20241029_140236.jpg,.jpg,Sheath_Blight/IMG_20241029_140236.jpg,7811,True,300,300,1.0,RGB,3,JPEG,df8ac01af95ad459cc0ece1853cd619c7e5d3b022e01d66a3721338313f7234e,,Sheath_Blight,RiceLeafDisease_BD5,EXTERNAL_FIELD_DATASET
IMG_20241029_140237.jpg,.jpg,Sheath_Blight/IMG_20241029_140237.jpg,7885,True,300,300,1.0,RGB,3,JPEG,a77d26f7d921a25f5dc8ef81938006ce620e6184e9e3fc2729fa1ac4be6d4e8d,,Sheath_Blight,RiceLeafDisease_BD5,EXTERNAL_FIELD_DATASET
IMG_20241029_140240.jpg,.jpg,Sheath_Blight/IMG_20241029_140240.jpg,7615,True,300,300,1.0,RGB,3,JPEG,6b10b76449820ca5844bd9d6bde37b96c3d97c350c418a2a82d712db86a14a5c,,Sheath_Blight,RiceLeafDisease_BD5,EXTERNAL_FIELD_DATASET
IMG_20241029_140242.jpg,.jpg,Sheath_Blight/IMG_20241029_140242.jpg,7157,True,300,300,1.0,RGB,3,JPEG,14d7fd3d1349431bc3a958dce4a45e4c843dc412baa5b819bb84a87687011641,,Sheath_Blight,RiceLeafDisease_BD5,EXTERNAL_FIELD_DATASET
IMG_20241029_140254.jpg,.jpg,Sheath_Blight/IMG_20241029_140254.jpg,6768,True,300,300,1.0,RGB,3,JPEG,5f5381565d6f3d7d020424933370d7df100951d8a1880b5e3a1e0ed22a06e0b1,,Sheath_Blight,RiceLeafDisease_BD5,EXTERNAL_FIELD_DATASET
IMG_20241029_140255.jpg,.jpg,Sheath_Blight/IMG_20241029_140255.jpg,9351,True,300,300,1.0,RGB,3,JPEG,250d9f0216cd5009dacc9d8db4ff00d61d1fa4e73c97fde65bb15e1bee55cf89,,Sheath_Blight,RiceLeafDisease_BD5,EXTERNAL_FIELD_DATASET
IMG_20241029_140256.jpg,.jpg,Sheath_Blight/IMG_20241029_140256.jpg,9341,True,300,300,1.0,RGB,3,JPEG,4c72fcf5b649f3f95919aea670f9bbd16bfc1725c38f91d0b9f51ab6c72eda56,,Sheath_Blight,RiceLeafDisease_BD5,EXTERNAL_FIELD_DATASET
IMG_20241029_140258.jpg,.jpg,Sheath_Blight/IMG_20241029_140258.jpg,7091,True,300,300,1.0,RGB,3,JPEG,001a72de58fa34fcd6e302697d84f11a6f53070058da2c9eab1b34d908c3ec7a,,Sheath_Blight,RiceLeafDisease_BD5,EXTERNAL_FIELD_DATASET
IMG_20241029_140306.jpg,.jpg,Sheath_Blight/IMG_20241029_140306.jpg,10633,True,300,300,1.0,RGB,3,JPEG,af13dae29e4fdf5f18a42f1de819442a011162308e872056d0e9eda1ba7380bf,,Sheath_Blight,RiceLeafDisease_BD5,EXTERNAL_FIELD_DATASET
IMG_20241029_140311.jpg,.jpg,Sheath_Blight/IMG_20241029_140311.jpg,13500,True,300,300,1.0,RGB,3,JPEG,4226f7ef29361451af4590595470858764d8e861f7cc24f250a99078f383aa10,,Sheath_Blight,RiceLeafDisease_BD5,EXTERNAL_FIELD_DATASET
IMG_20241029_140314.jpg,.jpg,Sheath_Blight/IMG_20241029_140314.jpg,11148,True,300,300,1.0,RGB,3,JPEG,db5604edef65c8ac7aca88e1b97a6b630807b85f29e519fbb8eb042899ac2582,,Sheath_Blight,RiceLeafDisease_BD5,EXTERNAL_FIELD_DATASET
IMG_20241029_140321.jpg,.jpg,Sheath_Blight/IMG_20241029_140321.jpg,10988,True,300,300,1.0,RGB,3,JPEG,f76238dd66b67f1b3f816d2a141f1cabe14c6d400fb6d94110748177df805e3c,,Sheath_Blight,RiceLeafDisease_BD5,EXTERNAL_FIELD_DATASET
IMG_20241029_140326.jpg,.jpg,Sheath_Blight/IMG_20241029_140326.jpg,9970,True,300,300,1.0,RGB,3,JPEG,98ea1eeba5356d44eb1fd0e771c68557959654482e1132ac3702744a7f4ce984,,Sheath_Blight,RiceLeafDisease_BD5,EXTERNAL_FIELD_DATASET
IMG_20241029_140327.jpg,.jpg,Sheath_Blight/IMG_20241029_140327.jpg,9687,True,300,300,1.0,RGB,3,JPEG,54e9850f70c870714ceeb3de62837ef4b6d27c7fbba8a1919ca86307180c76a6,,Sheath_Blight,RiceLeafDisease_BD5,EXTERNAL_FIELD_DATASET
IMG_20241029_140333.jpg,.jpg,Sheath_Blight/IMG_20241029_140333.jpg,9280,True,300,300,1.0,RGB,3,JPEG,d646273c4993335369f64942006578b03647e6708fdc56cdbf4873e4695e8a9f,,Sheath_Blight,RiceLeafDisease_BD5,EXTERNAL_FIELD_DATASET
IMG_20241029_140337.jpg,.jpg,Sheath_Blight/IMG_20241029_140337.jpg,9849,True,300,300,1.0,RGB,3,JPEG,42ccfd5284a0eeeddb3d1d47e8610dd8261b3437116d67df54bf36afeceea25c,,Sheath_Blight,RiceLeafDisease_BD5,EXTERNAL_FIELD_DATASET
IMG_20241029_140340.jpg,.jpg,Sheath_Blight/IMG_20241029_140340.jpg,11414,True,300,300,1.0,RGB,3,JPEG,4260c045149eca697cd600720fcadc150c363a2d1c26c4497e155b8b38c4812b,,Sheath_Blight,RiceLeafDisease_BD5,EXTERNAL_FIELD_DATASET
IMG_20241029_140344.jpg,.jpg,Sheath_Blight/IMG_20241029_140344.jpg,8782,True,300,300,1.0,RGB,3,JPEG,9986b44b2ac841ed729a0aeeb2001d64c22b92ddbe3e0bb281ba9aa64aaef82c,,Sheath_Blight,RiceLeafDisease_BD5,EXTERNAL_FIELD_DATASET
IMG_20241029_140348.jpg,.jpg,Sheath_Blight/IMG_20241029_140348.jpg,9755,True,300,300,1.0,RGB,3,JPEG,0604a32126c1413db1bdc18614c73371a7d38d7a57c770628f2456ce92b0be8e,,Sheath_Blight,RiceLeafDisease_BD5,EXTERNAL_FIELD_DATASET
IMG_20241029_140350.jpg,.jpg,Sheath_Blight/IMG_20241029_140350.jpg,10440,True,300,300,1.0,RGB,3,JPEG,5e284eb8ac888d399331da131b7ad709c178c1d15d5f620afcd406daa74eaf59,,Sheath_Blight,RiceLeafDisease_BD5,EXTERNAL_FIELD_DATASET
IMG_20241029_140356.jpg,.jpg,Sheath_Blight/IMG_20241029_140356.jpg,9422,True,300,300,1.0,RGB,3,JPEG,0639c0ec7088311d1fd7676be22ed8bb3b0bdb938664a30f7bbdcef16753dfe8,,Sheath_Blight,RiceLeafDisease_BD5,EXTERNAL_FIELD_DATASET
IMG_20241029_140357.jpg,.jpg,Sheath_Blight/IMG_20241029_140357.jpg,8487,True,300,300,1.0,RGB,3,JPEG,ca47e89e7791f3d9d6eeed3de24c325882e6cbdeb5592a3b090fc6ced3ea60a7,,Sheath_Blight,RiceLeafDisease_BD5,EXTERNAL_FIELD_DATASET
IMG_20241029_140403.jpg,.jpg,Sheath_Blight/IMG_20241029_140403.jpg,9476,True,300,300,1.0,RGB,3,JPEG,37edba6702f93f18f6e39e7fee83ea7b4a63fd68b8304bf15a0c88e6406a9f03,,Sheath_Blight,RiceLeafDisease_BD5,EXTERNAL_FIELD_DATASET
IMG_20241029_140404.jpg,.jpg,Sheath_Blight/IMG_20241029_140404.jpg,9570,True,300,300,1.0,RGB,3,JPEG,f18c2d67d8fce27da05e1b65bc8c8028e80b8cadab9108ee5686c2466f7365a4,,Sheath_Blight,RiceLeafDisease_BD5,EXTERNAL_FIELD_DATASET
IMG_20241029_140406.jpg,.jpg,Sheath_Blight/IMG_20241029_140406.jpg,11423,True,300,300,1.0,RGB,3,JPEG,bc576e42c7f285fa1d15b77c10282bdddb3ede75bce0607eea935a25ddf7cb02,,Sheath_Blight,RiceLeafDisease_BD5,EXTERNAL_FIELD_DATASET
IMG_20241029_140410.jpg,.jpg,Sheath_Blight/IMG_20241029_140410.jpg,9318,True,300,300,1.0,RGB,3,JPEG,ab2e6d30f80f0c187e45ac84d6305e32745ca0d6755fcbac2f1e31a58d140f70,,Sheath_Blight,RiceLeafDisease_BD5,EXTERNAL_FIELD_DATASET
IMG_20241029_140416.jpg,.jpg,Sheath_Blight/IMG_20241029_140416.jpg,8777,True,300,300,1.0,RGB,3,JPEG,42b9baab352bc45ef5da8b7c8da249fad34df5d817643a5b5292309f06d8411d,,Sheath_Blight,RiceLeafDisease_BD5,EXTERNAL_FIELD_DATASET
IMG_20241029_140418 - Copy.jpg,.jpg,Sheath_Blight/IMG_20241029_140418 - Copy.jpg,8787,True,300,300,1.0,RGB,3,JPEG,922d3d38cd4246c32483eddbf5a460843de5b3b20accd4cb153b829f6c082b58,,Sheath_Blight,RiceLeafDisease_BD5,EXTERNAL_FIELD_DATASET
IMG_20241029_140418.jpg,.jpg,Sheath_Blight/IMG_20241029_140418.jpg,8787,True,300,300,1.0,RGB,3,JPEG,922d3d38cd4246c32483eddbf5a460843de5b3b20accd4cb153b829f6c082b58,,Sheath_Blight,RiceLeafDisease_BD5,EXTERNAL_FIELD_DATASET
IMG_20241029_140421.jpg,.jpg,Sheath_Blight/IMG_20241029_140421.jpg,9389,True,300,300,1.0,RGB,3,JPEG,c115ba2133befd4d9b6ae413630bc545ef859ea3edf6f3665ae652d04e370dc6,,Sheath_Blight,RiceLeafDisease_BD5,EXTERNAL_FIELD_DATASET
IMG_20241029_140436.jpg,.jpg,Sheath_Blight/IMG_20241029_140436.jpg,9852,True,300,300,1.0,RGB,3,JPEG,5fb5cc8e462efa922dcb6728dbeb21284a988f57fb5c7f84e34cc8a997e123f0,,Sheath_Blight,RiceLeafDisease_BD5,EXTERNAL_FIELD_DATASET
IMG_20241029_140442.jpg,.jpg,Sheath_Blight/IMG_20241029_140442.jpg,9373,True,300,300,1.0,RGB,3,JPEG,2074775b5f55229af29d32c49c99384953d6dd8eda84bce0a18db4f0f151c431,,Sheath_Blight,RiceLeafDisease_BD5,EXTERNAL_FIELD_DATASET
IMG_20241029_140448.jpg,.jpg,Sheath_Blight/IMG_20241029_140448.jpg,7903,True,300,300,1.0,RGB,3,JPEG,1a6b887ad7f9fa7a9abcc25e7abad4780b8fdf80f3038168b40554069e3116ba,,Sheath_Blight,RiceLeafDisease_BD5,EXTERNAL_FIELD_DATASET
IMG_20241029_140454.jpg,.jpg,Sheath_Blight/IMG_20241029_140454.jpg,6374,True,300,300,1.0,RGB,3,JPEG,0cd062b58fc08ea0b211ddbed3fee849c4098e2ba6c73f8936478e8f1919e825,,Sheath_Blight,RiceLeafDisease_BD5,EXTERNAL_FIELD_DATASET
IMG_20241029_140513.jpg,.jpg,Sheath_Blight/IMG_20241029_140513.jpg,5977,True,300,300,1.0,RGB,3,JPEG,fdf641fe4ca071869cdda78ff58f8fb1b75dd5ad11174b7cf3186d8b8be58c92,,Sheath_Blight,RiceLeafDisease_BD5,EXTERNAL_FIELD_DATASET
IMG_20241029_140516.jpg,.jpg,Sheath_Blight/IMG_20241029_140516.jpg,5983,True,300,300,1.0,RGB,3,JPEG,4b5f23c7ba6bfa810932353fb1ede09b5093a8817008071f994bbdbabd507bc2,,Sheath_Blight,RiceLeafDisease_BD5,EXTERNAL_FIELD_DATASET
IMG_20241029_140519.jpg,.jpg,Sheath_Blight/IMG_20241029_140519.jpg,12232,True,300,300,1.0,RGB,3,JPEG,a55f03a6df49014de98bde51f699b30cb55f4ea7ef38823b477bc64ee9d65081,,Sheath_Blight,RiceLeafDisease_BD5,EXTERNAL_FIELD_DATASET
IMG_20241029_140520.jpg,.jpg,Sheath_Blight/IMG_20241029_140520.jpg,12081,True,300,300,1.0,RGB,3,JPEG,3349958a48b43942a538ef8d1c0af123128aa8a10cc2f105ccc679a37aadcf74,,Sheath_Blight,RiceLeafDisease_BD5,EXTERNAL_FIELD_DATASET
IMG_20241029_140521.jpg,.jpg,Sheath_Blight/IMG_20241029_140521.jpg,6595,True,300,300,1.0,RGB,3,JPEG,54ef75663dab2118c4cf8318d436f8de726194c134fedcbeab676f2d5b629db5,,Sheath_Blight,RiceLeafDisease_BD5,EXTERNAL_FIELD_DATASET
IMG_20241029_140521_1.jpg,.jpg,Sheath_Blight/IMG_20241029_140521_1.jpg,11687,True,300,300,1.0,RGB,3,JPEG,898edba43b3064beb964a5e3415a095ef137431f55585700d10fbb5f33cd9966,,Sheath_Blight,RiceLeafDisease_BD5,EXTERNAL_FIELD_DATASET
IMG_20241029_140531.jpg,.jpg,Sheath_Blight/IMG_20241029_140531.jpg,7656,True,300,300,1.0,RGB,3,JPEG,3367f70b83e39ffb68c34a9c5e8b9383a5d7c6c5d45ce464310a00a2ad7a68e3,,Sheath_Blight,RiceLeafDisease_BD5,EXTERNAL_FIELD_DATASET
IMG_20241029_140536.jpg,.jpg,Sheath_Blight/IMG_20241029_140536.jpg,7117,True,300,300,1.0,RGB,3,JPEG,dd63b58d0de30623a5b9eb6982191001eaba23e6547d394c09d95d6b5cd3c290,,Sheath_Blight,RiceLeafDisease_BD5,EXTERNAL_FIELD_DATASET
IMG_20241029_140537.jpg,.jpg,Sheath_Blight/IMG_20241029_140537.jpg,8621,True,300,300,1.0,RGB,3,JPEG,2b8989dcd57a8b4a4110357722a6972701559613d6a4e83d9603d9aed3208b1e,,Sheath_Blight,RiceLeafDisease_BD5,EXTERNAL_FIELD_DATASET
IMG_20241029_140538.jpg,.jpg,Sheath_Blight/IMG_20241029_140538.jpg,7160,True,300,300,1.0,RGB,3,JPEG,4ce80fd12c2a6f9378d168e2e868cfa0c2a3b6494cedbdc3394af6967111a582,,Sheath_Blight,RiceLeafDisease_BD5,EXTERNAL_FIELD_DATASET
IMG_20241029_140539.jpg,.jpg,Sheath_Blight/IMG_20241029_140539.jpg,7563,True,300,300,1.0,RGB,3,JPEG,80afe5396bad4b20e77b9b105557f5c8f1001fb9fe1ea3e14f0d2f2227336eaf,,Sheath_Blight,RiceLeafDisease_BD5,EXTERNAL_FIELD_DATASET
IMG_20241029_140545.jpg,.jpg,Sheath_Blight/IMG_20241029_140545.jpg,6858,True,300,300,1.0,RGB,3,JPEG,3e5edb110164df4f567e0b50526dff7e8aebe9b8e0ee31840161b58f0691dbd4,,Sheath_Blight,RiceLeafDisease_BD5,EXTERNAL_FIELD_DATASET
IMG_20241029_140550.jpg,.jpg,Sheath_Blight/IMG_20241029_140550.jpg,6976,True,300,300,1.0,RGB,3,JPEG,29dd9d0ab0d5aafbf58171bb9616c95d614b6221b0869190717ea483daa38a6e,,Sheath_Blight,RiceLeafDisease_BD5,EXTERNAL_FIELD_DATASET
IMG_20241029_140806.jpg,.jpg,Sheath_Blight/IMG_20241029_140806.jpg,9188,True,300,300,1.0,RGB,3,JPEG,b7dcb4a0d85a38ce818dd9e784c404da708fff16a30442aa671b2c5799fdb6ae,,Sheath_Blight,RiceLeafDisease_BD5,EXTERNAL_FIELD_DATASET
IMG_20241029_140823.jpg,.jpg,Sheath_Blight/IMG_20241029_140823.jpg,9653,True,300,300,1.0,RGB,3,JPEG,dfce4e8b45a9331ab3d6e1670699609ce9784a5dc52eef2c62ea9ab08a438fa4,,Sheath_Blight,RiceLeafDisease_BD5,EXTERNAL_FIELD_DATASET
IMG_20241029_140838.jpg,.jpg,Sheath_Blight/IMG_20241029_140838.jpg,9447,True,300,300,1.0,RGB,3,JPEG,8b89d8f3cead345a1cb7b4a0c80c7450af7be122eca31a803b1f7fc9506848a9,,Sheath_Blight,RiceLeafDisease_BD5,EXTERNAL_FIELD_DATASET
IMG_20241029_140839.jpg,.jpg,Sheath_Blight/IMG_20241029_140839.jpg,9493,True,300,300,1.0,RGB,3,JPEG,8c0783f00d5b7f345b88f04f4333767bec1981f2d96393696ba8f0d32e8a05c3,,Sheath_Blight,RiceLeafDisease_BD5,EXTERNAL_FIELD_DATASET
IMG_20241029_140840.jpg,.jpg,Sheath_Blight/IMG_20241029_140840.jpg,9381,True,300,300,1.0,RGB,3,JPEG,e031c14217f7ea078f189a67e28498088a820be55cadf06da54f57ec69750949,,Sheath_Blight,RiceLeafDisease_BD5,EXTERNAL_FIELD_DATASET
IMG_20241029_140856.jpg,.jpg,Sheath_Blight/IMG_20241029_140856.jpg,11786,True,300,300,1.0,RGB,3,JPEG,ae7ca87f7447de488b2a714a921e2244c8974eb0c23b4ad22176ba75933537fa,,Sheath_Blight,RiceLeafDisease_BD5,EXTERNAL_FIELD_DATASET
IMG_20241029_140939.jpg,.jpg,Sheath_Blight/IMG_20241029_140939.jpg,8009,True,300,300,1.0,RGB,3,JPEG,f23d2fde02134026e0fb19047aa8ca832425b4ab73ca7da0f3412b32cfcd7f26,,Sheath_Blight,RiceLeafDisease_BD5,EXTERNAL_FIELD_DATASET
IMG_20241029_140949.jpg,.jpg,Sheath_Blight/IMG_20241029_140949.jpg,9496,True,300,300,1.0,RGB,3,JPEG,c568c1d315f9093fdb9d9360d0d05bc2d0d525b5b3adf91d9c372cd41f9f3229,,Sheath_Blight,RiceLeafDisease_BD5,EXTERNAL_FIELD_DATASET
IMG_20241029_140950.jpg,.jpg,Sheath_Blight/IMG_20241029_140950.jpg,9460,True,300,300,1.0,RGB,3,JPEG,42526bc1f1aa527be8d9f978f0edd2879f3c862b26664f9afe403b34ec19b19f,,Sheath_Blight,RiceLeafDisease_BD5,EXTERNAL_FIELD_DATASET
IMG_20241029_140959.jpg,.jpg,Sheath_Blight/IMG_20241029_140959.jpg,9436,True,300,300,1.0,RGB,3,JPEG,fcf1f132323b4944765ea6ec0dc5276af2d4a58a92337f25ed694d0a8c627d6c,,Sheath_Blight,RiceLeafDisease_BD5,EXTERNAL_FIELD_DATASET
IMG_20241029_141004.jpg,.jpg,Sheath_Blight/IMG_20241029_141004.jpg,10184,True,300,300,1.0,RGB,3,JPEG,83bbf32512fa37d1f151448d09cd993be7809ad9f52dd035235a6ab020a050f4,,Sheath_Blight,RiceLeafDisease_BD5,EXTERNAL_FIELD_DATASET
IMG_20241029_141044.jpg,.jpg,Sheath_Blight/IMG_20241029_141044.jpg,10783,True,300,300,1.0,RGB,3,JPEG,e888717282428efe6ddee2128416b49a59b01fbdfacaa6aa1181bf3357f90070,,Sheath_Blight,RiceLeafDisease_BD5,EXTERNAL_FIELD_DATASET
IMG_20241029_141101.jpg,.jpg,Sheath_Blight/IMG_20241029_141101.jpg,10160,True,300,300,1.0,RGB,3,JPEG,469e58f9bdca9ec9b6d7a50a312a13fcc7b6b9aee22bb8488180cd0c01fff923,,Sheath_Blight,RiceLeafDisease_BD5,EXTERNAL_FIELD_DATASET
IMG_20241029_141107.jpg,.jpg,Sheath_Blight/IMG_20241029_141107.jpg,9345,True,300,300,1.0,RGB,3,JPEG,8d2ac2638d6906cacc30755f3ff35ac7eb600fe6bb255c7fd36c8a8e85ecf176,,Sheath_Blight,RiceLeafDisease_BD5,EXTERNAL_FIELD_DATASET
IMG_20241029_141149.jpg,.jpg,Sheath_Blight/IMG_20241029_141149.jpg,8234,True,300,300,1.0,RGB,3,JPEG,10dd0fc67d91d5230a6675ca2640497755c4532d2aba650cf237fce27a9c04d3,,Sheath_Blight,RiceLeafDisease_BD5,EXTERNAL_FIELD_DATASET
IMG_20241029_141201.jpg,.jpg,Sheath_Blight/IMG_20241029_141201.jpg,11340,True,300,300,1.0,RGB,3,JPEG,2f7d337050f43fe62198556ff894fff39d9db3a6c0081ae2b1dd5c82ec534d58,,Sheath_Blight,RiceLeafDisease_BD5,EXTERNAL_FIELD_DATASET
IMG_20241029_141235.jpg,.jpg,Sheath_Blight/IMG_20241029_141235.jpg,10456,True,300,300,1.0,RGB,3,JPEG,a156bbe70ff92bdfe6401259cc1123ab97b9b76027cbb75e53e3cedb6e529ed7,,Sheath_Blight,RiceLeafDisease_BD5,EXTERNAL_FIELD_DATASET
IMG_20241029_141245.jpg,.jpg,Sheath_Blight/IMG_20241029_141245.jpg,10261,True,300,300,1.0,RGB,3,JPEG,43abd3708b4f52eb70701e11b99cfb56a6ec69b86a8cbadd2c84fe7aa58ea289,,Sheath_Blight,RiceLeafDisease_BD5,EXTERNAL_FIELD_DATASET
IMG_20241029_141247.jpg,.jpg,Sheath_Blight/IMG_20241029_141247.jpg,8870,True,300,300,1.0,RGB,3,JPEG,237565e4362018ee18ac7b7664a89880b3cb7b50fbff5920be0455f115c4629a,,Sheath_Blight,RiceLeafDisease_BD5,EXTERNAL_FIELD_DATASET
IMG_20241029_141257.jpg,.jpg,Sheath_Blight/IMG_20241029_141257.jpg,11723,True,300,300,1.0,RGB,3,JPEG,d121b5d1e6ae3d40c6a25225a3a02059b16504614dd15e1e2b2c60db7b603a1e,,Sheath_Blight,RiceLeafDisease_BD5,EXTERNAL_FIELD_DATASET
IMG_20241029_141316.jpg,.jpg,Sheath_Blight/IMG_20241029_141316.jpg,6627,True,300,300,1.0,RGB,3,JPEG,8777cf591c201dbee8fd9d07c1b939840a5ca4dea4ae523450c201e8749634a3,,Sheath_Blight,RiceLeafDisease_BD5,EXTERNAL_FIELD_DATASET
IMG_20241029_141316_1.jpg,.jpg,Sheath_Blight/IMG_20241029_141316_1.jpg,11768,True,300,300,1.0,RGB,3,JPEG,e40c11ae1300a24af76ac196f4722469d9aae9e828d9540eb48b6797e9bceaa1,,Sheath_Blight,RiceLeafDisease_BD5,EXTERNAL_FIELD_DATASET
IMG_20241029_141323.jpg,.jpg,Sheath_Blight/IMG_20241029_141323.jpg,7576,True,300,300,1.0,RGB,3,JPEG,8b9d09bffec8761243ab4f5612d057c091947fad0d795a52ac8333ef2b68852d,,Sheath_Blight,RiceLeafDisease_BD5,EXTERNAL_FIELD_DATASET
IMG_20241029_141329.jpg,.jpg,Sheath_Blight/IMG_20241029_141329.jpg,8001,True,300,300,1.0,RGB,3,JPEG,7c4f754cce8a2551bd4edd285f0e9b8286179bbabd6d2344655cb21c589004ee,,Sheath_Blight,RiceLeafDisease_BD5,EXTERNAL_FIELD_DATASET
IMG_20241029_141334.jpg,.jpg,Sheath_Blight/IMG_20241029_141334.jpg,7099,True,300,300,1.0,RGB,3,JPEG,7c6ab8ae2bd8f6a2157305b5e3d05f8c66dc42c8058ed6059dab939464bb118b,,Sheath_Blight,RiceLeafDisease_BD5,EXTERNAL_FIELD_DATASET
IMG_20241029_141344.jpg,.jpg,Sheath_Blight/IMG_20241029_141344.jpg,7717,True,300,300,1.0,RGB,3,JPEG,81bbb4b01621cf4186f1e0c543e5342d871cbb0b1d6dccdbf055e2813358c2ce,,Sheath_Blight,RiceLeafDisease_BD5,EXTERNAL_FIELD_DATASET
IMG_20241029_141346.jpg,.jpg,Sheath_Blight/IMG_20241029_141346.jpg,11104,True,300,300,1.0,RGB,3,JPEG,e6c2ee08fca6dfe566e8584397d113486ace18a8c3d78e7be37d5389b6024f4e,,Sheath_Blight,RiceLeafDisease_BD5,EXTERNAL_FIELD_DATASET
IMG_20241029_141358.jpg,.jpg,Sheath_Blight/IMG_20241029_141358.jpg,9059,True,300,300,1.0,RGB,3,JPEG,dc2980c4808fa8770a203407791fd88787656a2fa74ed074700254798126279c,,Sheath_Blight,RiceLeafDisease_BD5,EXTERNAL_FIELD_DATASET
IMG_20241029_141403.jpg,.jpg,Sheath_Blight/IMG_20241029_141403.jpg,9522,True,300,300,1.0,RGB,3,JPEG,d63e9852ee33d1126d7da97695c12f5c42d6bc9f04a86a3074d81c92d2f540ac,,Sheath_Blight,RiceLeafDisease_BD5,EXTERNAL_FIELD_DATASET
IMG_20241029_141406.jpg,.jpg,Sheath_Blight/IMG_20241029_141406.jpg,8609,True,300,300,1.0,RGB,3,JPEG,3792d34998ce6d7e11a9d11e5fba50228f430f13a09f9b4850879c9954ae67de,,Sheath_Blight,RiceLeafDisease_BD5,EXTERNAL_FIELD_DATASET
IMG_20241029_141412.jpg,.jpg,Sheath_Blight/IMG_20241029_141412.jpg,9090,True,300,300,1.0,RGB,3,JPEG,80f7e61a3c7dfb9f48915da99f6767ff65c7e2b8c23a80b06e8a9e89028fd3fd,,Sheath_Blight,RiceLeafDisease_BD5,EXTERNAL_FIELD_DATASET
IMG_20241029_141420.jpg,.jpg,Sheath_Blight/IMG_20241029_141420.jpg,8433,True,300,300,1.0,RGB,3,JPEG,060128669fc2d8a65ed5e5a438ff9b0248cacb6516cd1f4100919ca58b449118,,Sheath_Blight,RiceLeafDisease_BD5,EXTERNAL_FIELD_DATASET
IMG_20241029_141423.jpg,.jpg,Sheath_Blight/IMG_20241029_141423.jpg,7759,True,300,300,1.0,RGB,3,JPEG,76946209bf72355527e2e7447009700ffc4a4f3a7c343404aabfcdaec500945b,,Sheath_Blight,RiceLeafDisease_BD5,EXTERNAL_FIELD_DATASET
IMG_20241029_141427.jpg,.jpg,Sheath_Blight/IMG_20241029_141427.jpg,8195,True,300,300,1.0,RGB,3,JPEG,d1da3d1b4745bf42ec920659b9bd53169853de9891719972e36eb37185aac296,,Sheath_Blight,RiceLeafDisease_BD5,EXTERNAL_FIELD_DATASET
IMG_20241029_141430.jpg,.jpg,Sheath_Blight/IMG_20241029_141430.jpg,10674,True,300,300,1.0,RGB,3,JPEG,56ca264912ce019020b248e71b097ac18fa0fd9bfbccbdd16d1c28fb3e415ae9,,Sheath_Blight,RiceLeafDisease_BD5,EXTERNAL_FIELD_DATASET
IMG_20241029_141432.jpg,.jpg,Sheath_Blight/IMG_20241029_141432.jpg,9072,True,300,300,1.0,RGB,3,JPEG,6522fadf3338168c960140141b78252d6b1e4e9e7ea6be25df6f3cd1f5dcd03b,,Sheath_Blight,RiceLeafDisease_BD5,EXTERNAL_FIELD_DATASET
IMG_20241029_141436.jpg,.jpg,Sheath_Blight/IMG_20241029_141436.jpg,12059,True,300,300,1.0,RGB,3,JPEG,5c0fd47a5a2fb35f820d100a731de3708099bbf2a6c64ab63252752251bbfc6d,,Sheath_Blight,RiceLeafDisease_BD5,EXTERNAL_FIELD_DATASET
IMG_20241029_141441.jpg,.jpg,Sheath_Blight/IMG_20241029_141441.jpg,8990,True,300,300,1.0,RGB,3,JPEG,be93f37b07933d2ccd2e600759672fdbeb348d52822f78038e8b2b74e4065388,,Sheath_Blight,RiceLeafDisease_BD5,EXTERNAL_FIELD_DATASET
IMG_20241029_141446.jpg,.jpg,Sheath_Blight/IMG_20241029_141446.jpg,8462,True,300,300,1.0,RGB,3,JPEG,8ee505eb5d27ad11130dcc08d06e84552d178fb545622cbffeb87d5dce21b630,,Sheath_Blight,RiceLeafDisease_BD5,EXTERNAL_FIELD_DATASET
IMG_20241029_141448.jpg,.jpg,Sheath_Blight/IMG_20241029_141448.jpg,8567,True,300,300,1.0,RGB,3,JPEG,45326314e3affe9f6e20245cd24961c6649cd79a4c2a4a2f6526a74c1e2a9b99,,Sheath_Blight,RiceLeafDisease_BD5,EXTERNAL_FIELD_DATASET
IMG_20241029_141457.jpg,.jpg,Sheath_Blight/IMG_20241029_141457.jpg,8878,True,300,300,1.0,RGB,3,JPEG,a10daff1b8e87de8b8d97653d4fd026966d09d49ababf823c8b2be1ba05e1ae6,,Sheath_Blight,RiceLeafDisease_BD5,EXTERNAL_FIELD_DATASET
IMG_20241029_141508.jpg,.jpg,Sheath_Blight/IMG_20241029_141508.jpg,7717,True,300,300,1.0,RGB,3,JPEG,9ec9f73583898bae79d525c8c20494626d3f92c2f57a7d79accd1f068735a7a4,,Sheath_Blight,RiceLeafDisease_BD5,EXTERNAL_FIELD_DATASET
IMG_20241029_141512.jpg,.jpg,Sheath_Blight/IMG_20241029_141512.jpg,8882,True,300,300,1.0,RGB,3,JPEG,f95a1cd6ba7da4dc865eb30405b57a3afc4064697fcda2df1e64916c4c12745f,,Sheath_Blight,RiceLeafDisease_BD5,EXTERNAL_FIELD_DATASET
IMG_20241029_141516.jpg,.jpg,Sheath_Blight/IMG_20241029_141516.jpg,8601,True,300,300,1.0,RGB,3,JPEG,3dc68578e90542fee0cad3bd0a010d46404dc2ba8d09cf18bd60ddc6f2642565,,Sheath_Blight,RiceLeafDisease_BD5,EXTERNAL_FIELD_DATASET
IMG_20241029_141520.jpg,.jpg,Sheath_Blight/IMG_20241029_141520.jpg,7925,True,300,300,1.0,RGB,3,JPEG,f40f3a3806a94eac3d7f18cb0eaaa96ed04348027b411303cbfee97def21d318,,Sheath_Blight,RiceLeafDisease_BD5,EXTERNAL_FIELD_DATASET
IMG_20241029_141521.jpg,.jpg,Sheath_Blight/IMG_20241029_141521.jpg,8905,True,300,300,1.0,RGB,3,JPEG,981995fec967489aa6c534f7f72ecf243723c4d87176e9e2f1fea79a0217c801,,Sheath_Blight,RiceLeafDisease_BD5,EXTERNAL_FIELD_DATASET
IMG_20241029_141525.jpg,.jpg,Sheath_Blight/IMG_20241029_141525.jpg,8218,True,300,300,1.0,RGB,3,JPEG,66c82794d00b8300b4ee018c0edc3896a6ce6d96d415f8a0eb6710560280e6fe,,Sheath_Blight,RiceLeafDisease_BD5,EXTERNAL_FIELD_DATASET
IMG_20241029_141526.jpg,.jpg,Sheath_Blight/IMG_20241029_141526.jpg,7672,True,300,300,1.0,RGB,3,JPEG,c2780958ddaf340ef4a9292bde22a0bdb01dd640f23b76af9d3923672c42f955,,Sheath_Blight,RiceLeafDisease_BD5,EXTERNAL_FIELD_DATASET
IMG_20241029_141537.jpg,.jpg,Sheath_Blight/IMG_20241029_141537.jpg,10233,True,300,300,1.0,RGB,3,JPEG,0164b93f8fd99e3697bdb0afb691e2bf65af989e325b9468adc8d121906ee998,,Sheath_Blight,RiceLeafDisease_BD5,EXTERNAL_FIELD_DATASET
IMG_20241029_141539.jpg,.jpg,Sheath_Blight/IMG_20241029_141539.jpg,9134,True,300,300,1.0,RGB,3,JPEG,cb9aaf96110cc7096119d2caf3d934483ea649c43a1ca2207a71f4b3380a2438,,Sheath_Blight,RiceLeafDisease_BD5,EXTERNAL_FIELD_DATASET
IMG_20241029_141604.jpg,.jpg,Sheath_Blight/IMG_20241029_141604.jpg,8721,True,300,300,1.0,RGB,3,JPEG,4b49e1cda69c4de5825662d94252b45a7865689063b3639117e726854fa317da,,Sheath_Blight,RiceLeafDisease_BD5,EXTERNAL_FIELD_DATASET
IMG_20241029_141610.jpg,.jpg,Sheath_Blight/IMG_20241029_141610.jpg,9167,True,300,300,1.0,RGB,3,JPEG,776b8a242d42b9a83244e9fc4e22c98303c2841923a0550725cfb3b4d244f6c8,,Sheath_Blight,RiceLeafDisease_BD5,EXTERNAL_FIELD_DATASET
IMG_20241029_141619.jpg,.jpg,Sheath_Blight/IMG_20241029_141619.jpg,8673,True,300,300,1.0,RGB,3,JPEG,231c921730856cb5bec0c893e596027885467b5919f18a8d995617acc4b82eb0,,Sheath_Blight,RiceLeafDisease_BD5,EXTERNAL_FIELD_DATASET
IMG_20241029_141629.jpg,.jpg,Sheath_Blight/IMG_20241029_141629.jpg,9561,True,300,300,1.0,RGB,3,JPEG,7bd0bc083d24d79c6f5182ac3c3f174baaeba261a36ec4e22d28dda0143cdacd,,Sheath_Blight,RiceLeafDisease_BD5,EXTERNAL_FIELD_DATASET
IMG_20241029_141637.jpg,.jpg,Sheath_Blight/IMG_20241029_141637.jpg,9487,True,300,300,1.0,RGB,3,JPEG,87c58d284d18471fc45a7b462d7871723a5353953589e9245d02c75379ba2c87,,Sheath_Blight,RiceLeafDisease_BD5,EXTERNAL_FIELD_DATASET
IMG_20241029_141643.jpg,.jpg,Sheath_Blight/IMG_20241029_141643.jpg,9036,True,300,300,1.0,RGB,3,JPEG,116b82da92b8b4a44038c68058a140961077aa34cfdd847c8cd0922809585db7,,Sheath_Blight,RiceLeafDisease_BD5,EXTERNAL_FIELD_DATASET
IMG_20241029_141644.jpg,.jpg,Sheath_Blight/IMG_20241029_141644.jpg,8958,True,300,300,1.0,RGB,3,JPEG,45a7c5320aef0cf3f34371bbf928ff78ab9ec1a9796d41e5a5aff986db7b8ef6,,Sheath_Blight,RiceLeafDisease_BD5,EXTERNAL_FIELD_DATASET
IMG_20241029_141702.jpg,.jpg,Sheath_Blight/IMG_20241029_141702.jpg,8546,True,300,300,1.0,RGB,3,JPEG,82a1eeaa5a99083b19d68714ceae66aa795961186e24ccaa161d0c4bd6d3d679,,Sheath_Blight,RiceLeafDisease_BD5,EXTERNAL_FIELD_DATASET
IMG_20241029_141708.jpg,.jpg,Sheath_Blight/IMG_20241029_141708.jpg,9258,True,300,300,1.0,RGB,3,JPEG,16771803fc700ae33b2a816c90d01dd147a97bf9e3b5fe3bff9e587dbdd6a2e9,,Sheath_Blight,RiceLeafDisease_BD5,EXTERNAL_FIELD_DATASET
IMG_20241029_141716.jpg,.jpg,Sheath_Blight/IMG_20241029_141716.jpg,8584,True,300,300,1.0,RGB,3,JPEG,31d565e0b575706814a5144fc3ee928e8a94b824c214c0c6c22bc6827b1e07c8,,Sheath_Blight,RiceLeafDisease_BD5,EXTERNAL_FIELD_DATASET
IMG_20241029_141721.jpg,.jpg,Sheath_Blight/IMG_20241029_141721.jpg,8624,True,300,300,1.0,RGB,3,JPEG,5c4bd331d76fc6a48724bf316cc3c8306ff5bf8d8d36cc83b04af77641a55cb7,,Sheath_Blight,RiceLeafDisease_BD5,EXTERNAL_FIELD_DATASET
IMG_20241029_141726.jpg,.jpg,Sheath_Blight/IMG_20241029_141726.jpg,8713,True,300,300,1.0,RGB,3,JPEG,c59b9ab58d39dcdf984fd64deb2e327c5524ca282a6cd39b20d6b5104e033f4e,,Sheath_Blight,RiceLeafDisease_BD5,EXTERNAL_FIELD_DATASET
IMG_20241029_141734.jpg,.jpg,Sheath_Blight/IMG_20241029_141734.jpg,9105,True,300,300,1.0,RGB,3,JPEG,f4047248fb64c2e435e7a185e7e5df7622f2c37e269e684c4dac167a023ccc42,,Sheath_Blight,RiceLeafDisease_BD5,EXTERNAL_FIELD_DATASET
IMG_20241029_141735.jpg,.jpg,Sheath_Blight/IMG_20241029_141735.jpg,9297,True,300,300,1.0,RGB,3,JPEG,73e8f482de8fd1b6808772ea3420a7ac8c27aeab458ebdfaa91b3e785ad10829,,Sheath_Blight,RiceLeafDisease_BD5,EXTERNAL_FIELD_DATASET
IMG_20241029_141741.jpg,.jpg,Sheath_Blight/IMG_20241029_141741.jpg,11056,True,300,300,1.0,RGB,3,JPEG,3c7219bafc92e473ff22e7575f5b824d6cce124620faaa19c1a759553c0adcac,,Sheath_Blight,RiceLeafDisease_BD5,EXTERNAL_FIELD_DATASET
IMG_20241029_141749.jpg,.jpg,Sheath_Blight/IMG_20241029_141749.jpg,10566,True,300,300,1.0,RGB,3,JPEG,a41d97db86a195eef7f3dcb2aa4275cb7683e034e1f22f8ed37d697746446958,,Sheath_Blight,RiceLeafDisease_BD5,EXTERNAL_FIELD_DATASET
IMG_20241029_141755.jpg,.jpg,Sheath_Blight/IMG_20241029_141755.jpg,7807,True,300,300,1.0,RGB,3,JPEG,33380086678128a8c11d5f2efe40c40f0cb9511813803fbb9fcc9b4373cfcf73,,Sheath_Blight,RiceLeafDisease_BD5,EXTERNAL_FIELD_DATASET
IMG_20241029_141800.jpg,.jpg,Sheath_Blight/IMG_20241029_141800.jpg,10466,True,300,300,1.0,RGB,3,JPEG,c53e5c523bfd6fe249a721ad324f2a448abe995e37c116613673b4fc430803b6,,Sheath_Blight,RiceLeafDisease_BD5,EXTERNAL_FIELD_DATASET
IMG_20241029_141807.jpg,.jpg,Sheath_Blight/IMG_20241029_141807.jpg,11785,True,300,300,1.0,RGB,3,JPEG,052b62d8943ada50c11798a707e5bc3fb11a76037c4d8a3f5291910ab4dbf1f5,,Sheath_Blight,RiceLeafDisease_BD5,EXTERNAL_FIELD_DATASET
IMG_20241029_141811.jpg,.jpg,Sheath_Blight/IMG_20241029_141811.jpg,11580,True,300,300,1.0,RGB,3,JPEG,3c7fce260797b48db6674a82d5286fb5a5d799b3dd8b99381f4351331e2f1e02,,Sheath_Blight,RiceLeafDisease_BD5,EXTERNAL_FIELD_DATASET
IMG_20241029_141811_1.jpg,.jpg,Sheath_Blight/IMG_20241029_141811_1.jpg,8655,True,300,300,1.0,RGB,3,JPEG,e4e7d9341337eac246b18775173c8508121c37c57a17226b92edaf43a7ce74c8,,Sheath_Blight,RiceLeafDisease_BD5,EXTERNAL_FIELD_DATASET
IMG_20241029_141812.jpg,.jpg,Sheath_Blight/IMG_20241029_141812.jpg,11500,True,300,300,1.0,RGB,3,JPEG,a7cc1ae4f919b972f79b89ae54a6efdcad217342b04f4a35d1c4febc33455891,,Sheath_Blight,RiceLeafDisease_BD5,EXTERNAL_FIELD_DATASET
IMG_20241029_141829.jpg,.jpg,Sheath_Blight/IMG_20241029_141829.jpg,7259,True,300,300,1.0,RGB,3,JPEG,849928aed458b84ab56392a2fed21a27602d1e7b5d8a0495b75e7ec2562defc9,,Sheath_Blight,RiceLeafDisease_BD5,EXTERNAL_FIELD_DATASET
IMG_20241029_141916.jpg,.jpg,Sheath_Blight/IMG_20241029_141916.jpg,8864,True,300,300,1.0,RGB,3,JPEG,5c469c2b3e8a81e12e2c07cea389a97a8fca606fde26443308afe5c5d25af2f7,,Sheath_Blight,RiceLeafDisease_BD5,EXTERNAL_FIELD_DATASET
IMG_20241029_141945.jpg,.jpg,Sheath_Blight/IMG_20241029_141945.jpg,9424,True,300,300,1.0,RGB,3,JPEG,57ec79e2ef2e3f714711877d5b798d1344c70ee8f781bb76c6c8c793890ba09a,,Sheath_Blight,RiceLeafDisease_BD5,EXTERNAL_FIELD_DATASET
IMG_20241029_141956.jpg,.jpg,Sheath_Blight/IMG_20241029_141956.jpg,8751,True,300,300,1.0,RGB,3,JPEG,62089371997da2087e86d138db2eabc4ec07a081f8711a8da5672fcf03d56d73,,Sheath_Blight,RiceLeafDisease_BD5,EXTERNAL_FIELD_DATASET
IMG_20241029_142003.jpg,.jpg,Sheath_Blight/IMG_20241029_142003.jpg,8974,True,300,300,1.0,RGB,3,JPEG,d0d6d6536cd9e4beb08d2665a1731ac1d405a3045b28c24dc7ac64ba968e52de,,Sheath_Blight,RiceLeafDisease_BD5,EXTERNAL_FIELD_DATASET
IMG_20241029_142016.jpg,.jpg,Sheath_Blight/IMG_20241029_142016.jpg,7287,True,300,300,1.0,RGB,3,JPEG,ee5f1ac4b2dc8ec91aeb09dd87f4599b23a4ed519aa4ba3ca3df4927a1768ac8,,Sheath_Blight,RiceLeafDisease_BD5,EXTERNAL_FIELD_DATASET
IMG_20241029_142024.jpg,.jpg,Sheath_Blight/IMG_20241029_142024.jpg,7789,True,300,300,1.0,RGB,3,JPEG,aa0d6a63db4e50d7c0f9ace2d44a458f1bc036689c313384b4676b3ce04cb886,,Sheath_Blight,RiceLeafDisease_BD5,EXTERNAL_FIELD_DATASET
IMG_20241029_142033.jpg,.jpg,Sheath_Blight/IMG_20241029_142033.jpg,7777,True,300,300,1.0,RGB,3,JPEG,4affc391cb8e627d3b490181d7ffafa37eeb645b32abb569fd937436719f8ec4,,Sheath_Blight,RiceLeafDisease_BD5,EXTERNAL_FIELD_DATASET
IMG_20241029_142047.jpg,.jpg,Sheath_Blight/IMG_20241029_142047.jpg,8021,True,300,300,1.0,RGB,3,JPEG,2c74d83e7536fd917d4c5670deb1b35c7d15da8b283caad7951bb6044b2f26b3,,Sheath_Blight,RiceLeafDisease_BD5,EXTERNAL_FIELD_DATASET
IMG_20241029_142058.jpg,.jpg,Sheath_Blight/IMG_20241029_142058.jpg,7906,True,300,300,1.0,RGB,3,JPEG,2f8efae878bf57f5716490d1a9064b52d5891921ba98f8f18e1ae866634c44a5,,Sheath_Blight,RiceLeafDisease_BD5,EXTERNAL_FIELD_DATASET
IMG_20241029_142109.jpg,.jpg,Sheath_Blight/IMG_20241029_142109.jpg,8280,True,300,300,1.0,RGB,3,JPEG,e9790e1eab9f135621366917e682a50c2cea815632374eff7a9827820a62c513,,Sheath_Blight,RiceLeafDisease_BD5,EXTERNAL_FIELD_DATASET
IMG_20241029_142126.jpg,.jpg,Sheath_Blight/IMG_20241029_142126.jpg,9047,True,300,300,1.0,RGB,3,JPEG,2a863b23f8c213775b425f8a29edfcc26c04c8a5d9e7d691c61b4013db1efe60,,Sheath_Blight,RiceLeafDisease_BD5,EXTERNAL_FIELD_DATASET
IMG_20241029_142151.jpg,.jpg,Sheath_Blight/IMG_20241029_142151.jpg,9613,True,300,300,1.0,RGB,3,JPEG,18a3c5c60da4474701a2629087cd41190d145ca69f65a78ccc8ec44d845a40b7,,Sheath_Blight,RiceLeafDisease_BD5,EXTERNAL_FIELD_DATASET
IMG_20241029_142153.jpg,.jpg,Sheath_Blight/IMG_20241029_142153.jpg,9008,True,300,300,1.0,RGB,3,JPEG,3f3ebe5055c74e7e5e18f2ae44128267171f9fcd8ee552a4e26fd3983f086f90,,Sheath_Blight,RiceLeafDisease_BD5,EXTERNAL_FIELD_DATASET
IMG_20241029_142155.jpg,.jpg,Sheath_Blight/IMG_20241029_142155.jpg,9059,True,300,300,1.0,RGB,3,JPEG,04b3ea33b7b61384cdebdd4a6285a9798806e6204a91a5bd73198b1d9c9306c1,,Sheath_Blight,RiceLeafDisease_BD5,EXTERNAL_FIELD_DATASET
IMG_20241029_142155_1.jpg,.jpg,Sheath_Blight/IMG_20241029_142155_1.jpg,8017,True,300,300,1.0,RGB,3,JPEG,398818125e594008012f56b9693f31814a38e82ee0c48f0c16c8d202da62d065,,Sheath_Blight,RiceLeafDisease_BD5,EXTERNAL_FIELD_DATASET
IMG_20241029_142203.jpg,.jpg,Sheath_Blight/IMG_20241029_142203.jpg,8094,True,300,300,1.0,RGB,3,JPEG,31c7b0fa1bc129c922fd1bb0fd70d2c44edd93e7701a0265e2c8a434e97feb39,,Sheath_Blight,RiceLeafDisease_BD5,EXTERNAL_FIELD_DATASET
IMG_20241029_142206.jpg,.jpg,Sheath_Blight/IMG_20241029_142206.jpg,7620,True,300,300,1.0,RGB,3,JPEG,9efec9c2acb0cc478c65b7c5dbcb094c619d7efea146d93c6fbf340b4bee40ea,,Sheath_Blight,RiceLeafDisease_BD5,EXTERNAL_FIELD_DATASET
IMG_20241029_142213.jpg,.jpg,Sheath_Blight/IMG_20241029_142213.jpg,8369,True,300,300,1.0,RGB,3,JPEG,26e59a783b24220d38137b9c4db551c186e4dd4d93df460aa3b65ce08853b197,,Sheath_Blight,RiceLeafDisease_BD5,EXTERNAL_FIELD_DATASET
IMG_20241029_142216.jpg,.jpg,Sheath_Blight/IMG_20241029_142216.jpg,8467,True,300,300,1.0,RGB,3,JPEG,37ddcd137a3a95460956090885032f16522edfdfe22cb5ed1280cea1da3e44a6,,Sheath_Blight,RiceLeafDisease_BD5,EXTERNAL_FIELD_DATASET
IMG_20241029_142230.jpg,.jpg,Sheath_Blight/IMG_20241029_142230.jpg,8897,True,300,300,1.0,RGB,3,JPEG,170955fb7337e8753b6392d6cf36859914483d572a8eed901648a1e812e4964c,,Sheath_Blight,RiceLeafDisease_BD5,EXTERNAL_FIELD_DATASET
IMG_20241029_142237.jpg,.jpg,Sheath_Blight/IMG_20241029_142237.jpg,9170,True,300,300,1.0,RGB,3,JPEG,91f51afa2c8d32783f3e1a066acde81b2e5e23fd7c3fa47986c552f12028e052,,Sheath_Blight,RiceLeafDisease_BD5,EXTERNAL_FIELD_DATASET
IMG_20241029_142244.jpg,.jpg,Sheath_Blight/IMG_20241029_142244.jpg,8514,True,300,300,1.0,RGB,3,JPEG,502f9a58470cf378b7da1c68db03cdcfbe6fda27158e561b1e3ec7b53a762289,,Sheath_Blight,RiceLeafDisease_BD5,EXTERNAL_FIELD_DATASET
IMG_20241029_142245.jpg,.jpg,Sheath_Blight/IMG_20241029_142245.jpg,8491,True,300,300,1.0,RGB,3,JPEG,9c14fb9f8364296afcd47c2ad365853c4baaa8a08ca3764ec3e1129a3e8f4033,,Sheath_Blight,RiceLeafDisease_BD5,EXTERNAL_FIELD_DATASET
IMG_20241029_142250.jpg,.jpg,Sheath_Blight/IMG_20241029_142250.jpg,8426,True,300,300,1.0,RGB,3,JPEG,a009f0bc8f68af35f1863ef026fe08174f43521f17838e8770f29718938ed8da,,Sheath_Blight,RiceLeafDisease_BD5,EXTERNAL_FIELD_DATASET
IMG_20241029_142305.jpg,.jpg,Sheath_Blight/IMG_20241029_142305.jpg,7408,True,300,300,1.0,RGB,3,JPEG,95a494bdebf3ca8f1da802bd4648f4c0635769ed731b3ba63d6a9ec5d6106d3a,,Sheath_Blight,RiceLeafDisease_BD5,EXTERNAL_FIELD_DATASET
IMG_20241029_142318.jpg,.jpg,Sheath_Blight/IMG_20241029_142318.jpg,7547,True,300,300,1.0,RGB,3,JPEG,e31a4783eb1333438ebfcefef04076c6f444ff011fb639346eab44899d857c98,,Sheath_Blight,RiceLeafDisease_BD5,EXTERNAL_FIELD_DATASET
IMG_20241029_142347.jpg,.jpg,Sheath_Blight/IMG_20241029_142347.jpg,7721,True,300,300,1.0,RGB,3,JPEG,c8e383a884150776f03bbabb7f459603d2828e0c12c16556b52a721b608f02be,,Sheath_Blight,RiceLeafDisease_BD5,EXTERNAL_FIELD_DATASET
IMG_20241029_142352.jpg,.jpg,Sheath_Blight/IMG_20241029_142352.jpg,7442,True,300,300,1.0,RGB,3,JPEG,d814fdb7f002ba96c56f252b41c9e96da85c0bde403c62bdc3a8bfd65334cc77,,Sheath_Blight,RiceLeafDisease_BD5,EXTERNAL_FIELD_DATASET
IMG_20241029_142359.jpg,.jpg,Sheath_Blight/IMG_20241029_142359.jpg,7545,True,300,300,1.0,RGB,3,JPEG,b7d3d052594cda00253a5959bf383cf71c87b49d41b45d4116c80d622b55af30,,Sheath_Blight,RiceLeafDisease_BD5,EXTERNAL_FIELD_DATASET
IMG_20241029_142410.jpg,.jpg,Sheath_Blight/IMG_20241029_142410.jpg,6308,True,300,300,1.0,RGB,3,JPEG,eb0ab087ceb5d2cb8eda06463b3d56a87012880302eefa0a649a7c549058b943,,Sheath_Blight,RiceLeafDisease_BD5,EXTERNAL_FIELD_DATASET
IMG_20241029_142416.jpg,.jpg,Sheath_Blight/IMG_20241029_142416.jpg,6433,True,300,300,1.0,RGB,3,JPEG,839b5c6687fef3a96f75b486a861030d89c4dea5e298858a0cacc715ad148ff9,,Sheath_Blight,RiceLeafDisease_BD5,EXTERNAL_FIELD_DATASET
IMG_20241029_142445.jpg,.jpg,Sheath_Blight/IMG_20241029_142445.jpg,7358,True,300,300,1.0,RGB,3,JPEG,3a7524a958ad7d3406af22e61342fb3caf5a1c522b6f107c1be3c3c29acd4bd6,,Sheath_Blight,RiceLeafDisease_BD5,EXTERNAL_FIELD_DATASET
IMG_20241029_142500.jpg,.jpg,Sheath_Blight/IMG_20241029_142500.jpg,9677,True,300,300,1.0,RGB,3,JPEG,91322e677dbf2b3883d4e1c3944469b47e056cf0cd62e89c2845122dc3a7c35d,,Sheath_Blight,RiceLeafDisease_BD5,EXTERNAL_FIELD_DATASET
IMG_20241029_142516.jpg,.jpg,Sheath_Blight/IMG_20241029_142516.jpg,8248,True,300,300,1.0,RGB,3,JPEG,142b2b359a06a40e023e547d0452ed8a2e5e6b76b9d33258abda2dd8406f6599,,Sheath_Blight,RiceLeafDisease_BD5,EXTERNAL_FIELD_DATASET
IMG_20241029_142536.jpg,.jpg,Sheath_Blight/IMG_20241029_142536.jpg,8316,True,300,300,1.0,RGB,3,JPEG,eb1d3fc3fbbac14aaf4a3c4e09fabda37706075cf8adef21164cdadb24cc70c0,,Sheath_Blight,RiceLeafDisease_BD5,EXTERNAL_FIELD_DATASET
IMG_20241029_142540.jpg,.jpg,Sheath_Blight/IMG_20241029_142540.jpg,8949,True,300,300,1.0,RGB,3,JPEG,7fb507d5f7e1ef713eaec5fe90e714b312563d52dbf83e2be324c2f64e449fbc,,Sheath_Blight,RiceLeafDisease_BD5,EXTERNAL_FIELD_DATASET
IMG_20241029_142559.jpg,.jpg,Sheath_Blight/IMG_20241029_142559.jpg,9504,True,300,300,1.0,RGB,3,JPEG,b0be5c2ab2a659d2bac44a3ba448a1c02dffee7491ccd138c76a3f48ecd7d9cf,,Sheath_Blight,RiceLeafDisease_BD5,EXTERNAL_FIELD_DATASET
IMG_20241029_142601.jpg,.jpg,Sheath_Blight/IMG_20241029_142601.jpg,10049,True,300,300,1.0,RGB,3,JPEG,bad93396ecfc0d03742fdd90db4833d3942a8755005e3d6d8d1874f39d23fd84,,Sheath_Blight,RiceLeafDisease_BD5,EXTERNAL_FIELD_DATASET
IMG_20241029_142607.jpg,.jpg,Sheath_Blight/IMG_20241029_142607.jpg,8814,True,300,300,1.0,RGB,3,JPEG,f0951e707e53d8de44af2653d2bf389cefc0325d9bbb75557f73ae5faea3f9c8,,Sheath_Blight,RiceLeafDisease_BD5,EXTERNAL_FIELD_DATASET
IMG_20241029_142608.jpg,.jpg,Sheath_Blight/IMG_20241029_142608.jpg,8664,True,300,300,1.0,RGB,3,JPEG,f7689ffbc1ccd0ccd0d25f8e0ecb858b45d6aef191a2813d9bb184dd70b03ba1,,Sheath_Blight,RiceLeafDisease_BD5,EXTERNAL_FIELD_DATASET
IMG_20241029_142612.jpg,.jpg,Sheath_Blight/IMG_20241029_142612.jpg,9401,True,300,300,1.0,RGB,3,JPEG,b0a86e475f2d92847fe2ea5aa06c7377fc0758a5df0037a69115a89cb4437803,,Sheath_Blight,RiceLeafDisease_BD5,EXTERNAL_FIELD_DATASET
IMG_20241029_142614.jpg,.jpg,Sheath_Blight/IMG_20241029_142614.jpg,9432,True,300,300,1.0,RGB,3,JPEG,435b119fdf00e7112cc6e6972d8e3f869be0525744f17642a8d6a5a2635ec895,,Sheath_Blight,RiceLeafDisease_BD5,EXTERNAL_FIELD_DATASET
IMG_20241029_142703.jpg,.jpg,Sheath_Blight/IMG_20241029_142703.jpg,7626,True,300,300,1.0,RGB,3,JPEG,cf68d6bab4d5feb3c72b92d7be4f2f0aa6092a582977447e2515d78d4190f28b,,Sheath_Blight,RiceLeafDisease_BD5,EXTERNAL_FIELD_DATASET
IMG_20241029_142707.jpg,.jpg,Sheath_Blight/IMG_20241029_142707.jpg,7557,True,300,300,1.0,RGB,3,JPEG,e64857b6c992bd4c1c4e0696b3b5d9df88436eddf9b5340a2fcfff7c61f6788c,,Sheath_Blight,RiceLeafDisease_BD5,EXTERNAL_FIELD_DATASET
IMG_20241029_142714.jpg,.jpg,Sheath_Blight/IMG_20241029_142714.jpg,7916,True,300,300,1.0,RGB,3,JPEG,53179dbe67be9d3253275d9fcf4a48e8b8dc6bffbdeb2e1a397449a039840e11,,Sheath_Blight,RiceLeafDisease_BD5,EXTERNAL_FIELD_DATASET
IMG_20241029_142715.jpg,.jpg,Sheath_Blight/IMG_20241029_142715.jpg,7873,True,300,300,1.0,RGB,3,JPEG,526d3c046a6f6251b11c738d7961bb2978c4aeba0e5c7e0288bcd469fa3695d7,,Sheath_Blight,RiceLeafDisease_BD5,EXTERNAL_FIELD_DATASET
IMG_20241029_142721.jpg,.jpg,Sheath_Blight/IMG_20241029_142721.jpg,7914,True,300,300,1.0,RGB,3,JPEG,99a244ef0fd031b0c94f8e1532fd562cef86fc055697502a26cc281bd8e5368c,,Sheath_Blight,RiceLeafDisease_BD5,EXTERNAL_FIELD_DATASET
IMG_20241029_142802.jpg,.jpg,Sheath_Blight/IMG_20241029_142802.jpg,7668,True,300,300,1.0,RGB,3,JPEG,99e7c59ccd79fe00878e701b086b6dad89b04e079dd5b5fe623b676c141c47ab,,Sheath_Blight,RiceLeafDisease_BD5,EXTERNAL_FIELD_DATASET
IMG_20241029_142821.jpg,.jpg,Sheath_Blight/IMG_20241029_142821.jpg,7418,True,300,300,1.0,RGB,3,JPEG,23fb2ec2e38f74aff4ce4fa9d012522af5a728be36712d61b0a65129cccaa51d,,Sheath_Blight,RiceLeafDisease_BD5,EXTERNAL_FIELD_DATASET
IMG_20241029_142920.jpg,.jpg,Sheath_Blight/IMG_20241029_142920.jpg,7671,True,300,300,1.0,RGB,3,JPEG,fb79f2cdf2d727adaaf20b2f54387dd2ded1d198f6121e4c63ae4135c8867dc8,,Sheath_Blight,RiceLeafDisease_BD5,EXTERNAL_FIELD_DATASET
IMG_20241029_143023.jpg,.jpg,Sheath_Blight/IMG_20241029_143023.jpg,8096,True,300,300,1.0,RGB,3,JPEG,7a5a69652ff77b21c42c1f89b73cfe6335a89a8cfa142e1173c3a0a7b6a0838a,,Sheath_Blight,RiceLeafDisease_BD5,EXTERNAL_FIELD_DATASET
IMG_20241029_143035.jpg,.jpg,Sheath_Blight/IMG_20241029_143035.jpg,8301,True,300,300,1.0,RGB,3,JPEG,2f6d75d1e2b75f05dd2b6310abeaa8726c8fd2396250b544a8788eac145ab01a,,Sheath_Blight,RiceLeafDisease_BD5,EXTERNAL_FIELD_DATASET
IMG_20241029_143058.jpg,.jpg,Sheath_Blight/IMG_20241029_143058.jpg,7839,True,300,300,1.0,RGB,3,JPEG,90aec198149f10b0873a1acbaa6d9f48a96a742590064404b7d0774a75873140,,Sheath_Blight,RiceLeafDisease_BD5,EXTERNAL_FIELD_DATASET
IMG_20241029_143118.jpg,.jpg,Sheath_Blight/IMG_20241029_143118.jpg,7786,True,300,300,1.0,RGB,3,JPEG,e67ff0820ad1ba4f3578a8f183f17b4ff30dd55b353a6d2a12c63b1916ac143b,,Sheath_Blight,RiceLeafDisease_BD5,EXTERNAL_FIELD_DATASET
IMG_20241031_123618.jpg,.jpg,Sheath_Blight/IMG_20241031_123618.jpg,6146,True,300,300,1.0,RGB,3,JPEG,74463204204b55126a9d033a80dc58c9ea11dd500e28af9f669afdf73c5baa8e,,Sheath_Blight,RiceLeafDisease_BD5,EXTERNAL_FIELD_DATASET
IMG_20241031_123626.jpg,.jpg,Sheath_Blight/IMG_20241031_123626.jpg,6817,True,300,300,1.0,RGB,3,JPEG,d25a1977243bbd2f9b0d28dd2509a57451e6146df9e9d250edd9f34e495266c0,,Sheath_Blight,RiceLeafDisease_BD5,EXTERNAL_FIELD_DATASET
IMG_20241031_123638.jpg,.jpg,Sheath_Blight/IMG_20241031_123638.jpg,4884,True,300,300,1.0,RGB,3,JPEG,5c66b80eb1afc11ede4e04bca5848cae977cf58b1e0f4643f884603dde66fc28,,Sheath_Blight,RiceLeafDisease_BD5,EXTERNAL_FIELD_DATASET
IMG_20241031_123742.jpg,.jpg,Sheath_Blight/IMG_20241031_123742.jpg,5428,True,300,300,1.0,RGB,3,JPEG,e298ce92e2ec96e7dfa8893de2696046903acb7a14896021769efb833d5a78bb,,Sheath_Blight,RiceLeafDisease_BD5,EXTERNAL_FIELD_DATASET
IMG_20241031_123812.jpg,.jpg,Sheath_Blight/IMG_20241031_123812.jpg,4998,True,300,300,1.0,RGB,3,JPEG,869662972ec30b67feb2d6720d32e2587e72f0330debad1516e9b2c3e7aa4ada,,Sheath_Blight,RiceLeafDisease_BD5,EXTERNAL_FIELD_DATASET
IMG_20241031_123827.jpg,.jpg,Sheath_Blight/IMG_20241031_123827.jpg,4486,True,300,300,1.0,RGB,3,JPEG,5de23bf68a7aef4fe9410701bdfb2b036e1e3ef5a96511e5ddbc2176426abc1c,,Sheath_Blight,RiceLeafDisease_BD5,EXTERNAL_FIELD_DATASET
IMG_20241031_124235.jpg,.jpg,Sheath_Blight/IMG_20241031_124235.jpg,4955,True,300,300,1.0,RGB,3,JPEG,7f145f803c7f691e48c1ad4306e50c7c07a5015b52633edf7ac03c7f92fe6786,,Sheath_Blight,RiceLeafDisease_BD5,EXTERNAL_FIELD_DATASET
IMG_20241031_124259.jpg,.jpg,Sheath_Blight/IMG_20241031_124259.jpg,6633,True,300,300,1.0,RGB,3,JPEG,bfb734b4ca3b966027b6ae6b8d438ec09aa5207017575c3db6970d4a69d3230c,,Sheath_Blight,RiceLeafDisease_BD5,EXTERNAL_FIELD_DATASET
IMG_20241031_124333.jpg,.jpg,Sheath_Blight/IMG_20241031_124333.jpg,6432,True,300,300,1.0,RGB,3,JPEG,5409c6d2323b27b2e0c126727237fa9c0dd3b1b8cde245396d423d3f1ddb0b8a,,Sheath_Blight,RiceLeafDisease_BD5,EXTERNAL_FIELD_DATASET
IMG_20241031_124412.jpg,.jpg,Sheath_Blight/IMG_20241031_124412.jpg,6001,True,300,300,1.0,RGB,3,JPEG,95d23a32282e0182158f4fe7902bec86236ff64ef7a29f6439d1add1cec11fd3,,Sheath_Blight,RiceLeafDisease_BD5,EXTERNAL_FIELD_DATASET
IMG_20241031_124426.jpg,.jpg,Sheath_Blight/IMG_20241031_124426.jpg,4746,True,300,300,1.0,RGB,3,JPEG,91b2daba2a7eff2be06a7f3d164230ca6dd26e7eb48865cce102e838cb19ba30,,Sheath_Blight,RiceLeafDisease_BD5,EXTERNAL_FIELD_DATASET
IMG_20241031_124451.jpg,.jpg,Sheath_Blight/IMG_20241031_124451.jpg,6841,True,300,300,1.0,RGB,3,JPEG,4d57e7c6f092857fb9800fefbf9e799477184adfb59bc2ed271524ad614911cd,,Sheath_Blight,RiceLeafDisease_BD5,EXTERNAL_FIELD_DATASET
IMG_20241031_124459.jpg,.jpg,Sheath_Blight/IMG_20241031_124459.jpg,7200,True,300,300,1.0,RGB,3,JPEG,2c66a2b7915113afb48f6839b0037970b6474d869d82a33e2fd16f241ac3ba30,,Sheath_Blight,RiceLeafDisease_BD5,EXTERNAL_FIELD_DATASET
IMG_20241031_124512.jpg,.jpg,Sheath_Blight/IMG_20241031_124512.jpg,4778,True,300,300,1.0,RGB,3,JPEG,9df3957e483541b791b01313bf408ee6e4f66ed58b839896316a95219bdfa878,,Sheath_Blight,RiceLeafDisease_BD5,EXTERNAL_FIELD_DATASET
IMG_20241031_124518.jpg,.jpg,Sheath_Blight/IMG_20241031_124518.jpg,5367,True,300,300,1.0,RGB,3,JPEG,2ce8917ce443ca66c289bd976feeb1fddd817802ff1b0e35851737afbd1300d0,,Sheath_Blight,RiceLeafDisease_BD5,EXTERNAL_FIELD_DATASET
IMG_20241031_124641.jpg,.jpg,Sheath_Blight/IMG_20241031_124641.jpg,6965,True,300,300,1.0,RGB,3,JPEG,4338f9016a51fd798cf2982e463aebf92e651579a47dcacb8cfedc556ffed880,,Sheath_Blight,RiceLeafDisease_BD5,EXTERNAL_FIELD_DATASET
IMG_20241031_124642.jpg,.jpg,Sheath_Blight/IMG_20241031_124642.jpg,6949,True,300,300,1.0,RGB,3,JPEG,519262f638b448f87e480c99ea0102a19c722e552f02acd9733c76b9d0c82957,,Sheath_Blight,RiceLeafDisease_BD5,EXTERNAL_FIELD_DATASET
IMG_20241031_124726.jpg,.jpg,Sheath_Blight/IMG_20241031_124726.jpg,5099,True,300,300,1.0,RGB,3,JPEG,f8cd98cbd598aecd914ee385558962554a2b09d7e1dd1af2c4eda5cd2bf5cb15,,Sheath_Blight,RiceLeafDisease_BD5,EXTERNAL_FIELD_DATASET
IMG_20241031_124732.jpg,.jpg,Sheath_Blight/IMG_20241031_124732.jpg,6289,True,300,300,1.0,RGB,3,JPEG,18522a44d7303ed1f79baa078984f7360a97cb877ac8113ebd2795fbd0e9ce71,,Sheath_Blight,RiceLeafDisease_BD5,EXTERNAL_FIELD_DATASET
IMG_20241031_125257.jpg,.jpg,Sheath_Blight/IMG_20241031_125257.jpg,5155,True,300,300,1.0,RGB,3,JPEG,eed4ddfa809a21fa40d153f1ba9f183deeadae3d856e009dc727f2dc2e1d1e16,,Sheath_Blight,RiceLeafDisease_BD5,EXTERNAL_FIELD_DATASET
IMG_20241031_125333.jpg,.jpg,Sheath_Blight/IMG_20241031_125333.jpg,7280,True,300,300,1.0,RGB,3,JPEG,8796d41833d7c6df339b628b8f6f7f288f2a88bdf6a928393b3db263eb104eca,,Sheath_Blight,RiceLeafDisease_BD5,EXTERNAL_FIELD_DATASET
IMG_20241031_125343.jpg,.jpg,Sheath_Blight/IMG_20241031_125343.jpg,4948,True,300,300,1.0,RGB,3,JPEG,a2394d71ba9dad0fcfd8df25fadccceb624bbb8ca6b3bc5095e2013dba86ba4b,,Sheath_Blight,RiceLeafDisease_BD5,EXTERNAL_FIELD_DATASET
IMG_20241031_125346.jpg,.jpg,Sheath_Blight/IMG_20241031_125346.jpg,4260,True,300,300,1.0,RGB,3,JPEG,30f240cd02a9def9d638541dfad0c9abd188ddebc55e51a824e9b04bb14c0d8b,,Sheath_Blight,RiceLeafDisease_BD5,EXTERNAL_FIELD_DATASET
IMG_20241031_125431.jpg,.jpg,Sheath_Blight/IMG_20241031_125431.jpg,4683,True,300,300,1.0,RGB,3,JPEG,e02edfd5a4db87095a5db69e250b27862ec19cb81eb45b86be10530d325c4bc1,,Sheath_Blight,RiceLeafDisease_BD5,EXTERNAL_FIELD_DATASET
IMG_20241031_125442.jpg,.jpg,Sheath_Blight/IMG_20241031_125442.jpg,5052,True,300,300,1.0,RGB,3,JPEG,1c8f072359af21af4369d80ca756597753628f9bf90e806dbe32e7d240b99570,,Sheath_Blight,RiceLeafDisease_BD5,EXTERNAL_FIELD_DATASET
IMG_20241031_125520.jpg,.jpg,Sheath_Blight/IMG_20241031_125520.jpg,4414,True,300,300,1.0,RGB,3,JPEG,3d9a983f04e90e782768e620ff446ccf9560f23daba01edc372fe3b452df8188,,Sheath_Blight,RiceLeafDisease_BD5,EXTERNAL_FIELD_DATASET
IMG_20241031_125644.jpg,.jpg,Sheath_Blight/IMG_20241031_125644.jpg,6444,True,300,300,1.0,RGB,3,JPEG,805c02217446b9ade0504258a0e125f41482b87e1ea8489f88c45cebf70750f1,,Sheath_Blight,RiceLeafDisease_BD5,EXTERNAL_FIELD_DATASET
IMG_20241031_125646.jpg,.jpg,Sheath_Blight/IMG_20241031_125646.jpg,6463,True,300,300,1.0,RGB,3,JPEG,5c3d35f051cc85d3b6d0267e648b99eab719d2ec19ee82536e58b7569c4661d4,,Sheath_Blight,RiceLeafDisease_BD5,EXTERNAL_FIELD_DATASET
IMG_20241031_125648.jpg,.jpg,Sheath_Blight/IMG_20241031_125648.jpg,6431,True,300,300,1.0,RGB,3,JPEG,e2f35cb4c0883f7f25dc86a0f006395af800dd748450a53c3f0cf0ab1ff9f32d,,Sheath_Blight,RiceLeafDisease_BD5,EXTERNAL_FIELD_DATASET
IMG_20241031_125658.jpg,.jpg,Sheath_Blight/IMG_20241031_125658.jpg,6629,True,300,300,1.0,RGB,3,JPEG,1b598478a750a141b9d45fb5f8593c5e449a13465cabf564acad254117b73bde,,Sheath_Blight,RiceLeafDisease_BD5,EXTERNAL_FIELD_DATASET
IMG_20241031_125700.jpg,.jpg,Sheath_Blight/IMG_20241031_125700.jpg,6561,True,300,300,1.0,RGB,3,JPEG,6f9135265906ebb92f82356f2f3b039a95ae86cafc8bedd7bd1b165e18c2bfdc,,Sheath_Blight,RiceLeafDisease_BD5,EXTERNAL_FIELD_DATASET
IMG_20241031_125708.jpg,.jpg,Sheath_Blight/IMG_20241031_125708.jpg,5574,True,300,300,1.0,RGB,3,JPEG,34c9b37051a8098ea52b20eb8a1c2b9cfed462d2767e7f13aa5632abd57532ad,,Sheath_Blight,RiceLeafDisease_BD5,EXTERNAL_FIELD_DATASET
IMG_20241031_125718.jpg,.jpg,Sheath_Blight/IMG_20241031_125718.jpg,7433,True,300,300,1.0,RGB,3,JPEG,feb0e0c7ec8e5c1ce0d0a91307771092295da66c279739f1ec5b99858a0929d4,,Sheath_Blight,RiceLeafDisease_BD5,EXTERNAL_FIELD_DATASET
IMG_20241031_125740.jpg,.jpg,Sheath_Blight/IMG_20241031_125740.jpg,6656,True,300,300,1.0,RGB,3,JPEG,ec542718104958e31087535067037fe6556422ed7928282cea2ed401c703c48f,,Sheath_Blight,RiceLeafDisease_BD5,EXTERNAL_FIELD_DATASET
IMG_20241031_125741.jpg,.jpg,Sheath_Blight/IMG_20241031_125741.jpg,6785,True,300,300,1.0,RGB,3,JPEG,04aaa6caefd340b0a847ef5350998fd323008bc2feb16842480e3e85a943d710,,Sheath_Blight,RiceLeafDisease_BD5,EXTERNAL_FIELD_DATASET
IMG_20241031_125743.jpg,.jpg,Sheath_Blight/IMG_20241031_125743.jpg,6810,True,300,300,1.0,RGB,3,JPEG,f089ae51770b5697b0e0bccc80c5712ccc7fbc2559251eada51259c759af24f3,,Sheath_Blight,RiceLeafDisease_BD5,EXTERNAL_FIELD_DATASET
IMG_20241031_125744.jpg,.jpg,Sheath_Blight/IMG_20241031_125744.jpg,6722,True,300,300,1.0,RGB,3,JPEG,eb2f8bc3f590f859ae2513e08ad164144ab8a57622cfa8741a9276f6bd6129da,,Sheath_Blight,RiceLeafDisease_BD5,EXTERNAL_FIELD_DATASET
IMG_20241031_125759.jpg,.jpg,Sheath_Blight/IMG_20241031_125759.jpg,5825,True,300,300,1.0,RGB,3,JPEG,41c9f5d7f59041c0cfdb7abc011daf1e6a2ddb9f6dc7a8ba30481e372da082a0,,Sheath_Blight,RiceLeafDisease_BD5,EXTERNAL_FIELD_DATASET
IMG_20241031_125836.jpg,.jpg,Sheath_Blight/IMG_20241031_125836.jpg,4686,True,300,300,1.0,RGB,3,JPEG,9b66f2e364b4941f49c78edf3f2a2bc6335dfc45b6369ddb7672177f03e0f787,,Sheath_Blight,RiceLeafDisease_BD5,EXTERNAL_FIELD_DATASET
IMG_20241031_125846.jpg,.jpg,Sheath_Blight/IMG_20241031_125846.jpg,5877,True,300,300,1.0,RGB,3,JPEG,808979975c7b6858dabb6efc4860d7450cc13a4cc8c69fd5856de7f42144d031,,Sheath_Blight,RiceLeafDisease_BD5,EXTERNAL_FIELD_DATASET
PXL_20241029_113746060.PORTRAIT.ORIGINAL.jpg,.jpg,Sheath_Blight/PXL_20241029_113746060.PORTRAIT.ORIGINAL.jpg,5008,True,300,300,1.0,RGB,3,JPEG,57bacaea450120e90bb77e9f938d3ac15821eb2e08d83b4a5218a9a65d5a8549,,Sheath_Blight,RiceLeafDisease_BD5,EXTERNAL_FIELD_DATASET
PXL_20241029_115947625.jpg,.jpg,Sheath_Blight/PXL_20241029_115947625.jpg,11005,True,300,300,1.0,RGB,3,JPEG,9a107c9b44d8fb4e531cbe3f099c0a973e5e6a7468f6812f97bc7442e0e57ed5,,Sheath_Blight,RiceLeafDisease_BD5,EXTERNAL_FIELD_DATASET
PXL_20241029_115950127.jpg,.jpg,Sheath_Blight/PXL_20241029_115950127.jpg,11011,True,300,300,1.0,RGB,3,JPEG,77aea451bb780021ded0641bd056d18f8afe333fb0802c5de099ab1e94c9c846,,Sheath_Blight,RiceLeafDisease_BD5,EXTERNAL_FIELD_DATASET
PXL_20241029_115952938.jpg,.jpg,Sheath_Blight/PXL_20241029_115952938.jpg,11055,True,300,300,1.0,RGB,3,JPEG,7d117294fe96f862398de0183097e05c3ded6a01f4d71e91c6eb3505f3f0919b,,Sheath_Blight,RiceLeafDisease_BD5,EXTERNAL_FIELD_DATASET
PXL_20241029_115956137.jpg,.jpg,Sheath_Blight/PXL_20241029_115956137.jpg,10666,True,300,300,1.0,RGB,3,JPEG,bc97b1578997108d6acde3db6b1670d46ce22a8db972f9623b7d6500f3654c88,,Sheath_Blight,RiceLeafDisease_BD5,EXTERNAL_FIELD_DATASET
PXL_20241029_115958593.jpg,.jpg,Sheath_Blight/PXL_20241029_115958593.jpg,10461,True,300,300,1.0,RGB,3,JPEG,2956fbae37c8d6962b5d1180a967e30c96644b5102dfa7ba4966f818fe6e2b0a,,Sheath_Blight,RiceLeafDisease_BD5,EXTERNAL_FIELD_DATASET
PXL_20241029_120006530.jpg,.jpg,Sheath_Blight/PXL_20241029_120006530.jpg,11718,True,300,300,1.0,RGB,3,JPEG,0d58a465d529b37ffbafde2d69a83bc2308c1e02405e14ba4b7ad50e6c8c01e3,,Sheath_Blight,RiceLeafDisease_BD5,EXTERNAL_FIELD_DATASET
IMG20241103103555.jpg,.jpg,Tungro/IMG20241103103555.jpg,5128,True,300,300,1.0,RGB,3,JPEG,fa0a11eeee604fee543df8744d1f0c4bd991cd9fca0c196521aefafa5a51e70a,,Tungro,RiceLeafDisease_BD5,EXTERNAL_FIELD_DATASET
IMG20241103103718.jpg,.jpg,Tungro/IMG20241103103718.jpg,5590,True,300,300,1.0,RGB,3,JPEG,e247720c3d9cd4b9ea13729bf04b91ab1ecdd0d6405a9f2d1eb08c1832298c4b,,Tungro,RiceLeafDisease_BD5,EXTERNAL_FIELD_DATASET
IMG20241103103722.jpg,.jpg,Tungro/IMG20241103103722.jpg,5364,True,300,300,1.0,RGB,3,JPEG,aa00b4d7b8665d051860fa61785159e0c47fc4611fc81ae5970526c9dde6f8d3,,Tungro,RiceLeafDisease_BD5,EXTERNAL_FIELD_DATASET
IMG20241103103956.jpg,.jpg,Tungro/IMG20241103103956.jpg,5321,True,300,300,1.0,RGB,3,JPEG,ade1cf99a91fe67ca89da33aabefbf48bfc1fb9434e8b51efd939417a961d980,,Tungro,RiceLeafDisease_BD5,EXTERNAL_FIELD_DATASET
IMG20241103104124.jpg,.jpg,Tungro/IMG20241103104124.jpg,6293,True,300,300,1.0,RGB,3,JPEG,6b296b9f78c4101f03b8512f080ba7533b5adc0ef5c80c1248f500b72fe980b3,,Tungro,RiceLeafDisease_BD5,EXTERNAL_FIELD_DATASET
IMG20241103104229.jpg,.jpg,Tungro/IMG20241103104229.jpg,7539,True,300,300,1.0,RGB,3,JPEG,41426a7ead3a01e4409c35e3fc7d072f723e1847a51d7f1c2e0c81f898aa4e24,,Tungro,RiceLeafDisease_BD5,EXTERNAL_FIELD_DATASET
IMG20241103105313.jpg,.jpg,Tungro/IMG20241103105313.jpg,6725,True,300,300,1.0,RGB,3,JPEG,dc9f4b23b3f13009dd46c83a318b60c6aa4d5ff0058723d6d424998b886f9627,,Tungro,RiceLeafDisease_BD5,EXTERNAL_FIELD_DATASET
IMG20241103105347.jpg,.jpg,Tungro/IMG20241103105347.jpg,5953,True,300,300,1.0,RGB,3,JPEG,99f9827ea9744afd801cc84b10dbb616d21543fe301070016c45220505bbb22e,,Tungro,RiceLeafDisease_BD5,EXTERNAL_FIELD_DATASET
IMG20241103105422.jpg,.jpg,Tungro/IMG20241103105422.jpg,5597,True,300,300,1.0,RGB,3,JPEG,2795260cb03c5153adbca13f894fc1e32bc67186798f02056fbabbb32bc68a48,,Tungro,RiceLeafDisease_BD5,EXTERNAL_FIELD_DATASET
IMG20241103105507.jpg,.jpg,Tungro/IMG20241103105507.jpg,6356,True,300,300,1.0,RGB,3,JPEG,b171775a9778edaab6f9fdbb0905192392cee4a8e253a8d922cc5db93fceb600,,Tungro,RiceLeafDisease_BD5,EXTERNAL_FIELD_DATASET
IMG20241103105518.jpg,.jpg,Tungro/IMG20241103105518.jpg,7055,True,300,300,1.0,RGB,3,JPEG,cf48bfa88371aaab403dadb3bd0e2f8ce943137e7b303a713d83fc7fe117405d,,Tungro,RiceLeafDisease_BD5,EXTERNAL_FIELD_DATASET
IMG20241103105602.jpg,.jpg,Tungro/IMG20241103105602.jpg,6774,True,300,300,1.0,RGB,3,JPEG,993f768f49645e7d6be0b73206ece1885a7375bb9269df5a0ac0c019ce49118a,,Tungro,RiceLeafDisease_BD5,EXTERNAL_FIELD_DATASET
IMG20241103105630.jpg,.jpg,Tungro/IMG20241103105630.jpg,6538,True,300,300,1.0,RGB,3,JPEG,55c5a963d9af3ca045d0670c96979c45355f5f0cf91ff39d86f7112b02bc708b,,Tungro,RiceLeafDisease_BD5,EXTERNAL_FIELD_DATASET
IMG20241103105641.jpg,.jpg,Tungro/IMG20241103105641.jpg,6838,True,300,300,1.0,RGB,3,JPEG,994a4aa734a6712912a6712f931db9f202f8af34aeb75c4df8c2fbb25edc714f,,Tungro,RiceLeafDisease_BD5,EXTERNAL_FIELD_DATASET
IMG20241103105710.jpg,.jpg,Tungro/IMG20241103105710.jpg,4743,True,300,300,1.0,RGB,3,JPEG,694ab803051e60c36b7b77da1f4e2685a4a44396517a2aab93f0c9d4bcd2b5ca,,Tungro,RiceLeafDisease_BD5,EXTERNAL_FIELD_DATASET
IMG20241103105756.jpg,.jpg,Tungro/IMG20241103105756.jpg,6631,True,300,300,1.0,RGB,3,JPEG,6a71f7312d2ab22225c1468a49d1751ad92fd6256090f1bcbe7a9bb1f9013be8,,Tungro,RiceLeafDisease_BD5,EXTERNAL_FIELD_DATASET
IMG20241103105817.jpg,.jpg,Tungro/IMG20241103105817.jpg,6627,True,300,300,1.0,RGB,3,JPEG,d1398cca5635a26f2b72cfbd0928bd47c61d03979f1e1716ffe9fa82894d6f0e,,Tungro,RiceLeafDisease_BD5,EXTERNAL_FIELD_DATASET
IMG20241103105841.jpg,.jpg,Tungro/IMG20241103105841.jpg,6181,True,300,300,1.0,RGB,3,JPEG,e385a412bd0b90279fbd3ceb29f0abc48e64affbf11253ad31f177049c1442fc,,Tungro,RiceLeafDisease_BD5,EXTERNAL_FIELD_DATASET
IMG20241103105918.jpg,.jpg,Tungro/IMG20241103105918.jpg,6203,True,300,300,1.0,RGB,3,JPEG,1a7f75ecf30aedfcea8edc9aa16153a3bf17bd82ac6bc1774f97453c5bbc50fa,,Tungro,RiceLeafDisease_BD5,EXTERNAL_FIELD_DATASET
IMG20241103105950.jpg,.jpg,Tungro/IMG20241103105950.jpg,6814,True,300,300,1.0,RGB,3,JPEG,4c0edd397a5751f389c76e606bf6ed67c3ec57730f5d8df24a7edabac40d3103,,Tungro,RiceLeafDisease_BD5,EXTERNAL_FIELD_DATASET
IMG20241103105953.jpg,.jpg,Tungro/IMG20241103105953.jpg,6493,True,300,300,1.0,RGB,3,JPEG,64971bdd31e3a2877c8ac522e2d77284a1510fb07ca31fb6c09ab8a27e428eb2,,Tungro,RiceLeafDisease_BD5,EXTERNAL_FIELD_DATASET
IMG20241103105955.jpg,.jpg,Tungro/IMG20241103105955.jpg,6847,True,300,300,1.0,RGB,3,JPEG,0bbc9274cbddb76cdd040e7b14b335534897b84e23b27a90fa917966a25c712e,,Tungro,RiceLeafDisease_BD5,EXTERNAL_FIELD_DATASET
IMG20241103110023.jpg,.jpg,Tungro/IMG20241103110023.jpg,6058,True,300,300,1.0,RGB,3,JPEG,a1e42a451ccb140cbedef5c0b086f89cf783c3eb80e1d6deae453d436b5e2e5c,,Tungro,RiceLeafDisease_BD5,EXTERNAL_FIELD_DATASET
IMG20241103110027.jpg,.jpg,Tungro/IMG20241103110027.jpg,6925,True,300,300,1.0,RGB,3,JPEG,54a389424f9decf14ba8461acf16a9e15ec0b2389f7c6d76645cfa4476175367,,Tungro,RiceLeafDisease_BD5,EXTERNAL_FIELD_DATASET
IMG20241103110053.jpg,.jpg,Tungro/IMG20241103110053.jpg,5105,True,300,300,1.0,RGB,3,JPEG,b373b123a52046cfe0b387b594f026426a19694a7dfcbb71c5cabd4596b844b2,,Tungro,RiceLeafDisease_BD5,EXTERNAL_FIELD_DATASET
IMG20241103110134.jpg,.jpg,Tungro/IMG20241103110134.jpg,4932,True,300,300,1.0,RGB,3,JPEG,49e43060fa2579883119d6861902e3db4288e015ac9f22e17f099c5d72866a7c,,Tungro,RiceLeafDisease_BD5,EXTERNAL_FIELD_DATASET
IMG20241103110145.jpg,.jpg,Tungro/IMG20241103110145.jpg,6631,True,300,300,1.0,RGB,3,JPEG,7a4773cbe58b1ebc77d9b0fef0a05d891bb4e874f313b6d55f4a1110690c24b7,,Tungro,RiceLeafDisease_BD5,EXTERNAL_FIELD_DATASET
IMG20241103110354.jpg,.jpg,Tungro/IMG20241103110354.jpg,6108,True,300,300,1.0,RGB,3,JPEG,ded74679a24f9c48460bba016768499a16787b117e75ad94c7c32781763ef5a6,,Tungro,RiceLeafDisease_BD5,EXTERNAL_FIELD_DATASET
IMG20241103110359.jpg,.jpg,Tungro/IMG20241103110359.jpg,7194,True,300,300,1.0,RGB,3,JPEG,7f87fed6b1b4df3002a4518d0affa5f8c6a829d85f5d2bd22dd6167b2f9bd455,,Tungro,RiceLeafDisease_BD5,EXTERNAL_FIELD_DATASET
IMG20241103110417.jpg,.jpg,Tungro/IMG20241103110417.jpg,6963,True,300,300,1.0,RGB,3,JPEG,0c779650829b523fa990af5d1bde83ab695c8157fce3ad711fd32179912122b6,,Tungro,RiceLeafDisease_BD5,EXTERNAL_FIELD_DATASET
IMG20241103110428.jpg,.jpg,Tungro/IMG20241103110428.jpg,4849,True,300,300,1.0,RGB,3,JPEG,1e20f56df1afd2be979e0931f3c7d9f321d7ce767f4f8d9cc3006dec7515e54f,,Tungro,RiceLeafDisease_BD5,EXTERNAL_FIELD_DATASET
IMG20241103110431.jpg,.jpg,Tungro/IMG20241103110431.jpg,4287,True,300,300,1.0,RGB,3,JPEG,a6168936ffaec63dabfd85a453f29401e7fd8a735f5a6a59ed72057454f21baa,,Tungro,RiceLeafDisease_BD5,EXTERNAL_FIELD_DATASET
IMG20241103110533.jpg,.jpg,Tungro/IMG20241103110533.jpg,4638,True,300,300,1.0,RGB,3,JPEG,d47e41df3ac7e61eb5cdf2b917ef0131113e71a26c44c6cdb5393b1abf60a6ad,,Tungro,RiceLeafDisease_BD5,EXTERNAL_FIELD_DATASET
IMG20241103110556.jpg,.jpg,Tungro/IMG20241103110556.jpg,6474,True,300,300,1.0,RGB,3,JPEG,ac86eb56a387f4a36d0f7c596a793a6b245e9ed201423380eee10af43b6e7b02,,Tungro,RiceLeafDisease_BD5,EXTERNAL_FIELD_DATASET
IMG20241103110603.jpg,.jpg,Tungro/IMG20241103110603.jpg,6690,True,300,300,1.0,RGB,3,JPEG,bf2a3207f0accf13d91efc6b6061db5da96072ff2ac2cea362884c12c99df51d,,Tungro,RiceLeafDisease_BD5,EXTERNAL_FIELD_DATASET
IMG20241103110649.jpg,.jpg,Tungro/IMG20241103110649.jpg,4748,True,300,300,1.0,RGB,3,JPEG,46f34179d31eea257634edac9e419bfed1e6099d350190f244d2744587362ede,,Tungro,RiceLeafDisease_BD5,EXTERNAL_FIELD_DATASET
IMG20241103110700.jpg,.jpg,Tungro/IMG20241103110700.jpg,5597,True,300,300,1.0,RGB,3,JPEG,41b4e4f0d354593efb30f004f61504b337c2280215141a47e7eac8cf9699142e,,Tungro,RiceLeafDisease_BD5,EXTERNAL_FIELD_DATASET
IMG20241103110710.jpg,.jpg,Tungro/IMG20241103110710.jpg,8129,True,300,300,1.0,RGB,3,JPEG,47b3a4abf804026e3fc69639487f5ddce712a6805bea0400b4047f5be6a43abd,,Tungro,RiceLeafDisease_BD5,EXTERNAL_FIELD_DATASET
IMG20241103110729.jpg,.jpg,Tungro/IMG20241103110729.jpg,4585,True,300,300,1.0,RGB,3,JPEG,bfdafecfe43decf65b5c0aad4eb3c69de072f9c0b6114a7cfd96498308fb1bc4,,Tungro,RiceLeafDisease_BD5,EXTERNAL_FIELD_DATASET
IMG20241103110738.jpg,.jpg,Tungro/IMG20241103110738.jpg,5614,True,300,300,1.0,RGB,3,JPEG,d0db2630436f4e3ed6de24ff038edacd246b7fbccca795c433489fdc7776c03c,,Tungro,RiceLeafDisease_BD5,EXTERNAL_FIELD_DATASET
IMG20241103110744.jpg,.jpg,Tungro/IMG20241103110744.jpg,4501,True,300,300,1.0,RGB,3,JPEG,26138e7ca438b3ac619ffdce90dc9b0ccfa89e39cea955e10e084cfb935e67a7,,Tungro,RiceLeafDisease_BD5,EXTERNAL_FIELD_DATASET
IMG20241103110805.jpg,.jpg,Tungro/IMG20241103110805.jpg,5904,True,300,300,1.0,RGB,3,JPEG,aa8c20bf9e5b18dab608aabcc471e5804f6dceed9eb9565d0326fe93591b970f,,Tungro,RiceLeafDisease_BD5,EXTERNAL_FIELD_DATASET
IMG20241103110810.jpg,.jpg,Tungro/IMG20241103110810.jpg,4724,True,300,300,1.0,RGB,3,JPEG,e8ad6fdd534da4307a14a38c5338a7f81cccea4219a91620e6791c5aa26ee73b,,Tungro,RiceLeafDisease_BD5,EXTERNAL_FIELD_DATASET
IMG20241103110827.jpg,.jpg,Tungro/IMG20241103110827.jpg,5528,True,300,300,1.0,RGB,3,JPEG,14bde9f114e49218dea9c96676e8d8baa760d3a118ba157644611ade9d0e795a,,Tungro,RiceLeafDisease_BD5,EXTERNAL_FIELD_DATASET
IMG20241103111009.jpg,.jpg,Tungro/IMG20241103111009.jpg,5997,True,300,300,1.0,RGB,3,JPEG,56bb6e5d151998bf3f10089ab8ce51506070630e67cbed910135fc80519a7416,,Tungro,RiceLeafDisease_BD5,EXTERNAL_FIELD_DATASET
IMG20241103111017.jpg,.jpg,Tungro/IMG20241103111017.jpg,6788,True,300,300,1.0,RGB,3,JPEG,db6accc27a87d486ffb7776eb63b5f266527ddfe2f5acc1421475bfe3515edcb,,Tungro,RiceLeafDisease_BD5,EXTERNAL_FIELD_DATASET
IMG20241103111024.jpg,.jpg,Tungro/IMG20241103111024.jpg,6887,True,300,300,1.0,RGB,3,JPEG,edc928f513d4c03b59e705c0d6bfb49538560f569f07b170584011caf0e1665b,,Tungro,RiceLeafDisease_BD5,EXTERNAL_FIELD_DATASET
IMG20241103111036.jpg,.jpg,Tungro/IMG20241103111036.jpg,3353,True,300,300,1.0,RGB,3,JPEG,da45712368112299cf854f66a674df94c45da60594859bae379c884cb43667ee,,Tungro,RiceLeafDisease_BD5,EXTERNAL_FIELD_DATASET
IMG20241103111040.jpg,.jpg,Tungro/IMG20241103111040.jpg,3507,True,300,300,1.0,RGB,3,JPEG,91dc3425b18ad365f425b80bab1784ff541409e7b2ecb51d5e67763775755bbb,,Tungro,RiceLeafDisease_BD5,EXTERNAL_FIELD_DATASET
IMG20241103111055.jpg,.jpg,Tungro/IMG20241103111055.jpg,7874,True,300,300,1.0,RGB,3,JPEG,705614b6e0de1e63f17bfd4eff2d3b4aaa26a41cefb8ab298d1dbecfc7a46b2d,,Tungro,RiceLeafDisease_BD5,EXTERNAL_FIELD_DATASET
IMG20241103111106.jpg,.jpg,Tungro/IMG20241103111106.jpg,8772,True,300,300,1.0,RGB,3,JPEG,e4f3163fffb77f4404595920eab01fde76583b421642e4d4cc624de7d1751152,,Tungro,RiceLeafDisease_BD5,EXTERNAL_FIELD_DATASET
IMG20241103111122.jpg,.jpg,Tungro/IMG20241103111122.jpg,6398,True,300,300,1.0,RGB,3,JPEG,0fccc377f35a826fd3b45a569c13735bd4c4894b3be9e7464a4b9c12f0973dcb,,Tungro,RiceLeafDisease_BD5,EXTERNAL_FIELD_DATASET
IMG20241103111123.jpg,.jpg,Tungro/IMG20241103111123.jpg,6354,True,300,300,1.0,RGB,3,JPEG,8944e03091e7183cb0da2ba1980d86eb706786fc1d10a40d58c4f50d2f742e92,,Tungro,RiceLeafDisease_BD5,EXTERNAL_FIELD_DATASET
IMG20241103111134.jpg,.jpg,Tungro/IMG20241103111134.jpg,4793,True,300,300,1.0,RGB,3,JPEG,0218728a1af3d018836d42595ffb6d6308ffbbdd8d1f110b1d953c7a56a7f935,,Tungro,RiceLeafDisease_BD5,EXTERNAL_FIELD_DATASET
IMG20241103111146.jpg,.jpg,Tungro/IMG20241103111146.jpg,3794,True,300,300,1.0,RGB,3,JPEG,17566cf8001c1cdae701b0ff3cceec9a640eef7cabd673d42e55e0107a93fe7b,,Tungro,RiceLeafDisease_BD5,EXTERNAL_FIELD_DATASET
IMG20241103111148.jpg,.jpg,Tungro/IMG20241103111148.jpg,3718,True,300,300,1.0,RGB,3,JPEG,8c5905876ddab9c1a7a342e81bff6708c303f5a10a9ee254e7fda426cdd4e1d1,,Tungro,RiceLeafDisease_BD5,EXTERNAL_FIELD_DATASET
IMG20241103111155.jpg,.jpg,Tungro/IMG20241103111155.jpg,5402,True,300,300,1.0,RGB,3,JPEG,49b3eb2e9b6d1e576a50397f83f50d79c4b63092d9b09b6d28788f3bfeda33bd,,Tungro,RiceLeafDisease_BD5,EXTERNAL_FIELD_DATASET
IMG20241103111212.jpg,.jpg,Tungro/IMG20241103111212.jpg,6167,True,300,300,1.0,RGB,3,JPEG,c44611f1f518af790a83432cf709f8562d2eaafdde43cb63d2175daa42d48b45,,Tungro,RiceLeafDisease_BD5,EXTERNAL_FIELD_DATASET
IMG20241103111217.jpg,.jpg,Tungro/IMG20241103111217.jpg,3752,True,300,300,1.0,RGB,3,JPEG,59978dabc7f7e81b35e83964c904d36788c1881d906fb7192c470724337dfb73,,Tungro,RiceLeafDisease_BD5,EXTERNAL_FIELD_DATASET
IMG20241103111238.jpg,.jpg,Tungro/IMG20241103111238.jpg,4360,True,300,300,1.0,RGB,3,JPEG,bb9c556b3cda55dc541c9bc791c00930e0faaefb9db22d62beee2fbd372d7d75,,Tungro,RiceLeafDisease_BD5,EXTERNAL_FIELD_DATASET
IMG20241103111245.jpg,.jpg,Tungro/IMG20241103111245.jpg,4396,True,300,300,1.0,RGB,3,JPEG,c0de908a23afce53271d024ef2e92090730fc422ad43bf3ac7d39da63ee8f9e5,,Tungro,RiceLeafDisease_BD5,EXTERNAL_FIELD_DATASET
IMG20241103111256.jpg,.jpg,Tungro/IMG20241103111256.jpg,4867,True,300,300,1.0,RGB,3,JPEG,c8a5a8317905af710a3a3e876a1ab83db2e78886ba7aee2427be7ea71caef510,,Tungro,RiceLeafDisease_BD5,EXTERNAL_FIELD_DATASET
IMG20241103111331.jpg,.jpg,Tungro/IMG20241103111331.jpg,5724,True,300,300,1.0,RGB,3,JPEG,245822e04b328d5fe8b26ff112c41c446ab6f42261292cd23627e7fb019186b4,,Tungro,RiceLeafDisease_BD5,EXTERNAL_FIELD_DATASET
IMG20241103111348.jpg,.jpg,Tungro/IMG20241103111348.jpg,6346,True,300,300,1.0,RGB,3,JPEG,0a91cb8cbe18cff7ef5da40fca223dcce0286e2218dbcf4b1b70d648aea610dd,,Tungro,RiceLeafDisease_BD5,EXTERNAL_FIELD_DATASET
IMG20241103111357.jpg,.jpg,Tungro/IMG20241103111357.jpg,3560,True,300,300,1.0,RGB,3,JPEG,4cdfc3091d7490cc1664039c9d9475fa06ddce675c07a0ef4a39b2029c1c760c,,Tungro,RiceLeafDisease_BD5,EXTERNAL_FIELD_DATASET
IMG20241103111429.jpg,.jpg,Tungro/IMG20241103111429.jpg,5901,True,300,300,1.0,RGB,3,JPEG,2b9319eb7202784de6b3da3f6e729feb4e40e56cfbf5c309bfc273dc6d05c7e2,,Tungro,RiceLeafDisease_BD5,EXTERNAL_FIELD_DATASET
IMG20241103111442.jpg,.jpg,Tungro/IMG20241103111442.jpg,5893,True,300,300,1.0,RGB,3,JPEG,9b4b494a5a3a03aaa5cd6ffe7f517b4a213d9a6dfbeb2c636740d84ed5f01271,,Tungro,RiceLeafDisease_BD5,EXTERNAL_FIELD_DATASET
IMG20241103111508.jpg,.jpg,Tungro/IMG20241103111508.jpg,4921,True,300,300,1.0,RGB,3,JPEG,70f390ba7fcf03ae9ae05c8bb74a861e170d2d9ab701146d46ee091c1c9d5ec6,,Tungro,RiceLeafDisease_BD5,EXTERNAL_FIELD_DATASET
IMG20241103111514.jpg,.jpg,Tungro/IMG20241103111514.jpg,4879,True,300,300,1.0,RGB,3,JPEG,0c870a05e54ebf634c24006203d3edc9467c8abded3828ae851d488032141228,,Tungro,RiceLeafDisease_BD5,EXTERNAL_FIELD_DATASET
IMG20241103111523.jpg,.jpg,Tungro/IMG20241103111523.jpg,4908,True,300,300,1.0,RGB,3,JPEG,365573c5caefe9eae179770c894b78898cd4e349a5fb63baf7b072d9c48f06d2,,Tungro,RiceLeafDisease_BD5,EXTERNAL_FIELD_DATASET
IMG20241103111533.jpg,.jpg,Tungro/IMG20241103111533.jpg,4767,True,300,300,1.0,RGB,3,JPEG,7eea5d4b5a53108a5cee52df110d74c9db7dec72001268ae4ff26fa999ed89d0,,Tungro,RiceLeafDisease_BD5,EXTERNAL_FIELD_DATASET
IMG20241103111548.jpg,.jpg,Tungro/IMG20241103111548.jpg,6187,True,300,300,1.0,RGB,3,JPEG,923f089594e9a1cc0cd3ac1d73bc8e18da5cac8c9230c980c69f841f91067830,,Tungro,RiceLeafDisease_BD5,EXTERNAL_FIELD_DATASET
IMG20241103111605.jpg,.jpg,Tungro/IMG20241103111605.jpg,4794,True,300,300,1.0,RGB,3,JPEG,aa1aaffcdbe41cb9d7804c6b4fea8b47334b8f2f61a443f4bd9bb0fa162c6551,,Tungro,RiceLeafDisease_BD5,EXTERNAL_FIELD_DATASET
IMG20241103111612.jpg,.jpg,Tungro/IMG20241103111612.jpg,3663,True,300,300,1.0,RGB,3,JPEG,617c1b85cb9fc08068bdb5b2ea32b401ee3b6836d886915d9bd6a4923a7f620c,,Tungro,RiceLeafDisease_BD5,EXTERNAL_FIELD_DATASET
IMG20241103111635.jpg,.jpg,Tungro/IMG20241103111635.jpg,5316,True,300,300,1.0,RGB,3,JPEG,15c32a57b8252db937dab4236c5e736d06e62675449434727e12233b4cfaf566,,Tungro,RiceLeafDisease_BD5,EXTERNAL_FIELD_DATASET
IMG20241103111647.jpg,.jpg,Tungro/IMG20241103111647.jpg,4774,True,300,300,1.0,RGB,3,JPEG,a764b0e1783d328569c1a2774f012b32eebceefb59a23d595bf29a386fd70e8e,,Tungro,RiceLeafDisease_BD5,EXTERNAL_FIELD_DATASET
IMG20241103111713.jpg,.jpg,Tungro/IMG20241103111713.jpg,8743,True,300,300,1.0,RGB,3,JPEG,738a8441ad0ad7b6fe8ff66c2b04d8253013cc2f22d531f0f3aca6982940fed3,,Tungro,RiceLeafDisease_BD5,EXTERNAL_FIELD_DATASET
IMG20241103111714.jpg,.jpg,Tungro/IMG20241103111714.jpg,8777,True,300,300,1.0,RGB,3,JPEG,60de3ec89d678ffb1e611ced9bcd219be0d21c4e1cdeeef639d4682eff5a9a1f,,Tungro,RiceLeafDisease_BD5,EXTERNAL_FIELD_DATASET
IMG20241103111728.jpg,.jpg,Tungro/IMG20241103111728.jpg,7041,True,300,300,1.0,RGB,3,JPEG,a66c340cb84bb4f0e13700b1336c9887f8d7b804e06d18ae3604e05bdde31f1b,,Tungro,RiceLeafDisease_BD5,EXTERNAL_FIELD_DATASET
IMG20241103111749.jpg,.jpg,Tungro/IMG20241103111749.jpg,4648,True,300,300,1.0,RGB,3,JPEG,897ca13a18a0e15a092cac7afb2811f158afc5d27e77580f4e4f8fea80c5338c,,Tungro,RiceLeafDisease_BD5,EXTERNAL_FIELD_DATASET
IMG20241103111819.jpg,.jpg,Tungro/IMG20241103111819.jpg,7214,True,300,300,1.0,RGB,3,JPEG,a1bcf2e25407c6e1af98b6675d8133b3419cbe70d6eafbe37c0cc047726ba527,,Tungro,RiceLeafDisease_BD5,EXTERNAL_FIELD_DATASET
IMG20241103111832.jpg,.jpg,Tungro/IMG20241103111832.jpg,6727,True,300,300,1.0,RGB,3,JPEG,6c86ad99816c2465cc3cb0e3b336cad8163b7d91ea2d0a0751a53b52f83e313f,,Tungro,RiceLeafDisease_BD5,EXTERNAL_FIELD_DATASET
IMG20241103111835.jpg,.jpg,Tungro/IMG20241103111835.jpg,6280,True,300,300,1.0,RGB,3,JPEG,20fa27636605099fbf1a69c6c78236593f9d7dc6d64bbe1247e460a46aa4bbf0,,Tungro,RiceLeafDisease_BD5,EXTERNAL_FIELD_DATASET
IMG20241103111844.jpg,.jpg,Tungro/IMG20241103111844.jpg,3685,True,300,300,1.0,RGB,3,JPEG,d89d3b4c738007f034c8cdf4e927b637b7370efde87070ad7a3b7c8f3daa60d4,,Tungro,RiceLeafDisease_BD5,EXTERNAL_FIELD_DATASET
IMG20241103111852.jpg,.jpg,Tungro/IMG20241103111852.jpg,5564,True,300,300,1.0,RGB,3,JPEG,75d9877c6c3a656a6dd6d7b3a5a0c7bd1130ad281ff20f601f239ffc781ad993,,Tungro,RiceLeafDisease_BD5,EXTERNAL_FIELD_DATASET
IMG20241103111918.jpg,.jpg,Tungro/IMG20241103111918.jpg,6902,True,300,300,1.0,RGB,3,JPEG,bcb5059201892295d0a45889b1e6d9c90bd61caad596ed8e2d906349e25e0553,,Tungro,RiceLeafDisease_BD5,EXTERNAL_FIELD_DATASET
IMG20241103111936.jpg,.jpg,Tungro/IMG20241103111936.jpg,7298,True,300,300,1.0,RGB,3,JPEG,8b1390fd6c59ea1f7df5f07d8c09f9cbf1572f5739f20bc84ba67ff7ea405d84,,Tungro,RiceLeafDisease_BD5,EXTERNAL_FIELD_DATASET
IMG20241103111956.jpg,.jpg,Tungro/IMG20241103111956.jpg,5801,True,300,300,1.0,RGB,3,JPEG,b0cdd31c15695bd2a2016e7fec7469c61ca9e99d07b907126f58203b833317dc,,Tungro,RiceLeafDisease_BD5,EXTERNAL_FIELD_DATASET
IMG20241103112131.jpg,.jpg,Tungro/IMG20241103112131.jpg,6708,True,300,300,1.0,RGB,3,JPEG,d91eadb7eaf1039af7ec45a64227f84b26ecb1f17e76e02e02b6605066dd741a,,Tungro,RiceLeafDisease_BD5,EXTERNAL_FIELD_DATASET
IMG20241103112146.jpg,.jpg,Tungro/IMG20241103112146.jpg,4113,True,300,300,1.0,RGB,3,JPEG,0f825fdf25fc170ab2f14fd4f1db6d953bb2957babf29b257436524362c56ad7,,Tungro,RiceLeafDisease_BD5,EXTERNAL_FIELD_DATASET
IMG20241103112151.jpg,.jpg,Tungro/IMG20241103112151.jpg,4242,True,300,300,1.0,RGB,3,JPEG,e74a2ad04d166274f20e79c1a3aff36996ebc05369718422d82e696b6fea93a7,,Tungro,RiceLeafDisease_BD5,EXTERNAL_FIELD_DATASET
IMG20241103112400.jpg,.jpg,Tungro/IMG20241103112400.jpg,7673,True,300,300,1.0,RGB,3,JPEG,11513bc42554715ebf0c1c029c70a1df580a94de8241f263adbbbf1b6e02e4ce,,Tungro,RiceLeafDisease_BD5,EXTERNAL_FIELD_DATASET
IMG20241103112430.jpg,.jpg,Tungro/IMG20241103112430.jpg,7454,True,300,300,1.0,RGB,3,JPEG,a61afc30fa3fa6bea7bc3d0af40ec1933ef0218f20a3cb392051d46694e08be0,,Tungro,RiceLeafDisease_BD5,EXTERNAL_FIELD_DATASET
IMG20241103112431.jpg,.jpg,Tungro/IMG20241103112431.jpg,7539,True,300,300,1.0,RGB,3,JPEG,21f4d9dda49cbee021285952030bd235356271552ca9124d71db1580817db625,,Tungro,RiceLeafDisease_BD5,EXTERNAL_FIELD_DATASET
IMG20241103112442.jpg,.jpg,Tungro/IMG20241103112442.jpg,7176,True,300,300,1.0,RGB,3,JPEG,6185a975902ebfd8b094b08b5a19e36c7d9bf2c7eead1ad3d1431566099a9e1f,,Tungro,RiceLeafDisease_BD5,EXTERNAL_FIELD_DATASET
IMG20241103112447.jpg,.jpg,Tungro/IMG20241103112447.jpg,3830,True,300,300,1.0,RGB,3,JPEG,3aae60ee782a5385c2a8c2609a89565e96e10fade54719b035262039680d4736,,Tungro,RiceLeafDisease_BD5,EXTERNAL_FIELD_DATASET
IMG20241103112503.jpg,.jpg,Tungro/IMG20241103112503.jpg,4082,True,300,300,1.0,RGB,3,JPEG,e89d3b38161877588b1b14f5de47a287dcbcbfaa1a6133e24af3c9a67d70913f,,Tungro,RiceLeafDisease_BD5,EXTERNAL_FIELD_DATASET
IMG20241103112503_01.jpg,.jpg,Tungro/IMG20241103112503_01.jpg,4121,True,300,300,1.0,RGB,3,JPEG,81ea923aa0f74b454c8b547d270850ae3b86ec5c88afdfbd965616e530f956f6,,Tungro,RiceLeafDisease_BD5,EXTERNAL_FIELD_DATASET
IMG20241103112524.jpg,.jpg,Tungro/IMG20241103112524.jpg,5016,True,300,300,1.0,RGB,3,JPEG,238eaf4a70f3c487a82a5b429458248e78aba2138b5975edfd6a2a284b09f725,,Tungro,RiceLeafDisease_BD5,EXTERNAL_FIELD_DATASET
IMG20241103112526.jpg,.jpg,Tungro/IMG20241103112526.jpg,4999,True,300,300,1.0,RGB,3,JPEG,01400567b8c25e25d9d18347c67d3447a8a699e4dfc3551c530285fbd96d92e4,,Tungro,RiceLeafDisease_BD5,EXTERNAL_FIELD_DATASET
IMG20241103112629.jpg,.jpg,Tungro/IMG20241103112629.jpg,6052,True,300,300,1.0,RGB,3,JPEG,35667d5ef4c025a9aec80ce63097a70c25a8854cd192eff2396961489c98f099,,Tungro,RiceLeafDisease_BD5,EXTERNAL_FIELD_DATASET
IMG20241103112636.jpg,.jpg,Tungro/IMG20241103112636.jpg,5871,True,300,300,1.0,RGB,3,JPEG,6c7c800dc8a1b1c3baf959cfa7974627500e08b98d4456b0577f4f0feca77b52,,Tungro,RiceLeafDisease_BD5,EXTERNAL_FIELD_DATASET
IMG20241103112639.jpg,.jpg,Tungro/IMG20241103112639.jpg,6432,True,300,300,1.0,RGB,3,JPEG,4f36ff33bc70a06c51d5342a1428dd3de805e67a76cbd267dade4be6e7be8137,,Tungro,RiceLeafDisease_BD5,EXTERNAL_FIELD_DATASET
IMG20241103112640.jpg,.jpg,Tungro/IMG20241103112640.jpg,5478,True,300,300,1.0,RGB,3,JPEG,f002ad828da66fbd738cfd8156c0e4eca5d05310e1c5dc71509632b2eeb5221c,,Tungro,RiceLeafDisease_BD5,EXTERNAL_FIELD_DATASET
IMG20241103112649.jpg,.jpg,Tungro/IMG20241103112649.jpg,6144,True,300,300,1.0,RGB,3,JPEG,6f4e049ca2c75f6f4ed0a58a433d913770bd7a1893a42e6f7737d837bdc8dfab,,Tungro,RiceLeafDisease_BD5,EXTERNAL_FIELD_DATASET
IMG20241103112650.jpg,.jpg,Tungro/IMG20241103112650.jpg,6186,True,300,300,1.0,RGB,3,JPEG,7af6dc9cd2d0fc907f5ebb80ebcee392e742cf345e2022565fadf6a2416cd757,,Tungro,RiceLeafDisease_BD5,EXTERNAL_FIELD_DATASET
IMG20241103112653.jpg,.jpg,Tungro/IMG20241103112653.jpg,5886,True,300,300,1.0,RGB,3,JPEG,ca23cad96d71634c196decebb1876b8e14306dc00b60d4de1a312c4252dbc8a1,,Tungro,RiceLeafDisease_BD5,EXTERNAL_FIELD_DATASET
IMG20241103112654.jpg,.jpg,Tungro/IMG20241103112654.jpg,5633,True,300,300,1.0,RGB,3,JPEG,d8c8ddcc2bb4f911fef451e87c818467ab30cc8f3d54dca8f71ff3b71b866b50,,Tungro,RiceLeafDisease_BD5,EXTERNAL_FIELD_DATASET
IMG20241103112700.jpg,.jpg,Tungro/IMG20241103112700.jpg,6122,True,300,300,1.0,RGB,3,JPEG,0fc29ca72dfa9547bc74b89b5285e3da2fb2622e31b66aa9f9e0bc5bfb995d10,,Tungro,RiceLeafDisease_BD5,EXTERNAL_FIELD_DATASET
IMG20241103112709.jpg,.jpg,Tungro/IMG20241103112709.jpg,5016,True,300,300,1.0,RGB,3,JPEG,8c4f62179f64d14a63a8823ecec5bdc7703f879aa07ae7f40c979e0667786a60,,Tungro,RiceLeafDisease_BD5,EXTERNAL_FIELD_DATASET
IMG20241103112710.jpg,.jpg,Tungro/IMG20241103112710.jpg,4931,True,300,300,1.0,RGB,3,JPEG,b78f4f8040f019ecafc35b7be1769f15913a15dbdf110d5ee9c1e5be0d7bcd60,,Tungro,RiceLeafDisease_BD5,EXTERNAL_FIELD_DATASET
IMG20241103112714.jpg,.jpg,Tungro/IMG20241103112714.jpg,3999,True,300,300,1.0,RGB,3,JPEG,04302af43281156666311af0c33968a721ef73fc6fba7d26e1f4d0807a6050ea,,Tungro,RiceLeafDisease_BD5,EXTERNAL_FIELD_DATASET
IMG20241103112715.jpg,.jpg,Tungro/IMG20241103112715.jpg,3959,True,300,300,1.0,RGB,3,JPEG,05099b0dcf5d8fa67c3d49c755dc9fe3bbefc5f37b39fa3ee0be579b12670e48,,Tungro,RiceLeafDisease_BD5,EXTERNAL_FIELD_DATASET
IMG20241103112728.jpg,.jpg,Tungro/IMG20241103112728.jpg,4732,True,300,300,1.0,RGB,3,JPEG,f464fa255d5e086bae82b9370fa0637edb12b1be9b1f951d36bae9f8afb3ba29,,Tungro,RiceLeafDisease_BD5,EXTERNAL_FIELD_DATASET
IMG20241103112729.jpg,.jpg,Tungro/IMG20241103112729.jpg,4736,True,300,300,1.0,RGB,3,JPEG,1eec62a6dc92205324d9905bacbc2896451661bc46a6c858b74642c6f0360b3a,,Tungro,RiceLeafDisease_BD5,EXTERNAL_FIELD_DATASET
IMG20241103112744.jpg,.jpg,Tungro/IMG20241103112744.jpg,5915,True,300,300,1.0,RGB,3,JPEG,e19b8143ceda093f6a0255b9fe7f66c6f4b7c2f06db882948a83a8db789dbaf1,,Tungro,RiceLeafDisease_BD5,EXTERNAL_FIELD_DATASET
IMG20241103112745.jpg,.jpg,Tungro/IMG20241103112745.jpg,5942,True,300,300,1.0,RGB,3,JPEG,eb666c8d87c7b96d491eb1f0cbf1d0d2215792e67a71b3f44be315ed4b92bca4,,Tungro,RiceLeafDisease_BD5,EXTERNAL_FIELD_DATASET
IMG20241103113120.jpg,.jpg,Tungro/IMG20241103113120.jpg,7833,True,300,300,1.0,RGB,3,JPEG,a9b6dbce775bd7c7fd3b36f434e6edc95ab248374e78c17838a2abc320aaab26,,Tungro,RiceLeafDisease_BD5,EXTERNAL_FIELD_DATASET
IMG20241103113132.jpg,.jpg,Tungro/IMG20241103113132.jpg,5361,True,300,300,1.0,RGB,3,JPEG,80bb7aa25803d2c3037e5c628df3a13cddf18c85819482f7a49ee65588cfae8b,,Tungro,RiceLeafDisease_BD5,EXTERNAL_FIELD_DATASET
IMG20241103113141.jpg,.jpg,Tungro/IMG20241103113141.jpg,6490,True,300,300,1.0,RGB,3,JPEG,1b2fac77ef5830921b9b0f785bef895e607290267c78323c86eafd756692c9b8,,Tungro,RiceLeafDisease_BD5,EXTERNAL_FIELD_DATASET
IMG20241103113142.jpg,.jpg,Tungro/IMG20241103113142.jpg,6350,True,300,300,1.0,RGB,3,JPEG,2ae24de971fe6952b0bd38a303b24f287f611788c31ceeb705b017d0efd29d16,,Tungro,RiceLeafDisease_BD5,EXTERNAL_FIELD_DATASET
IMG20241103113152.jpg,.jpg,Tungro/IMG20241103113152.jpg,6094,True,300,300,1.0,RGB,3,JPEG,657a63dbbcd6098f782d520446575f367e296c6371d5b05d03329568c8521dc5,,Tungro,RiceLeafDisease_BD5,EXTERNAL_FIELD_DATASET
IMG20241103113153.jpg,.jpg,Tungro/IMG20241103113153.jpg,6092,True,300,300,1.0,RGB,3,JPEG,889ddf589d19647d66b07c9fdfce6f80b2bda5269477a476cbfd13eb0afa0791,,Tungro,RiceLeafDisease_BD5,EXTERNAL_FIELD_DATASET
IMG20241103113159.jpg,.jpg,Tungro/IMG20241103113159.jpg,5213,True,300,300,1.0,RGB,3,JPEG,57c603cdb37a58f4b85413e98d9d2d253a25c48d8339dd7d9722bb29980d9762,,Tungro,RiceLeafDisease_BD5,EXTERNAL_FIELD_DATASET
IMG20241103113159_01.jpg,.jpg,Tungro/IMG20241103113159_01.jpg,5180,True,300,300,1.0,RGB,3,JPEG,bd1f014f71fab394bce5f6191fab9c5e71403c46b1d05cec7cd51ba5fe0482d7,,Tungro,RiceLeafDisease_BD5,EXTERNAL_FIELD_DATASET
IMG20241103113203.jpg,.jpg,Tungro/IMG20241103113203.jpg,3808,True,300,300,1.0,RGB,3,JPEG,c5f897511511ca79b198d646130a19cf49fb60fc0df773a78853eb0486e90c9e,,Tungro,RiceLeafDisease_BD5,EXTERNAL_FIELD_DATASET
IMG20241103113203_01.jpg,.jpg,Tungro/IMG20241103113203_01.jpg,3829,True,300,300,1.0,RGB,3,JPEG,9cf838fdbdcd9158ea29e231db753762e268171a468b14bb78150c30fa2f83bb,,Tungro,RiceLeafDisease_BD5,EXTERNAL_FIELD_DATASET
IMG20241103113212.jpg,.jpg,Tungro/IMG20241103113212.jpg,5085,True,300,300,1.0,RGB,3,JPEG,cef61bf0abf1410f82db9dccbad1aeae1c858f5e3cd94ca4395a5014d09396b1,,Tungro,RiceLeafDisease_BD5,EXTERNAL_FIELD_DATASET
IMG20241103113212_01.jpg,.jpg,Tungro/IMG20241103113212_01.jpg,5145,True,300,300,1.0,RGB,3,JPEG,9e955e76ef5db6e96dd736df6323ceb5919db19a19805453648ead858bfdb6f6,,Tungro,RiceLeafDisease_BD5,EXTERNAL_FIELD_DATASET
IMG20241103113229.jpg,.jpg,Tungro/IMG20241103113229.jpg,5151,True,300,300,1.0,RGB,3,JPEG,b546de61d849fa2189b4cd94493b1e1f0b6ac08e963ad9e1b59ba65f391063ef,,Tungro,RiceLeafDisease_BD5,EXTERNAL_FIELD_DATASET
IMG20241103113242.jpg,.jpg,Tungro/IMG20241103113242.jpg,6242,True,300,300,1.0,RGB,3,JPEG,e31d0613427e08404c57093cfb9f05b22ce09435f5be7496a65d9714fd31e05d,,Tungro,RiceLeafDisease_BD5,EXTERNAL_FIELD_DATASET
IMG20241103113243.jpg,.jpg,Tungro/IMG20241103113243.jpg,6168,True,300,300,1.0,RGB,3,JPEG,46263c91d95ab5bdb5823b64c5cb9f79883f4d91b55fc43850155f09f7594777,,Tungro,RiceLeafDisease_BD5,EXTERNAL_FIELD_DATASET
IMG20241103113244.jpg,.jpg,Tungro/IMG20241103113244.jpg,6254,True,300,300,1.0,RGB,3,JPEG,f0852569537b02235f49871498be59d31e55222b85aae6b6c118375f6471419a,,Tungro,RiceLeafDisease_BD5,EXTERNAL_FIELD_DATASET
IMG20241103113252.jpg,.jpg,Tungro/IMG20241103113252.jpg,5537,True,300,300,1.0,RGB,3,JPEG,77c91e1913cc1dec04551c10f8114fa3549857ad5b9205dd415e46747b9a4566,,Tungro,RiceLeafDisease_BD5,EXTERNAL_FIELD_DATASET
IMG20241103113253.jpg,.jpg,Tungro/IMG20241103113253.jpg,5687,True,300,300,1.0,RGB,3,JPEG,51e5f86e17bc120999cf5df015c6100d5680cc1ce22443e821e40953ffcb4843,,Tungro,RiceLeafDisease_BD5,EXTERNAL_FIELD_DATASET
IMG20241103113301.jpg,.jpg,Tungro/IMG20241103113301.jpg,3682,True,300,300,1.0,RGB,3,JPEG,dfb45aa5a80ebaa6de20c73f59e4ccc5a356f017d0010060e4388f9a975e24d8,,Tungro,RiceLeafDisease_BD5,EXTERNAL_FIELD_DATASET
IMG20241103113329.jpg,.jpg,Tungro/IMG20241103113329.jpg,4143,True,300,300,1.0,RGB,3,JPEG,d06a3e2f49c76be2fa3aa1bf51da55ad6defe86df73c7ef185b85d1ccbc1e0bd,,Tungro,RiceLeafDisease_BD5,EXTERNAL_FIELD_DATASET
IMG20241103113447.jpg,.jpg,Tungro/IMG20241103113447.jpg,7828,True,300,300,1.0,RGB,3,JPEG,b5495f2b7156635c9e29927676df8f4594e095c35440944d75e2fa8d390f5334,,Tungro,RiceLeafDisease_BD5,EXTERNAL_FIELD_DATASET
IMG20241103113451.jpg,.jpg,Tungro/IMG20241103113451.jpg,8087,True,300,300,1.0,RGB,3,JPEG,9f0db4a95383a7c482b57fe98fdb8da6fb1a2021a3cb48e32630e8e658c7be8a,,Tungro,RiceLeafDisease_BD5,EXTERNAL_FIELD_DATASET
IMG20241103113500.jpg,.jpg,Tungro/IMG20241103113500.jpg,6602,True,300,300,1.0,RGB,3,JPEG,f31cdd89c18bc5c830f665b204b953eef5ae7d0db3d61072a28680d9152c8bbf,,Tungro,RiceLeafDisease_BD5,EXTERNAL_FIELD_DATASET
IMG20241103113510.jpg,.jpg,Tungro/IMG20241103113510.jpg,5344,True,300,300,1.0,RGB,3,JPEG,bfa9dbaddb5c24775f3ba6d1401a5b773dfb5ff07b7043f5f795f205995389c7,,Tungro,RiceLeafDisease_BD5,EXTERNAL_FIELD_DATASET
IMG20241103113524.jpg,.jpg,Tungro/IMG20241103113524.jpg,5486,True,300,300,1.0,RGB,3,JPEG,76785d70cea556584b993830cc2bdb6bc46829852027031aa985359b2433e8db,,Tungro,RiceLeafDisease_BD5,EXTERNAL_FIELD_DATASET
IMG20241103113611.jpg,.jpg,Tungro/IMG20241103113611.jpg,7379,True,300,300,1.0,RGB,3,JPEG,de37ce679c26412365e29d64d0f275233a3fc40e56b3e39d2169f2bb3b8b1ffe,,Tungro,RiceLeafDisease_BD5,EXTERNAL_FIELD_DATASET
IMG20241103113616.jpg,.jpg,Tungro/IMG20241103113616.jpg,5164,True,300,300,1.0,RGB,3,JPEG,7846fd310ed2b6a5fb60ac3ca787a1259a9f09bf0948215f3470381b7a1c715c,,Tungro,RiceLeafDisease_BD5,EXTERNAL_FIELD_DATASET
IMG20241103113617.jpg,.jpg,Tungro/IMG20241103113617.jpg,5120,True,300,300,1.0,RGB,3,JPEG,43f68eab9d12372ffefccb8e18786ce2a521fb16befb6d1816faea9b40e834d3,,Tungro,RiceLeafDisease_BD5,EXTERNAL_FIELD_DATASET
IMG20241103113630.jpg,.jpg,Tungro/IMG20241103113630.jpg,6316,True,300,300,1.0,RGB,3,JPEG,081b950b3a77c1a6c982e52cc74ef81a7c72264d334d5a5f819fe66ddca57c2f,,Tungro,RiceLeafDisease_BD5,EXTERNAL_FIELD_DATASET
IMG20241103113632.jpg,.jpg,Tungro/IMG20241103113632.jpg,6368,True,300,300,1.0,RGB,3,JPEG,656c0c5aff9d2db2aedbe1a1b93a19ac09bbe1b902990e13764814b5d1861b55,,Tungro,RiceLeafDisease_BD5,EXTERNAL_FIELD_DATASET
IMG20241103113636.jpg,.jpg,Tungro/IMG20241103113636.jpg,5315,True,300,300,1.0,RGB,3,JPEG,2df8c1a7add8de921cff5f2e56f5e119addf251574c04dbc278bc1a6fd5a02a4,,Tungro,RiceLeafDisease_BD5,EXTERNAL_FIELD_DATASET
IMG20241103113636_01.jpg,.jpg,Tungro/IMG20241103113636_01.jpg,5136,True,300,300,1.0,RGB,3,JPEG,7fde1aab5717f85dcc81f4dd978afa8df5db87c406b5e22ecf99fc1544977620,,Tungro,RiceLeafDisease_BD5,EXTERNAL_FIELD_DATASET
IMG20241103113641.jpg,.jpg,Tungro/IMG20241103113641.jpg,3693,True,300,300,1.0,RGB,3,JPEG,36aae29603fb93d14228fc5368c6f4c3bcf5e70929582df695c514c1c9410c78,,Tungro,RiceLeafDisease_BD5,EXTERNAL_FIELD_DATASET
IMG20241103113642.jpg,.jpg,Tungro/IMG20241103113642.jpg,3761,True,300,300,1.0,RGB,3,JPEG,e1103101e0808bbd2ebec46f2da7be103bf7159a96506d0eef5ddbaae85ace0b,,Tungro,RiceLeafDisease_BD5,EXTERNAL_FIELD_DATASET
IMG20241103113649.jpg,.jpg,Tungro/IMG20241103113649.jpg,6885,True,300,300,1.0,RGB,3,JPEG,e11f195751aa7892b101327dc519027bd81a664fc9bf4ce989f576de01444fce,,Tungro,RiceLeafDisease_BD5,EXTERNAL_FIELD_DATASET
IMG20241103113654.jpg,.jpg,Tungro/IMG20241103113654.jpg,5393,True,300,300,1.0,RGB,3,JPEG,14d253dd214107a88c2b56917d49d9b78b1b7093d26605172d0ae71ac25081fa,,Tungro,RiceLeafDisease_BD5,EXTERNAL_FIELD_DATASET
IMG20241103113657.jpg,.jpg,Tungro/IMG20241103113657.jpg,5506,True,300,300,1.0,RGB,3,JPEG,c2e1205fb931ba263b5b229e5951d1dd19aa1536da64fa0519c802f3cd9f708f,,Tungro,RiceLeafDisease_BD5,EXTERNAL_FIELD_DATASET
IMG20241103113657_01.jpg,.jpg,Tungro/IMG20241103113657_01.jpg,5626,True,300,300,1.0,RGB,3,JPEG,048466706e36e6bd97939e428de972a1c139c9818f279df0043f6e4345af7698,,Tungro,RiceLeafDisease_BD5,EXTERNAL_FIELD_DATASET
IMG20241103113702.jpg,.jpg,Tungro/IMG20241103113702.jpg,7312,True,300,300,1.0,RGB,3,JPEG,36a5fe3ffdb45483f6ec9bfefa8072ba430d32b6028d4260e07f38d984693e58,,Tungro,RiceLeafDisease_BD5,EXTERNAL_FIELD_DATASET
IMG20241103113703.jpg,.jpg,Tungro/IMG20241103113703.jpg,7317,True,300,300,1.0,RGB,3,JPEG,8afb40725e0f7d766de2ffe0d3b97f97a60d34478de1be90efda0dd7a5d8fb18,,Tungro,RiceLeafDisease_BD5,EXTERNAL_FIELD_DATASET
IMG20241103113714.jpg,.jpg,Tungro/IMG20241103113714.jpg,8244,True,300,300,1.0,RGB,3,JPEG,03444e7301d30a4a99bf2ec32878a328c535cebb46d463b0b891586ef5dcbb22,,Tungro,RiceLeafDisease_BD5,EXTERNAL_FIELD_DATASET
IMG20241103113721.jpg,.jpg,Tungro/IMG20241103113721.jpg,6967,True,300,300,1.0,RGB,3,JPEG,5f39bb6b11e9c7ab41f32b5f462ca86a3a02f790bd11a5fcd0cbc8cc4c2287ea,,Tungro,RiceLeafDisease_BD5,EXTERNAL_FIELD_DATASET
IMG20241103113722.jpg,.jpg,Tungro/IMG20241103113722.jpg,7040,True,300,300,1.0,RGB,3,JPEG,f7521caf2cce00bc16d9bcbad2b470c074b1cd52c2c7c60e3407c1f36e05c260,,Tungro,RiceLeafDisease_BD5,EXTERNAL_FIELD_DATASET
IMG20241103113743.jpg,.jpg,Tungro/IMG20241103113743.jpg,5359,True,300,300,1.0,RGB,3,JPEG,d5a3868d1ffbeec81a1b5b445e0e7c7a21216b1ba6dfdf8dab8f8841ffda1367,,Tungro,RiceLeafDisease_BD5,EXTERNAL_FIELD_DATASET
IMG20241103113746.jpg,.jpg,Tungro/IMG20241103113746.jpg,5363,True,300,300,1.0,RGB,3,JPEG,985a73f674650d1227157626b6ce3c924e56412eb9dc49da580de02193876836,,Tungro,RiceLeafDisease_BD5,EXTERNAL_FIELD_DATASET
IMG20241103113747.jpg,.jpg,Tungro/IMG20241103113747.jpg,5304,True,300,300,1.0,RGB,3,JPEG,efb81b10d33203748afe078ea92876ec9f6bc7874a6dd68c837d90e064a205b8,,Tungro,RiceLeafDisease_BD5,EXTERNAL_FIELD_DATASET
IMG20241103113752.jpg,.jpg,Tungro/IMG20241103113752.jpg,7021,True,300,300,1.0,RGB,3,JPEG,b6088a32a34da4e7706891751a05caaf406c4d0732da842102993130385e55a5,,Tungro,RiceLeafDisease_BD5,EXTERNAL_FIELD_DATASET
IMG20241103113753.jpg,.jpg,Tungro/IMG20241103113753.jpg,7047,True,300,300,1.0,RGB,3,JPEG,4542abad35a8b1ea82354d09758164d86ed200faa0fa28911a055f4c8c91ded7,,Tungro,RiceLeafDisease_BD5,EXTERNAL_FIELD_DATASET
IMG20241103113757.jpg,.jpg,Tungro/IMG20241103113757.jpg,7039,True,300,300,1.0,RGB,3,JPEG,9300b931ab73b7ec09d012648a6f360f3ad81002f98c73aee84d62721759e5aa,,Tungro,RiceLeafDisease_BD5,EXTERNAL_FIELD_DATASET
IMG20241103113758.jpg,.jpg,Tungro/IMG20241103113758.jpg,7081,True,300,300,1.0,RGB,3,JPEG,a487f4156f4a492b8b4d2401ddcbcfa20e36f157d4743fabb5200f963e2ea15c,,Tungro,RiceLeafDisease_BD5,EXTERNAL_FIELD_DATASET
IMG20241103113810.jpg,.jpg,Tungro/IMG20241103113810.jpg,7597,True,300,300,1.0,RGB,3,JPEG,0aba6bc4d02f579232e8723594f279583dcb2da5c1f387f8827515615fc00645,,Tungro,RiceLeafDisease_BD5,EXTERNAL_FIELD_DATASET
IMG20241103113813.jpg,.jpg,Tungro/IMG20241103113813.jpg,6651,True,300,300,1.0,RGB,3,JPEG,190f895e816ad41f2879b579f8c2a13147fe0bb494b116d6cd1b0b2826547710,,Tungro,RiceLeafDisease_BD5,EXTERNAL_FIELD_DATASET
IMG20241103113814.jpg,.jpg,Tungro/IMG20241103113814.jpg,6632,True,300,300,1.0,RGB,3,JPEG,ab21aca64b2594f3e2e00aeb6978fa5ed8ec3e7cbf17a9ca85c639e78105950b,,Tungro,RiceLeafDisease_BD5,EXTERNAL_FIELD_DATASET
IMG20241103113817.jpg,.jpg,Tungro/IMG20241103113817.jpg,4871,True,300,300,1.0,RGB,3,JPEG,ff4a493a5f76db56e0f9f7a82052eca458a86f02ca6bbf3cdf00255ea91e6b2f,,Tungro,RiceLeafDisease_BD5,EXTERNAL_FIELD_DATASET
IMG20241103113818.jpg,.jpg,Tungro/IMG20241103113818.jpg,4862,True,300,300,1.0,RGB,3,JPEG,bc8a5c16304c0adf2c66087393c61d3b9e50bb39ab07be2946d4138eecc546de,,Tungro,RiceLeafDisease_BD5,EXTERNAL_FIELD_DATASET
IMG20241103113837.jpg,.jpg,Tungro/IMG20241103113837.jpg,4196,True,300,300,1.0,RGB,3,JPEG,75a82c482c4fae300529435dfbff9dfd777a13ecba6d913cd16d166da687f9c3,,Tungro,RiceLeafDisease_BD5,EXTERNAL_FIELD_DATASET
IMG20241103113837_01.jpg,.jpg,Tungro/IMG20241103113837_01.jpg,4199,True,300,300,1.0,RGB,3,JPEG,639acbe8417e32284326725a96c7bf432489db43464d2d95cd74d2d3e6796af5,,Tungro,RiceLeafDisease_BD5,EXTERNAL_FIELD_DATASET
IMG_20241103_103838.jpg,.jpg,Tungro/IMG_20241103_103838.jpg,5082,True,300,300,1.0,RGB,3,JPEG,0ebb747b3f1c1a45186b78d05c701b9b7d2ff93bd9db4bb29aca370b54f41d9d,,Tungro,RiceLeafDisease_BD5,EXTERNAL_FIELD_DATASET
IMG_20241103_103839.jpg,.jpg,Tungro/IMG_20241103_103839.jpg,5098,True,300,300,1.0,RGB,3,JPEG,1aebb952c716bb7c0746fc6cdf80f1edec17f6b1d190d94b95138d6e56c6d29c,,Tungro,RiceLeafDisease_BD5,EXTERNAL_FIELD_DATASET
IMG_20241103_103842.jpg,.jpg,Tungro/IMG_20241103_103842.jpg,5201,True,300,300,1.0,RGB,3,JPEG,260dad27c5a29719973e081514945b84dc19d0f25ed463464e50a21a4ed7a4de,,Tungro,RiceLeafDisease_BD5,EXTERNAL_FIELD_DATASET
IMG_20241103_103849.jpg,.jpg,Tungro/IMG_20241103_103849.jpg,5959,True,300,300,1.0,RGB,3,JPEG,c2e9727e3e6f623fb4651a10c4ca7596a482b6d310b87dd624406e49d39165cb,,Tungro,RiceLeafDisease_BD5,EXTERNAL_FIELD_DATASET
IMG_20241103_103903.jpg,.jpg,Tungro/IMG_20241103_103903.jpg,4121,True,300,300,1.0,RGB,3,JPEG,7f99d724e283c7191e28f5b4d7ea9fea7278b6b90732c727c0577ae03bf549d4,,Tungro,RiceLeafDisease_BD5,EXTERNAL_FIELD_DATASET
IMG_20241103_103906.jpg,.jpg,Tungro/IMG_20241103_103906.jpg,4199,True,300,300,1.0,RGB,3,JPEG,cd9ae8a638f24967750916d4329eb64887f1db764898bd8c87780e3b825aa9c2,,Tungro,RiceLeafDisease_BD5,EXTERNAL_FIELD_DATASET
IMG_20241103_103951.jpg,.jpg,Tungro/IMG_20241103_103951.jpg,6671,True,300,300,1.0,RGB,3,JPEG,805d2bcd3a14c9c16fd5c7b6f3bfd7965df7c57528a1fe9989258a0815dd5474,,Tungro,RiceLeafDisease_BD5,EXTERNAL_FIELD_DATASET
IMG_20241103_104003.jpg,.jpg,Tungro/IMG_20241103_104003.jpg,6992,True,300,300,1.0,RGB,3,JPEG,874b2268dc929d69fa9e51e162341f1a90bb3cecbf1e75f5f93b5e678a906bc6,,Tungro,RiceLeafDisease_BD5,EXTERNAL_FIELD_DATASET
IMG_20241103_104014.jpg,.jpg,Tungro/IMG_20241103_104014.jpg,6915,True,300,300,1.0,RGB,3,JPEG,569efb1b008efc2899b38732fd8473febbc986e0d43e5a1d7eed0bf67a7af61b,,Tungro,RiceLeafDisease_BD5,EXTERNAL_FIELD_DATASET
IMG_20241103_104015.jpg,.jpg,Tungro/IMG_20241103_104015.jpg,6944,True,300,300,1.0,RGB,3,JPEG,440711e1556ce0e1f4efddec128e3fb20b1f406641bae12efd302e2e0ee28d14,,Tungro,RiceLeafDisease_BD5,EXTERNAL_FIELD_DATASET
IMG_20241103_104039.jpg,.jpg,Tungro/IMG_20241103_104039.jpg,6300,True,300,300,1.0,RGB,3,JPEG,8e65cb7ee2970278258176fcb069b6d2f89fc95896fce57c7b4d2abec259c4ae,,Tungro,RiceLeafDisease_BD5,EXTERNAL_FIELD_DATASET
IMG_20241103_104041.jpg,.jpg,Tungro/IMG_20241103_104041.jpg,6247,True,300,300,1.0,RGB,3,JPEG,e264ceb8d6031655f692a494b51112aac3fb6f3f88698c1d198e5f1f865e8162,,Tungro,RiceLeafDisease_BD5,EXTERNAL_FIELD_DATASET
IMG_20241103_104042.jpg,.jpg,Tungro/IMG_20241103_104042.jpg,6351,True,300,300,1.0,RGB,3,JPEG,7135ac321ae388f65b46f545524b571cde850f504115e597ef15fa5434b48260,,Tungro,RiceLeafDisease_BD5,EXTERNAL_FIELD_DATASET
IMG_20241103_104048.jpg,.jpg,Tungro/IMG_20241103_104048.jpg,6666,True,300,300,1.0,RGB,3,JPEG,b703e97bed4354d0419816d7f2efdadfccff04870b2829b10ceb10cf5f82012a,,Tungro,RiceLeafDisease_BD5,EXTERNAL_FIELD_DATASET
IMG_20241103_104048_1.jpg,.jpg,Tungro/IMG_20241103_104048_1.jpg,6620,True,300,300,1.0,RGB,3,JPEG,9608a6054bb8e8fed6492ec29dcddf680ffab25b0ecec3fb2e04d1d1991b36d1,,Tungro,RiceLeafDisease_BD5,EXTERNAL_FIELD_DATASET
IMG_20241103_104129.jpg,.jpg,Tungro/IMG_20241103_104129.jpg,7588,True,300,300,1.0,RGB,3,JPEG,a7fd3903535fc96f76debcf89b071d459038f14f30d520decb473f286519b7d0,,Tungro,RiceLeafDisease_BD5,EXTERNAL_FIELD_DATASET
IMG_20241103_104132.jpg,.jpg,Tungro/IMG_20241103_104132.jpg,7827,True,300,300,1.0,RGB,3,JPEG,529af2b8cdd9ddd5b665166d5be241748ad1257a45f1dff959ebd10ed09e3c3d,,Tungro,RiceLeafDisease_BD5,EXTERNAL_FIELD_DATASET
IMG_20241103_105117.jpg,.jpg,Tungro/IMG_20241103_105117.jpg,6867,True,300,300,1.0,RGB,3,JPEG,3147dbdd345cf51869c0046607e0f95c3146942de01b2c0e58f62d0fcaf7773b,,Tungro,RiceLeafDisease_BD5,EXTERNAL_FIELD_DATASET
IMG_20241103_105118.jpg,.jpg,Tungro/IMG_20241103_105118.jpg,7047,True,300,300,1.0,RGB,3,JPEG,38a4e881e47d18d9f27d52aefa112708df1b00d7485dd3d274532de0727b42f2,,Tungro,RiceLeafDisease_BD5,EXTERNAL_FIELD_DATASET
IMG_20241103_105120.jpg,.jpg,Tungro/IMG_20241103_105120.jpg,7009,True,300,300,1.0,RGB,3,JPEG,0be4616b92568cd305fb037d0f3e1285f722e3d53f6af93e42a296beb3972b81,,Tungro,RiceLeafDisease_BD5,EXTERNAL_FIELD_DATASET
IMG_20241103_105125.jpg,.jpg,Tungro/IMG_20241103_105125.jpg,7092,True,300,300,1.0,RGB,3,JPEG,b701e293fb51ec54dd6f57609bc2cac7a300547942ccef0c28623c3b9aae3653,,Tungro,RiceLeafDisease_BD5,EXTERNAL_FIELD_DATASET
IMG_20241103_105126.jpg,.jpg,Tungro/IMG_20241103_105126.jpg,7161,True,300,300,1.0,RGB,3,JPEG,81eb8146d1ab9b21a916c70fa7412b9a0de0db166a7601957e1dcaddcd13d301,,Tungro,RiceLeafDisease_BD5,EXTERNAL_FIELD_DATASET
IMG_20241103_105211.jpg,.jpg,Tungro/IMG_20241103_105211.jpg,6463,True,300,300,1.0,RGB,3,JPEG,7745a60e4fbe5608b5069b1f96b00d7b450323918feb7a20f866d1a6713e2a76,,Tungro,RiceLeafDisease_BD5,EXTERNAL_FIELD_DATASET
IMG_20241103_105218.jpg,.jpg,Tungro/IMG_20241103_105218.jpg,6402,True,300,300,1.0,RGB,3,JPEG,44ac623be4097220e647c984252f95e73157e18f362f822a3d16fc7ca8fe808d,,Tungro,RiceLeafDisease_BD5,EXTERNAL_FIELD_DATASET
IMG_20241103_105227.jpg,.jpg,Tungro/IMG_20241103_105227.jpg,7407,True,300,300,1.0,RGB,3,JPEG,bea965f47f94b45b4e45f0f7bb76c91a74a2363d691708ff873373f1186c1cf5,,Tungro,RiceLeafDisease_BD5,EXTERNAL_FIELD_DATASET
IMG_20241103_105228.jpg,.jpg,Tungro/IMG_20241103_105228.jpg,7423,True,300,300,1.0,RGB,3,JPEG,d359c3ea3b8bae04d0bc656d0cb205db5dec87b01c9e493f3fe3dfc686471a22,,Tungro,RiceLeafDisease_BD5,EXTERNAL_FIELD_DATASET
IMG_20241103_105229.jpg,.jpg,Tungro/IMG_20241103_105229.jpg,7549,True,300,300,1.0,RGB,3,JPEG,e62a9944020c421274b96f221afca7633276b5651236952e9745420380b219ff,,Tungro,RiceLeafDisease_BD5,EXTERNAL_FIELD_DATASET
IMG_20241103_105242.jpg,.jpg,Tungro/IMG_20241103_105242.jpg,7877,True,300,300,1.0,RGB,3,JPEG,b21eeb58b588a55efb40776c22f1e5a84975046ca62f3635a34d36031e0a6250,,Tungro,RiceLeafDisease_BD5,EXTERNAL_FIELD_DATASET
IMG_20241103_105243.jpg,.jpg,Tungro/IMG_20241103_105243.jpg,7882,True,300,300,1.0,RGB,3,JPEG,c1d2f137b878c0f66633b46931103c25eadaecd7b3618bb9e7789446c72e713d,,Tungro,RiceLeafDisease_BD5,EXTERNAL_FIELD_DATASET
IMG_20241103_105250.jpg,.jpg,Tungro/IMG_20241103_105250.jpg,7648,True,300,300,1.0,RGB,3,JPEG,b95b255b06fcf4e4f7fff3a85170f08558fb22fbc30e1b22fe7814e0ea0257e5,,Tungro,RiceLeafDisease_BD5,EXTERNAL_FIELD_DATASET
IMG_20241103_105306.jpg,.jpg,Tungro/IMG_20241103_105306.jpg,7427,True,300,300,1.0,RGB,3,JPEG,df6b2bdab69f67715c218eb7dc347fe636e679e710236148deb0526dbf5449fe,,Tungro,RiceLeafDisease_BD5,EXTERNAL_FIELD_DATASET
IMG_20241103_105312.jpg,.jpg,Tungro/IMG_20241103_105312.jpg,7521,True,300,300,1.0,RGB,3,JPEG,3e0e39a62b1b34ebd1841a6f0a0359abdaa40b925aac03dc09b8d068c52504cb,,Tungro,RiceLeafDisease_BD5,EXTERNAL_FIELD_DATASET
IMG_20241103_105318.jpg,.jpg,Tungro/IMG_20241103_105318.jpg,7517,True,300,300,1.0,RGB,3,JPEG,e4d4f3ffc3b8c985594543f447284ba9c882b8d2f2ff384b53c908499b4f8d8f,,Tungro,RiceLeafDisease_BD5,EXTERNAL_FIELD_DATASET
IMG_20241103_105319.jpg,.jpg,Tungro/IMG_20241103_105319.jpg,7531,True,300,300,1.0,RGB,3,JPEG,7562b401116512d0312b1afa9de03842233054734d37f140beacebc22bbe2680,,Tungro,RiceLeafDisease_BD5,EXTERNAL_FIELD_DATASET
IMG_20241103_105326.jpg,.jpg,Tungro/IMG_20241103_105326.jpg,7549,True,300,300,1.0,RGB,3,JPEG,c9ee3d606bac0041bf7477a37b1e1a58500eb330e568ead2e3aa69c77ecba0dc,,Tungro,RiceLeafDisease_BD5,EXTERNAL_FIELD_DATASET
IMG_20241103_105344.jpg,.jpg,Tungro/IMG_20241103_105344.jpg,7257,True,300,300,1.0,RGB,3,JPEG,1be5543026bf2460abe0fb25adb4ae9d3f8cafe9dc61b0e198e6fb5dabbd2f85,,Tungro,RiceLeafDisease_BD5,EXTERNAL_FIELD_DATASET
IMG_20241103_105359.jpg,.jpg,Tungro/IMG_20241103_105359.jpg,8140,True,300,300,1.0,RGB,3,JPEG,d4784d282e966a5bda7a0284c8a44fea93423d65daf3fa45645de1df82c5cda9,,Tungro,RiceLeafDisease_BD5,EXTERNAL_FIELD_DATASET
IMG_20241103_105400.jpg,.jpg,Tungro/IMG_20241103_105400.jpg,8132,True,300,300,1.0,RGB,3,JPEG,a7e7c27d6ba0450853a545efbeba8189bc57ffc87f2a07bcb747c0b39be9e3c4,,Tungro,RiceLeafDisease_BD5,EXTERNAL_FIELD_DATASET
IMG_20241103_105414.jpg,.jpg,Tungro/IMG_20241103_105414.jpg,8455,True,300,300,1.0,RGB,3,JPEG,1524e350e9c070610bd3e4be077bf27cfed9d5c75ae52cbf930ea18723ad10d2,,Tungro,RiceLeafDisease_BD5,EXTERNAL_FIELD_DATASET
IMG_20241103_105419.jpg,.jpg,Tungro/IMG_20241103_105419.jpg,6512,True,300,300,1.0,RGB,3,JPEG,7ff60b0f9debdb655282008f709671c1e0315db4c95cef1f82a70d83597a29d7,,Tungro,RiceLeafDisease_BD5,EXTERNAL_FIELD_DATASET
IMG_20241103_105421.jpg,.jpg,Tungro/IMG_20241103_105421.jpg,6451,True,300,300,1.0,RGB,3,JPEG,8b6aca15f91c006001e721fb329b0b55e679e55df61b10381202a21614eaaa7f,,Tungro,RiceLeafDisease_BD5,EXTERNAL_FIELD_DATASET
IMG_20241103_105429.jpg,.jpg,Tungro/IMG_20241103_105429.jpg,6284,True,300,300,1.0,RGB,3,JPEG,d437a3be5c34d7915b5b56bcbd15fdb755708ea22f5b7187093459685a10ff60,,Tungro,RiceLeafDisease_BD5,EXTERNAL_FIELD_DATASET
IMG_20241103_105430.jpg,.jpg,Tungro/IMG_20241103_105430.jpg,6283,True,300,300,1.0,RGB,3,JPEG,fd025d0f8a6fc61fe4a7c2212c1da9306e79c39b02549680de5b5e38b96c131e,,Tungro,RiceLeafDisease_BD5,EXTERNAL_FIELD_DATASET
IMG_20241103_105434.jpg,.jpg,Tungro/IMG_20241103_105434.jpg,6164,True,300,300,1.0,RGB,3,JPEG,1ac4e207386ab0dec715689d2ea3b5898da3a4cfad416a4605ab152a083de976,,Tungro,RiceLeafDisease_BD5,EXTERNAL_FIELD_DATASET
IMG_20241103_105450.jpg,.jpg,Tungro/IMG_20241103_105450.jpg,7198,True,300,300,1.0,RGB,3,JPEG,199fdce3ffb02e8fd6af1d6167e3a955241d540803d5ccafd4cb8aa813f0ba8f,,Tungro,RiceLeafDisease_BD5,EXTERNAL_FIELD_DATASET
IMG_20241103_105452.jpg,.jpg,Tungro/IMG_20241103_105452.jpg,6818,True,300,300,1.0,RGB,3,JPEG,c0530608c19593aaaea465fe44783421de98e39dfa2b1ed81606718e0bd544fc,,Tungro,RiceLeafDisease_BD5,EXTERNAL_FIELD_DATASET
IMG_20241103_105457.jpg,.jpg,Tungro/IMG_20241103_105457.jpg,5976,True,300,300,1.0,RGB,3,JPEG,e557106784e4d039cc1b1cde8a64bddd625ab20b0e744dd2dca0669666fb5f53,,Tungro,RiceLeafDisease_BD5,EXTERNAL_FIELD_DATASET
IMG_20241103_105505.jpg,.jpg,Tungro/IMG_20241103_105505.jpg,6418,True,300,300,1.0,RGB,3,JPEG,7bd2945fbfb23c183c19ee4dbae6f606906bd29470c99f1283779e3e7dbe400c,,Tungro,RiceLeafDisease_BD5,EXTERNAL_FIELD_DATASET
IMG_20241103_105506.jpg,.jpg,Tungro/IMG_20241103_105506.jpg,6427,True,300,300,1.0,RGB,3,JPEG,83dadfbeab60ad6922a3118550d1c18d324a6adb68c8d9316bbd3a10dee49bcb,,Tungro,RiceLeafDisease_BD5,EXTERNAL_FIELD_DATASET
IMG_20241103_105507.jpg,.jpg,Tungro/IMG_20241103_105507.jpg,6297,True,300,300,1.0,RGB,3,JPEG,140fc0c8cc4e5aef7d010c3b9f856f5b8ec28081d2276524a4660ab3892a4147,,Tungro,RiceLeafDisease_BD5,EXTERNAL_FIELD_DATASET
IMG_20241103_105514.jpg,.jpg,Tungro/IMG_20241103_105514.jpg,6049,True,300,300,1.0,RGB,3,JPEG,d58bb3ee42b93f0b22df40008d1c2cb0db918cd17354db91913ed1ad6f6e560a,,Tungro,RiceLeafDisease_BD5,EXTERNAL_FIELD_DATASET
IMG_20241103_105520.jpg,.jpg,Tungro/IMG_20241103_105520.jpg,6438,True,300,300,1.0,RGB,3,JPEG,f67ea27844e3292707c608916f04638aa28c2bc76cb679f1c3e5b4769b88935d,,Tungro,RiceLeafDisease_BD5,EXTERNAL_FIELD_DATASET
IMG_20241103_105522.jpg,.jpg,Tungro/IMG_20241103_105522.jpg,7060,True,300,300,1.0,RGB,3,JPEG,c5a7d8f74583c66f3a8aa017a0e45d1a5fcceb81c95df1aa7f20a16fb69c59b2,,Tungro,RiceLeafDisease_BD5,EXTERNAL_FIELD_DATASET
IMG_20241103_105537.jpg,.jpg,Tungro/IMG_20241103_105537.jpg,7561,True,300,300,1.0,RGB,3,JPEG,2ce7d90f340f7f4d2b486a37821f48d6cdb8ae2fae90f82042d269b719f15c35,,Tungro,RiceLeafDisease_BD5,EXTERNAL_FIELD_DATASET
IMG_20241103_105538.jpg,.jpg,Tungro/IMG_20241103_105538.jpg,7305,True,300,300,1.0,RGB,3,JPEG,702c3bfabb6b03e3cd64cd819162efb9b19e4071578b5b3e70b0eaec980021f5,,Tungro,RiceLeafDisease_BD5,EXTERNAL_FIELD_DATASET
IMG_20241103_105546.jpg,.jpg,Tungro/IMG_20241103_105546.jpg,7367,True,300,300,1.0,RGB,3,JPEG,8e507cee65825daf2d54fac0b1c25b9d1ed4e8682d3e055ff67949e19275f6b8,,Tungro,RiceLeafDisease_BD5,EXTERNAL_FIELD_DATASET
IMG_20241103_105553.jpg,.jpg,Tungro/IMG_20241103_105553.jpg,7618,True,300,300,1.0,RGB,3,JPEG,be954c766d926c750fb3d476e19b40eaa77971560ec267353d0a92e994cd9498,,Tungro,RiceLeafDisease_BD5,EXTERNAL_FIELD_DATASET
IMG_20241103_105600.jpg,.jpg,Tungro/IMG_20241103_105600.jpg,8066,True,300,300,1.0,RGB,3,JPEG,6d6e0001bf585adde568e48ff6d917c958c4b26e24953cd3101aa4824d66ee23,,Tungro,RiceLeafDisease_BD5,EXTERNAL_FIELD_DATASET
IMG_20241103_105603.jpg,.jpg,Tungro/IMG_20241103_105603.jpg,8082,True,300,300,1.0,RGB,3,JPEG,32c6f7f986e4d20f9cd34de6940cd9d644b6f6f36436d418e32334da24161587,,Tungro,RiceLeafDisease_BD5,EXTERNAL_FIELD_DATASET
IMG_20241103_105613.jpg,.jpg,Tungro/IMG_20241103_105613.jpg,6870,True,300,300,1.0,RGB,3,JPEG,6d7eaaf28193cd08e3568b83896392cd82d6aa61dcb31b0cd965674d03558136,,Tungro,RiceLeafDisease_BD5,EXTERNAL_FIELD_DATASET
IMG_20241103_105620.jpg,.jpg,Tungro/IMG_20241103_105620.jpg,5107,True,300,300,1.0,RGB,3,JPEG,c29db08a157afd0659b7e9acfb1cb176f4ca750d5e44492db6467cd7d717306c,,Tungro,RiceLeafDisease_BD5,EXTERNAL_FIELD_DATASET
IMG_20241103_105621.jpg,.jpg,Tungro/IMG_20241103_105621.jpg,5153,True,300,300,1.0,RGB,3,JPEG,8566255b7170d2538ba47927a9cbf6ef7322975a1eae59ea1151f04d791da87e,,Tungro,RiceLeafDisease_BD5,EXTERNAL_FIELD_DATASET
IMG_20241103_105631.jpg,.jpg,Tungro/IMG_20241103_105631.jpg,5796,True,300,300,1.0,RGB,3,JPEG,a3db831d9173fa0c3fac65612603b9390e18001589a44be45253a6fea08c504c,,Tungro,RiceLeafDisease_BD5,EXTERNAL_FIELD_DATASET
IMG_20241103_105641.jpg,.jpg,Tungro/IMG_20241103_105641.jpg,6516,True,300,300,1.0,RGB,3,JPEG,5e1b2655535b572bef5bc02a88eb3145fde344541d63275239cd9b882a16bc29,,Tungro,RiceLeafDisease_BD5,EXTERNAL_FIELD_DATASET
IMG_20241103_105647.jpg,.jpg,Tungro/IMG_20241103_105647.jpg,7614,True,300,300,1.0,RGB,3,JPEG,307dc8b07cbacbcb584d8ea4ca2a71ce30e019708d843919e623a8e4154c64ae,,Tungro,RiceLeafDisease_BD5,EXTERNAL_FIELD_DATASET
IMG_20241103_105654.jpg,.jpg,Tungro/IMG_20241103_105654.jpg,4220,True,300,300,1.0,RGB,3,JPEG,adfd0edf872f59aa5ebd8ae21c6b9b07e26f78be2d4f45fa72d89021197d52e2,,Tungro,RiceLeafDisease_BD5,EXTERNAL_FIELD_DATASET
IMG_20241103_105655.jpg,.jpg,Tungro/IMG_20241103_105655.jpg,4200,True,300,300,1.0,RGB,3,JPEG,3534c08f74a57d9b2d0f6bf09905b79e12f45d497be34e396eded3064f54415d,,Tungro,RiceLeafDisease_BD5,EXTERNAL_FIELD_DATASET
IMG_20241103_105701.jpg,.jpg,Tungro/IMG_20241103_105701.jpg,4584,True,300,300,1.0,RGB,3,JPEG,658573be9b99db93f12899038f6e1f3a92eb02dc764771d1a1784ea8f1644203,,Tungro,RiceLeafDisease_BD5,EXTERNAL_FIELD_DATASET
IMG_20241103_105702.jpg,.jpg,Tungro/IMG_20241103_105702.jpg,4730,True,300,300,1.0,RGB,3,JPEG,6a246672f467bda974ebc72acb1a35801a1456bf6613233873e70c4a00701386,,Tungro,RiceLeafDisease_BD5,EXTERNAL_FIELD_DATASET
IMG_20241103_105705.jpg,.jpg,Tungro/IMG_20241103_105705.jpg,4523,True,300,300,1.0,RGB,3,JPEG,17ccacc252ba0329bcd36bee9c14503aa6c088ae20445e24d05927b44277adf2,,Tungro,RiceLeafDisease_BD5,EXTERNAL_FIELD_DATASET
IMG_20241103_105706.jpg,.jpg,Tungro/IMG_20241103_105706.jpg,4576,True,300,300,1.0,RGB,3,JPEG,e9c05159bffbfaf65eb3a846517b69ab3db5e9c451aea4f0428e26f191f5aafb,,Tungro,RiceLeafDisease_BD5,EXTERNAL_FIELD_DATASET
IMG_20241103_105832.jpg,.jpg,Tungro/IMG_20241103_105832.jpg,7660,True,300,300,1.0,RGB,3,JPEG,1bd34e0f987626c19093d0b370d509345a282c3d4667ca49b5cb31819bdb996e,,Tungro,RiceLeafDisease_BD5,EXTERNAL_FIELD_DATASET
IMG_20241103_105902.jpg,.jpg,Tungro/IMG_20241103_105902.jpg,7656,True,300,300,1.0,RGB,3,JPEG,a3319e448c8a9e2521c4be55f1088409d6a64f4709b33a7d8b2ccc5508ab7e74,,Tungro,RiceLeafDisease_BD5,EXTERNAL_FIELD_DATASET
IMG_20241103_105917.jpg,.jpg,Tungro/IMG_20241103_105917.jpg,6654,True,300,300,1.0,RGB,3,JPEG,caa93146300a270d646439896975a6d57d88c43f8e4aa88442385a96c7b896c8,,Tungro,RiceLeafDisease_BD5,EXTERNAL_FIELD_DATASET
IMG_20241103_105923.jpg,.jpg,Tungro/IMG_20241103_105923.jpg,6882,True,300,300,1.0,RGB,3,JPEG,f1024ba0d7d0a4c70cc669d4ef8be5fee06715ed509530c340b707ef0265742c,,Tungro,RiceLeafDisease_BD5,EXTERNAL_FIELD_DATASET
IMG_20241103_105924.jpg,.jpg,Tungro/IMG_20241103_105924.jpg,6832,True,300,300,1.0,RGB,3,JPEG,948155d2adef25d6b5786efc1ba784c62f874ef77ae1ee211c0184eecdfc012f,,Tungro,RiceLeafDisease_BD5,EXTERNAL_FIELD_DATASET
IMG_20241103_105931.jpg,.jpg,Tungro/IMG_20241103_105931.jpg,6993,True,300,300,1.0,RGB,3,JPEG,bd4a64c2b0260d3705d6c73809fc0c4cc0c507f988d4d2cbcfc7963b8038a751,,Tungro,RiceLeafDisease_BD5,EXTERNAL_FIELD_DATASET
IMG_20241103_105938.jpg,.jpg,Tungro/IMG_20241103_105938.jpg,7861,True,300,300,1.0,RGB,3,JPEG,3c70919d21b2cf9b300b37706c1ebbdcb53e5bc3c28618b0202812e6997a41cd,,Tungro,RiceLeafDisease_BD5,EXTERNAL_FIELD_DATASET
IMG_20241103_105948.jpg,.jpg,Tungro/IMG_20241103_105948.jpg,7938,True,300,300,1.0,RGB,3,JPEG,c0fc1af59133c95054cfd40a676c5735c4f90d3dca93dc2e0ef3f54ca398cb12,,Tungro,RiceLeafDisease_BD5,EXTERNAL_FIELD_DATASET
IMG_20241103_105953.jpg,.jpg,Tungro/IMG_20241103_105953.jpg,9091,True,300,300,1.0,RGB,3,JPEG,a35cfb801ed051ac9d5b17d0f7e90a1bac509b6200f74dd1a057ed8385522968,,Tungro,RiceLeafDisease_BD5,EXTERNAL_FIELD_DATASET
IMG_20241103_105957.jpg,.jpg,Tungro/IMG_20241103_105957.jpg,7640,True,300,300,1.0,RGB,3,JPEG,efa18fed6c09ca80d60bb7b50e19d6f9b1c99300484946ecbadb3c6cc20960f1,,Tungro,RiceLeafDisease_BD5,EXTERNAL_FIELD_DATASET
IMG_20241103_110004.jpg,.jpg,Tungro/IMG_20241103_110004.jpg,9543,True,300,300,1.0,RGB,3,JPEG,3a2edfb5b49839a2a24337adeba7863290f5037184957bcfd33c8e9175af9abc,,Tungro,RiceLeafDisease_BD5,EXTERNAL_FIELD_DATASET
IMG_20241103_110009.jpg,.jpg,Tungro/IMG_20241103_110009.jpg,10144,True,300,300,1.0,RGB,3,JPEG,4426bdb781104a49fb5a839ec9c466783513bf72d15b2c5c09309659efcd11ce,,Tungro,RiceLeafDisease_BD5,EXTERNAL_FIELD_DATASET
IMG_20241103_110012.jpg,.jpg,Tungro/IMG_20241103_110012.jpg,9281,True,300,300,1.0,RGB,3,JPEG,0269d58a4af1d66d269643dc310184a002d6bd0da7ecde3adbf2d136bed9f5cf,,Tungro,RiceLeafDisease_BD5,EXTERNAL_FIELD_DATASET
IMG_20241103_110018.jpg,.jpg,Tungro/IMG_20241103_110018.jpg,9635,True,300,300,1.0,RGB,3,JPEG,dd1861d872ff1d8f8a6edef5306898d42805e3d2ec8fa60a7cae40d70b825e9d,,Tungro,RiceLeafDisease_BD5,EXTERNAL_FIELD_DATASET
IMG_20241103_110019.jpg,.jpg,Tungro/IMG_20241103_110019.jpg,9726,True,300,300,1.0,RGB,3,JPEG,0c39d6ca82b8c10fd3de781b90277043c114e2a8f8ba85671c3bc82a23a2a424,,Tungro,RiceLeafDisease_BD5,EXTERNAL_FIELD_DATASET
IMG_20241103_110038.jpg,.jpg,Tungro/IMG_20241103_110038.jpg,9225,True,300,300,1.0,RGB,3,JPEG,2868875f7ce3385bca9cd64ad4370fcd4b6426b43307a36a313c05d8673a5558,,Tungro,RiceLeafDisease_BD5,EXTERNAL_FIELD_DATASET
IMG_20241103_110040.jpg,.jpg,Tungro/IMG_20241103_110040.jpg,8594,True,300,300,1.0,RGB,3,JPEG,3523e85c41f9a5decfdad775f62065bb3ec4a20cfcbedf3b2baa1e8f455815ae,,Tungro,RiceLeafDisease_BD5,EXTERNAL_FIELD_DATASET
IMG_20241103_110048.jpg,.jpg,Tungro/IMG_20241103_110048.jpg,8005,True,300,300,1.0,RGB,3,JPEG,9151e1f1e494f7371769d519811b2848b7f9c0cb9078d106b79aeef4adcc8bfa,,Tungro,RiceLeafDisease_BD5,EXTERNAL_FIELD_DATASET
IMG_20241103_110058.jpg,.jpg,Tungro/IMG_20241103_110058.jpg,7894,True,300,300,1.0,RGB,3,JPEG,94b636a2a62ddbbf46c5395333fe57eec257c3a4a6413494cdf445d935ef9050,,Tungro,RiceLeafDisease_BD5,EXTERNAL_FIELD_DATASET
IMG_20241103_110101.jpg,.jpg,Tungro/IMG_20241103_110101.jpg,7823,True,300,300,1.0,RGB,3,JPEG,e94953b03bc5f5b2c3ba0ac21da0abb5f66c96845e3b61d5ee3ba9a6ae74f080,,Tungro,RiceLeafDisease_BD5,EXTERNAL_FIELD_DATASET
IMG_20241103_110123.jpg,.jpg,Tungro/IMG_20241103_110123.jpg,7803,True,300,300,1.0,RGB,3,JPEG,fff6fa3cf356c8cd6ff3be208a961fc8414545fc903369c133a558a406b45a33,,Tungro,RiceLeafDisease_BD5,EXTERNAL_FIELD_DATASET
IMG_20241103_110124.jpg,.jpg,Tungro/IMG_20241103_110124.jpg,7869,True,300,300,1.0,RGB,3,JPEG,36fdfb913631765efe9cd4c5c4d62b39ebfb58aacb15536042fd95f6d4986794,,Tungro,RiceLeafDisease_BD5,EXTERNAL_FIELD_DATASET
IMG_20241103_110126.jpg,.jpg,Tungro/IMG_20241103_110126.jpg,7868,True,300,300,1.0,RGB,3,JPEG,6128e754e91b7d979604122ab141809624a4a4645ab2e7f98de1b0e5be3b1bd5,,Tungro,RiceLeafDisease_BD5,EXTERNAL_FIELD_DATASET
IMG_20241103_110130.jpg,.jpg,Tungro/IMG_20241103_110130.jpg,8046,True,300,300,1.0,RGB,3,JPEG,93a6d1613a8546baa1eea7c393c1dd9cc9b94d62b01a01910053a73a0fcb15b6,,Tungro,RiceLeafDisease_BD5,EXTERNAL_FIELD_DATASET
IMG_20241103_110132.jpg,.jpg,Tungro/IMG_20241103_110132.jpg,8056,True,300,300,1.0,RGB,3,JPEG,bf6944060cb20671bca602e4c2664bc02d4863176e71a79938cdec091e98de81,,Tungro,RiceLeafDisease_BD5,EXTERNAL_FIELD_DATASET
IMG_20241103_110140.jpg,.jpg,Tungro/IMG_20241103_110140.jpg,6829,True,300,300,1.0,RGB,3,JPEG,622ddaad188376a8d59390618d44da6a2042e45cea325317b2549b7acd78c62c,,Tungro,RiceLeafDisease_BD5,EXTERNAL_FIELD_DATASET
IMG_20241103_110141.jpg,.jpg,Tungro/IMG_20241103_110141.jpg,6940,True,300,300,1.0,RGB,3,JPEG,7f965c389946055ec0c6261f098d38627852d2467e7f3c23c809017f454005fc,,Tungro,RiceLeafDisease_BD5,EXTERNAL_FIELD_DATASET
IMG_20241103_110152.jpg,.jpg,Tungro/IMG_20241103_110152.jpg,6958,True,300,300,1.0,RGB,3,JPEG,358175606ab5d84940ed4ae9d0344a9395323d0fdfa67786ca236a9efddbbbe7,,Tungro,RiceLeafDisease_BD5,EXTERNAL_FIELD_DATASET
IMG_20241103_110158.jpg,.jpg,Tungro/IMG_20241103_110158.jpg,7147,True,300,300,1.0,RGB,3,JPEG,9606c21bc5b2de6a1945203c405a59fe0dda9bb3a7f21c633bfcea3271dcc58b,,Tungro,RiceLeafDisease_BD5,EXTERNAL_FIELD_DATASET
IMG_20241103_110202.jpg,.jpg,Tungro/IMG_20241103_110202.jpg,6926,True,300,300,1.0,RGB,3,JPEG,38bcecbe60447ec3ee81bffda76b5024a5fe5f532a1f8f43672fa913b240af61,,Tungro,RiceLeafDisease_BD5,EXTERNAL_FIELD_DATASET
IMG_20241103_110207.jpg,.jpg,Tungro/IMG_20241103_110207.jpg,7422,True,300,300,1.0,RGB,3,JPEG,e07ebac7642f147beba60db4989903c563df37ee206f28fa66a6264cbf75791e,,Tungro,RiceLeafDisease_BD5,EXTERNAL_FIELD_DATASET
IMG_20241103_110208.jpg,.jpg,Tungro/IMG_20241103_110208.jpg,7436,True,300,300,1.0,RGB,3,JPEG,fc0552c14aa4a89f26f93b955730dc08a187cef282d72e4f49ada3f3e688a7b6,,Tungro,RiceLeafDisease_BD5,EXTERNAL_FIELD_DATASET
IMG_20241103_110209.jpg,.jpg,Tungro/IMG_20241103_110209.jpg,7518,True,300,300,1.0,RGB,3,JPEG,11adb21464d6eeb5cad87ba2865c984ccc72ea454e4a10cb7beba30ddb5bb20d,,Tungro,RiceLeafDisease_BD5,EXTERNAL_FIELD_DATASET
IMG_20241103_110215.jpg,.jpg,Tungro/IMG_20241103_110215.jpg,6537,True,300,300,1.0,RGB,3,JPEG,962e174ad918499ee343fd52cf1144d9113ed2fb566b23ba15aa8767a946ede7,,Tungro,RiceLeafDisease_BD5,EXTERNAL_FIELD_DATASET
IMG_20241103_110216.jpg,.jpg,Tungro/IMG_20241103_110216.jpg,6555,True,300,300,1.0,RGB,3,JPEG,1617f873b58786a1ace321e2fe78ef61a0a7cb27c412f23c8f061ff3c1c628bd,,Tungro,RiceLeafDisease_BD5,EXTERNAL_FIELD_DATASET
IMG_20241103_110225.jpg,.jpg,Tungro/IMG_20241103_110225.jpg,6803,True,300,300,1.0,RGB,3,JPEG,f2c68f7dfa51f340b69f33a39b4e70276aaebd4f0e7dfb7f2d4e235d636de22f,,Tungro,RiceLeafDisease_BD5,EXTERNAL_FIELD_DATASET
IMG_20241103_110227.jpg,.jpg,Tungro/IMG_20241103_110227.jpg,6984,True,300,300,1.0,RGB,3,JPEG,efe72638bda7d80b76119b4e425b0d46776d1b7f4720eebc5be19eb49e38e480,,Tungro,RiceLeafDisease_BD5,EXTERNAL_FIELD_DATASET
IMG_20241103_110237.jpg,.jpg,Tungro/IMG_20241103_110237.jpg,6446,True,300,300,1.0,RGB,3,JPEG,314df7a3b8111c7c76f1edae57581b141adf2de145daece257dafe1fd8d1a102,,Tungro,RiceLeafDisease_BD5,EXTERNAL_FIELD_DATASET
IMG_20241103_110239.jpg,.jpg,Tungro/IMG_20241103_110239.jpg,6449,True,300,300,1.0,RGB,3,JPEG,d66e74fd598b186e1c3be00f1a561045954bea96fbde370edfdb861fff563dbb,,Tungro,RiceLeafDisease_BD5,EXTERNAL_FIELD_DATASET
IMG_20241103_110240.jpg,.jpg,Tungro/IMG_20241103_110240.jpg,6404,True,300,300,1.0,RGB,3,JPEG,86d63f9de28dc1a2b0c1f88a88c1a58c85c8682d89c5d01a97e252fabc728bd3,,Tungro,RiceLeafDisease_BD5,EXTERNAL_FIELD_DATASET
IMG_20241103_110242.jpg,.jpg,Tungro/IMG_20241103_110242.jpg,6388,True,300,300,1.0,RGB,3,JPEG,7e9b49646ddd7bb94b06945fda17a0a8cd202b219bbf8810cb0be7910a04ebfe,,Tungro,RiceLeafDisease_BD5,EXTERNAL_FIELD_DATASET
IMG_20241103_110319.jpg,.jpg,Tungro/IMG_20241103_110319.jpg,7470,True,300,300,1.0,RGB,3,JPEG,17b5ce0ec2d5290b546a1e6c30daa32586bfa7b0d29f0a6b6b118ba21c048eff,,Tungro,RiceLeafDisease_BD5,EXTERNAL_FIELD_DATASET
IMG_20241103_110322.jpg,.jpg,Tungro/IMG_20241103_110322.jpg,7589,True,300,300,1.0,RGB,3,JPEG,41a1cd94e0c8cc3fa5fb418037d8aa6909355c86fb2038f5bdf102d17c4c64f7,,Tungro,RiceLeafDisease_BD5,EXTERNAL_FIELD_DATASET
IMG_20241103_110330.jpg,.jpg,Tungro/IMG_20241103_110330.jpg,8494,True,300,300,1.0,RGB,3,JPEG,48468f48497a4f2d8f6da580c1d0adc5692165d6729df5545f771eb0ab7a4f0b,,Tungro,RiceLeafDisease_BD5,EXTERNAL_FIELD_DATASET
IMG_20241103_110331.jpg,.jpg,Tungro/IMG_20241103_110331.jpg,8695,True,300,300,1.0,RGB,3,JPEG,bbe6ce6dd022d6a3b861804092989e1548e39a085c289a9b9a612dfc2df7deea,,Tungro,RiceLeafDisease_BD5,EXTERNAL_FIELD_DATASET
IMG_20241103_110337.jpg,.jpg,Tungro/IMG_20241103_110337.jpg,7295,True,300,300,1.0,RGB,3,JPEG,c51012c175368231da2aa584b073adcbb8c51015d2b2dc03f896719f31d1316b,,Tungro,RiceLeafDisease_BD5,EXTERNAL_FIELD_DATASET
IMG_20241103_110342.jpg,.jpg,Tungro/IMG_20241103_110342.jpg,7872,True,300,300,1.0,RGB,3,JPEG,cf309b3be2fe552e959b8d24376cd7133016f0c903751ed69b60d6445a68d5b9,,Tungro,RiceLeafDisease_BD5,EXTERNAL_FIELD_DATASET
IMG_20241103_110343.jpg,.jpg,Tungro/IMG_20241103_110343.jpg,7708,True,300,300,1.0,RGB,3,JPEG,d13bacf0a4504cb15272338a97ca62efb0526d3ad1e74670d83829b658f83383,,Tungro,RiceLeafDisease_BD5,EXTERNAL_FIELD_DATASET
IMG_20241103_110344.jpg,.jpg,Tungro/IMG_20241103_110344.jpg,7746,True,300,300,1.0,RGB,3,JPEG,8d7eb415e66126eceaec8a9465aeafe7c8b285ca272196335dfc9380b51da832,,Tungro,RiceLeafDisease_BD5,EXTERNAL_FIELD_DATASET
IMG_20241103_110350.jpg,.jpg,Tungro/IMG_20241103_110350.jpg,7131,True,300,300,1.0,RGB,3,JPEG,ab74124e593e5cd88ba486e964723ee6dbb101e378e297bd1bc9ead36afa3ae5,,Tungro,RiceLeafDisease_BD5,EXTERNAL_FIELD_DATASET
IMG_20241103_110351.jpg,.jpg,Tungro/IMG_20241103_110351.jpg,7157,True,300,300,1.0,RGB,3,JPEG,e7538f36cf1ddcb36ee495ad5eb7c091e476667a8e9d540cf088c84a74ac4491,,Tungro,RiceLeafDisease_BD5,EXTERNAL_FIELD_DATASET
IMG_20241103_110355.jpg,.jpg,Tungro/IMG_20241103_110355.jpg,7141,True,300,300,1.0,RGB,3,JPEG,fc23eee51d2b25725a94d0e8b36f4bad43dc0b7f0f044d5cbe48206e2aba2e13,,Tungro,RiceLeafDisease_BD5,EXTERNAL_FIELD_DATASET
IMG_20241103_110357.jpg,.jpg,Tungro/IMG_20241103_110357.jpg,7110,True,300,300,1.0,RGB,3,JPEG,5408f3e4c9149b180954f867a354f58bccf2513a326d67901da33af38641d8e5,,Tungro,RiceLeafDisease_BD5,EXTERNAL_FIELD_DATASET
IMG_20241103_110403.jpg,.jpg,Tungro/IMG_20241103_110403.jpg,5943,True,300,300,1.0,RGB,3,JPEG,d5b34ded0e7d442846d98dc8c0a802baaf4d08466d1a3f12362a4dfdc90892e1,,Tungro,RiceLeafDisease_BD5,EXTERNAL_FIELD_DATASET
IMG_20241103_110405.jpg,.jpg,Tungro/IMG_20241103_110405.jpg,5944,True,300,300,1.0,RGB,3,JPEG,9950b29c833d37824639dfeaaf89e59cace2cbeb60f04149eceed4468bb5e48b,,Tungro,RiceLeafDisease_BD5,EXTERNAL_FIELD_DATASET
IMG_20241103_110411.jpg,.jpg,Tungro/IMG_20241103_110411.jpg,6249,True,300,300,1.0,RGB,3,JPEG,5c3c8cbf91fcc7d90a2d8183978f6485b046a819cc2c84391d05a9c1442d7616,,Tungro,RiceLeafDisease_BD5,EXTERNAL_FIELD_DATASET
IMG_20241103_110418.jpg,.jpg,Tungro/IMG_20241103_110418.jpg,6023,True,300,300,1.0,RGB,3,JPEG,fcd77f57670323bccad06486999a9214877518d4705799eed538645f1af8749c,,Tungro,RiceLeafDisease_BD5,EXTERNAL_FIELD_DATASET
IMG_20241103_110419.jpg,.jpg,Tungro/IMG_20241103_110419.jpg,6068,True,300,300,1.0,RGB,3,JPEG,10bef5b13e1219f46bfdf89d0cdde6f24473f8096fd84d9c4c6905c339bab074,,Tungro,RiceLeafDisease_BD5,EXTERNAL_FIELD_DATASET
IMG_20241103_110425.jpg,.jpg,Tungro/IMG_20241103_110425.jpg,4652,True,300,300,1.0,RGB,3,JPEG,104556cbd1e6fcc96a039916d6f1c22b26a0f2517a9fc0ff0e34b97383449b80,,Tungro,RiceLeafDisease_BD5,EXTERNAL_FIELD_DATASET
IMG_20241103_110426.jpg,.jpg,Tungro/IMG_20241103_110426.jpg,4707,True,300,300,1.0,RGB,3,JPEG,7df6bf9846fde61a55df877112a69e54b7ee8f6d7b9119bbc34e13369892101b,,Tungro,RiceLeafDisease_BD5,EXTERNAL_FIELD_DATASET
IMG_20241103_110438.jpg,.jpg,Tungro/IMG_20241103_110438.jpg,6449,True,300,300,1.0,RGB,3,JPEG,0a1e09707afbe7a8a8e5190d4fe29454b60a1989ca0835fd0caa2b0bff3bc382,,Tungro,RiceLeafDisease_BD5,EXTERNAL_FIELD_DATASET
IMG_20241103_110448.jpg,.jpg,Tungro/IMG_20241103_110448.jpg,6256,True,300,300,1.0,RGB,3,JPEG,9ed91f916c6de29da89121538d2be81a3bf00bd9e992e674bec4f27bdb908872,,Tungro,RiceLeafDisease_BD5,EXTERNAL_FIELD_DATASET
IMG_20241103_110508.jpg,.jpg,Tungro/IMG_20241103_110508.jpg,8159,True,300,300,1.0,RGB,3,JPEG,07c0d8969481817ae72dfba00a57cbb9252a1313e8146281f0d0f13a68979836,,Tungro,RiceLeafDisease_BD5,EXTERNAL_FIELD_DATASET
IMG_20241103_110511.jpg,.jpg,Tungro/IMG_20241103_110511.jpg,8170,True,300,300,1.0,RGB,3,JPEG,22018041643dd794065522dbcea605a58b6cf991c1204ed2428ffff8084b4ed7,,Tungro,RiceLeafDisease_BD5,EXTERNAL_FIELD_DATASET
IMG_20241103_110512.jpg,.jpg,Tungro/IMG_20241103_110512.jpg,8142,True,300,300,1.0,RGB,3,JPEG,1c7cbdb593d29daf124ca813ea4e9880de04f0dca5d01731de9ab166559b2c90,,Tungro,RiceLeafDisease_BD5,EXTERNAL_FIELD_DATASET
IMG_20241103_110514.jpg,.jpg,Tungro/IMG_20241103_110514.jpg,8104,True,300,300,1.0,RGB,3,JPEG,8d2c22248ecdca782dbb6e15c0b1848792aaf8926f2dfe65b79637a763df06d8,,Tungro,RiceLeafDisease_BD5,EXTERNAL_FIELD_DATASET
IMG_20241103_110529.jpg,.jpg,Tungro/IMG_20241103_110529.jpg,7922,True,300,300,1.0,RGB,3,JPEG,94bb2f25bb3b58bd4c5b79843000b8d84acbdced42668ef7b5e0ac9ab51d9b71,,Tungro,RiceLeafDisease_BD5,EXTERNAL_FIELD_DATASET
IMG_20241103_110530.jpg,.jpg,Tungro/IMG_20241103_110530.jpg,7992,True,300,300,1.0,RGB,3,JPEG,75f04cdd8fad53cbcf2b9d50d0f9697c6612670f59cbd89d3fffb5dcbe252ca3,,Tungro,RiceLeafDisease_BD5,EXTERNAL_FIELD_DATASET
IMG_20241103_110538.jpg,.jpg,Tungro/IMG_20241103_110538.jpg,8184,True,300,300,1.0,RGB,3,JPEG,28c0b852bc69f99c02485f9d03f51417f9419bb7422076073a1b1d51f681480f,,Tungro,RiceLeafDisease_BD5,EXTERNAL_FIELD_DATASET
IMG_20241103_110539.jpg,.jpg,Tungro/IMG_20241103_110539.jpg,8159,True,300,300,1.0,RGB,3,JPEG,2a38a2ea28a97b8a7c5f45d9d4b7e9930dedaa382f3e6ec8bad941adf2b94372,,Tungro,RiceLeafDisease_BD5,EXTERNAL_FIELD_DATASET
IMG_20241103_110545.jpg,.jpg,Tungro/IMG_20241103_110545.jpg,7060,True,300,300,1.0,RGB,3,JPEG,7b0d2be0fc04ef4d81bd46094619e41cbe99ca1f390072d5e4b2d546d779bb20,,Tungro,RiceLeafDisease_BD5,EXTERNAL_FIELD_DATASET
IMG_20241103_110546.jpg,.jpg,Tungro/IMG_20241103_110546.jpg,7141,True,300,300,1.0,RGB,3,JPEG,a1b527f3c2fa952e5e97b73070819fead8983175383d20ac4304663b12d87e69,,Tungro,RiceLeafDisease_BD5,EXTERNAL_FIELD_DATASET
IMG_20241103_110547.jpg,.jpg,Tungro/IMG_20241103_110547.jpg,7120,True,300,300,1.0,RGB,3,JPEG,72896a668e9538b151d20ad8f4e462ae4b6aa9c63f2c0eda4c56ce3a384e34cd,,Tungro,RiceLeafDisease_BD5,EXTERNAL_FIELD_DATASET
IMG_20241103_110605.jpg,.jpg,Tungro/IMG_20241103_110605.jpg,6597,True,300,300,1.0,RGB,3,JPEG,2714caa2f46c901da6ca6adca2e3184bb60d800b64b673aa74b0331c753e8562,,Tungro,RiceLeafDisease_BD5,EXTERNAL_FIELD_DATASET
IMG_20241103_110606.jpg,.jpg,Tungro/IMG_20241103_110606.jpg,6762,True,300,300,1.0,RGB,3,JPEG,3c29451067bf85fc539963829283d250f3ee6439982df3c9c7e9a46e6bd2d443,,Tungro,RiceLeafDisease_BD5,EXTERNAL_FIELD_DATASET
IMG_20241103_110607.jpg,.jpg,Tungro/IMG_20241103_110607.jpg,6752,True,300,300,1.0,RGB,3,JPEG,c3351860a9f392cbd8ed4376797108ee651064c67c2dea21f31ac5a500df46d6,,Tungro,RiceLeafDisease_BD5,EXTERNAL_FIELD_DATASET
IMG_20241103_110614.jpg,.jpg,Tungro/IMG_20241103_110614.jpg,6615,True,300,300,1.0,RGB,3,JPEG,0d3d37d03276e8e19ac50b2d5607ad325316aaac23b00a301d75355fadc422b7,,Tungro,RiceLeafDisease_BD5,EXTERNAL_FIELD_DATASET
IMG_20241103_110631.jpg,.jpg,Tungro/IMG_20241103_110631.jpg,6368,True,300,300,1.0,RGB,3,JPEG,bcd760cdd940a1e40b6676d56faa803716892e874f8696f2f240f965b8a9889d,,Tungro,RiceLeafDisease_BD5,EXTERNAL_FIELD_DATASET
IMG_20241103_110632.jpg,.jpg,Tungro/IMG_20241103_110632.jpg,6350,True,300,300,1.0,RGB,3,JPEG,65e062c8c270272caaf2fcdd38992ecc83d263a83cb2aef40820c47533028e33,,Tungro,RiceLeafDisease_BD5,EXTERNAL_FIELD_DATASET
IMG_20241103_110646.jpg,.jpg,Tungro/IMG_20241103_110646.jpg,5869,True,300,300,1.0,RGB,3,JPEG,d041e2e0cbde72976718219130c7bbedbb0f37b1b21e54426eb7ba595bebfb51,,Tungro,RiceLeafDisease_BD5,EXTERNAL_FIELD_DATASET
IMG_20241103_110658.jpg,.jpg,Tungro/IMG_20241103_110658.jpg,6129,True,300,300,1.0,RGB,3,JPEG,e101e651e4e70c6a3d789b14b3cd03314362462e5694c59c623795b2de2bf0f2,,Tungro,RiceLeafDisease_BD5,EXTERNAL_FIELD_DATASET
IMG_20241103_110708.jpg,.jpg,Tungro/IMG_20241103_110708.jpg,5913,True,300,300,1.0,RGB,3,JPEG,b8910dee7a8e8525b25fd4c572937fc1c2b4ceb9a92a25ee583a4cc6ea4dfe2c,,Tungro,RiceLeafDisease_BD5,EXTERNAL_FIELD_DATASET
IMG_20241103_110721.jpg,.jpg,Tungro/IMG_20241103_110721.jpg,5746,True,300,300,1.0,RGB,3,JPEG,490fbf150c4ade2fe683c295a3f370a82f138dd0c63a0550485cfdd449315712,,Tungro,RiceLeafDisease_BD5,EXTERNAL_FIELD_DATASET
IMG_20241103_110722.jpg,.jpg,Tungro/IMG_20241103_110722.jpg,5810,True,300,300,1.0,RGB,3,JPEG,75e8d083ae0bfd328a8828586b2fa93c167759b6c8d2281b04faffa65d6a42ce,,Tungro,RiceLeafDisease_BD5,EXTERNAL_FIELD_DATASET
IMG_20241103_110732.jpg,.jpg,Tungro/IMG_20241103_110732.jpg,4631,True,300,300,1.0,RGB,3,JPEG,fedee7b6978357d4b1e38d7608a14348a660713b7e67db9170803f6f12e3ec25,,Tungro,RiceLeafDisease_BD5,EXTERNAL_FIELD_DATASET
IMG_20241103_110733.jpg,.jpg,Tungro/IMG_20241103_110733.jpg,4689,True,300,300,1.0,RGB,3,JPEG,dfbf3fdf90031f0eab556239cccdf623c6aa49188fc807ae18929080944970fd,,Tungro,RiceLeafDisease_BD5,EXTERNAL_FIELD_DATASET
IMG_20241103_110738.jpg,.jpg,Tungro/IMG_20241103_110738.jpg,5344,True,300,300,1.0,RGB,3,JPEG,a4d702a0b1dd3b10ce2b02cf4bb41b354df580a8de0eda5adf19fae4490d0aab,,Tungro,RiceLeafDisease_BD5,EXTERNAL_FIELD_DATASET
IMG_20241103_110754.jpg,.jpg,Tungro/IMG_20241103_110754.jpg,8340,True,300,300,1.0,RGB,3,JPEG,6f334d542a4ff30e0b69de149fed458fdd930580d23a242511a11f3fd4279c8c,,Tungro,RiceLeafDisease_BD5,EXTERNAL_FIELD_DATASET
IMG_20241103_110755.jpg,.jpg,Tungro/IMG_20241103_110755.jpg,8249,True,300,300,1.0,RGB,3,JPEG,040407bf32e795bb73139292a17a40e19ada047da394e1c6614455468dd7f9e4,,Tungro,RiceLeafDisease_BD5,EXTERNAL_FIELD_DATASET
IMG_20241103_110804.jpg,.jpg,Tungro/IMG_20241103_110804.jpg,8260,True,300,300,1.0,RGB,3,JPEG,5818d28ff4b951297db9609d9e47ac95ee4eee21edc727f399769493acdbac31,,Tungro,RiceLeafDisease_BD5,EXTERNAL_FIELD_DATASET
IMG_20241103_110807.jpg,.jpg,Tungro/IMG_20241103_110807.jpg,8170,True,300,300,1.0,RGB,3,JPEG,401b9dadc87e14d8510071ba5025e3290b4ddc0849b55a17f7388e3dae356529,,Tungro,RiceLeafDisease_BD5,EXTERNAL_FIELD_DATASET
IMG_20241103_110819.jpg,.jpg,Tungro/IMG_20241103_110819.jpg,8797,True,300,300,1.0,RGB,3,JPEG,9de3889da62c41b8f84cde73c9f31e335043086bd589f4ffd52f92208f6e8ae7,,Tungro,RiceLeafDisease_BD5,EXTERNAL_FIELD_DATASET
IMG_20241103_110840.jpg,.jpg,Tungro/IMG_20241103_110840.jpg,8687,True,300,300,1.0,RGB,3,JPEG,e1aa95928ac2e4996ec97707990e1459228f722dfefc54c3a52de1247f7a121d,,Tungro,RiceLeafDisease_BD5,EXTERNAL_FIELD_DATASET
IMG_20241103_110846.jpg,.jpg,Tungro/IMG_20241103_110846.jpg,9466,True,300,300,1.0,RGB,3,JPEG,07f509f6a3e315d9be4ce0859917d885c94ee6f5758bea3f1d8d57347ebfb894,,Tungro,RiceLeafDisease_BD5,EXTERNAL_FIELD_DATASET
IMG_20241103_110847.jpg,.jpg,Tungro/IMG_20241103_110847.jpg,9725,True,300,300,1.0,RGB,3,JPEG,90958126c694baf07c9c3103afd4004c64220e4566ce5db4999b35d32631e9fa,,Tungro,RiceLeafDisease_BD5,EXTERNAL_FIELD_DATASET
IMG_20241103_110849.jpg,.jpg,Tungro/IMG_20241103_110849.jpg,9779,True,300,300,1.0,RGB,3,JPEG,0c447dd6a8fd861845263a47b3b8271b50ed439283292741553db045c62ac3ff,,Tungro,RiceLeafDisease_BD5,EXTERNAL_FIELD_DATASET
IMG_20241103_110905.jpg,.jpg,Tungro/IMG_20241103_110905.jpg,8143,True,300,300,1.0,RGB,3,JPEG,e5e0ff604c226657b7e4ff5cb1affc575101f586737bc50c247ab340b60d5d83,,Tungro,RiceLeafDisease_BD5,EXTERNAL_FIELD_DATASET
IMG_20241103_110924.jpg,.jpg,Tungro/IMG_20241103_110924.jpg,5991,True,300,300,1.0,RGB,3,JPEG,23542ff36e2a6b3b592f657176d338453ef865511ad32e0297951ae5fca6d78c,,Tungro,RiceLeafDisease_BD5,EXTERNAL_FIELD_DATASET
IMG_20241103_110925.jpg,.jpg,Tungro/IMG_20241103_110925.jpg,6081,True,300,300,1.0,RGB,3,JPEG,dbbb007d1632cde12820405ba22a81927f0dcde8560c57bf89d2ee0e48bc043b,,Tungro,RiceLeafDisease_BD5,EXTERNAL_FIELD_DATASET
IMG_20241103_110943.jpg,.jpg,Tungro/IMG_20241103_110943.jpg,6387,True,300,300,1.0,RGB,3,JPEG,200585da336252f1e6f47896c96d8c9fcdecf8ec4dc0408057c44a99eb158189,,Tungro,RiceLeafDisease_BD5,EXTERNAL_FIELD_DATASET
IMG_20241103_110944.jpg,.jpg,Tungro/IMG_20241103_110944.jpg,6367,True,300,300,1.0,RGB,3,JPEG,e3a59fc6c45033a27426a50cca2b42080fceb19e729845f0b33f10b98067d5f1,,Tungro,RiceLeafDisease_BD5,EXTERNAL_FIELD_DATASET
IMG_20241103_110949.jpg,.jpg,Tungro/IMG_20241103_110949.jpg,7281,True,300,300,1.0,RGB,3,JPEG,d915d3864516f6b56f690154149d5b66f2b9edf8ad1f561687236e7b76d1407c,,Tungro,RiceLeafDisease_BD5,EXTERNAL_FIELD_DATASET
IMG_20241103_110950.jpg,.jpg,Tungro/IMG_20241103_110950.jpg,7320,True,300,300,1.0,RGB,3,JPEG,c5c12e11301ba0381aadd577deaab4c6fc3bf7a7efe4911bcb0a4544f04364ac,,Tungro,RiceLeafDisease_BD5,EXTERNAL_FIELD_DATASET
IMG_20241103_110952.jpg,.jpg,Tungro/IMG_20241103_110952.jpg,7234,True,300,300,1.0,RGB,3,JPEG,c30325a8da178620b749fe2091b00a787d96a9abeec833196c9023799c2f15b1,,Tungro,RiceLeafDisease_BD5,EXTERNAL_FIELD_DATASET
IMG_20241103_111011.jpg,.jpg,Tungro/IMG_20241103_111011.jpg,7095,True,300,300,1.0,RGB,3,JPEG,744889d2699b21460379058e802482c7a8e400f78c7ee15d8ec8b479a05c74a0,,Tungro,RiceLeafDisease_BD5,EXTERNAL_FIELD_DATASET
IMG_20241103_111012.jpg,.jpg,Tungro/IMG_20241103_111012.jpg,7097,True,300,300,1.0,RGB,3,JPEG,27f031f1e2a0a4a57ea6d5efa4ae0f6087ad1d663daae56e20b00c6095334626,,Tungro,RiceLeafDisease_BD5,EXTERNAL_FIELD_DATASET
IMG_20241103_111052.jpg,.jpg,Tungro/IMG_20241103_111052.jpg,7148,True,300,300,1.0,RGB,3,JPEG,580c9a0ef5c4fdbda00fdb191541275adde4eb95337de99ba0b0e5428cb8e325,,Tungro,RiceLeafDisease_BD5,EXTERNAL_FIELD_DATASET
IMG_20241103_111100.jpg,.jpg,Tungro/IMG_20241103_111100.jpg,7534,True,300,300,1.0,RGB,3,JPEG,65bdbffbe64d4814160237ad8ebe498badf8cd3f6f9d458457f419c87feda34c,,Tungro,RiceLeafDisease_BD5,EXTERNAL_FIELD_DATASET
IMG_20241103_111109.jpg,.jpg,Tungro/IMG_20241103_111109.jpg,9470,True,300,300,1.0,RGB,3,JPEG,1911d7c73125070bd33f3577e7cf6f434f36ac5e68d16612e1713e5c64c9c577,,Tungro,RiceLeafDisease_BD5,EXTERNAL_FIELD_DATASET
IMG_20241103_111110.jpg,.jpg,Tungro/IMG_20241103_111110.jpg,9510,True,300,300,1.0,RGB,3,JPEG,d9cb16f018ce174239e7d6c22da10ffa4d219b4e71f70284b9f41d01a95732cb,,Tungro,RiceLeafDisease_BD5,EXTERNAL_FIELD_DATASET
IMG_20241103_111117.jpg,.jpg,Tungro/IMG_20241103_111117.jpg,9487,True,300,300,1.0,RGB,3,JPEG,5955f744d993e68a15b2392a6381dcf7d48d8ec711cb313fef89d1144ac45dc9,,Tungro,RiceLeafDisease_BD5,EXTERNAL_FIELD_DATASET
IMG_20241103_111130.jpg,.jpg,Tungro/IMG_20241103_111130.jpg,8907,True,300,300,1.0,RGB,3,JPEG,1577debe22de669d2e105c66160cc5f64370250a7ab34b6f07a69cc7e82d5cac,,Tungro,RiceLeafDisease_BD5,EXTERNAL_FIELD_DATASET
IMG_20241103_111132.jpg,.jpg,Tungro/IMG_20241103_111132.jpg,8898,True,300,300,1.0,RGB,3,JPEG,803a03531c5b421eadb60d3eabc698530829ebca829dea289d094771f8b91218,,Tungro,RiceLeafDisease_BD5,EXTERNAL_FIELD_DATASET
IMG_20241103_111204.jpg,.jpg,Tungro/IMG_20241103_111204.jpg,8063,True,300,300,1.0,RGB,3,JPEG,48f9e5f41c147f335e0d4b81b6de9db029c76eaee95b8764cb9cf311b2de0cb6,,Tungro,RiceLeafDisease_BD5,EXTERNAL_FIELD_DATASET
IMG_20241103_111205.jpg,.jpg,Tungro/IMG_20241103_111205.jpg,8039,True,300,300,1.0,RGB,3,JPEG,1ccbc78d4c7746f020ca6cfc99bb93d43efd4b6bb20fbcc26a85127bfdb07f46,,Tungro,RiceLeafDisease_BD5,EXTERNAL_FIELD_DATASET
IMG_20241103_111354.jpg,.jpg,Tungro/IMG_20241103_111354.jpg,7526,True,300,300,1.0,RGB,3,JPEG,0f6503bd58b177cce1b9dfa756ab40cce7603be38c9eed9aea63542c4e045ed3,,Tungro,RiceLeafDisease_BD5,EXTERNAL_FIELD_DATASET
IMG_20241103_111404_1.jpg,.jpg,Tungro/IMG_20241103_111404_1.jpg,7744,True,300,300,1.0,RGB,3,JPEG,dff71bc0cd9104c6e620ff104279893788168adb9c9b1de3ac3a285d09ff14a9,,Tungro,RiceLeafDisease_BD5,EXTERNAL_FIELD_DATASET
IMG_20241103_111411.jpg,.jpg,Tungro/IMG_20241103_111411.jpg,7739,True,300,300,1.0,RGB,3,JPEG,491f84218bfcc154a4f8af6f9c74aed3d3bc025ee08f715f7cb79edaabbc1d9e,,Tungro,RiceLeafDisease_BD5,EXTERNAL_FIELD_DATASET
IMG_20241103_111412.jpg,.jpg,Tungro/IMG_20241103_111412.jpg,7836,True,300,300,1.0,RGB,3,JPEG,d914f9c478f992a17088e3c03ef5d6482732059320f1ef271f5a62be2dbeb42a,,Tungro,RiceLeafDisease_BD5,EXTERNAL_FIELD_DATASET
IMG_20241103_111413.jpg,.jpg,Tungro/IMG_20241103_111413.jpg,7905,True,300,300,1.0,RGB,3,JPEG,bad462397d7eba3b574d9803d20922126590232c3f0283661b6507495189718f,,Tungro,RiceLeafDisease_BD5,EXTERNAL_FIELD_DATASET
IMG_20241103_111419.jpg,.jpg,Tungro/IMG_20241103_111419.jpg,8060,True,300,300,1.0,RGB,3,JPEG,f6c1207a9c9ce31798773af1ad49a8c1a323b6483dfedfc1e1f3a92f82c691f8,,Tungro,RiceLeafDisease_BD5,EXTERNAL_FIELD_DATASET
IMG_20241103_111420.jpg,.jpg,Tungro/IMG_20241103_111420.jpg,8067,True,300,300,1.0,RGB,3,JPEG,301666e7251a0d79f2bf246c209158482df207daaa55e982a389fc4baf79b855,,Tungro,RiceLeafDisease_BD5,EXTERNAL_FIELD_DATASET
IMG_20241103_111429.jpg,.jpg,Tungro/IMG_20241103_111429.jpg,7696,True,300,300,1.0,RGB,3,JPEG,d44b4fd87a35d3b741a6fca08619d7c4bb9a070bcf22401c625a96bdc88e9bc2,,Tungro,RiceLeafDisease_BD5,EXTERNAL_FIELD_DATASET
IMG_20241103_111434.jpg,.jpg,Tungro/IMG_20241103_111434.jpg,8468,True,300,300,1.0,RGB,3,JPEG,19cf6b3059b6587a16fcaa25b724ffaf447edcc7806eed0b14f92dd8e1a1a27e,,Tungro,RiceLeafDisease_BD5,EXTERNAL_FIELD_DATASET
IMG_20241103_111435.jpg,.jpg,Tungro/IMG_20241103_111435.jpg,8403,True,300,300,1.0,RGB,3,JPEG,62d239be4430e0a56984a1070d2652f99584ee039a9a5f13383f25112c8f268b,,Tungro,RiceLeafDisease_BD5,EXTERNAL_FIELD_DATASET
IMG_20241103_111443.jpg,.jpg,Tungro/IMG_20241103_111443.jpg,8457,True,300,300,1.0,RGB,3,JPEG,290805729697964dbc55e6f64520f9a08435771fbd623952ccb6372a94d46a97,,Tungro,RiceLeafDisease_BD5,EXTERNAL_FIELD_DATASET
IMG_20241103_111447.jpg,.jpg,Tungro/IMG_20241103_111447.jpg,8327,True,300,300,1.0,RGB,3,JPEG,869eecd8e246d7176c591e87a935ffe14e3787ecd15e9037b3c1f819a244dfe0,,Tungro,RiceLeafDisease_BD5,EXTERNAL_FIELD_DATASET
IMG_20241103_111457.jpg,.jpg,Tungro/IMG_20241103_111457.jpg,6906,True,300,300,1.0,RGB,3,JPEG,9d13a5cfacdae09f5ca48baf8f7484ab4ccfa0d2698e35db7ccbfa899853048d,,Tungro,RiceLeafDisease_BD5,EXTERNAL_FIELD_DATASET
IMG_20241103_111458.jpg,.jpg,Tungro/IMG_20241103_111458.jpg,6873,True,300,300,1.0,RGB,3,JPEG,5b6990bd656a06ced54e8a830ca0146ca4e55f6b2ca6d1b5f19dffad4add86f8,,Tungro,RiceLeafDisease_BD5,EXTERNAL_FIELD_DATASET
IMG_20241103_111507.jpg,.jpg,Tungro/IMG_20241103_111507.jpg,6409,True,300,300,1.0,RGB,3,JPEG,093d3b052be3eb99a90eec20a1c7b8d30f19c0f240c91995c822e2d7e6cdee3e,,Tungro,RiceLeafDisease_BD5,EXTERNAL_FIELD_DATASET
IMG_20241103_111518.jpg,.jpg,Tungro/IMG_20241103_111518.jpg,5545,True,300,300,1.0,RGB,3,JPEG,6c3d2bc121182e427d482109d9e4dcf2f597989f905b8c1208ce2279868d7ee4,,Tungro,RiceLeafDisease_BD5,EXTERNAL_FIELD_DATASET
IMG_20241103_111520.jpg,.jpg,Tungro/IMG_20241103_111520.jpg,5559,True,300,300,1.0,RGB,3,JPEG,059c24467ecc3e1cd62150ddb1fe1097748b04e203f766df2664886c06494629,,Tungro,RiceLeafDisease_BD5,EXTERNAL_FIELD_DATASET
IMG_20241103_111537.jpg,.jpg,Tungro/IMG_20241103_111537.jpg,7917,True,300,300,1.0,RGB,3,JPEG,12bc88182b65b31b89364881101ef5185c83e61bbbff95f2cfeefb1bb3edf5ff,,Tungro,RiceLeafDisease_BD5,EXTERNAL_FIELD_DATASET
IMG_20241103_111538.jpg,.jpg,Tungro/IMG_20241103_111538.jpg,7879,True,300,300,1.0,RGB,3,JPEG,e8ca8afa80efcee84ee8370dd08009f8ed70ec35e4f7ba70028b404c3d15c249,,Tungro,RiceLeafDisease_BD5,EXTERNAL_FIELD_DATASET
IMG_20241103_111539.jpg,.jpg,Tungro/IMG_20241103_111539.jpg,7863,True,300,300,1.0,RGB,3,JPEG,f32d4bfb1a158ca5d0d28653614593f5918ff1f8713341be608787d52bee8ab4,,Tungro,RiceLeafDisease_BD5,EXTERNAL_FIELD_DATASET
IMG_20241103_111540.jpg,.jpg,Tungro/IMG_20241103_111540.jpg,7896,True,300,300,1.0,RGB,3,JPEG,a3c99b60d621c71d53a83a4ecacee38a16faae8dc767be5aa56262f3ddb4cc29,,Tungro,RiceLeafDisease_BD5,EXTERNAL_FIELD_DATASET
IMG_20241103_111546.jpg,.jpg,Tungro/IMG_20241103_111546.jpg,6829,True,300,300,1.0,RGB,3,JPEG,f5152053df5b8dd8ef856474ae7dd5cef78ffbdde816071c1a2a5a2e688e61e8,,Tungro,RiceLeafDisease_BD5,EXTERNAL_FIELD_DATASET
IMG_20241103_111547.jpg,.jpg,Tungro/IMG_20241103_111547.jpg,6960,True,300,300,1.0,RGB,3,JPEG,6d0af316913d0f93c35e843a7177a3aff0dd3ab8b53cf8f30588d7f8c2d67035,,Tungro,RiceLeafDisease_BD5,EXTERNAL_FIELD_DATASET
IMG_20241103_111554.jpg,.jpg,Tungro/IMG_20241103_111554.jpg,5719,True,300,300,1.0,RGB,3,JPEG,a4045eec209cb625503e6eb11361b8edccfad27865342c26f54ba88767abcaf0,,Tungro,RiceLeafDisease_BD5,EXTERNAL_FIELD_DATASET
IMG_20241103_111555.jpg,.jpg,Tungro/IMG_20241103_111555.jpg,5739,True,300,300,1.0,RGB,3,JPEG,f0d26750208873c5ad42d04bcea721e999b49e7704602f259289c6beb2cb8acb,,Tungro,RiceLeafDisease_BD5,EXTERNAL_FIELD_DATASET
IMG_20241103_111607.jpg,.jpg,Tungro/IMG_20241103_111607.jpg,7601,True,300,300,1.0,RGB,3,JPEG,ed537303f2b14be78fb7f8e3b80fc898348549d0e471a44f05ac24c038fbb7be,,Tungro,RiceLeafDisease_BD5,EXTERNAL_FIELD_DATASET
IMG_20241103_111608.jpg,.jpg,Tungro/IMG_20241103_111608.jpg,7686,True,300,300,1.0,RGB,3,JPEG,7e2935f2e010533e89bac0bf1ea6d5cfe99cf6e2435f3483acc15d621ff9721a,,Tungro,RiceLeafDisease_BD5,EXTERNAL_FIELD_DATASET
IMG_20241103_111622.jpg,.jpg,Tungro/IMG_20241103_111622.jpg,6832,True,300,300,1.0,RGB,3,JPEG,c98c0e84f682c070fca07b3efe5da5620c9404bdead933e1d2fa4e7ddf1a9e87,,Tungro,RiceLeafDisease_BD5,EXTERNAL_FIELD_DATASET
IMG_20241103_111744.jpg,.jpg,Tungro/IMG_20241103_111744.jpg,9462,True,300,300,1.0,RGB,3,JPEG,c5c3099ff4908e2801d9b108e433685582b8068d35502b4be78700a2fdf1d016,,Tungro,RiceLeafDisease_BD5,EXTERNAL_FIELD_DATASET
IMG_20241103_111757.jpg,.jpg,Tungro/IMG_20241103_111757.jpg,9244,True,300,300,1.0,RGB,3,JPEG,7dacd2c7665dd6897e693116a55b2794914859a010e252ca07734803ea2a9895,,Tungro,RiceLeafDisease_BD5,EXTERNAL_FIELD_DATASET
IMG_20241103_111758.jpg,.jpg,Tungro/IMG_20241103_111758.jpg,8878,True,300,300,1.0,RGB,3,JPEG,a79f3a4a2a3115a2e509e0d8db7032f9c71ec304c094b0daa67167021508c383,,Tungro,RiceLeafDisease_BD5,EXTERNAL_FIELD_DATASET
IMG_20241103_111802.jpg,.jpg,Tungro/IMG_20241103_111802.jpg,9229,True,300,300,1.0,RGB,3,JPEG,03a3aa0e338c39931fad386e34308f010221270d3e9a1a73517e574f6048efb3,,Tungro,RiceLeafDisease_BD5,EXTERNAL_FIELD_DATASET
IMG_20241103_111813.jpg,.jpg,Tungro/IMG_20241103_111813.jpg,8785,True,300,300,1.0,RGB,3,JPEG,cc126f09b1d47cf88efbdb4620969c8bd1170997bf8a931e285e2d533cbd6098,,Tungro,RiceLeafDisease_BD5,EXTERNAL_FIELD_DATASET
IMG_20241103_111830.jpg,.jpg,Tungro/IMG_20241103_111830.jpg,9021,True,300,300,1.0,RGB,3,JPEG,2de5378bfe198e52f12958b27c8ab90ec97f7dedf5a67ceb9cc4926d11242972,,Tungro,RiceLeafDisease_BD5,EXTERNAL_FIELD_DATASET
IMG_20241103_111831.jpg,.jpg,Tungro/IMG_20241103_111831.jpg,9120,True,300,300,1.0,RGB,3,JPEG,5801ba0b7885ac3b4da8f610bc42d2815e4c783c3fdf68c5c0c7a3bb7720c675,,Tungro,RiceLeafDisease_BD5,EXTERNAL_FIELD_DATASET
IMG_20241103_111837.jpg,.jpg,Tungro/IMG_20241103_111837.jpg,9028,True,300,300,1.0,RGB,3,JPEG,96741cf1d55673be4d6e9814c6298608baad5eab77f62a4ab5153f0f83a56c15,,Tungro,RiceLeafDisease_BD5,EXTERNAL_FIELD_DATASET
IMG_20241103_111838.jpg,.jpg,Tungro/IMG_20241103_111838.jpg,9054,True,300,300,1.0,RGB,3,JPEG,5b12f16694a3dc9d7091362f63e3ff02a8cf50bc26304a17fdb07e0b2e8cc2b0,,Tungro,RiceLeafDisease_BD5,EXTERNAL_FIELD_DATASET
IMG_20241103_111839.jpg,.jpg,Tungro/IMG_20241103_111839.jpg,9120,True,300,300,1.0,RGB,3,JPEG,87571a74413e7cf8c3f33c3d5599b07bb046c8312dd881faa49b0adc54dbb616,,Tungro,RiceLeafDisease_BD5,EXTERNAL_FIELD_DATASET
IMG_20241103_111848.jpg,.jpg,Tungro/IMG_20241103_111848.jpg,8157,True,300,300,1.0,RGB,3,JPEG,b86ef0ce61fbed23f66dcb9579c3908f4c8dc71035c3df94b1aff94588243aa7,,Tungro,RiceLeafDisease_BD5,EXTERNAL_FIELD_DATASET
IMG_20241103_111855.jpg,.jpg,Tungro/IMG_20241103_111855.jpg,8704,True,300,300,1.0,RGB,3,JPEG,bf698028bc543f0522b83b3561c7f2066bd274320e76772b8c1aec76d0037751,,Tungro,RiceLeafDisease_BD5,EXTERNAL_FIELD_DATASET
IMG_20241103_111903.jpg,.jpg,Tungro/IMG_20241103_111903.jpg,8329,True,300,300,1.0,RGB,3,JPEG,5c651d40dfb4cfe32346d137f9f34286e7d7910ea274240650c571b7877a3133,,Tungro,RiceLeafDisease_BD5,EXTERNAL_FIELD_DATASET
IMG_20241103_111904.jpg,.jpg,Tungro/IMG_20241103_111904.jpg,8392,True,300,300,1.0,RGB,3,JPEG,cc270b9f3581874fdb77431fd4966fcdb797beb2bc19705bc102c6368c473d13,,Tungro,RiceLeafDisease_BD5,EXTERNAL_FIELD_DATASET
IMG_20241103_111906.jpg,.jpg,Tungro/IMG_20241103_111906.jpg,8826,True,300,300,1.0,RGB,3,JPEG,f73dc43ce4574c5eec9381d1aaa38f70443365184a5a54500c4bccf9b3f7d66a,,Tungro,RiceLeafDisease_BD5,EXTERNAL_FIELD_DATASET
IMG_20241103_111911.jpg,.jpg,Tungro/IMG_20241103_111911.jpg,9453,True,300,300,1.0,RGB,3,JPEG,a9cce1c6fcb63b69a8c08f7aa180d05b461c0ec8e4d399acf87405777d1a8cf2,,Tungro,RiceLeafDisease_BD5,EXTERNAL_FIELD_DATASET
IMG_20241103_111917.jpg,.jpg,Tungro/IMG_20241103_111917.jpg,9262,True,300,300,1.0,RGB,3,JPEG,1fa0cd1b83f602909f49d819e221d7abc3ba1297dbca2f0183240a37c67c0812,,Tungro,RiceLeafDisease_BD5,EXTERNAL_FIELD_DATASET
IMG_20241103_111919.jpg,.jpg,Tungro/IMG_20241103_111919.jpg,9280,True,300,300,1.0,RGB,3,JPEG,0de63eb9083b10a338861ffaf2de8ccaae1fe77c94fdc3ecefc478a17861529b,,Tungro,RiceLeafDisease_BD5,EXTERNAL_FIELD_DATASET
IMG_20241103_111927.jpg,.jpg,Tungro/IMG_20241103_111927.jpg,6967,True,300,300,1.0,RGB,3,JPEG,211aad630bce437668c6be26d8530fc25475add873f548e3b55f84a8dfd216c5,,Tungro,RiceLeafDisease_BD5,EXTERNAL_FIELD_DATASET
IMG_20241103_111928.jpg,.jpg,Tungro/IMG_20241103_111928.jpg,6987,True,300,300,1.0,RGB,3,JPEG,d90c1a18ccbda0d60cf7bfec7350402d9a7e36aba08f8dfb3ac4bf307e9ce287,,Tungro,RiceLeafDisease_BD5,EXTERNAL_FIELD_DATASET
IMG_20241103_111930.jpg,.jpg,Tungro/IMG_20241103_111930.jpg,7029,True,300,300,1.0,RGB,3,JPEG,28b4f03f9a00799888e5c5e65b699921f51c59d08f973d60586affcc4e636345,,Tungro,RiceLeafDisease_BD5,EXTERNAL_FIELD_DATASET
IMG_20241103_111949.jpg,.jpg,Tungro/IMG_20241103_111949.jpg,6647,True,300,300,1.0,RGB,3,JPEG,e1fb68f4c0df2ba6e8d9895424d28f2898f80c4f6353a65227b72e5b6969a9ba,,Tungro,RiceLeafDisease_BD5,EXTERNAL_FIELD_DATASET
IMG_20241103_111955.jpg,.jpg,Tungro/IMG_20241103_111955.jpg,6295,True,300,300,1.0,RGB,3,JPEG,868144fc8f33fadb11c00898bf8ec3b983e3bafd2c8390428249467b86f6b349,,Tungro,RiceLeafDisease_BD5,EXTERNAL_FIELD_DATASET
IMG_20241103_112001.jpg,.jpg,Tungro/IMG_20241103_112001.jpg,7453,True,300,300,1.0,RGB,3,JPEG,5cac7b58b5fda697a15255431cc99940e71f906ba2fa0642da1407e2c2ee7724,,Tungro,RiceLeafDisease_BD5,EXTERNAL_FIELD_DATASET
IMG_20241103_112008_1.jpg,.jpg,Tungro/IMG_20241103_112008_1.jpg,6618,True,300,300,1.0,RGB,3,JPEG,dd71baef772add3899dd2fbe15c92a80dc854b1a2107d6b80ca1a7b1d6efe683,,Tungro,RiceLeafDisease_BD5,EXTERNAL_FIELD_DATASET
IMG_20241103_112014.jpg,.jpg,Tungro/IMG_20241103_112014.jpg,6662,True,300,300,1.0,RGB,3,JPEG,20f026ae41191eb88e0726f338bbc63b64f5300236b998beab0892951343bb4c,,Tungro,RiceLeafDisease_BD5,EXTERNAL_FIELD_DATASET
IMG_20241103_112015.jpg,.jpg,Tungro/IMG_20241103_112015.jpg,6960,True,300,300,1.0,RGB,3,JPEG,68d3c0d7e61b6f9df409eabb0e6aa38e549e86d8ff0958dd725eb42a1dc59659,,Tungro,RiceLeafDisease_BD5,EXTERNAL_FIELD_DATASET
IMG_20241103_112015_1.jpg,.jpg,Tungro/IMG_20241103_112015_1.jpg,7033,True,300,300,1.0,RGB,3,JPEG,a8165736ed188292757dad4969cb77f686dfed31db648bbde321fced6b4d381c,,Tungro,RiceLeafDisease_BD5,EXTERNAL_FIELD_DATASET
IMG_20241103_112020.jpg,.jpg,Tungro/IMG_20241103_112020.jpg,7468,True,300,300,1.0,RGB,3,JPEG,61eb24a6dff70d4b12595b0a3f29db1d2a8fd705fdb9cfe1297c560428ab8f87,,Tungro,RiceLeafDisease_BD5,EXTERNAL_FIELD_DATASET
IMG_20241103_112021.jpg,.jpg,Tungro/IMG_20241103_112021.jpg,7468,True,300,300,1.0,RGB,3,JPEG,1cdcb1f8e84b6282fdd893f24155cd6be0625e4d43012953402f6a01b3d2aad9,,Tungro,RiceLeafDisease_BD5,EXTERNAL_FIELD_DATASET
IMG_20241103_113139.jpg,.jpg,Tungro/IMG_20241103_113139.jpg,9232,True,300,300,1.0,RGB,3,JPEG,ebdfc17afd1c12ae049785df34bcea87aa57891f9d2f842f0cba078b2bf95743,,Tungro,RiceLeafDisease_BD5,EXTERNAL_FIELD_DATASET
IMG_20241103_113140.jpg,.jpg,Tungro/IMG_20241103_113140.jpg,9263,True,300,300,1.0,RGB,3,JPEG,946a9b37a206d230bcf33f552452b726c0bcc81b75a4cf5551182b73e58d160e,,Tungro,RiceLeafDisease_BD5,EXTERNAL_FIELD_DATASET
IMG_20241103_113145.jpg,.jpg,Tungro/IMG_20241103_113145.jpg,9206,True,300,300,1.0,RGB,3,JPEG,19fb16955f52dd564a7b18908c7c5ca2e838eed30574cb8148e5a0fb63a15175,,Tungro,RiceLeafDisease_BD5,EXTERNAL_FIELD_DATASET
IMG_20241103_113153.jpg,.jpg,Tungro/IMG_20241103_113153.jpg,9482,True,300,300,1.0,RGB,3,JPEG,bc97b6dbce2b52cdcc573c64769971802e4b61351cf0d259247b9fb1dd9b99f1,,Tungro,RiceLeafDisease_BD5,EXTERNAL_FIELD_DATASET
IMG_20241103_113158.jpg,.jpg,Tungro/IMG_20241103_113158.jpg,8945,True,300,300,1.0,RGB,3,JPEG,9b03175588360bcb10934cc0fa8fb75021180eaec98128dae11a93c910bdb8e3,,Tungro,RiceLeafDisease_BD5,EXTERNAL_FIELD_DATASET
IMG_20241103_113159.jpg,.jpg,Tungro/IMG_20241103_113159.jpg,9159,True,300,300,1.0,RGB,3,JPEG,69cabe4480b2d8cef9e26fac5e432fc886a73822d99054e5910029751d9a9fdf,,Tungro,RiceLeafDisease_BD5,EXTERNAL_FIELD_DATASET
IMG_20241103_113204.jpg,.jpg,Tungro/IMG_20241103_113204.jpg,9694,True,300,300,1.0,RGB,3,JPEG,bdc06c0ae2024ed4d5c676024bb44712236e7d6fba48761ed4fc29dd9982da32,,Tungro,RiceLeafDisease_BD5,EXTERNAL_FIELD_DATASET
IMG_20241103_113205.jpg,.jpg,Tungro/IMG_20241103_113205.jpg,9914,True,300,300,1.0,RGB,3,JPEG,6224147f4083bb92838e856670f468d1662b79ee206a6beba6faa519a72c1941,,Tungro,RiceLeafDisease_BD5,EXTERNAL_FIELD_DATASET
IMG_20241103_113210.jpg,.jpg,Tungro/IMG_20241103_113210.jpg,9057,True,300,300,1.0,RGB,3,JPEG,786ee250ff2f11d2d22ba76a1b18e70654dd9a96fd1ece6f8045ee77bd0f6a10,,Tungro,RiceLeafDisease_BD5,EXTERNAL_FIELD_DATASET
IMG_20241103_113221.jpg,.jpg,Tungro/IMG_20241103_113221.jpg,9872,True,300,300,1.0,RGB,3,JPEG,8417ee50a93e6d2cc16ea9a99808ed0869c06f23e7d798f8c554da312ca274c6,,Tungro,RiceLeafDisease_BD5,EXTERNAL_FIELD_DATASET
IMG_20241103_113222.jpg,.jpg,Tungro/IMG_20241103_113222.jpg,9803,True,300,300,1.0,RGB,3,JPEG,96f4b7f1648eaf841c4bc391a416aab21f2129ecffd41b71cbb0f5d22896f1fa,,Tungro,RiceLeafDisease_BD5,EXTERNAL_FIELD_DATASET
IMG_20241103_113222_1.jpg,.jpg,Tungro/IMG_20241103_113222_1.jpg,9721,True,300,300,1.0,RGB,3,JPEG,8116b229c093c4c70381babc53acc0534e4c07badcefc24843bad3f0845659b3,,Tungro,RiceLeafDisease_BD5,EXTERNAL_FIELD_DATASET
IMG_20241103_113231.jpg,.jpg,Tungro/IMG_20241103_113231.jpg,9725,True,300,300,1.0,RGB,3,JPEG,5d4646f9f330cc419d827f7d292f7294d19ba7660f9ff239ab934febad477459,,Tungro,RiceLeafDisease_BD5,EXTERNAL_FIELD_DATASET
IMG_20241103_113232.jpg,.jpg,Tungro/IMG_20241103_113232.jpg,9756,True,300,300,1.0,RGB,3,JPEG,cd3853df062ac668abb3c3f4fc39bfe9b8107861c099c0d3831fda8bd8e1e96e,,Tungro,RiceLeafDisease_BD5,EXTERNAL_FIELD_DATASET
IMG_20241103_113236.jpg,.jpg,Tungro/IMG_20241103_113236.jpg,8722,True,300,300,1.0,RGB,3,JPEG,59b0664d1627480bc2e9f962653db6d9d9b2cfa29c28ae84fbe3122844d13902,,Tungro,RiceLeafDisease_BD5,EXTERNAL_FIELD_DATASET
IMG_20241103_113237.jpg,.jpg,Tungro/IMG_20241103_113237.jpg,8633,True,300,300,1.0,RGB,3,JPEG,36c02966c2010a8bad2810faacfbbbf9e46e39015e975023f5321796f45d6b9e,,Tungro,RiceLeafDisease_BD5,EXTERNAL_FIELD_DATASET
IMG_20241103_113244.jpg,.jpg,Tungro/IMG_20241103_113244.jpg,8743,True,300,300,1.0,RGB,3,JPEG,ae4e5ae3bae28baa82c0a261aaa67c8606230cab99ceb87e7424d6673bbbd98e,,Tungro,RiceLeafDisease_BD5,EXTERNAL_FIELD_DATASET
IMG_20241103_113251.jpg,.jpg,Tungro/IMG_20241103_113251.jpg,9054,True,300,300,1.0,RGB,3,JPEG,8e2754ce849b7bac15a58e23a9912de4a901593451792545b94ac938d8a2f264,,Tungro,RiceLeafDisease_BD5,EXTERNAL_FIELD_DATASET
IMG_20241103_113255.jpg,.jpg,Tungro/IMG_20241103_113255.jpg,9303,True,300,300,1.0,RGB,3,JPEG,88567b4497c97fff7ac6e9a122b60d830cd15871d891b1edf3c841c82482bfd8,,Tungro,RiceLeafDisease_BD5,EXTERNAL_FIELD_DATASET
IMG_20241103_113310.jpg,.jpg,Tungro/IMG_20241103_113310.jpg,6823,True,300,300,1.0,RGB,3,JPEG,a89a28a6417ab3e71722a4f04703e6c97b45e67679134fba8ef3c5e8af01822d,,Tungro,RiceLeafDisease_BD5,EXTERNAL_FIELD_DATASET
IMG_20241103_113311.jpg,.jpg,Tungro/IMG_20241103_113311.jpg,6903,True,300,300,1.0,RGB,3,JPEG,e4568084ab59d0a75d376aad60be4a1fd0d2f7b8cd4d299eabceed1098b771a9,,Tungro,RiceLeafDisease_BD5,EXTERNAL_FIELD_DATASET
IMG_20241103_113317.jpg,.jpg,Tungro/IMG_20241103_113317.jpg,7223,True,300,300,1.0,RGB,3,JPEG,9d624209ace0c8f5e57cdd5bf5f41b7e62ea33271bed115993be9aa3041190be,,Tungro,RiceLeafDisease_BD5,EXTERNAL_FIELD_DATASET
IMG_20241103_113324.jpg,.jpg,Tungro/IMG_20241103_113324.jpg,7659,True,300,300,1.0,RGB,3,JPEG,689a201d46584e36eec3638fb684d905209357c2d34278b9a1f6335a3d460c0f,,Tungro,RiceLeafDisease_BD5,EXTERNAL_FIELD_DATASET
IMG_20241103_113335.jpg,.jpg,Tungro/IMG_20241103_113335.jpg,7342,True,300,300,1.0,RGB,3,JPEG,68ba7d925e4524f091def84e5208baa9d162c4d599506e77da3d0576eae08c9d,,Tungro,RiceLeafDisease_BD5,EXTERNAL_FIELD_DATASET
IMG_20241103_113343.jpg,.jpg,Tungro/IMG_20241103_113343.jpg,4226,True,300,300,1.0,RGB,3,JPEG,64904d0620825288649ff4146e03389582198869a6280ebe829480d6f4297912,,Tungro,RiceLeafDisease_BD5,EXTERNAL_FIELD_DATASET
IMG_20241103_113351.jpg,.jpg,Tungro/IMG_20241103_113351.jpg,5316,True,300,300,1.0,RGB,3,JPEG,c14e490b027318690064c7b9e5b31ebb177db1cac4fbc1eaa63e3da1b6a79b29,,Tungro,RiceLeafDisease_BD5,EXTERNAL_FIELD_DATASET
IMG_20241103_113352.jpg,.jpg,Tungro/IMG_20241103_113352.jpg,5254,True,300,300,1.0,RGB,3,JPEG,370f75e847366d8cc1303ed4aa442cb8eb4f45a2c5d9d8e3ccaa6bef1f290ed7,,Tungro,RiceLeafDisease_BD5,EXTERNAL_FIELD_DATASET
IMG_20241103_113358.jpg,.jpg,Tungro/IMG_20241103_113358.jpg,4307,True,300,300,1.0,RGB,3,JPEG,f9d8917114681f33a6145b1c6984f3ea58bdf2abed19b6cf0fe0edc672e552a2,,Tungro,RiceLeafDisease_BD5,EXTERNAL_FIELD_DATASET
IMG_20241103_113437.jpg,.jpg,Tungro/IMG_20241103_113437.jpg,8786,True,300,300,1.0,RGB,3,JPEG,65c5d91116dcee37826ce590e671f4b836778332b7411ed5d5bb3b905c8789cd,,Tungro,RiceLeafDisease_BD5,EXTERNAL_FIELD_DATASET
IMG_20241103_113443.jpg,.jpg,Tungro/IMG_20241103_113443.jpg,9000,True,300,300,1.0,RGB,3,JPEG,73eca32379e8c1abbac078bc1e494c23110dd51e55c824febdb48974c9f04a3c,,Tungro,RiceLeafDisease_BD5,EXTERNAL_FIELD_DATASET
IMG_20241103_113444.jpg,.jpg,Tungro/IMG_20241103_113444.jpg,9021,True,300,300,1.0,RGB,3,JPEG,200b09b1c17ca832db320bcbdab232e5bca11a78eba93f18477defd41539850f,,Tungro,RiceLeafDisease_BD5,EXTERNAL_FIELD_DATASET
IMG_20241103_113452.jpg,.jpg,Tungro/IMG_20241103_113452.jpg,8112,True,300,300,1.0,RGB,3,JPEG,91f687abda80c2096b702422dd0aa4fae15bdda60fafb669df3ff2e568175d3f,,Tungro,RiceLeafDisease_BD5,EXTERNAL_FIELD_DATASET
IMG_20241103_113453.jpg,.jpg,Tungro/IMG_20241103_113453.jpg,8211,True,300,300,1.0,RGB,3,JPEG,0c43e11d5173b65f5113cf4de335257512d1bb8e6973b5d33caf2a8c7592d825,,Tungro,RiceLeafDisease_BD5,EXTERNAL_FIELD_DATASET
IMG_20241103_113459.jpg,.jpg,Tungro/IMG_20241103_113459.jpg,7722,True,300,300,1.0,RGB,3,JPEG,cc98167a150cf89561b895cd36b4aaa3e3b25016117589522aa4cd7a71ffdda7,,Tungro,RiceLeafDisease_BD5,EXTERNAL_FIELD_DATASET
IMG_20241103_113500.jpg,.jpg,Tungro/IMG_20241103_113500.jpg,7770,True,300,300,1.0,RGB,3,JPEG,a7acb71bd76b31b075b0fa5378985776c17d6dde0cc31a03961e2bc9d667f638,,Tungro,RiceLeafDisease_BD5,EXTERNAL_FIELD_DATASET
IMG_20241103_113518.jpg,.jpg,Tungro/IMG_20241103_113518.jpg,7955,True,300,300,1.0,RGB,3,JPEG,b72919639224468c965a29772ab9fc7211c2a9ef2dea7049820c85f43a2db915,,Tungro,RiceLeafDisease_BD5,EXTERNAL_FIELD_DATASET
IMG_20241103_113519.jpg,.jpg,Tungro/IMG_20241103_113519.jpg,7904,True,300,300,1.0,RGB,3,JPEG,b157e9acb5f7abae92143185c237d8597cd45e5e95637d52707aae003d5a4ccb,,Tungro,RiceLeafDisease_BD5,EXTERNAL_FIELD_DATASET
IMG_20241103_113524.jpg,.jpg,Tungro/IMG_20241103_113524.jpg,8723,True,300,300,1.0,RGB,3,JPEG,d15f6639acd26e8e2904058e00223902b38449ec77cf0c695e66b566629f8cc5,,Tungro,RiceLeafDisease_BD5,EXTERNAL_FIELD_DATASET
IMG_20241103_113528.jpg,.jpg,Tungro/IMG_20241103_113528.jpg,8758,True,300,300,1.0,RGB,3,JPEG,37bd65768b9a69c5f2f78d96aab64b439435cb5107085a41936838167c4382af,,Tungro,RiceLeafDisease_BD5,EXTERNAL_FIELD_DATASET
IMG_20241103_113541.jpg,.jpg,Tungro/IMG_20241103_113541.jpg,9176,True,300,300,1.0,RGB,3,JPEG,f41ad660ae3f2e5046603c5118c8e4426cd4252c8ddef0d3136af121303cdec5,,Tungro,RiceLeafDisease_BD5,EXTERNAL_FIELD_DATASET
IMG_20241103_113553.jpg,.jpg,Tungro/IMG_20241103_113553.jpg,6859,True,300,300,1.0,RGB,3,JPEG,2d4cd6e725d7de98e08313013ed9f06232d716379c4a7a585555fc35956664a2,,Tungro,RiceLeafDisease_BD5,EXTERNAL_FIELD_DATASET
IMG_20241103_113604.jpg,.jpg,Tungro/IMG_20241103_113604.jpg,6983,True,300,300,1.0,RGB,3,JPEG,0c0a93d1027acdb8c06c693286a49298b4712a460489fc0442dca9f6da9ce9b4,,Tungro,RiceLeafDisease_BD5,EXTERNAL_FIELD_DATASET
IMG_20241103_113605.jpg,.jpg,Tungro/IMG_20241103_113605.jpg,6907,True,300,300,1.0,RGB,3,JPEG,57a5b47c1ee8a8dadb9ed1220185e22f37d89f63c6d99cdaf4b89c66a772718b,,Tungro,RiceLeafDisease_BD5,EXTERNAL_FIELD_DATASET
IMG_20241103_113609.jpg,.jpg,Tungro/IMG_20241103_113609.jpg,7738,True,300,300,1.0,RGB,3,JPEG,98f1835b2ecc0be5034bf36ba3387d41f7a5dd992d22565f89ae55496829a3c1,,Tungro,RiceLeafDisease_BD5,EXTERNAL_FIELD_DATASET
IMG_20241103_113610.jpg,.jpg,Tungro/IMG_20241103_113610.jpg,7682,True,300,300,1.0,RGB,3,JPEG,60e23b007f42b1ddca054d1b0a9ffeb53d98a2a45726da373d8d9b9fc059ab6c,,Tungro,RiceLeafDisease_BD5,EXTERNAL_FIELD_DATASET
IMG_20241103_113611.jpg,.jpg,Tungro/IMG_20241103_113611.jpg,7616,True,300,300,1.0,RGB,3,JPEG,14d4ba3c6cc267f6d5878e91b72b581abdc0a754d8ec9bb66e192d956c597ae9,,Tungro,RiceLeafDisease_BD5,EXTERNAL_FIELD_DATASET
IMG_20241103_113615.jpg,.jpg,Tungro/IMG_20241103_113615.jpg,7277,True,300,300,1.0,RGB,3,JPEG,e33a5017d7f1e3abbc094d47494688596016b5eaf9b9f0d2b61743507a81b336,,Tungro,RiceLeafDisease_BD5,EXTERNAL_FIELD_DATASET
IMG_20241103_113622.jpg,.jpg,Tungro/IMG_20241103_113622.jpg,7663,True,300,300,1.0,RGB,3,JPEG,1e963073dad5ac13eba97ffb4535268d7cfdf752f0e598164fb68153bde61c5c,,Tungro,RiceLeafDisease_BD5,EXTERNAL_FIELD_DATASET
IMG_20241103_113631.jpg,.jpg,Tungro/IMG_20241103_113631.jpg,5330,True,300,300,1.0,RGB,3,JPEG,d79d9a11c2571b551f93012bcaf093384df392ebfa4cf07d9ef8c06191b3b82f,,Tungro,RiceLeafDisease_BD5,EXTERNAL_FIELD_DATASET
IMG_20241103_113632.jpg,.jpg,Tungro/IMG_20241103_113632.jpg,5361,True,300,300,1.0,RGB,3,JPEG,c187c69f751bf052c1dfa78e6e11266c4f2257f3d684dc0b74b45016990a917d,,Tungro,RiceLeafDisease_BD5,EXTERNAL_FIELD_DATASET
IMG_20241103_113641.jpg,.jpg,Tungro/IMG_20241103_113641.jpg,7498,True,300,300,1.0,RGB,3,JPEG,20bfd85ce2eae3a8934b883134f10a109c1797aacd78a57ec42862ec559dc88c,,Tungro,RiceLeafDisease_BD5,EXTERNAL_FIELD_DATASET
IMG_20241103_113642.jpg,.jpg,Tungro/IMG_20241103_113642.jpg,7705,True,300,300,1.0,RGB,3,JPEG,13b2903a4e8d7a7863216fc7c6c95e06af81c6cc6a5409f1356ea6e042ed4437,,Tungro,RiceLeafDisease_BD5,EXTERNAL_FIELD_DATASET
IMG_20241103_113651.jpg,.jpg,Tungro/IMG_20241103_113651.jpg,5458,True,300,300,1.0,RGB,3,JPEG,fe6f98603b0a2e5e8ba3828ab94ddae2a6e9a074f073855f13d87289af530a1d,,Tungro,RiceLeafDisease_BD5,EXTERNAL_FIELD_DATASET
IMG_20241103_113651_1.jpg,.jpg,Tungro/IMG_20241103_113651_1.jpg,5421,True,300,300,1.0,RGB,3,JPEG,0c34bb2d1fdb19be023325042437a4506ab0467034f8906d8647059c5d271b64,,Tungro,RiceLeafDisease_BD5,EXTERNAL_FIELD_DATASET
IMG_20241103_113705.jpg,.jpg,Tungro/IMG_20241103_113705.jpg,6702,True,300,300,1.0,RGB,3,JPEG,a520663dfbe700a4d2e57f37fe69e00370bdf468f9fe374b0e6a5390de61d38e,,Tungro,RiceLeafDisease_BD5,EXTERNAL_FIELD_DATASET
IMG_20241103_113706.jpg,.jpg,Tungro/IMG_20241103_113706.jpg,6695,True,300,300,1.0,RGB,3,JPEG,2b5cd89ceb1d68c385932e9d326843651f0a9da34e925e00d0064c56aef47c99,,Tungro,RiceLeafDisease_BD5,EXTERNAL_FIELD_DATASET
IMG_20241103_113740.jpg,.jpg,Tungro/IMG_20241103_113740.jpg,14019,True,300,300,1.0,RGB,3,JPEG,f4bc5122032b98fcfd93642f84101644a8d176fa28ac66ef62d8cbaa75db491e,,Tungro,RiceLeafDisease_BD5,EXTERNAL_FIELD_DATASET
IMG_20241103_113759.jpg,.jpg,Tungro/IMG_20241103_113759.jpg,9063,True,300,300,1.0,RGB,3,JPEG,ddb2ccad91a95581d804d31dc026b38a6f816194c24a6522d17c4894a3845fe4,,Tungro,RiceLeafDisease_BD5,EXTERNAL_FIELD_DATASET
IMG_20241103_113800.jpg,.jpg,Tungro/IMG_20241103_113800.jpg,9172,True,300,300,1.0,RGB,3,JPEG,a10202d84243a7a2b2f9afa4600a6621693d26512d74b45e09603727dfe731ac,,Tungro,RiceLeafDisease_BD5,EXTERNAL_FIELD_DATASET
IMG_20241103_113806.jpg,.jpg,Tungro/IMG_20241103_113806.jpg,8804,True,300,300,1.0,RGB,3,JPEG,a7709f95cb05764c95986582d242c7f9ce9d5584e66694c965e6fd70b4c3f370,,Tungro,RiceLeafDisease_BD5,EXTERNAL_FIELD_DATASET
IMG_20241103_113806_1.jpg,.jpg,Tungro/IMG_20241103_113806_1.jpg,8795,True,300,300,1.0,RGB,3,JPEG,357cb3a984c7a6604312be0a6e27ec78cb0d3bf8523af6720b8da24ff7e504c0,,Tungro,RiceLeafDisease_BD5,EXTERNAL_FIELD_DATASET
IMG_20241103_113811.jpg,.jpg,Tungro/IMG_20241103_113811.jpg,9347,True,300,300,1.0,RGB,3,JPEG,60c03300fccdd8819328654ddf1f9c487281158f932232e74d63d96b55b9c5b8,,Tungro,RiceLeafDisease_BD5,EXTERNAL_FIELD_DATASET
IMG_20241103_113812.jpg,.jpg,Tungro/IMG_20241103_113812.jpg,9386,True,300,300,1.0,RGB,3,JPEG,e9ac0a0d10b3cbc25ee70851af10a495bce38043055f7385ed51dcf651fd2eaa,,Tungro,RiceLeafDisease_BD5,EXTERNAL_FIELD_DATASET
IMG_20241103_113823.jpg,.jpg,Tungro/IMG_20241103_113823.jpg,8794,True,300,300,1.0,RGB,3,JPEG,790adb2aa1939e296c676efb55b991a0b770a0aaa2966c844d0ea9081c96e77b,,Tungro,RiceLeafDisease_BD5,EXTERNAL_FIELD_DATASET
IMG_20241103_113824.jpg,.jpg,Tungro/IMG_20241103_113824.jpg,8777,True,300,300,1.0,RGB,3,JPEG,c36ded6dbe9aa49ff99db2816003cca5d9254a6ada5441ae33aeb241375693f3,,Tungro,RiceLeafDisease_BD5,EXTERNAL_FIELD_DATASET
IMG_20241103_113838.jpg,.jpg,Tungro/IMG_20241103_113838.jpg,8723,True,300,300,1.0,RGB,3,JPEG,fbdf77f8b8a4822e3706d328f4503ea708459ad63658a94939b589d175a43a07,,Tungro,RiceLeafDisease_BD5,EXTERNAL_FIELD_DATASET
IMG_20241103_113844.jpg,.jpg,Tungro/IMG_20241103_113844.jpg,7268,True,300,300,1.0,RGB,3,JPEG,3966521f3337935517c2e461f8b40dc30d879580ef3fc8eda6dd0c6e649d90f7,,Tungro,RiceLeafDisease_BD5,EXTERNAL_FIELD_DATASET
IMG_20241103_113851_1.jpg,.jpg,Tungro/IMG_20241103_113851_1.jpg,7510,True,300,300,1.0,RGB,3,JPEG,0496d51263c705e645edb196d27f160e15059bd7df254394abae30035c9eafd5,,Tungro,RiceLeafDisease_BD5,EXTERNAL_FIELD_DATASET
IMG_20241103_113857.jpg,.jpg,Tungro/IMG_20241103_113857.jpg,6136,True,300,300,1.0,RGB,3,JPEG,cc90d1e3e4df8312877954159f3f55f6e845e5d8ec83377ac56e49af7d56a28d,,Tungro,RiceLeafDisease_BD5,EXTERNAL_FIELD_DATASET
IMG_20241103_113858.jpg,.jpg,Tungro/IMG_20241103_113858.jpg,6197,True,300,300,1.0,RGB,3,JPEG,c809e85199641f6d379745930213a8887d513456d94ace2e618300a1c333408f,,Tungro,RiceLeafDisease_BD5,EXTERNAL_FIELD_DATASET
IMG_20241103_113904.jpg,.jpg,Tungro/IMG_20241103_113904.jpg,6770,True,300,300,1.0,RGB,3,JPEG,a65149de6436d596ddb254c6aebde274b57195c06349e8f9b54f2128d4eee8cb,,Tungro,RiceLeafDisease_BD5,EXTERNAL_FIELD_DATASET
IMG_20241103_113910.jpg,.jpg,Tungro/IMG_20241103_113910.jpg,4433,True,300,300,1.0,RGB,3,JPEG,30a118e21cdb91f403756de6103a80ea07c5af635f0cd1e222dbbcfc4bd67643,,Tungro,RiceLeafDisease_BD5,EXTERNAL_FIELD_DATASET
IMG_20241103_113917.jpg,.jpg,Tungro/IMG_20241103_113917.jpg,6192,True,300,300,1.0,RGB,3,JPEG,0cb4ac734c0067fd73b71e1d7e1c4b6b47e677ed9a60471e7fef96678b89ab29,,Tungro,RiceLeafDisease_BD5,EXTERNAL_FIELD_DATASET
IMG_20241103_113922.jpg,.jpg,Tungro/IMG_20241103_113922.jpg,7367,True,300,300,1.0,RGB,3,JPEG,35d5cbe60c78eaeed856c6d02a1c7cd8a40995af84a2ed547dfcc53d93eddffa,,Tungro,RiceLeafDisease_BD5,EXTERNAL_FIELD_DATASET
IMG_20241103_113923.jpg,.jpg,Tungro/IMG_20241103_113923.jpg,7499,True,300,300,1.0,RGB,3,JPEG,476bf9625ef3db72100fee6e8adc86b2144e88f4a553f18271a8c5b9d84be068,,Tungro,RiceLeafDisease_BD5,EXTERNAL_FIELD_DATASET
IMG_20241103_113932.jpg,.jpg,Tungro/IMG_20241103_113932.jpg,8058,True,300,300,1.0,RGB,3,JPEG,b3f870e4be04acde4fae2d165e5aebff83e9cedd97fbf21f72806e5e5b9b03ed,,Tungro,RiceLeafDisease_BD5,EXTERNAL_FIELD_DATASET
