filename,extension,relative_path,file_size_bytes,readable,width,height,aspect_ratio,mode,channels,format,sha256,anomalies,class_name,dataset_name,dataset_role,sample_id,annotation_path,duplicate_group_id,is_duplicate,split
blast_100.jpg,.jpg,Annotated images ( visual with labels)/Blast/visuals/blast_100.jpg,402149,True,1024,1024,1.0,RGB,3,JPEG,70179ed2b7f90df1fb3e1999e722e6a939f2bb1b23adc257943a95b7a6d40e8f,,Blast,RiceLeafDiseaseBD,PRIMARY_DEVELOPMENT_DATASET,PRIMARY_000002,D:\BTech Final Year Project\RiceLeafDiseaseBD A Field-Based Annotated Smartpho\RiceLeafDiseaseBD A Field-Based Annotated Smartpho\RiceLeafDiseaseBD\RiceLeafDiseaseBD\Annotated images ( visual with labels)\Blast\labels\blast_100.txt,UNIQUE_GROUP_007827,False,calibration
blast_1006.jpg,.jpg,Annotated images ( visual with labels)/Blast/visuals/blast_1006.jpg,333378,True,1024,1024,1.0,RGB,3,JPEG,8d663c6cd2aaa2502dbda9b0b8e077f36dd7959e7b21ef10369323f7a3d4803c,,Blast,RiceLeafDiseaseBD,PRIMARY_DEVELOPMENT_DATASET,PRIMARY_000009,D:\BTech Final Year Project\RiceLeafDiseaseBD A Field-Based Annotated Smartpho\RiceLeafDiseaseBD A Field-Based Annotated Smartpho\RiceLeafDiseaseBD\RiceLeafDiseaseBD\Annotated images ( visual with labels)\Blast\labels\blast_1006.txt,UNIQUE_GROUP_009909,False,calibration
blast_1011.jpg,.jpg,Annotated images ( visual with labels)/Blast/visuals/blast_1011.jpg,330059,True,1024,1024,1.0,RGB,3,JPEG,4e0ad32e4ef4909d68b4313151e603ca8ebfce2173d5cb4e4a758617f6039fcd,,Blast,RiceLeafDiseaseBD,PRIMARY_DEVELOPMENT_DATASET,PRIMARY_000015,D:\BTech Final Year Project\RiceLeafDiseaseBD A Field-Based Annotated Smartpho\RiceLeafDiseaseBD A Field-Based Annotated Smartpho\RiceLeafDiseaseBD\RiceLeafDiseaseBD\Annotated images ( visual with labels)\Blast\labels\blast_1011.txt,UNIQUE_GROUP_005470,False,calibration
blast_102.jpg,.jpg,Annotated images ( visual with labels)/Blast/visuals/blast_102.jpg,323165,True,1024,1024,1.0,RGB,3,JPEG,05fe33fc6fd22f4a74145d2d300b66ceea2cb556f85a4120cb092c7308fd125b,,Blast,RiceLeafDiseaseBD,PRIMARY_DEVELOPMENT_DATASET,PRIMARY_000024,D:\BTech Final Year Project\RiceLeafDiseaseBD A Field-Based Annotated Smartpho\RiceLeafDiseaseBD A Field-Based Annotated Smartpho\RiceLeafDiseaseBD\RiceLeafDiseaseBD\Annotated images ( visual with labels)\Blast\labels\blast_102.txt,UNIQUE_GROUP_000397,False,calibration
blast_1029.jpg,.jpg,Annotated images ( visual with labels)/Blast/visuals/blast_1029.jpg,322034,True,1024,1024,1.0,RGB,3,JPEG,f86504a3fb89e4d447a8b015f534c6ef6162a2374826e6c8a7ad096ef8e64271,,Blast,RiceLeafDiseaseBD,PRIMARY_DEVELOPMENT_DATASET,PRIMARY_000034,D:\BTech Final Year Project\RiceLeafDiseaseBD A Field-Based Annotated Smartpho\RiceLeafDiseaseBD A Field-Based Annotated Smartpho\RiceLeafDiseaseBD\RiceLeafDiseaseBD\Annotated images ( visual with labels)\Blast\labels\blast_1029.txt,UNIQUE_GROUP_017305,False,calibration
blast_1041.jpg,.jpg,Annotated images ( visual with labels)/Blast/visuals/blast_1041.jpg,352998,True,1024,1024,1.0,RGB,3,JPEG,9b668bad930a61ef26d858598720eab71dbb2c125493828fdba31de35e2c5034,,Blast,RiceLeafDiseaseBD,PRIMARY_DEVELOPMENT_DATASET,PRIMARY_000048,D:\BTech Final Year Project\RiceLeafDiseaseBD A Field-Based Annotated Smartpho\RiceLeafDiseaseBD A Field-Based Annotated Smartpho\RiceLeafDiseaseBD\RiceLeafDiseaseBD\Annotated images ( visual with labels)\Blast\labels\blast_1041.txt,UNIQUE_GROUP_010884,False,calibration
blast_1048.jpg,.jpg,Annotated images ( visual with labels)/Blast/visuals/blast_1048.jpg,310188,True,1024,1024,1.0,RGB,3,JPEG,e01e2cfffa2826d3833354a684763510d1cb55680ff55bc2791627d2a263abaf,,Blast,RiceLeafDiseaseBD,PRIMARY_DEVELOPMENT_DATASET,PRIMARY_000055,D:\BTech Final Year Project\RiceLeafDiseaseBD A Field-Based Annotated Smartpho\RiceLeafDiseaseBD A Field-Based Annotated Smartpho\RiceLeafDiseaseBD\RiceLeafDiseaseBD\Annotated images ( visual with labels)\Blast\labels\blast_1048.txt,UNIQUE_GROUP_015649,False,calibration
blast_107.jpg,.jpg,Annotated images ( visual with labels)/Blast/visuals/blast_107.jpg,311051,True,1024,1024,1.0,RGB,3,JPEG,0dd80c40874e188c0766e596d81c6ccd82639aab11e4aee502bef4439323daa7,,Blast,RiceLeafDiseaseBD,PRIMARY_DEVELOPMENT_DATASET,PRIMARY_000079,D:\BTech Final Year Project\RiceLeafDiseaseBD A Field-Based Annotated Smartpho\RiceLeafDiseaseBD A Field-Based Annotated Smartpho\RiceLeafDiseaseBD\RiceLeafDiseaseBD\Annotated images ( visual with labels)\Blast\labels\blast_107.txt,UNIQUE_GROUP_000953,False,calibration
blast_1077.jpg,.jpg,Annotated images ( visual with labels)/Blast/visuals/blast_1077.jpg,319378,True,1024,1024,1.0,RGB,3,JPEG,001b90c7ebdc7af5b5491bf3e6bea90110c427ae5ec812ec9c6e25acef1579db,,Blast,RiceLeafDiseaseBD,PRIMARY_DEVELOPMENT_DATASET,PRIMARY_000087,D:\BTech Final Year Project\RiceLeafDiseaseBD A Field-Based Annotated Smartpho\RiceLeafDiseaseBD A Field-Based Annotated Smartpho\RiceLeafDiseaseBD\RiceLeafDiseaseBD\Annotated images ( visual with labels)\Blast\labels\blast_1077.txt,UNIQUE_GROUP_000008,False,calibration
blast_1081.jpg,.jpg,Annotated images ( visual with labels)/Blast/visuals/blast_1081.jpg,332142,True,1024,1024,1.0,RGB,3,JPEG,cf6db8454cda3459c495672c195d5116b415b2df3703d0447e5fd507e5a12290,,Blast,RiceLeafDiseaseBD,PRIMARY_DEVELOPMENT_DATASET,PRIMARY_000092,D:\BTech Final Year Project\RiceLeafDiseaseBD A Field-Based Annotated Smartpho\RiceLeafDiseaseBD A Field-Based Annotated Smartpho\RiceLeafDiseaseBD\RiceLeafDiseaseBD\Annotated images ( visual with labels)\Blast\labels\blast_1081.txt,UNIQUE_GROUP_014492,False,calibration
blast_1105.jpg,.jpg,Annotated images ( visual with labels)/Blast/visuals/blast_1105.jpg,300517,True,1024,1024,1.0,RGB,3,JPEG,dcd9d5cfb60db5316bfd76af446c64c1cf22b8d6a9fe0b3f5d5024f099315689,,Blast,RiceLeafDiseaseBD,PRIMARY_DEVELOPMENT_DATASET,PRIMARY_000119,D:\BTech Final Year Project\RiceLeafDiseaseBD A Field-Based Annotated Smartpho\RiceLeafDiseaseBD A Field-Based Annotated Smartpho\RiceLeafDiseaseBD\RiceLeafDiseaseBD\Annotated images ( visual with labels)\Blast\labels\blast_1105.txt,UNIQUE_GROUP_015439,False,calibration
blast_1110.jpg,.jpg,Annotated images ( visual with labels)/Blast/visuals/blast_1110.jpg,288286,True,1024,1024,1.0,RGB,3,JPEG,a7845fd06c1dbcc254fc977e831888ab07dba5c3ed32cc9bf1a3b35df660b8d1,,Blast,RiceLeafDiseaseBD,PRIMARY_DEVELOPMENT_DATASET,PRIMARY_000125,D:\BTech Final Year Project\RiceLeafDiseaseBD A Field-Based Annotated Smartpho\RiceLeafDiseaseBD A Field-Based Annotated Smartpho\RiceLeafDiseaseBD\RiceLeafDiseaseBD\Annotated images ( visual with labels)\Blast\labels\blast_1110.txt,UNIQUE_GROUP_011717,False,calibration
blast_1117.jpg,.jpg,Annotated images ( visual with labels)/Blast/visuals/blast_1117.jpg,218737,True,1024,1024,1.0,RGB,3,JPEG,5dcd076d0d09c0fc8b749bf39158556a03080b3fb3fe34f103674b2b164ac88d,,Blast,RiceLeafDiseaseBD,PRIMARY_DEVELOPMENT_DATASET,PRIMARY_000132,D:\BTech Final Year Project\RiceLeafDiseaseBD A Field-Based Annotated Smartpho\RiceLeafDiseaseBD A Field-Based Annotated Smartpho\RiceLeafDiseaseBD\RiceLeafDiseaseBD\Annotated images ( visual with labels)\Blast\labels\blast_1117.txt,UNIQUE_GROUP_006560,False,calibration
blast_1118.jpg,.jpg,Annotated images ( visual with labels)/Blast/visuals/blast_1118.jpg,215624,True,1024,1024,1.0,RGB,3,JPEG,74e6911fd48cba71233bc084018d9a520f4a9ef9f9e42a013c79f6af2e8c3a89,,Blast,RiceLeafDiseaseBD,PRIMARY_DEVELOPMENT_DATASET,PRIMARY_000133,D:\BTech Final Year Project\RiceLeafDiseaseBD A Field-Based Annotated Smartpho\RiceLeafDiseaseBD A Field-Based Annotated Smartpho\RiceLeafDiseaseBD\RiceLeafDiseaseBD\Annotated images ( visual with labels)\Blast\labels\blast_1118.txt,UNIQUE_GROUP_008162,False,calibration
blast_112.jpg,.jpg,Annotated images ( visual with labels)/Blast/visuals/blast_112.jpg,299640,True,1024,1024,1.0,RGB,3,JPEG,8d8963ee752c72705e545233bee77e19e086ecb01c6646c182f40031e39e5f3d,,Blast,RiceLeafDiseaseBD,PRIMARY_DEVELOPMENT_DATASET,PRIMARY_000135,D:\BTech Final Year Project\RiceLeafDiseaseBD A Field-Based Annotated Smartpho\RiceLeafDiseaseBD A Field-Based Annotated Smartpho\RiceLeafDiseaseBD\RiceLeafDiseaseBD\Annotated images ( visual with labels)\Blast\labels\blast_112.txt,UNIQUE_GROUP_009923,False,calibration
blast_1143.jpg,.jpg,Annotated images ( visual with labels)/Blast/visuals/blast_1143.jpg,321525,True,1024,1024,1.0,RGB,3,JPEG,0adf4b47e931420c47104c7b65e014501add0d41241a048308393fcbc94e7ae7,,Blast,RiceLeafDiseaseBD,PRIMARY_DEVELOPMENT_DATASET,PRIMARY_000161,D:\BTech Final Year Project\RiceLeafDiseaseBD A Field-Based Annotated Smartpho\RiceLeafDiseaseBD A Field-Based Annotated Smartpho\RiceLeafDiseaseBD\RiceLeafDiseaseBD\Annotated images ( visual with labels)\Blast\labels\blast_1143.txt,UNIQUE_GROUP_000735,False,calibration
blast_1146.jpg,.jpg,Annotated images ( visual with labels)/Blast/visuals/blast_1146.jpg,316462,True,1024,1024,1.0,RGB,3,JPEG,8010d3f0410cd063e9d9631af9dc935edeed435ab94017fc83ad6abc6743f1a9,,Blast,RiceLeafDiseaseBD,PRIMARY_DEVELOPMENT_DATASET,PRIMARY_000164,D:\BTech Final Year Project\RiceLeafDiseaseBD A Field-Based Annotated Smartpho\RiceLeafDiseaseBD A Field-Based Annotated Smartpho\RiceLeafDiseaseBD\RiceLeafDiseaseBD\Annotated images ( visual with labels)\Blast\labels\blast_1146.txt,UNIQUE_GROUP_008951,False,calibration
blast_1151.jpg,.jpg,Annotated images ( visual with labels)/Blast/visuals/blast_1151.jpg,291153,True,1024,1024,1.0,RGB,3,JPEG,0b8d9b8a3d57a8499498bbf8d859a6ef0666b63293dccc5fee80c17071d7b5dc,,Blast,RiceLeafDiseaseBD,PRIMARY_DEVELOPMENT_DATASET,PRIMARY_000170,D:\BTech Final Year Project\RiceLeafDiseaseBD A Field-Based Annotated Smartpho\RiceLeafDiseaseBD A Field-Based Annotated Smartpho\RiceLeafDiseaseBD\RiceLeafDiseaseBD\Annotated images ( visual with labels)\Blast\labels\blast_1151.txt,UNIQUE_GROUP_000790,False,calibration
blast_1156.jpg,.jpg,Annotated images ( visual with labels)/Blast/visuals/blast_1156.jpg,308988,True,1024,1024,1.0,RGB,3,JPEG,3ec0513abfddac1bf84092d97b997631bea26f38783b1054543020a8a0e94ad6,,Blast,RiceLeafDiseaseBD,PRIMARY_DEVELOPMENT_DATASET,PRIMARY_000175,D:\BTech Final Year Project\RiceLeafDiseaseBD A Field-Based Annotated Smartpho\RiceLeafDiseaseBD A Field-Based Annotated Smartpho\RiceLeafDiseaseBD\RiceLeafDiseaseBD\Annotated images ( visual with labels)\Blast\labels\blast_1156.txt,UNIQUE_GROUP_004392,False,calibration
blast_1160.jpg,.jpg,Annotated images ( visual with labels)/Blast/visuals/blast_1160.jpg,325875,True,1024,1024,1.0,RGB,3,JPEG,81d582d1202a626aa10e2a40ab6a106ba27a9515a5a8620702210b1b93e57027,,Blast,RiceLeafDiseaseBD,PRIMARY_DEVELOPMENT_DATASET,PRIMARY_000180,D:\BTech Final Year Project\RiceLeafDiseaseBD A Field-Based Annotated Smartpho\RiceLeafDiseaseBD A Field-Based Annotated Smartpho\RiceLeafDiseaseBD\RiceLeafDiseaseBD\Annotated images ( visual with labels)\Blast\labels\blast_1160.txt,UNIQUE_GROUP_009080,False,calibration
blast_1170.jpg,.jpg,Annotated images ( visual with labels)/Blast/visuals/blast_1170.jpg,322137,True,1024,1024,1.0,RGB,3,JPEG,06971ff4419d89f70ef9410d7b967ada8bf1fe64746a687a867aee741d55caf6,,Blast,RiceLeafDiseaseBD,PRIMARY_DEVELOPMENT_DATASET,PRIMARY_000191,D:\BTech Final Year Project\RiceLeafDiseaseBD A Field-Based Annotated Smartpho\RiceLeafDiseaseBD A Field-Based Annotated Smartpho\RiceLeafDiseaseBD\RiceLeafDiseaseBD\Annotated images ( visual with labels)\Blast\labels\blast_1170.txt,UNIQUE_GROUP_000437,False,calibration
blast_1176.jpg,.jpg,Annotated images ( visual with labels)/Blast/visuals/blast_1176.jpg,333004,True,1024,1024,1.0,RGB,3,JPEG,6ddc6f35aa4bfe7d64bc74b8578599fa2a9dae2e0335d36d96b40be9a011e661,,Blast,RiceLeafDiseaseBD,PRIMARY_DEVELOPMENT_DATASET,PRIMARY_000197,D:\BTech Final Year Project\RiceLeafDiseaseBD A Field-Based Annotated Smartpho\RiceLeafDiseaseBD A Field-Based Annotated Smartpho\RiceLeafDiseaseBD\RiceLeafDiseaseBD\Annotated images ( visual with labels)\Blast\labels\blast_1176.txt,UNIQUE_GROUP_007667,False,calibration
blast_1183.jpg,.jpg,Annotated images ( visual with labels)/Blast/visuals/blast_1183.jpg,268340,True,1024,1024,1.0,RGB,3,JPEG,1e70bcaadfd51480a782f00492d5870c89cac54c5117f4afb6cb44fdcb9c0bb7,,Blast,RiceLeafDiseaseBD,PRIMARY_DEVELOPMENT_DATASET,PRIMARY_000205,D:\BTech Final Year Project\RiceLeafDiseaseBD A Field-Based Annotated Smartpho\RiceLeafDiseaseBD A Field-Based Annotated Smartpho\RiceLeafDiseaseBD\RiceLeafDiseaseBD\Annotated images ( visual with labels)\Blast\labels\blast_1183.txt,UNIQUE_GROUP_002124,False,calibration
blast_1196.jpg,.jpg,Annotated images ( visual with labels)/Blast/visuals/blast_1196.jpg,273570,True,1024,1024,1.0,RGB,3,JPEG,9e5f393dcd60e1e774dd67ac89c422b308a504116b223bade0ed9f30c34f1ca5,,Blast,RiceLeafDiseaseBD,PRIMARY_DEVELOPMENT_DATASET,PRIMARY_000219,D:\BTech Final Year Project\RiceLeafDiseaseBD A Field-Based Annotated Smartpho\RiceLeafDiseaseBD A Field-Based Annotated Smartpho\RiceLeafDiseaseBD\RiceLeafDiseaseBD\Annotated images ( visual with labels)\Blast\labels\blast_1196.txt,UNIQUE_GROUP_011106,False,calibration
blast_1204.jpg,.jpg,Annotated images ( visual with labels)/Blast/visuals/blast_1204.jpg,284499,True,1024,1024,1.0,RGB,3,JPEG,a4d951631555e2eaa8c4a25e0cac7e70d390b6feff33b84cca9063196a10aeb3,,Blast,RiceLeafDiseaseBD,PRIMARY_DEVELOPMENT_DATASET,PRIMARY_000229,D:\BTech Final Year Project\RiceLeafDiseaseBD A Field-Based Annotated Smartpho\RiceLeafDiseaseBD A Field-Based Annotated Smartpho\RiceLeafDiseaseBD\RiceLeafDiseaseBD\Annotated images ( visual with labels)\Blast\labels\blast_1204.txt,UNIQUE_GROUP_011529,False,calibration
blast_1210.jpg,.jpg,Annotated images ( visual with labels)/Blast/visuals/blast_1210.jpg,148893,True,1024,1024,1.0,RGB,3,JPEG,a3647a0bbfc3b81a9cf52bcc89ec93b60082744794004b6f65609fe81cc97bf8,,Blast,RiceLeafDiseaseBD,PRIMARY_DEVELOPMENT_DATASET,PRIMARY_000236,D:\BTech Final Year Project\RiceLeafDiseaseBD A Field-Based Annotated Smartpho\RiceLeafDiseaseBD A Field-Based Annotated Smartpho\RiceLeafDiseaseBD\RiceLeafDiseaseBD\Annotated images ( visual with labels)\Blast\labels\blast_1210.txt,UNIQUE_GROUP_011442,False,calibration
blast_1213.jpg,.jpg,Annotated images ( visual with labels)/Blast/visuals/blast_1213.jpg,265456,True,1024,1024,1.0,RGB,3,JPEG,20dc70c25ada2b77949b89c4a4ac4ed037d42f2652a6f7a2700ec6a11790eaa5,,Blast,RiceLeafDiseaseBD,PRIMARY_DEVELOPMENT_DATASET,PRIMARY_000239,D:\BTech Final Year Project\RiceLeafDiseaseBD A Field-Based Annotated Smartpho\RiceLeafDiseaseBD A Field-Based Annotated Smartpho\RiceLeafDiseaseBD\RiceLeafDiseaseBD\Annotated images ( visual with labels)\Blast\labels\blast_1213.txt,UNIQUE_GROUP_002300,False,calibration
blast_1214.jpg,.jpg,Annotated images ( visual with labels)/Blast/visuals/blast_1214.jpg,254286,True,1024,1024,1.0,RGB,3,JPEG,e313231aa128566ddf13d8a1cbadc3fdc223e7165f5c840253e93884a27aa832,,Blast,RiceLeafDiseaseBD,PRIMARY_DEVELOPMENT_DATASET,PRIMARY_000240,D:\BTech Final Year Project\RiceLeafDiseaseBD A Field-Based Annotated Smartpho\RiceLeafDiseaseBD A Field-Based Annotated Smartpho\RiceLeafDiseaseBD\RiceLeafDiseaseBD\Annotated images ( visual with labels)\Blast\labels\blast_1214.txt,UNIQUE_GROUP_015858,False,calibration
blast_1218.jpg,.jpg,Annotated images ( visual with labels)/Blast/visuals/blast_1218.jpg,284896,True,1024,1024,1.0,RGB,3,JPEG,2fa8ecf22103cd7fc82fd01af2deee95ba9d0858bf67696322f6bd91f81d4950,,Blast,RiceLeafDiseaseBD,PRIMARY_DEVELOPMENT_DATASET,PRIMARY_000244,D:\BTech Final Year Project\RiceLeafDiseaseBD A Field-Based Annotated Smartpho\RiceLeafDiseaseBD A Field-Based Annotated Smartpho\RiceLeafDiseaseBD\RiceLeafDiseaseBD\Annotated images ( visual with labels)\Blast\labels\blast_1218.txt,UNIQUE_GROUP_003336,False,calibration
blast_1220.jpg,.jpg,Annotated images ( visual with labels)/Blast/visuals/blast_1220.jpg,262771,True,1024,1024,1.0,RGB,3,JPEG,df59338448e457781cdbc7afeb5e99cbd3f901999e9602aa7b9cd4241f3ed422,,Blast,RiceLeafDiseaseBD,PRIMARY_DEVELOPMENT_DATASET,PRIMARY_000247,D:\BTech Final Year Project\RiceLeafDiseaseBD A Field-Based Annotated Smartpho\RiceLeafDiseaseBD A Field-Based Annotated Smartpho\RiceLeafDiseaseBD\RiceLeafDiseaseBD\Annotated images ( visual with labels)\Blast\labels\blast_1220.txt,UNIQUE_GROUP_015604,False,calibration
blast_1229.jpg,.jpg,Annotated images ( visual with labels)/Blast/visuals/blast_1229.jpg,279986,True,1024,1024,1.0,RGB,3,JPEG,0cb32fa73775804f3fe52521baf0514b992c10a85338086f55cd7e4f363760bd,,Blast,RiceLeafDiseaseBD,PRIMARY_DEVELOPMENT_DATASET,PRIMARY_000256,D:\BTech Final Year Project\RiceLeafDiseaseBD A Field-Based Annotated Smartpho\RiceLeafDiseaseBD A Field-Based Annotated Smartpho\RiceLeafDiseaseBD\RiceLeafDiseaseBD\Annotated images ( visual with labels)\Blast\labels\blast_1229.txt,UNIQUE_GROUP_000869,False,calibration
blast_1244.jpg,.jpg,Annotated images ( visual with labels)/Blast/visuals/blast_1244.jpg,261884,True,1024,1024,1.0,RGB,3,JPEG,b6b9882bc147b204dd6565db21d8580e6581dc9d8288d7dc7f5a67f04249e240,,Blast,RiceLeafDiseaseBD,PRIMARY_DEVELOPMENT_DATASET,PRIMARY_000273,D:\BTech Final Year Project\RiceLeafDiseaseBD A Field-Based Annotated Smartpho\RiceLeafDiseaseBD A Field-Based Annotated Smartpho\RiceLeafDiseaseBD\RiceLeafDiseaseBD\Annotated images ( visual with labels)\Blast\labels\blast_1244.txt,UNIQUE_GROUP_012777,False,calibration
blast_1258.jpg,.jpg,Annotated images ( visual with labels)/Blast/visuals/blast_1258.jpg,287587,True,1024,1024,1.0,RGB,3,JPEG,a4b38059a86cfeef0db08e7a51647cb476c72405d0e58f23d6247b1fc9bade1e,,Blast,RiceLeafDiseaseBD,PRIMARY_DEVELOPMENT_DATASET,PRIMARY_000288,D:\BTech Final Year Project\RiceLeafDiseaseBD A Field-Based Annotated Smartpho\RiceLeafDiseaseBD A Field-Based Annotated Smartpho\RiceLeafDiseaseBD\RiceLeafDiseaseBD\Annotated images ( visual with labels)\Blast\labels\blast_1258.txt,UNIQUE_GROUP_011520,False,calibration
blast_1259.jpg,.jpg,Annotated images ( visual with labels)/Blast/visuals/blast_1259.jpg,288443,True,1024,1024,1.0,RGB,3,JPEG,a869b9df320c5b91271c1efd47a9d8648b35e17cc1bd0d097b8d07fa3ff13f25,,Blast,RiceLeafDiseaseBD,PRIMARY_DEVELOPMENT_DATASET,PRIMARY_000289,D:\BTech Final Year Project\RiceLeafDiseaseBD A Field-Based Annotated Smartpho\RiceLeafDiseaseBD A Field-Based Annotated Smartpho\RiceLeafDiseaseBD\RiceLeafDiseaseBD\Annotated images ( visual with labels)\Blast\labels\blast_1259.txt,UNIQUE_GROUP_011784,False,calibration
blast_1271.jpg,.jpg,Annotated images ( visual with labels)/Blast/visuals/blast_1271.jpg,208903,True,1024,1024,1.0,RGB,3,JPEG,0871d638d6e3b13eec85de4e6590c0981d82edb3779db3ec5cb5c0c415bae13a,,Blast,RiceLeafDiseaseBD,PRIMARY_DEVELOPMENT_DATASET,PRIMARY_000303,D:\BTech Final Year Project\RiceLeafDiseaseBD A Field-Based Annotated Smartpho\RiceLeafDiseaseBD A Field-Based Annotated Smartpho\RiceLeafDiseaseBD\RiceLeafDiseaseBD\Annotated images ( visual with labels)\Blast\labels\blast_1271.txt,UNIQUE_GROUP_000558,False,calibration
blast_1274.jpg,.jpg,Annotated images ( visual with labels)/Blast/visuals/blast_1274.jpg,208544,True,1024,1024,1.0,RGB,3,JPEG,076167343ef18fda5638a6ebb769f9451bc510cb784bf37d359d54a25c17502e,,Blast,RiceLeafDiseaseBD,PRIMARY_DEVELOPMENT_DATASET,PRIMARY_000306,D:\BTech Final Year Project\RiceLeafDiseaseBD A Field-Based Annotated Smartpho\RiceLeafDiseaseBD A Field-Based Annotated Smartpho\RiceLeafDiseaseBD\RiceLeafDiseaseBD\Annotated images ( visual with labels)\Blast\labels\blast_1274.txt,UNIQUE_GROUP_000498,False,calibration
blast_1278.jpg,.jpg,Annotated images ( visual with labels)/Blast/visuals/blast_1278.jpg,186124,True,1024,1024,1.0,RGB,3,JPEG,293b335ccbd2969f4774d378daecaf535d5ded13cba33346c8028438701fbd3a,,Blast,RiceLeafDiseaseBD,PRIMARY_DEVELOPMENT_DATASET,PRIMARY_000310,D:\BTech Final Year Project\RiceLeafDiseaseBD A Field-Based Annotated Smartpho\RiceLeafDiseaseBD A Field-Based Annotated Smartpho\RiceLeafDiseaseBD\RiceLeafDiseaseBD\Annotated images ( visual with labels)\Blast\labels\blast_1278.txt,UNIQUE_GROUP_002886,False,calibration
blast_1287.jpg,.jpg,Annotated images ( visual with labels)/Blast/visuals/blast_1287.jpg,402118,True,1024,1024,1.0,RGB,3,JPEG,b4cd22b2948eb28a7a59f7508bdeed933206a7fcd0eb15108ddfd840a1b46290,,Blast,RiceLeafDiseaseBD,PRIMARY_DEVELOPMENT_DATASET,PRIMARY_000320,D:\BTech Final Year Project\RiceLeafDiseaseBD A Field-Based Annotated Smartpho\RiceLeafDiseaseBD A Field-Based Annotated Smartpho\RiceLeafDiseaseBD\RiceLeafDiseaseBD\Annotated images ( visual with labels)\Blast\labels\blast_1287.txt,UNIQUE_GROUP_012650,False,calibration
blast_1292.jpg,.jpg,Annotated images ( visual with labels)/Blast/visuals/blast_1292.jpg,527016,True,1024,1024,1.0,RGB,3,JPEG,9ca1f5cdb78e98b772cf491a83e5a0388bef1992d768fc9e68180d128a43fc96,,Blast,RiceLeafDiseaseBD,PRIMARY_DEVELOPMENT_DATASET,PRIMARY_000326,D:\BTech Final Year Project\RiceLeafDiseaseBD A Field-Based Annotated Smartpho\RiceLeafDiseaseBD A Field-Based Annotated Smartpho\RiceLeafDiseaseBD\RiceLeafDiseaseBD\Annotated images ( visual with labels)\Blast\labels\blast_1292.txt,UNIQUE_GROUP_010972,False,calibration
blast_1293.jpg,.jpg,Annotated images ( visual with labels)/Blast/visuals/blast_1293.jpg,531033,True,1024,1024,1.0,RGB,3,JPEG,7cba5e82aad7e37e6c54110d0bf6872553e4a1fba368d89d8b821722115a9d5e,,Blast,RiceLeafDiseaseBD,PRIMARY_DEVELOPMENT_DATASET,PRIMARY_000327,D:\BTech Final Year Project\RiceLeafDiseaseBD A Field-Based Annotated Smartpho\RiceLeafDiseaseBD A Field-Based Annotated Smartpho\RiceLeafDiseaseBD\RiceLeafDiseaseBD\Annotated images ( visual with labels)\Blast\labels\blast_1293.txt,UNIQUE_GROUP_008712,False,calibration
blast_1304.jpg,.jpg,Annotated images ( visual with labels)/Blast/visuals/blast_1304.jpg,427396,True,1024,1024,1.0,RGB,3,JPEG,ad39d6fcd6784238e8767ff6e7a86891b767d67805be0a5a866344471340bb16,,Blast,RiceLeafDiseaseBD,PRIMARY_DEVELOPMENT_DATASET,PRIMARY_000340,D:\BTech Final Year Project\RiceLeafDiseaseBD A Field-Based Annotated Smartpho\RiceLeafDiseaseBD A Field-Based Annotated Smartpho\RiceLeafDiseaseBD\RiceLeafDiseaseBD\Annotated images ( visual with labels)\Blast\labels\blast_1304.txt,UNIQUE_GROUP_012125,False,calibration
blast_1305.jpg,.jpg,Annotated images ( visual with labels)/Blast/visuals/blast_1305.jpg,431869,True,1024,1024,1.0,RGB,3,JPEG,00c8f3a5c8a88894ee25eb2d25d2c7827c703d466c6ec8efceb5c6a3347466ef,,Blast,RiceLeafDiseaseBD,PRIMARY_DEVELOPMENT_DATASET,PRIMARY_000341,D:\BTech Final Year Project\RiceLeafDiseaseBD A Field-Based Annotated Smartpho\RiceLeafDiseaseBD A Field-Based Annotated Smartpho\RiceLeafDiseaseBD\RiceLeafDiseaseBD\Annotated images ( visual with labels)\Blast\labels\blast_1305.txt,UNIQUE_GROUP_000054,False,calibration
blast_1307.jpg,.jpg,Annotated images ( visual with labels)/Blast/visuals/blast_1307.jpg,297706,True,1024,1024,1.0,RGB,3,JPEG,b3f0afb2ae2c46695c5424b0b4a2c5feda0f196cbf28da0f880277b76bd63495,,Blast,RiceLeafDiseaseBD,PRIMARY_DEVELOPMENT_DATASET,PRIMARY_000343,D:\BTech Final Year Project\RiceLeafDiseaseBD A Field-Based Annotated Smartpho\RiceLeafDiseaseBD A Field-Based Annotated Smartpho\RiceLeafDiseaseBD\RiceLeafDiseaseBD\Annotated images ( visual with labels)\Blast\labels\blast_1307.txt,UNIQUE_GROUP_012586,False,calibration
blast_1314.jpg,.jpg,Annotated images ( visual with labels)/Blast/visuals/blast_1314.jpg,490926,True,1024,1024,1.0,RGB,3,JPEG,3a214c7d192264a82889aa27c0b98736a41814f9cef4dd4b2b6aec1da18f3b98,,Blast,RiceLeafDiseaseBD,PRIMARY_DEVELOPMENT_DATASET,PRIMARY_000351,D:\BTech Final Year Project\RiceLeafDiseaseBD A Field-Based Annotated Smartpho\RiceLeafDiseaseBD A Field-Based Annotated Smartpho\RiceLeafDiseaseBD\RiceLeafDiseaseBD\Annotated images ( visual with labels)\Blast\labels\blast_1314.txt,UNIQUE_GROUP_004072,False,calibration
blast_1317.jpg,.jpg,Annotated images ( visual with labels)/Blast/visuals/blast_1317.jpg,259394,True,1024,1024,1.0,RGB,3,JPEG,53460309f83ee35b75e7d08796e47fa8159bdffdc01f4b693af1570da40414db,,Blast,RiceLeafDiseaseBD,PRIMARY_DEVELOPMENT_DATASET,PRIMARY_000354,D:\BTech Final Year Project\RiceLeafDiseaseBD A Field-Based Annotated Smartpho\RiceLeafDiseaseBD A Field-Based Annotated Smartpho\RiceLeafDiseaseBD\RiceLeafDiseaseBD\Annotated images ( visual with labels)\Blast\labels\blast_1317.txt,UNIQUE_GROUP_005839,False,calibration
blast_1319.jpg,.jpg,Annotated images ( visual with labels)/Blast/visuals/blast_1319.jpg,240899,True,1024,1024,1.0,RGB,3,JPEG,264b0dde9c9c4b5dcbb91fc1865b5eef3837abb0f2bbe50030a7b4f40084c186,,Blast,RiceLeafDiseaseBD,PRIMARY_DEVELOPMENT_DATASET,PRIMARY_000356,D:\BTech Final Year Project\RiceLeafDiseaseBD A Field-Based Annotated Smartpho\RiceLeafDiseaseBD A Field-Based Annotated Smartpho\RiceLeafDiseaseBD\RiceLeafDiseaseBD\Annotated images ( visual with labels)\Blast\labels\blast_1319.txt,UNIQUE_GROUP_002687,False,calibration
blast_132.jpg,.jpg,Annotated images ( visual with labels)/Blast/visuals/blast_132.jpg,292307,True,1024,1024,1.0,RGB,3,JPEG,7f96bd968a6e16b3a456ceec13ff50811345031f977278d6b25718bfd0ddecc8,,Blast,RiceLeafDiseaseBD,PRIMARY_DEVELOPMENT_DATASET,PRIMARY_000357,D:\BTech Final Year Project\RiceLeafDiseaseBD A Field-Based Annotated Smartpho\RiceLeafDiseaseBD A Field-Based Annotated Smartpho\RiceLeafDiseaseBD\RiceLeafDiseaseBD\Annotated images ( visual with labels)\Blast\labels\blast_132.txt,UNIQUE_GROUP_008915,False,calibration
blast_176.jpg,.jpg,Annotated images ( visual with labels)/Blast/visuals/blast_176.jpg,242730,True,1024,1024,1.0,RGB,3,JPEG,8a361f444b23800a6ccd644eaf27b02452888269913233236132b418c1be9cf7,,Blast,RiceLeafDiseaseBD,PRIMARY_DEVELOPMENT_DATASET,PRIMARY_000412,D:\BTech Final Year Project\RiceLeafDiseaseBD A Field-Based Annotated Smartpho\RiceLeafDiseaseBD A Field-Based Annotated Smartpho\RiceLeafDiseaseBD\RiceLeafDiseaseBD\Annotated images ( visual with labels)\Blast\labels\blast_176.txt,UNIQUE_GROUP_009652,False,calibration
blast_178.jpg,.jpg,Annotated images ( visual with labels)/Blast/visuals/blast_178.jpg,259735,True,1024,1024,1.0,RGB,3,JPEG,afb08b5f5665c9142fbdee99f13e260b2859600db063dc1c3f90a6a420a7b889,,Blast,RiceLeafDiseaseBD,PRIMARY_DEVELOPMENT_DATASET,PRIMARY_000414,D:\BTech Final Year Project\RiceLeafDiseaseBD A Field-Based Annotated Smartpho\RiceLeafDiseaseBD A Field-Based Annotated Smartpho\RiceLeafDiseaseBD\RiceLeafDiseaseBD\Annotated images ( visual with labels)\Blast\labels\blast_178.txt,UNIQUE_GROUP_012281,False,calibration
blast_189.jpg,.jpg,Annotated images ( visual with labels)/Blast/visuals/blast_189.jpg,251573,True,1024,1024,1.0,RGB,3,JPEG,54876357d3f3d2125aa442d0d90359fcf2b4156a70938cee05031159697f5246,,Blast,RiceLeafDiseaseBD,PRIMARY_DEVELOPMENT_DATASET,PRIMARY_000426,D:\BTech Final Year Project\RiceLeafDiseaseBD A Field-Based Annotated Smartpho\RiceLeafDiseaseBD A Field-Based Annotated Smartpho\RiceLeafDiseaseBD\RiceLeafDiseaseBD\Annotated images ( visual with labels)\Blast\labels\blast_189.txt,UNIQUE_GROUP_005903,False,calibration
blast_197.jpg,.jpg,Annotated images ( visual with labels)/Blast/visuals/blast_197.jpg,273939,True,1024,1024,1.0,RGB,3,JPEG,2636a6b4c7c236ec2000a8bac4784b690df079c86fa16356a1a844f5278aac8f,,Blast,RiceLeafDiseaseBD,PRIMARY_DEVELOPMENT_DATASET,PRIMARY_000435,D:\BTech Final Year Project\RiceLeafDiseaseBD A Field-Based Annotated Smartpho\RiceLeafDiseaseBD A Field-Based Annotated Smartpho\RiceLeafDiseaseBD\RiceLeafDiseaseBD\Annotated images ( visual with labels)\Blast\labels\blast_197.txt,UNIQUE_GROUP_002684,False,calibration
blast_200.jpg,.jpg,Annotated images ( visual with labels)/Blast/visuals/blast_200.jpg,268653,True,1024,1024,1.0,RGB,3,JPEG,7fa36d9ea38ae9fa6aaa18d585a258002302a1646dba74562e22911261089106,,Blast,RiceLeafDiseaseBD,PRIMARY_DEVELOPMENT_DATASET,PRIMARY_000440,D:\BTech Final Year Project\RiceLeafDiseaseBD A Field-Based Annotated Smartpho\RiceLeafDiseaseBD A Field-Based Annotated Smartpho\RiceLeafDiseaseBD\RiceLeafDiseaseBD\Annotated images ( visual with labels)\Blast\labels\blast_200.txt,UNIQUE_GROUP_008923,False,calibration
blast_207.jpg,.jpg,Annotated images ( visual with labels)/Blast/visuals/blast_207.jpg,304350,True,1024,1024,1.0,RGB,3,JPEG,57574af198849f5ce79bb0e6c7867dd24f163a11ead30ea92fb7fb8cadb1381f,,Blast,RiceLeafDiseaseBD,PRIMARY_DEVELOPMENT_DATASET,PRIMARY_000447,D:\BTech Final Year Project\RiceLeafDiseaseBD A Field-Based Annotated Smartpho\RiceLeafDiseaseBD A Field-Based Annotated Smartpho\RiceLeafDiseaseBD\RiceLeafDiseaseBD\Annotated images ( visual with labels)\Blast\labels\blast_207.txt,UNIQUE_GROUP_006120,False,calibration
blast_218.jpg,.jpg,Annotated images ( visual with labels)/Blast/visuals/blast_218.jpg,238866,True,1024,1024,1.0,RGB,3,JPEG,ab3e47bfe64df2d9a2a2278e7ffbae17c4bd580a902cf5257be7ebf07d761f9c,,Blast,RiceLeafDiseaseBD,PRIMARY_DEVELOPMENT_DATASET,PRIMARY_000459,D:\BTech Final Year Project\RiceLeafDiseaseBD A Field-Based Annotated Smartpho\RiceLeafDiseaseBD A Field-Based Annotated Smartpho\RiceLeafDiseaseBD\RiceLeafDiseaseBD\Annotated images ( visual with labels)\Blast\labels\blast_218.txt,UNIQUE_GROUP_012001,False,calibration
blast_238.jpg,.jpg,Annotated images ( visual with labels)/Blast/visuals/blast_238.jpg,306166,True,1024,1024,1.0,RGB,3,JPEG,d68114deacb3d39e3974a597cc7c97cb954f5ea3f73d131a8913212f15b5ff59,,Blast,RiceLeafDiseaseBD,PRIMARY_DEVELOPMENT_DATASET,PRIMARY_000481,D:\BTech Final Year Project\RiceLeafDiseaseBD A Field-Based Annotated Smartpho\RiceLeafDiseaseBD A Field-Based Annotated Smartpho\RiceLeafDiseaseBD\RiceLeafDiseaseBD\Annotated images ( visual with labels)\Blast\labels\blast_238.txt,UNIQUE_GROUP_015006,False,calibration
blast_242.jpg,.jpg,Annotated images ( visual with labels)/Blast/visuals/blast_242.jpg,286845,True,1024,1024,1.0,RGB,3,JPEG,164436d3b133dea6c41480194cb9a30e7daa423b78a471f1723c852b8505ca4f,,Blast,RiceLeafDiseaseBD,PRIMARY_DEVELOPMENT_DATASET,PRIMARY_000486,D:\BTech Final Year Project\RiceLeafDiseaseBD A Field-Based Annotated Smartpho\RiceLeafDiseaseBD A Field-Based Annotated Smartpho\RiceLeafDiseaseBD\RiceLeafDiseaseBD\Annotated images ( visual with labels)\Blast\labels\blast_242.txt,UNIQUE_GROUP_001514,False,calibration
blast_27.jpg,.jpg,Annotated images ( visual with labels)/Blast/visuals/blast_27.jpg,291873,True,1024,1024,1.0,RGB,3,JPEG,0420da8d994c17e6493c5e2f3b6db566e032190f742d17f50faa13d208f04b17,,Blast,RiceLeafDiseaseBD,PRIMARY_DEVELOPMENT_DATASET,PRIMARY_000516,D:\BTech Final Year Project\RiceLeafDiseaseBD A Field-Based Annotated Smartpho\RiceLeafDiseaseBD A Field-Based Annotated Smartpho\RiceLeafDiseaseBD\RiceLeafDiseaseBD\Annotated images ( visual with labels)\Blast\labels\blast_27.txt,UNIQUE_GROUP_000269,False,calibration
blast_271.jpg,.jpg,Annotated images ( visual with labels)/Blast/visuals/blast_271.jpg,285366,True,1024,1024,1.0,RGB,3,JPEG,e6545426471ea5eefdcd8c28177905fb95d57b455a1c5d4e88decf46fe37e8d1,,Blast,RiceLeafDiseaseBD,PRIMARY_DEVELOPMENT_DATASET,PRIMARY_000518,D:\BTech Final Year Project\RiceLeafDiseaseBD A Field-Based Annotated Smartpho\RiceLeafDiseaseBD A Field-Based Annotated Smartpho\RiceLeafDiseaseBD\RiceLeafDiseaseBD\Annotated images ( visual with labels)\Blast\labels\blast_271.txt,UNIQUE_GROUP_016070,False,calibration
blast_273.jpg,.jpg,Annotated images ( visual with labels)/Blast/visuals/blast_273.jpg,268815,True,1024,1024,1.0,RGB,3,JPEG,a98be2dea4137ba2ca3ad284ef5a9d8b86922b114272842cebbb19bd195d47ef,,Blast,RiceLeafDiseaseBD,PRIMARY_DEVELOPMENT_DATASET,PRIMARY_000520,D:\BTech Final Year Project\RiceLeafDiseaseBD A Field-Based Annotated Smartpho\RiceLeafDiseaseBD A Field-Based Annotated Smartpho\RiceLeafDiseaseBD\RiceLeafDiseaseBD\Annotated images ( visual with labels)\Blast\labels\blast_273.txt,UNIQUE_GROUP_011871,False,calibration
blast_276.jpg,.jpg,Annotated images ( visual with labels)/Blast/visuals/blast_276.jpg,253175,True,1024,1024,1.0,RGB,3,JPEG,52f41e36393eeaab8a6f06a033fb00550a5c277ea91a85ca6d07a00e7af5856e,,Blast,RiceLeafDiseaseBD,PRIMARY_DEVELOPMENT_DATASET,PRIMARY_000523,D:\BTech Final Year Project\RiceLeafDiseaseBD A Field-Based Annotated Smartpho\RiceLeafDiseaseBD A Field-Based Annotated Smartpho\RiceLeafDiseaseBD\RiceLeafDiseaseBD\Annotated images ( visual with labels)\Blast\labels\blast_276.txt,UNIQUE_GROUP_005812,False,calibration
blast_28.jpg,.jpg,Annotated images ( visual with labels)/Blast/visuals/blast_28.jpg,288841,True,1024,1024,1.0,RGB,3,JPEG,7c0d61cff61861c1df569320c26c9bffb81fb32b2bb3cffb1db8efb6342440e9,,Blast,RiceLeafDiseaseBD,PRIMARY_DEVELOPMENT_DATASET,PRIMARY_000527,D:\BTech Final Year Project\RiceLeafDiseaseBD A Field-Based Annotated Smartpho\RiceLeafDiseaseBD A Field-Based Annotated Smartpho\RiceLeafDiseaseBD\RiceLeafDiseaseBD\Annotated images ( visual with labels)\Blast\labels\blast_28.txt,UNIQUE_GROUP_008657,False,calibration
blast_281.jpg,.jpg,Annotated images ( visual with labels)/Blast/visuals/blast_281.jpg,238078,True,1024,1024,1.0,RGB,3,JPEG,2c175adece68b7cdd0cba0db3c6c0e019b27b728def998cc119a77afc2559efa,,Blast,RiceLeafDiseaseBD,PRIMARY_DEVELOPMENT_DATASET,PRIMARY_000529,D:\BTech Final Year Project\RiceLeafDiseaseBD A Field-Based Annotated Smartpho\RiceLeafDiseaseBD A Field-Based Annotated Smartpho\RiceLeafDiseaseBD\RiceLeafDiseaseBD\Annotated images ( visual with labels)\Blast\labels\blast_281.txt,UNIQUE_GROUP_003073,False,calibration
blast_291.jpg,.jpg,Annotated images ( visual with labels)/Blast/visuals/blast_291.jpg,305113,True,1024,1024,1.0,RGB,3,JPEG,76f95fc1b70070aa43e475ef8c402c8a2749f533ca511b1793b8750aaf372922,,Blast,RiceLeafDiseaseBD,PRIMARY_DEVELOPMENT_DATASET,PRIMARY_000540,D:\BTech Final Year Project\RiceLeafDiseaseBD A Field-Based Annotated Smartpho\RiceLeafDiseaseBD A Field-Based Annotated Smartpho\RiceLeafDiseaseBD\RiceLeafDiseaseBD\Annotated images ( visual with labels)\Blast\labels\blast_291.txt,UNIQUE_GROUP_008297,False,calibration
blast_305.jpg,.jpg,Annotated images ( visual with labels)/Blast/visuals/blast_305.jpg,252228,True,1024,1024,1.0,RGB,3,JPEG,1a0efb6001e6b742e75fbb5b03f01bbcb2051f5eb2153fa684bdf84b31f5490d,,Blast,RiceLeafDiseaseBD,PRIMARY_DEVELOPMENT_DATASET,PRIMARY_000556,D:\BTech Final Year Project\RiceLeafDiseaseBD A Field-Based Annotated Smartpho\RiceLeafDiseaseBD A Field-Based Annotated Smartpho\RiceLeafDiseaseBD\RiceLeafDiseaseBD\Annotated images ( visual with labels)\Blast\labels\blast_305.txt,UNIQUE_GROUP_001792,False,calibration
blast_307.jpg,.jpg,Annotated images ( visual with labels)/Blast/visuals/blast_307.jpg,282437,True,1024,1024,1.0,RGB,3,JPEG,72b9878b573b9f648deb14268384229e2224541fce4cb4fa8f1a6724d5807ceb,,Blast,RiceLeafDiseaseBD,PRIMARY_DEVELOPMENT_DATASET,PRIMARY_000558,D:\BTech Final Year Project\RiceLeafDiseaseBD A Field-Based Annotated Smartpho\RiceLeafDiseaseBD A Field-Based Annotated Smartpho\RiceLeafDiseaseBD\RiceLeafDiseaseBD\Annotated images ( visual with labels)\Blast\labels\blast_307.txt,UNIQUE_GROUP_008014,False,calibration
blast_313.jpg,.jpg,Annotated images ( visual with labels)/Blast/visuals/blast_313.jpg,267614,True,1024,1024,1.0,RGB,3,JPEG,0cf4d67b18eadd18e7bd5647b21414fb1fcfe1cce5c85674c076914a8d1f2e5b,,Blast,RiceLeafDiseaseBD,PRIMARY_DEVELOPMENT_DATASET,PRIMARY_000565,D:\BTech Final Year Project\RiceLeafDiseaseBD A Field-Based Annotated Smartpho\RiceLeafDiseaseBD A Field-Based Annotated Smartpho\RiceLeafDiseaseBD\RiceLeafDiseaseBD\Annotated images ( visual with labels)\Blast\labels\blast_313.txt,UNIQUE_GROUP_000887,False,calibration
blast_315.jpg,.jpg,Annotated images ( visual with labels)/Blast/visuals/blast_315.jpg,273461,True,1024,1024,1.0,RGB,3,JPEG,b5b2e7163ef02aa6cc022b22550c7487c3ef18725224b5b68168a5c653055ac6,,Blast,RiceLeafDiseaseBD,PRIMARY_DEVELOPMENT_DATASET,PRIMARY_000567,D:\BTech Final Year Project\RiceLeafDiseaseBD A Field-Based Annotated Smartpho\RiceLeafDiseaseBD A Field-Based Annotated Smartpho\RiceLeafDiseaseBD\RiceLeafDiseaseBD\Annotated images ( visual with labels)\Blast\labels\blast_315.txt,UNIQUE_GROUP_012703,False,calibration
blast_342.jpg,.jpg,Annotated images ( visual with labels)/Blast/visuals/blast_342.jpg,316408,True,1024,1024,1.0,RGB,3,JPEG,b5b661a31e1516e32fa6695bdfcf08464626cdf3f0caa0fff302cb8d2c769385,,Blast,RiceLeafDiseaseBD,PRIMARY_DEVELOPMENT_DATASET,PRIMARY_000597,D:\BTech Final Year Project\RiceLeafDiseaseBD A Field-Based Annotated Smartpho\RiceLeafDiseaseBD A Field-Based Annotated Smartpho\RiceLeafDiseaseBD\RiceLeafDiseaseBD\Annotated images ( visual with labels)\Blast\labels\blast_342.txt,UNIQUE_GROUP_012705,False,calibration
blast_361.jpg,.jpg,Annotated images ( visual with labels)/Blast/visuals/blast_361.jpg,327592,True,1024,1024,1.0,RGB,3,JPEG,dcc780856259fd6aaf9767eac870033329d2f2b7860f3e5e0ee4c5cbe12a8355,,Blast,RiceLeafDiseaseBD,PRIMARY_DEVELOPMENT_DATASET,PRIMARY_000618,D:\BTech Final Year Project\RiceLeafDiseaseBD A Field-Based Annotated Smartpho\RiceLeafDiseaseBD A Field-Based Annotated Smartpho\RiceLeafDiseaseBD\RiceLeafDiseaseBD\Annotated images ( visual with labels)\Blast\labels\blast_361.txt,UNIQUE_GROUP_015432,False,calibration
blast_365.jpg,.jpg,Annotated images ( visual with labels)/Blast/visuals/blast_365.jpg,297755,True,1024,1024,1.0,RGB,3,JPEG,b7d2e10d0e5582b4d37f962061d82342d6562fcd821843cf81682bb10004ad47,,Blast,RiceLeafDiseaseBD,PRIMARY_DEVELOPMENT_DATASET,PRIMARY_000622,D:\BTech Final Year Project\RiceLeafDiseaseBD A Field-Based Annotated Smartpho\RiceLeafDiseaseBD A Field-Based Annotated Smartpho\RiceLeafDiseaseBD\RiceLeafDiseaseBD\Annotated images ( visual with labels)\Blast\labels\blast_365.txt,UNIQUE_GROUP_012844,False,calibration
blast_38.jpg,.jpg,Annotated images ( visual with labels)/Blast/visuals/blast_38.jpg,407201,True,1024,1024,1.0,RGB,3,JPEG,ea019d4473d6a6b59960561599e139ff6cdabc79efeb32fbcbc921422d7ce0c6,,Blast,RiceLeafDiseaseBD,PRIMARY_DEVELOPMENT_DATASET,PRIMARY_000638,D:\BTech Final Year Project\RiceLeafDiseaseBD A Field-Based Annotated Smartpho\RiceLeafDiseaseBD A Field-Based Annotated Smartpho\RiceLeafDiseaseBD\RiceLeafDiseaseBD\Annotated images ( visual with labels)\Blast\labels\blast_38.txt,UNIQUE_GROUP_016303,False,calibration
blast_384.jpg,.jpg,Annotated images ( visual with labels)/Blast/visuals/blast_384.jpg,290170,True,1024,1024,1.0,RGB,3,JPEG,bccb805b86b3a36b28611511715b713387b48bd88fd53d1a74fe635ae236fab9,,Blast,RiceLeafDiseaseBD,PRIMARY_DEVELOPMENT_DATASET,PRIMARY_000643,D:\BTech Final Year Project\RiceLeafDiseaseBD A Field-Based Annotated Smartpho\RiceLeafDiseaseBD A Field-Based Annotated Smartpho\RiceLeafDiseaseBD\RiceLeafDiseaseBD\Annotated images ( visual with labels)\Blast\labels\blast_384.txt,UNIQUE_GROUP_013191,False,calibration
blast_396.jpg,.jpg,Annotated images ( visual with labels)/Blast/visuals/blast_396.jpg,317391,True,1024,1024,1.0,RGB,3,JPEG,97bf9b15d8cde9cb8ecb11499bd6b869859ae373324820d94baff7303e64ab0c,,Blast,RiceLeafDiseaseBD,PRIMARY_DEVELOPMENT_DATASET,PRIMARY_000656,D:\BTech Final Year Project\RiceLeafDiseaseBD A Field-Based Annotated Smartpho\RiceLeafDiseaseBD A Field-Based Annotated Smartpho\RiceLeafDiseaseBD\RiceLeafDiseaseBD\Annotated images ( visual with labels)\Blast\labels\blast_396.txt,UNIQUE_GROUP_010622,False,calibration
blast_409.jpg,.jpg,Annotated images ( visual with labels)/Blast/visuals/blast_409.jpg,281567,True,1024,1024,1.0,RGB,3,JPEG,b91fd5714488105aeb2c67306a2bc2f2da22b5245ca715414e018ee990b5b30d,,Blast,RiceLeafDiseaseBD,PRIMARY_DEVELOPMENT_DATASET,PRIMARY_000671,D:\BTech Final Year Project\RiceLeafDiseaseBD A Field-Based Annotated Smartpho\RiceLeafDiseaseBD A Field-Based Annotated Smartpho\RiceLeafDiseaseBD\RiceLeafDiseaseBD\Annotated images ( visual with labels)\Blast\labels\blast_409.txt,UNIQUE_GROUP_012940,False,calibration
blast_41.jpg,.jpg,Annotated images ( visual with labels)/Blast/visuals/blast_41.jpg,416518,True,1024,1024,1.0,RGB,3,JPEG,6b645fec345d064ea17c2230571de87aa54806ee7a35ac2927d18ce2de1cadcb,,Blast,RiceLeafDiseaseBD,PRIMARY_DEVELOPMENT_DATASET,PRIMARY_000672,D:\BTech Final Year Project\RiceLeafDiseaseBD A Field-Based Annotated Smartpho\RiceLeafDiseaseBD A Field-Based Annotated Smartpho\RiceLeafDiseaseBD\RiceLeafDiseaseBD\Annotated images ( visual with labels)\Blast\labels\blast_41.txt,UNIQUE_GROUP_007501,False,calibration
blast_414.jpg,.jpg,Annotated images ( visual with labels)/Blast/visuals/blast_414.jpg,329874,True,1024,1024,1.0,RGB,3,JPEG,f808af600eb42b9a089134102e87e17f93f262acb0f4ab155580164ba19465f2,,Blast,RiceLeafDiseaseBD,PRIMARY_DEVELOPMENT_DATASET,PRIMARY_000677,D:\BTech Final Year Project\RiceLeafDiseaseBD A Field-Based Annotated Smartpho\RiceLeafDiseaseBD A Field-Based Annotated Smartpho\RiceLeafDiseaseBD\RiceLeafDiseaseBD\Annotated images ( visual with labels)\Blast\labels\blast_414.txt,UNIQUE_GROUP_017270,False,calibration
blast_418.jpg,.jpg,Annotated images ( visual with labels)/Blast/visuals/blast_418.jpg,274333,True,1024,1024,1.0,RGB,3,JPEG,f192fb736de0f80366a4730fec4261df65e26226d177633171a8c08ef5771c3c,,Blast,RiceLeafDiseaseBD,PRIMARY_DEVELOPMENT_DATASET,PRIMARY_000681,D:\BTech Final Year Project\RiceLeafDiseaseBD A Field-Based Annotated Smartpho\RiceLeafDiseaseBD A Field-Based Annotated Smartpho\RiceLeafDiseaseBD\RiceLeafDiseaseBD\Annotated images ( visual with labels)\Blast\labels\blast_418.txt,UNIQUE_GROUP_016815,False,calibration
blast_445.jpg,.jpg,Annotated images ( visual with labels)/Blast/visuals/blast_445.jpg,315650,True,1024,1024,1.0,RGB,3,JPEG,9f95fd2956a112c59619c3b315ffbbf04bd515f515a53711ce59979842971f70,,Blast,RiceLeafDiseaseBD,PRIMARY_DEVELOPMENT_DATASET,PRIMARY_000711,D:\BTech Final Year Project\RiceLeafDiseaseBD A Field-Based Annotated Smartpho\RiceLeafDiseaseBD A Field-Based Annotated Smartpho\RiceLeafDiseaseBD\RiceLeafDiseaseBD\Annotated images ( visual with labels)\Blast\labels\blast_445.txt,UNIQUE_GROUP_011176,False,calibration
blast_451.jpg,.jpg,Annotated images ( visual with labels)/Blast/visuals/blast_451.jpg,324105,True,1024,1024,1.0,RGB,3,JPEG,09f3af185525ee5fa7f04f65bba6f50f0060ca66c5fd710514325eb473d7dfc2,,Blast,RiceLeafDiseaseBD,PRIMARY_DEVELOPMENT_DATASET,PRIMARY_000718,D:\BTech Final Year Project\RiceLeafDiseaseBD A Field-Based Annotated Smartpho\RiceLeafDiseaseBD A Field-Based Annotated Smartpho\RiceLeafDiseaseBD\RiceLeafDiseaseBD\Annotated images ( visual with labels)\Blast\labels\blast_451.txt,UNIQUE_GROUP_000671,False,calibration
blast_485.jpg,.jpg,Annotated images ( visual with labels)/Blast/visuals/blast_485.jpg,326201,True,1024,1024,1.0,RGB,3,JPEG,3fe04d3d90296af6e66a9c60d4962deade151428e7d52112ca002f4bf1903de3,,Blast,RiceLeafDiseaseBD,PRIMARY_DEVELOPMENT_DATASET,PRIMARY_000755,D:\BTech Final Year Project\RiceLeafDiseaseBD A Field-Based Annotated Smartpho\RiceLeafDiseaseBD A Field-Based Annotated Smartpho\RiceLeafDiseaseBD\RiceLeafDiseaseBD\Annotated images ( visual with labels)\Blast\labels\blast_485.txt,UNIQUE_GROUP_004471,False,calibration
blast_504.jpg,.jpg,Annotated images ( visual with labels)/Blast/visuals/blast_504.jpg,316771,True,1024,1024,1.0,RGB,3,JPEG,a8fc5ff61b9e4bca181b1de6722ef25232731b37329b5d398de631c5d00b4624,,Blast,RiceLeafDiseaseBD,PRIMARY_DEVELOPMENT_DATASET,PRIMARY_000777,D:\BTech Final Year Project\RiceLeafDiseaseBD A Field-Based Annotated Smartpho\RiceLeafDiseaseBD A Field-Based Annotated Smartpho\RiceLeafDiseaseBD\RiceLeafDiseaseBD\Annotated images ( visual with labels)\Blast\labels\blast_504.txt,UNIQUE_GROUP_011833,False,calibration
blast_509.jpg,.jpg,Annotated images ( visual with labels)/Blast/visuals/blast_509.jpg,307899,True,1024,1024,1.0,RGB,3,JPEG,ec05f348772ff3c81add960de8b125abbcef9e50f5f93559d887273d7b99f406,,Blast,RiceLeafDiseaseBD,PRIMARY_DEVELOPMENT_DATASET,PRIMARY_000782,D:\BTech Final Year Project\RiceLeafDiseaseBD A Field-Based Annotated Smartpho\RiceLeafDiseaseBD A Field-Based Annotated Smartpho\RiceLeafDiseaseBD\RiceLeafDiseaseBD\Annotated images ( visual with labels)\Blast\labels\blast_509.txt,UNIQUE_GROUP_016446,False,calibration
blast_512.jpg,.jpg,Annotated images ( visual with labels)/Blast/visuals/blast_512.jpg,296420,True,1024,1024,1.0,RGB,3,JPEG,37c62a6547fab3e9ce33dca97798a24b2c7246feee933e5beaabde155014bde1,,Blast,RiceLeafDiseaseBD,PRIMARY_DEVELOPMENT_DATASET,PRIMARY_000786,D:\BTech Final Year Project\RiceLeafDiseaseBD A Field-Based Annotated Smartpho\RiceLeafDiseaseBD A Field-Based Annotated Smartpho\RiceLeafDiseaseBD\RiceLeafDiseaseBD\Annotated images ( visual with labels)\Blast\labels\blast_512.txt,UNIQUE_GROUP_003885,False,calibration
blast_522.jpg,.jpg,Annotated images ( visual with labels)/Blast/visuals/blast_522.jpg,356443,True,1024,1024,1.0,RGB,3,JPEG,f7a5c979bf2d86f5942d0d4abeb22396558ee4593687a46c6ac0ffa042251b48,,Blast,RiceLeafDiseaseBD,PRIMARY_DEVELOPMENT_DATASET,PRIMARY_000797,D:\BTech Final Year Project\RiceLeafDiseaseBD A Field-Based Annotated Smartpho\RiceLeafDiseaseBD A Field-Based Annotated Smartpho\RiceLeafDiseaseBD\RiceLeafDiseaseBD\Annotated images ( visual with labels)\Blast\labels\blast_522.txt,UNIQUE_GROUP_017238,False,calibration
blast_523.jpg,.jpg,Annotated images ( visual with labels)/Blast/visuals/blast_523.jpg,320974,True,1024,1024,1.0,RGB,3,JPEG,3484f209c7ef23a6d0b297e827cc8938a42756763081f9dd8a250deeb661f7d5,,Blast,RiceLeafDiseaseBD,PRIMARY_DEVELOPMENT_DATASET,PRIMARY_000798,D:\BTech Final Year Project\RiceLeafDiseaseBD A Field-Based Annotated Smartpho\RiceLeafDiseaseBD A Field-Based Annotated Smartpho\RiceLeafDiseaseBD\RiceLeafDiseaseBD\Annotated images ( visual with labels)\Blast\labels\blast_523.txt,UNIQUE_GROUP_003679,False,calibration
blast_534.jpg,.jpg,Annotated images ( visual with labels)/Blast/visuals/blast_534.jpg,293971,True,1024,1024,1.0,RGB,3,JPEG,19c137b397aae91e03c67f152cae32d540652f00eb91c58bea8e05d1c591dc98,,Blast,RiceLeafDiseaseBD,PRIMARY_DEVELOPMENT_DATASET,PRIMARY_000810,D:\BTech Final Year Project\RiceLeafDiseaseBD A Field-Based Annotated Smartpho\RiceLeafDiseaseBD A Field-Based Annotated Smartpho\RiceLeafDiseaseBD\RiceLeafDiseaseBD\Annotated images ( visual with labels)\Blast\labels\blast_534.txt,UNIQUE_GROUP_001770,False,calibration
blast_543.jpg,.jpg,Annotated images ( visual with labels)/Blast/visuals/blast_543.jpg,295544,True,1024,1024,1.0,RGB,3,JPEG,68affea710c895b0a6e1868ede4ed4c0851b176fa7ad079b9344dee1f213c7e4,,Blast,RiceLeafDiseaseBD,PRIMARY_DEVELOPMENT_DATASET,PRIMARY_000820,D:\BTech Final Year Project\RiceLeafDiseaseBD A Field-Based Annotated Smartpho\RiceLeafDiseaseBD A Field-Based Annotated Smartpho\RiceLeafDiseaseBD\RiceLeafDiseaseBD\Annotated images ( visual with labels)\Blast\labels\blast_543.txt,UNIQUE_GROUP_007333,False,calibration
blast_544.jpg,.jpg,Annotated images ( visual with labels)/Blast/visuals/blast_544.jpg,274437,True,1024,1024,1.0,RGB,3,JPEG,1a3497577ec5c622a19d49fc34fd3a417897de401ef80794460234d932ebaca7,,Blast,RiceLeafDiseaseBD,PRIMARY_DEVELOPMENT_DATASET,PRIMARY_000821,D:\BTech Final Year Project\RiceLeafDiseaseBD A Field-Based Annotated Smartpho\RiceLeafDiseaseBD A Field-Based Annotated Smartpho\RiceLeafDiseaseBD\RiceLeafDiseaseBD\Annotated images ( visual with labels)\Blast\labels\blast_544.txt,UNIQUE_GROUP_001803,False,calibration
blast_550.jpg,.jpg,Annotated images ( visual with labels)/Blast/visuals/blast_550.jpg,323501,True,1024,1024,1.0,RGB,3,JPEG,f50631811787daa45159ab080400589067dbe1d726bef3fd49fdde349b28b08a,,Blast,RiceLeafDiseaseBD,PRIMARY_DEVELOPMENT_DATASET,PRIMARY_000828,D:\BTech Final Year Project\RiceLeafDiseaseBD A Field-Based Annotated Smartpho\RiceLeafDiseaseBD A Field-Based Annotated Smartpho\RiceLeafDiseaseBD\RiceLeafDiseaseBD\Annotated images ( visual with labels)\Blast\labels\blast_550.txt,UNIQUE_GROUP_017046,False,calibration
blast_558.jpg,.jpg,Annotated images ( visual with labels)/Blast/visuals/blast_558.jpg,408496,True,1024,1024,1.0,RGB,3,JPEG,471e92c178b13a85c97e802ccd740b4e1f89442c240be5c1ff69adc1c10e9d84,,Blast,RiceLeafDiseaseBD,PRIMARY_DEVELOPMENT_DATASET,PRIMARY_000836,D:\BTech Final Year Project\RiceLeafDiseaseBD A Field-Based Annotated Smartpho\RiceLeafDiseaseBD A Field-Based Annotated Smartpho\RiceLeafDiseaseBD\RiceLeafDiseaseBD\Annotated images ( visual with labels)\Blast\labels\blast_558.txt,UNIQUE_GROUP_004950,False,calibration
blast_568.jpg,.jpg,Annotated images ( visual with labels)/Blast/visuals/blast_568.jpg,313442,True,1024,1024,1.0,RGB,3,JPEG,aea9fbdc56d8398b28ea9846e49789308c95bced021471ad1eeb47a0bc761e8d,,Blast,RiceLeafDiseaseBD,PRIMARY_DEVELOPMENT_DATASET,PRIMARY_000847,D:\BTech Final Year Project\RiceLeafDiseaseBD A Field-Based Annotated Smartpho\RiceLeafDiseaseBD A Field-Based Annotated Smartpho\RiceLeafDiseaseBD\RiceLeafDiseaseBD\Annotated images ( visual with labels)\Blast\labels\blast_568.txt,UNIQUE_GROUP_012218,False,calibration
blast_570.jpg,.jpg,Annotated images ( visual with labels)/Blast/visuals/blast_570.jpg,312663,True,1024,1024,1.0,RGB,3,JPEG,e249782dcaf9ee86e3c3501de7ffdbf9c4c82e6d7f51231393d9d4df0ebeabd5,,Blast,RiceLeafDiseaseBD,PRIMARY_DEVELOPMENT_DATASET,PRIMARY_000850,D:\BTech Final Year Project\RiceLeafDiseaseBD A Field-Based Annotated Smartpho\RiceLeafDiseaseBD A Field-Based Annotated Smartpho\RiceLeafDiseaseBD\RiceLeafDiseaseBD\Annotated images ( visual with labels)\Blast\labels\blast_570.txt,UNIQUE_GROUP_015808,False,calibration
blast_572.jpg,.jpg,Annotated images ( visual with labels)/Blast/visuals/blast_572.jpg,318284,True,1024,1024,1.0,RGB,3,JPEG,34d695a7cef7cf411eeefa00e99602672d6b1b3f5c9a0ea2a8f90f01fad899bd,,Blast,RiceLeafDiseaseBD,PRIMARY_DEVELOPMENT_DATASET,PRIMARY_000852,D:\BTech Final Year Project\RiceLeafDiseaseBD A Field-Based Annotated Smartpho\RiceLeafDiseaseBD A Field-Based Annotated Smartpho\RiceLeafDiseaseBD\RiceLeafDiseaseBD\Annotated images ( visual with labels)\Blast\labels\blast_572.txt,UNIQUE_GROUP_003697,False,calibration
blast_574.jpg,.jpg,Annotated images ( visual with labels)/Blast/visuals/blast_574.jpg,309163,True,1024,1024,1.0,RGB,3,JPEG,1c79204d2bb6463391cbaf2550d6b1fcd3ff04f37c41c8d5656d361f214b9262,,Blast,RiceLeafDiseaseBD,PRIMARY_DEVELOPMENT_DATASET,PRIMARY_000854,D:\BTech Final Year Project\RiceLeafDiseaseBD A Field-Based Annotated Smartpho\RiceLeafDiseaseBD A Field-Based Annotated Smartpho\RiceLeafDiseaseBD\RiceLeafDiseaseBD\Annotated images ( visual with labels)\Blast\labels\blast_574.txt,UNIQUE_GROUP_001984,False,calibration
blast_584.jpg,.jpg,Annotated images ( visual with labels)/Blast/visuals/blast_584.jpg,307707,True,1024,1024,1.0,RGB,3,JPEG,1aeb16ac0714c41ea5e325d3574c415273cae158af80f590c6f3e156c5b63562,,Blast,RiceLeafDiseaseBD,PRIMARY_DEVELOPMENT_DATASET,PRIMARY_000865,D:\BTech Final Year Project\RiceLeafDiseaseBD A Field-Based Annotated Smartpho\RiceLeafDiseaseBD A Field-Based Annotated Smartpho\RiceLeafDiseaseBD\RiceLeafDiseaseBD\Annotated images ( visual with labels)\Blast\labels\blast_584.txt,UNIQUE_GROUP_001882,False,calibration
blast_598.jpg,.jpg,Annotated images ( visual with labels)/Blast/visuals/blast_598.jpg,287307,True,1024,1024,1.0,RGB,3,JPEG,1b0a35827f4d8c911e1b51ec1c65db3cb8f7189c93e22a3e56a1460f75f14913,,Blast,RiceLeafDiseaseBD,PRIMARY_DEVELOPMENT_DATASET,PRIMARY_000880,D:\BTech Final Year Project\RiceLeafDiseaseBD A Field-Based Annotated Smartpho\RiceLeafDiseaseBD A Field-Based Annotated Smartpho\RiceLeafDiseaseBD\RiceLeafDiseaseBD\Annotated images ( visual with labels)\Blast\labels\blast_598.txt,UNIQUE_GROUP_001890,False,calibration
blast_600.jpg,.jpg,Annotated images ( visual with labels)/Blast/visuals/blast_600.jpg,283417,True,1024,1024,1.0,RGB,3,JPEG,37a8b1c01fe78d36fc9857ccce6063eadf558aa72a11b0a7969c5d744c1f84be,,Blast,RiceLeafDiseaseBD,PRIMARY_DEVELOPMENT_DATASET,PRIMARY_000884,D:\BTech Final Year Project\RiceLeafDiseaseBD A Field-Based Annotated Smartpho\RiceLeafDiseaseBD A Field-Based Annotated Smartpho\RiceLeafDiseaseBD\RiceLeafDiseaseBD\Annotated images ( visual with labels)\Blast\labels\blast_600.txt,UNIQUE_GROUP_003871,False,calibration
blast_608.jpg,.jpg,Annotated images ( visual with labels)/Blast/visuals/blast_608.jpg,295619,True,1024,1024,1.0,RGB,3,JPEG,a59d3ff0ceb199cf21182f650068c0f19ba24de6c397a9d769d64d51b5fa5f4d,,Blast,RiceLeafDiseaseBD,PRIMARY_DEVELOPMENT_DATASET,PRIMARY_000892,D:\BTech Final Year Project\RiceLeafDiseaseBD A Field-Based Annotated Smartpho\RiceLeafDiseaseBD A Field-Based Annotated Smartpho\RiceLeafDiseaseBD\RiceLeafDiseaseBD\Annotated images ( visual with labels)\Blast\labels\blast_608.txt,UNIQUE_GROUP_011579,False,calibration
blast_612.jpg,.jpg,Annotated images ( visual with labels)/Blast/visuals/blast_612.jpg,298762,True,1024,1024,1.0,RGB,3,JPEG,15097e13d80f8994328e6654a69d879e5b60ec3c63a6746f4340c2bbd0b08180,,Blast,RiceLeafDiseaseBD,PRIMARY_DEVELOPMENT_DATASET,PRIMARY_000897,D:\BTech Final Year Project\RiceLeafDiseaseBD A Field-Based Annotated Smartpho\RiceLeafDiseaseBD A Field-Based Annotated Smartpho\RiceLeafDiseaseBD\RiceLeafDiseaseBD\Annotated images ( visual with labels)\Blast\labels\blast_612.txt,UNIQUE_GROUP_001435,False,calibration
blast_616.jpg,.jpg,Annotated images ( visual with labels)/Blast/visuals/blast_616.jpg,274777,True,1024,1024,1.0,RGB,3,JPEG,8a3577d59692f3b43fc72c488dbc14d6fd01a8211b15d3e5bdbabcd56471e03a,,Blast,RiceLeafDiseaseBD,PRIMARY_DEVELOPMENT_DATASET,PRIMARY_000901,D:\BTech Final Year Project\RiceLeafDiseaseBD A Field-Based Annotated Smartpho\RiceLeafDiseaseBD A Field-Based Annotated Smartpho\RiceLeafDiseaseBD\RiceLeafDiseaseBD\Annotated images ( visual with labels)\Blast\labels\blast_616.txt,UNIQUE_GROUP_009651,False,calibration
blast_636.jpg,.jpg,Annotated images ( visual with labels)/Blast/visuals/blast_636.jpg,299394,True,1024,1024,1.0,RGB,3,JPEG,33739e3e142e96a1b2b8d2823c13d64b1db0ff6d7b111f222c8189fb973efad3,,Blast,RiceLeafDiseaseBD,PRIMARY_DEVELOPMENT_DATASET,PRIMARY_000923,D:\BTech Final Year Project\RiceLeafDiseaseBD A Field-Based Annotated Smartpho\RiceLeafDiseaseBD A Field-Based Annotated Smartpho\RiceLeafDiseaseBD\RiceLeafDiseaseBD\Annotated images ( visual with labels)\Blast\labels\blast_636.txt,UNIQUE_GROUP_003590,False,calibration
blast_643.jpg,.jpg,Annotated images ( visual with labels)/Blast/visuals/blast_643.jpg,281787,True,1024,1024,1.0,RGB,3,JPEG,37bf9488ad29784d5faaeaad03fb2173a1b280a555d093c38448a7091772c3b0,,Blast,RiceLeafDiseaseBD,PRIMARY_DEVELOPMENT_DATASET,PRIMARY_000931,D:\BTech Final Year Project\RiceLeafDiseaseBD A Field-Based Annotated Smartpho\RiceLeafDiseaseBD A Field-Based Annotated Smartpho\RiceLeafDiseaseBD\RiceLeafDiseaseBD\Annotated images ( visual with labels)\Blast\labels\blast_643.txt,UNIQUE_GROUP_003879,False,calibration
blast_662.jpg,.jpg,Annotated images ( visual with labels)/Blast/visuals/blast_662.jpg,320878,True,1024,1024,1.0,RGB,3,JPEG,a1466a546bb62cc6b9eb85973e93fccd2283a56d1cb21630df645e17eca417a8,,Blast,RiceLeafDiseaseBD,PRIMARY_DEVELOPMENT_DATASET,PRIMARY_000952,D:\BTech Final Year Project\RiceLeafDiseaseBD A Field-Based Annotated Smartpho\RiceLeafDiseaseBD A Field-Based Annotated Smartpho\RiceLeafDiseaseBD\RiceLeafDiseaseBD\Annotated images ( visual with labels)\Blast\labels\blast_662.txt,UNIQUE_GROUP_011301,False,calibration
blast_665.jpg,.jpg,Annotated images ( visual with labels)/Blast/visuals/blast_665.jpg,277507,True,1024,1024,1.0,RGB,3,JPEG,5680fadd32c1cdb6d0e0cb77da74de32f71bd4b17657205bb8a286101ed934e6,,Blast,RiceLeafDiseaseBD,PRIMARY_DEVELOPMENT_DATASET,PRIMARY_000955,D:\BTech Final Year Project\RiceLeafDiseaseBD A Field-Based Annotated Smartpho\RiceLeafDiseaseBD A Field-Based Annotated Smartpho\RiceLeafDiseaseBD\RiceLeafDiseaseBD\Annotated images ( visual with labels)\Blast\labels\blast_665.txt,UNIQUE_GROUP_006055,False,calibration
blast_668.jpg,.jpg,Annotated images ( visual with labels)/Blast/visuals/blast_668.jpg,294240,True,1024,1024,1.0,RGB,3,JPEG,803fe4a62b7072734cfd371a56e034b23031dce3288fc0e65a09e07fca4a7b09,,Blast,RiceLeafDiseaseBD,PRIMARY_DEVELOPMENT_DATASET,PRIMARY_000958,D:\BTech Final Year Project\RiceLeafDiseaseBD A Field-Based Annotated Smartpho\RiceLeafDiseaseBD A Field-Based Annotated Smartpho\RiceLeafDiseaseBD\RiceLeafDiseaseBD\Annotated images ( visual with labels)\Blast\labels\blast_668.txt,UNIQUE_GROUP_008963,False,calibration
blast_677.jpg,.jpg,Annotated images ( visual with labels)/Blast/visuals/blast_677.jpg,305752,True,1024,1024,1.0,RGB,3,JPEG,829b40a6c8621ae34dccf1ec75abc413ed14c97f41c273b55cb70b94bc4d88bf,,Blast,RiceLeafDiseaseBD,PRIMARY_DEVELOPMENT_DATASET,PRIMARY_000968,D:\BTech Final Year Project\RiceLeafDiseaseBD A Field-Based Annotated Smartpho\RiceLeafDiseaseBD A Field-Based Annotated Smartpho\RiceLeafDiseaseBD\RiceLeafDiseaseBD\Annotated images ( visual with labels)\Blast\labels\blast_677.txt,UNIQUE_GROUP_009132,False,calibration
blast_679.jpg,.jpg,Annotated images ( visual with labels)/Blast/visuals/blast_679.jpg,279637,True,1024,1024,1.0,RGB,3,JPEG,4016bc0fd89759d0a046d8ab500da702be0c4a623e63c39fa696abbc66133a27,,Blast,RiceLeafDiseaseBD,PRIMARY_DEVELOPMENT_DATASET,PRIMARY_000970,D:\BTech Final Year Project\RiceLeafDiseaseBD A Field-Based Annotated Smartpho\RiceLeafDiseaseBD A Field-Based Annotated Smartpho\RiceLeafDiseaseBD\RiceLeafDiseaseBD\Annotated images ( visual with labels)\Blast\labels\blast_679.txt,UNIQUE_GROUP_004486,False,calibration
blast_683.jpg,.jpg,Annotated images ( visual with labels)/Blast/visuals/blast_683.jpg,285477,True,1024,1024,1.0,RGB,3,JPEG,7b94876bb9ee1d750f5910e37d2108435bf1b6be3faaf20b98310e11d03704ae,,Blast,RiceLeafDiseaseBD,PRIMARY_DEVELOPMENT_DATASET,PRIMARY_000975,D:\BTech Final Year Project\RiceLeafDiseaseBD A Field-Based Annotated Smartpho\RiceLeafDiseaseBD A Field-Based Annotated Smartpho\RiceLeafDiseaseBD\RiceLeafDiseaseBD\Annotated images ( visual with labels)\Blast\labels\blast_683.txt,UNIQUE_GROUP_008614,False,calibration
blast_707.jpg,.jpg,Annotated images ( visual with labels)/Blast/visuals/blast_707.jpg,283385,True,1024,1024,1.0,RGB,3,JPEG,a39529e211e7f1344df0cba2b6e5bde11c3b752a0f4e1c1ca2f2df13d6f9a9f6,,Blast,RiceLeafDiseaseBD,PRIMARY_DEVELOPMENT_DATASET,PRIMARY_001002,D:\BTech Final Year Project\RiceLeafDiseaseBD A Field-Based Annotated Smartpho\RiceLeafDiseaseBD A Field-Based Annotated Smartpho\RiceLeafDiseaseBD\RiceLeafDiseaseBD\Annotated images ( visual with labels)\Blast\labels\blast_707.txt,UNIQUE_GROUP_011453,False,calibration
blast_711.jpg,.jpg,Annotated images ( visual with labels)/Blast/visuals/blast_711.jpg,349266,True,1024,1024,1.0,RGB,3,JPEG,49465d96bccf38e3ebdf6e7b9acefe475ef460f4818e784290735c347d562e44,,Blast,RiceLeafDiseaseBD,PRIMARY_DEVELOPMENT_DATASET,PRIMARY_001007,D:\BTech Final Year Project\RiceLeafDiseaseBD A Field-Based Annotated Smartpho\RiceLeafDiseaseBD A Field-Based Annotated Smartpho\RiceLeafDiseaseBD\RiceLeafDiseaseBD\Annotated images ( visual with labels)\Blast\labels\blast_711.txt,UNIQUE_GROUP_005108,False,calibration
blast_728.jpg,.jpg,Annotated images ( visual with labels)/Blast/visuals/blast_728.jpg,238417,True,1024,1024,1.0,RGB,3,JPEG,b3ef597e270c30c01e96dbbaffa59a6746ef5c772008d6811cf35dadc0b8ece6,,Blast,RiceLeafDiseaseBD,PRIMARY_DEVELOPMENT_DATASET,PRIMARY_001025,D:\BTech Final Year Project\RiceLeafDiseaseBD A Field-Based Annotated Smartpho\RiceLeafDiseaseBD A Field-Based Annotated Smartpho\RiceLeafDiseaseBD\RiceLeafDiseaseBD\Annotated images ( visual with labels)\Blast\labels\blast_728.txt,UNIQUE_GROUP_012585,False,calibration
blast_733.jpg,.jpg,Annotated images ( visual with labels)/Blast/visuals/blast_733.jpg,240988,True,1024,1024,1.0,RGB,3,JPEG,632d2a817e55d36fc0425f44a05c53a887c8a52de2c91f627c36991e5d8e0388,,Blast,RiceLeafDiseaseBD,PRIMARY_DEVELOPMENT_DATASET,PRIMARY_001031,D:\BTech Final Year Project\RiceLeafDiseaseBD A Field-Based Annotated Smartpho\RiceLeafDiseaseBD A Field-Based Annotated Smartpho\RiceLeafDiseaseBD\RiceLeafDiseaseBD\Annotated images ( visual with labels)\Blast\labels\blast_733.txt,UNIQUE_GROUP_006947,False,calibration
blast_739.jpg,.jpg,Annotated images ( visual with labels)/Blast/visuals/blast_739.jpg,339854,True,1024,1024,1.0,RGB,3,JPEG,c95f94005e67f35593b4f14ae9a8fd3516775de1fb5f1e14ebd505297d22bc32,,Blast,RiceLeafDiseaseBD,PRIMARY_DEVELOPMENT_DATASET,PRIMARY_001037,D:\BTech Final Year Project\RiceLeafDiseaseBD A Field-Based Annotated Smartpho\RiceLeafDiseaseBD A Field-Based Annotated Smartpho\RiceLeafDiseaseBD\RiceLeafDiseaseBD\Annotated images ( visual with labels)\Blast\labels\blast_739.txt,UNIQUE_GROUP_014093,False,calibration
blast_743.jpg,.jpg,Annotated images ( visual with labels)/Blast/visuals/blast_743.jpg,249276,True,1024,1024,1.0,RGB,3,JPEG,c1d136ed99bca693a05ad59dcfecd095d9523f18a460479abb8b09f40e07c13d,,Blast,RiceLeafDiseaseBD,PRIMARY_DEVELOPMENT_DATASET,PRIMARY_001042,D:\BTech Final Year Project\RiceLeafDiseaseBD A Field-Based Annotated Smartpho\RiceLeafDiseaseBD A Field-Based Annotated Smartpho\RiceLeafDiseaseBD\RiceLeafDiseaseBD\Annotated images ( visual with labels)\Blast\labels\blast_743.txt,UNIQUE_GROUP_013564,False,calibration
blast_777.jpg,.jpg,Annotated images ( visual with labels)/Blast/visuals/blast_777.jpg,250262,True,1024,1024,1.0,RGB,3,JPEG,0ebffd1cfdce1d032cd38569fd0c0d9af3b53091a445fe0d26483b1c259c7f77,,Blast,RiceLeafDiseaseBD,PRIMARY_DEVELOPMENT_DATASET,PRIMARY_001079,D:\BTech Final Year Project\RiceLeafDiseaseBD A Field-Based Annotated Smartpho\RiceLeafDiseaseBD A Field-Based Annotated Smartpho\RiceLeafDiseaseBD\RiceLeafDiseaseBD\Annotated images ( visual with labels)\Blast\labels\blast_777.txt,UNIQUE_GROUP_001018,False,calibration
blast_779.jpg,.jpg,Annotated images ( visual with labels)/Blast/visuals/blast_779.jpg,257298,True,1024,1024,1.0,RGB,3,JPEG,dc55616d7daafe026320cdd289e398352a1861c9f56e7564fee475c0e102a945,,Blast,RiceLeafDiseaseBD,PRIMARY_DEVELOPMENT_DATASET,PRIMARY_001081,D:\BTech Final Year Project\RiceLeafDiseaseBD A Field-Based Annotated Smartpho\RiceLeafDiseaseBD A Field-Based Annotated Smartpho\RiceLeafDiseaseBD\RiceLeafDiseaseBD\Annotated images ( visual with labels)\Blast\labels\blast_779.txt,UNIQUE_GROUP_015398,False,calibration
blast_806.jpg,.jpg,Annotated images ( visual with labels)/Blast/visuals/blast_806.jpg,271510,True,1024,1024,1.0,RGB,3,JPEG,f048414c51e94965cbc98af0a85bad9250ac6866c6cd7a7eb48e6070496f2f4b,,Blast,RiceLeafDiseaseBD,PRIMARY_DEVELOPMENT_DATASET,PRIMARY_001112,D:\BTech Final Year Project\RiceLeafDiseaseBD A Field-Based Annotated Smartpho\RiceLeafDiseaseBD A Field-Based Annotated Smartpho\RiceLeafDiseaseBD\RiceLeafDiseaseBD\Annotated images ( visual with labels)\Blast\labels\blast_806.txt,UNIQUE_GROUP_016741,False,calibration
blast_811.jpg,.jpg,Annotated images ( visual with labels)/Blast/visuals/blast_811.jpg,268136,True,1024,1024,1.0,RGB,3,JPEG,dc8be2536870e4044d8b90dc8c18d6f6d8464c4ad097c97f0cb3e05140d73195,,Blast,RiceLeafDiseaseBD,PRIMARY_DEVELOPMENT_DATASET,PRIMARY_001118,D:\BTech Final Year Project\RiceLeafDiseaseBD A Field-Based Annotated Smartpho\RiceLeafDiseaseBD A Field-Based Annotated Smartpho\RiceLeafDiseaseBD\RiceLeafDiseaseBD\Annotated images ( visual with labels)\Blast\labels\blast_811.txt,UNIQUE_GROUP_015414,False,calibration
blast_845.jpg,.jpg,Annotated images ( visual with labels)/Blast/visuals/blast_845.jpg,272378,True,1024,1024,1.0,RGB,3,JPEG,8ce52659af7af457596e2bd63865e730c6d5e8514957bd621af739c273096f2d,,Blast,RiceLeafDiseaseBD,PRIMARY_DEVELOPMENT_DATASET,PRIMARY_001155,D:\BTech Final Year Project\RiceLeafDiseaseBD A Field-Based Annotated Smartpho\RiceLeafDiseaseBD A Field-Based Annotated Smartpho\RiceLeafDiseaseBD\RiceLeafDiseaseBD\Annotated images ( visual with labels)\Blast\labels\blast_845.txt,UNIQUE_GROUP_009876,False,calibration
blast_861.jpg,.jpg,Annotated images ( visual with labels)/Blast/visuals/blast_861.jpg,227043,True,1024,1024,1.0,RGB,3,JPEG,1671f1a55c60267c622c9303d801d1c829b29a913f2c1910dbbca96e80caf2ff,,Blast,RiceLeafDiseaseBD,PRIMARY_DEVELOPMENT_DATASET,PRIMARY_001173,D:\BTech Final Year Project\RiceLeafDiseaseBD A Field-Based Annotated Smartpho\RiceLeafDiseaseBD A Field-Based Annotated Smartpho\RiceLeafDiseaseBD\RiceLeafDiseaseBD\Annotated images ( visual with labels)\Blast\labels\blast_861.txt,UNIQUE_GROUP_001526,False,calibration
blast_87.jpg,.jpg,Annotated images ( visual with labels)/Blast/visuals/blast_87.jpg,400864,True,1024,1024,1.0,RGB,3,JPEG,6e558e9498cdd6384b764966bb4b697b53cefed2462a5f852d47433a588f13f9,,Blast,RiceLeafDiseaseBD,PRIMARY_DEVELOPMENT_DATASET,PRIMARY_001182,D:\BTech Final Year Project\RiceLeafDiseaseBD A Field-Based Annotated Smartpho\RiceLeafDiseaseBD A Field-Based Annotated Smartpho\RiceLeafDiseaseBD\RiceLeafDiseaseBD\Annotated images ( visual with labels)\Blast\labels\blast_87.txt,UNIQUE_GROUP_007702,False,calibration
blast_870.jpg,.jpg,Annotated images ( visual with labels)/Blast/visuals/blast_870.jpg,265728,True,1024,1024,1.0,RGB,3,JPEG,b2e66344a1886822d08d8b81be76cd2e31596482dd9c771fb0cf0a0c42a5cb3b,,Blast,RiceLeafDiseaseBD,PRIMARY_DEVELOPMENT_DATASET,PRIMARY_001183,D:\BTech Final Year Project\RiceLeafDiseaseBD A Field-Based Annotated Smartpho\RiceLeafDiseaseBD A Field-Based Annotated Smartpho\RiceLeafDiseaseBD\RiceLeafDiseaseBD\Annotated images ( visual with labels)\Blast\labels\blast_870.txt,UNIQUE_GROUP_012511,False,calibration
blast_873.jpg,.jpg,Annotated images ( visual with labels)/Blast/visuals/blast_873.jpg,260440,True,1024,1024,1.0,RGB,3,JPEG,561dd1ab0fea97bd868143f4d40dec403eb19f22d2e2b12fb92e4232d442bfae,,Blast,RiceLeafDiseaseBD,PRIMARY_DEVELOPMENT_DATASET,PRIMARY_001186,D:\BTech Final Year Project\RiceLeafDiseaseBD A Field-Based Annotated Smartpho\RiceLeafDiseaseBD A Field-Based Annotated Smartpho\RiceLeafDiseaseBD\RiceLeafDiseaseBD\Annotated images ( visual with labels)\Blast\labels\blast_873.txt,UNIQUE_GROUP_006031,False,calibration
blast_879.jpg,.jpg,Annotated images ( visual with labels)/Blast/visuals/blast_879.jpg,265938,True,1024,1024,1.0,RGB,3,JPEG,49932ec6ae9d3b9e0d951e5d83828277bb00997380c9635bd144e12416f11e37,,Blast,RiceLeafDiseaseBD,PRIMARY_DEVELOPMENT_DATASET,PRIMARY_001192,D:\BTech Final Year Project\RiceLeafDiseaseBD A Field-Based Annotated Smartpho\RiceLeafDiseaseBD A Field-Based Annotated Smartpho\RiceLeafDiseaseBD\RiceLeafDiseaseBD\Annotated images ( visual with labels)\Blast\labels\blast_879.txt,UNIQUE_GROUP_005127,False,calibration
blast_880.jpg,.jpg,Annotated images ( visual with labels)/Blast/visuals/blast_880.jpg,227891,True,1024,1024,1.0,RGB,3,JPEG,317ec865574b999d4eec010b2531fc6613b2838d885a9d02796c4db620c66035,,Blast,RiceLeafDiseaseBD,PRIMARY_DEVELOPMENT_DATASET,PRIMARY_001194,D:\BTech Final Year Project\RiceLeafDiseaseBD A Field-Based Annotated Smartpho\RiceLeafDiseaseBD A Field-Based Annotated Smartpho\RiceLeafDiseaseBD\RiceLeafDiseaseBD\Annotated images ( visual with labels)\Blast\labels\blast_880.txt,UNIQUE_GROUP_003467,False,calibration
blast_883.jpg,.jpg,Annotated images ( visual with labels)/Blast/visuals/blast_883.jpg,232124,True,1024,1024,1.0,RGB,3,JPEG,19947bd3603d39fdfc2b7cf8ef68e05f119a8c4c6624ad77059c84e15604a9a8,,Blast,RiceLeafDiseaseBD,PRIMARY_DEVELOPMENT_DATASET,PRIMARY_001197,D:\BTech Final Year Project\RiceLeafDiseaseBD A Field-Based Annotated Smartpho\RiceLeafDiseaseBD A Field-Based Annotated Smartpho\RiceLeafDiseaseBD\RiceLeafDiseaseBD\Annotated images ( visual with labels)\Blast\labels\blast_883.txt,UNIQUE_GROUP_001759,False,calibration
blast_889.jpg,.jpg,Annotated images ( visual with labels)/Blast/visuals/blast_889.jpg,321581,True,1024,1024,1.0,RGB,3,JPEG,7e140e5afd0022bacff53a5f532ff58c847c30688ce39db120a4b7273ce8f2fc,,Blast,RiceLeafDiseaseBD,PRIMARY_DEVELOPMENT_DATASET,PRIMARY_001203,D:\BTech Final Year Project\RiceLeafDiseaseBD A Field-Based Annotated Smartpho\RiceLeafDiseaseBD A Field-Based Annotated Smartpho\RiceLeafDiseaseBD\RiceLeafDiseaseBD\Annotated images ( visual with labels)\Blast\labels\blast_889.txt,UNIQUE_GROUP_008814,False,calibration
blast_9.jpg,.jpg,Annotated images ( visual with labels)/Blast/visuals/blast_9.jpg,316791,True,1024,1024,1.0,RGB,3,JPEG,e1c79084e71097fa31f3ca8b6654f655f13b300297767c0ac824d114117f7945,,Blast,RiceLeafDiseaseBD,PRIMARY_DEVELOPMENT_DATASET,PRIMARY_001215,D:\BTech Final Year Project\RiceLeafDiseaseBD A Field-Based Annotated Smartpho\RiceLeafDiseaseBD A Field-Based Annotated Smartpho\RiceLeafDiseaseBD\RiceLeafDiseaseBD\Annotated images ( visual with labels)\Blast\labels\blast_9.txt,UNIQUE_GROUP_015771,False,calibration
blast_901.jpg,.jpg,Annotated images ( visual with labels)/Blast/visuals/blast_901.jpg,225803,True,1024,1024,1.0,RGB,3,JPEG,653362e4b837f7842364d1bb157fe0c16567d427d3a3b13af549f88e75c79ac4,,Blast,RiceLeafDiseaseBD,PRIMARY_DEVELOPMENT_DATASET,PRIMARY_001218,D:\BTech Final Year Project\RiceLeafDiseaseBD A Field-Based Annotated Smartpho\RiceLeafDiseaseBD A Field-Based Annotated Smartpho\RiceLeafDiseaseBD\RiceLeafDiseaseBD\Annotated images ( visual with labels)\Blast\labels\blast_901.txt,UNIQUE_GROUP_007092,False,calibration
blast_909.jpg,.jpg,Annotated images ( visual with labels)/Blast/visuals/blast_909.jpg,273645,True,1024,1024,1.0,RGB,3,JPEG,07fca2b9c2faac092db809f450b1e897730c0b9e158ab4cb2c43aefcd9b9305e,,Blast,RiceLeafDiseaseBD,PRIMARY_DEVELOPMENT_DATASET,PRIMARY_001226,D:\BTech Final Year Project\RiceLeafDiseaseBD A Field-Based Annotated Smartpho\RiceLeafDiseaseBD A Field-Based Annotated Smartpho\RiceLeafDiseaseBD\RiceLeafDiseaseBD\Annotated images ( visual with labels)\Blast\labels\blast_909.txt,UNIQUE_GROUP_000534,False,calibration
blast_910.jpg,.jpg,Annotated images ( visual with labels)/Blast/visuals/blast_910.jpg,271230,True,1024,1024,1.0,RGB,3,JPEG,e9ee07ceae39ba90da99503267a4f200d98548770ad8ecf210b00b5c71c2620c,,Blast,RiceLeafDiseaseBD,PRIMARY_DEVELOPMENT_DATASET,PRIMARY_001228,D:\BTech Final Year Project\RiceLeafDiseaseBD A Field-Based Annotated Smartpho\RiceLeafDiseaseBD A Field-Based Annotated Smartpho\RiceLeafDiseaseBD\RiceLeafDiseaseBD\Annotated images ( visual with labels)\Blast\labels\blast_910.txt,UNIQUE_GROUP_016297,False,calibration
blast_912.jpg,.jpg,Annotated images ( visual with labels)/Blast/visuals/blast_912.jpg,271743,True,1024,1024,1.0,RGB,3,JPEG,b053e0004119ab14ee09365d83581c04ab6b533f477040db08c50a4116ffdebe,,Blast,RiceLeafDiseaseBD,PRIMARY_DEVELOPMENT_DATASET,PRIMARY_001230,D:\BTech Final Year Project\RiceLeafDiseaseBD A Field-Based Annotated Smartpho\RiceLeafDiseaseBD A Field-Based Annotated Smartpho\RiceLeafDiseaseBD\RiceLeafDiseaseBD\Annotated images ( visual with labels)\Blast\labels\blast_912.txt,UNIQUE_GROUP_012330,False,calibration
blast_928.jpg,.jpg,Annotated images ( visual with labels)/Blast/visuals/blast_928.jpg,326143,True,1024,1024,1.0,RGB,3,JPEG,705772c7f363e7e5541ef7817be19993f9a39d3e34f5bb5ca202290787b946d5,,Blast,RiceLeafDiseaseBD,PRIMARY_DEVELOPMENT_DATASET,PRIMARY_001247,D:\BTech Final Year Project\RiceLeafDiseaseBD A Field-Based Annotated Smartpho\RiceLeafDiseaseBD A Field-Based Annotated Smartpho\RiceLeafDiseaseBD\RiceLeafDiseaseBD\Annotated images ( visual with labels)\Blast\labels\blast_928.txt,UNIQUE_GROUP_007841,False,calibration
blast_93.jpg,.jpg,Annotated images ( visual with labels)/Blast/visuals/blast_93.jpg,357752,True,1024,1024,1.0,RGB,3,JPEG,5a2a72db18d08fd89c5c75fdeab41d878c1e27a10e502c593477214356de6138,,Blast,RiceLeafDiseaseBD,PRIMARY_DEVELOPMENT_DATASET,PRIMARY_001249,D:\BTech Final Year Project\RiceLeafDiseaseBD A Field-Based Annotated Smartpho\RiceLeafDiseaseBD A Field-Based Annotated Smartpho\RiceLeafDiseaseBD\RiceLeafDiseaseBD\Annotated images ( visual with labels)\Blast\labels\blast_93.txt,UNIQUE_GROUP_006313,False,calibration
blast_954.jpg,.jpg,Annotated images ( visual with labels)/Blast/visuals/blast_954.jpg,302964,True,1024,1024,1.0,RGB,3,JPEG,37f61c900c71dfd33463f715544c366224916be18abd44f5e3fae6e1f2bf3c5d,,Blast,RiceLeafDiseaseBD,PRIMARY_DEVELOPMENT_DATASET,PRIMARY_001276,D:\BTech Final Year Project\RiceLeafDiseaseBD A Field-Based Annotated Smartpho\RiceLeafDiseaseBD A Field-Based Annotated Smartpho\RiceLeafDiseaseBD\RiceLeafDiseaseBD\Annotated images ( visual with labels)\Blast\labels\blast_954.txt,UNIQUE_GROUP_003903,False,calibration
blast_969.jpg,.jpg,Annotated images ( visual with labels)/Blast/visuals/blast_969.jpg,295695,True,1024,1024,1.0,RGB,3,JPEG,5ce201d546afb0e4c1641907e7a0125c7d163fcb16a966cde7e0e52a1567c140,,Blast,RiceLeafDiseaseBD,PRIMARY_DEVELOPMENT_DATASET,PRIMARY_001292,D:\BTech Final Year Project\RiceLeafDiseaseBD A Field-Based Annotated Smartpho\RiceLeafDiseaseBD A Field-Based Annotated Smartpho\RiceLeafDiseaseBD\RiceLeafDiseaseBD\Annotated images ( visual with labels)\Blast\labels\blast_969.txt,UNIQUE_GROUP_006504,False,calibration
blast_993.jpg,.jpg,Annotated images ( visual with labels)/Blast/visuals/blast_993.jpg,328658,True,1024,1024,1.0,RGB,3,JPEG,a492f9e45a1b46ea6d35008fa0b08196e40418e82f27166c3b829689618672d1,,Blast,RiceLeafDiseaseBD,PRIMARY_DEVELOPMENT_DATASET,PRIMARY_001319,D:\BTech Final Year Project\RiceLeafDiseaseBD A Field-Based Annotated Smartpho\RiceLeafDiseaseBD A Field-Based Annotated Smartpho\RiceLeafDiseaseBD\RiceLeafDiseaseBD\Annotated images ( visual with labels)\Blast\labels\blast_993.txt,UNIQUE_GROUP_011516,False,calibration
brown spot_1.jpg,.jpg,Annotated images ( visual with labels)/Brown spot/visuals/brown spot_1.jpg,299369,True,1024,1024,1.0,RGB,3,JPEG,c294f5663c16fbb6589dcc569a787c30a5c5ea5124efbb2f0ad9e1942fbc4cd9,,Brown spot,RiceLeafDiseaseBD,PRIMARY_DEVELOPMENT_DATASET,PRIMARY_001326,D:\BTech Final Year Project\RiceLeafDiseaseBD A Field-Based Annotated Smartpho\RiceLeafDiseaseBD A Field-Based Annotated Smartpho\RiceLeafDiseaseBD\RiceLeafDiseaseBD\Annotated images ( visual with labels)\Brown spot\labels\brown spot_1.txt,UNIQUE_GROUP_013621,False,calibration
brown spot_10.jpg,.jpg,Annotated images ( visual with labels)/Brown spot/visuals/brown spot_10.jpg,260842,True,1024,1024,1.0,RGB,3,JPEG,2153ab92ebad9a3b909abe07b0f71ca571837d13e633441edc3f6b921fc115fc,,Brown spot,RiceLeafDiseaseBD,PRIMARY_DEVELOPMENT_DATASET,PRIMARY_001327,D:\BTech Final Year Project\RiceLeafDiseaseBD A Field-Based Annotated Smartpho\RiceLeafDiseaseBD A Field-Based Annotated Smartpho\RiceLeafDiseaseBD\RiceLeafDiseaseBD\Annotated images ( visual with labels)\Brown spot\labels\brown spot_10.txt,UNIQUE_GROUP_002343,False,calibration
brown spot_1023.jpg,.jpg,Annotated images ( visual with labels)/Brown spot/visuals/brown spot_1023.jpg,316657,True,1024,1024,1.0,RGB,3,JPEG,35b24731e4361099255958dc45a25cad5b72d5d7485bb9ece78d5332a86424ec,,Brown spot,RiceLeafDiseaseBD,PRIMARY_DEVELOPMENT_DATASET,PRIMARY_001354,D:\BTech Final Year Project\RiceLeafDiseaseBD A Field-Based Annotated Smartpho\RiceLeafDiseaseBD A Field-Based Annotated Smartpho\RiceLeafDiseaseBD\RiceLeafDiseaseBD\Annotated images ( visual with labels)\Brown spot\labels\brown spot_1023.txt,UNIQUE_GROUP_003745,False,calibration
brown spot_1024.jpg,.jpg,Annotated images ( visual with labels)/Brown spot/visuals/brown spot_1024.jpg,316889,True,1024,1024,1.0,RGB,3,JPEG,61d60987fd8877ab5bc0c6aacd652c24c7439bffcc9cda83b274ffdd0c0794c5,,Brown spot,RiceLeafDiseaseBD,PRIMARY_DEVELOPMENT_DATASET,PRIMARY_001355,D:\BTech Final Year Project\RiceLeafDiseaseBD A Field-Based Annotated Smartpho\RiceLeafDiseaseBD A Field-Based Annotated Smartpho\RiceLeafDiseaseBD\RiceLeafDiseaseBD\Annotated images ( visual with labels)\Brown spot\labels\brown spot_1024.txt,UNIQUE_GROUP_006856,False,calibration
brown spot_1026.jpg,.jpg,Annotated images ( visual with labels)/Brown spot/visuals/brown spot_1026.jpg,316906,True,1024,1024,1.0,RGB,3,JPEG,46fc6e608ae8515754f793c7b7ba75bd09ddafa5695f9623d1ae718979f4a05b,,Brown spot,RiceLeafDiseaseBD,PRIMARY_DEVELOPMENT_DATASET,PRIMARY_001357,D:\BTech Final Year Project\RiceLeafDiseaseBD A Field-Based Annotated Smartpho\RiceLeafDiseaseBD A Field-Based Annotated Smartpho\RiceLeafDiseaseBD\RiceLeafDiseaseBD\Annotated images ( visual with labels)\Brown spot\labels\brown spot_1026.txt,UNIQUE_GROUP_004940,False,calibration
brown spot_1038.jpg,.jpg,Annotated images ( visual with labels)/Brown spot/visuals/brown spot_1038.jpg,245965,True,1024,1024,1.0,RGB,3,JPEG,8e47195f608161edd0c22b8d48b2b6e0e886ec945a7b1f750ae7fbf70659b67b,,Brown spot,RiceLeafDiseaseBD,PRIMARY_DEVELOPMENT_DATASET,PRIMARY_001370,D:\BTech Final Year Project\RiceLeafDiseaseBD A Field-Based Annotated Smartpho\RiceLeafDiseaseBD A Field-Based Annotated Smartpho\RiceLeafDiseaseBD\RiceLeafDiseaseBD\Annotated images ( visual with labels)\Brown spot\labels\brown spot_1038.txt,UNIQUE_GROUP_009970,False,calibration
brown spot_1040.jpg,.jpg,Annotated images ( visual with labels)/Brown spot/visuals/brown spot_1040.jpg,245141,True,1024,1024,1.0,RGB,3,JPEG,9bec21eadaa1058577a9c815df1911bf5f1d06e13626c54ca031e14eb143b99c,,Brown spot,RiceLeafDiseaseBD,PRIMARY_DEVELOPMENT_DATASET,PRIMARY_001373,D:\BTech Final Year Project\RiceLeafDiseaseBD A Field-Based Annotated Smartpho\RiceLeafDiseaseBD A Field-Based Annotated Smartpho\RiceLeafDiseaseBD\RiceLeafDiseaseBD\Annotated images ( visual with labels)\Brown spot\labels\brown spot_1040.txt,UNIQUE_GROUP_010926,False,calibration
brown spot_1054.jpg,.jpg,Annotated images ( visual with labels)/Brown spot/visuals/brown spot_1054.jpg,278143,True,1024,1024,1.0,RGB,3,JPEG,1b806ac86e0a01023cc7e669aa83572922eb668e4ce7081e600c112382a8ef95,,Brown spot,RiceLeafDiseaseBD,PRIMARY_DEVELOPMENT_DATASET,PRIMARY_001388,D:\BTech Final Year Project\RiceLeafDiseaseBD A Field-Based Annotated Smartpho\RiceLeafDiseaseBD A Field-Based Annotated Smartpho\RiceLeafDiseaseBD\RiceLeafDiseaseBD\Annotated images ( visual with labels)\Brown spot\labels\brown spot_1054.txt,UNIQUE_GROUP_001925,False,calibration
brown spot_1069.jpg,.jpg,Annotated images ( visual with labels)/Brown spot/visuals/brown spot_1069.jpg,397295,True,1024,1024,1.0,RGB,3,JPEG,ce858bf73c35dc6cd0c41d81728d15f8e640379305bf9c6f8fef17cc24e096f8,,Brown spot,RiceLeafDiseaseBD,PRIMARY_DEVELOPMENT_DATASET,PRIMARY_001404,D:\BTech Final Year Project\RiceLeafDiseaseBD A Field-Based Annotated Smartpho\RiceLeafDiseaseBD A Field-Based Annotated Smartpho\RiceLeafDiseaseBD\RiceLeafDiseaseBD\Annotated images ( visual with labels)\Brown spot\labels\brown spot_1069.txt,UNIQUE_GROUP_014442,False,calibration
brown spot_1088.jpg,.jpg,Annotated images ( visual with labels)/Brown spot/visuals/brown spot_1088.jpg,289287,True,1024,1024,1.0,RGB,3,JPEG,b7c4d49b55ef24f43d175a6174ea7fcdf204b64ad18143ea281378737941e050,,Brown spot,RiceLeafDiseaseBD,PRIMARY_DEVELOPMENT_DATASET,PRIMARY_001425,D:\BTech Final Year Project\RiceLeafDiseaseBD A Field-Based Annotated Smartpho\RiceLeafDiseaseBD A Field-Based Annotated Smartpho\RiceLeafDiseaseBD\RiceLeafDiseaseBD\Annotated images ( visual with labels)\Brown spot\labels\brown spot_1088.txt,UNIQUE_GROUP_012835,False,calibration
brown spot_1107.jpg,.jpg,Annotated images ( visual with labels)/Brown spot/visuals/brown spot_1107.jpg,305735,True,1024,1024,1.0,RGB,3,JPEG,8ae46c6d63f0c3360861eb322d9426c730f7b7e3f0344090eff0a860a2692ffb,,Brown spot,RiceLeafDiseaseBD,PRIMARY_DEVELOPMENT_DATASET,PRIMARY_001447,D:\BTech Final Year Project\RiceLeafDiseaseBD A Field-Based Annotated Smartpho\RiceLeafDiseaseBD A Field-Based Annotated Smartpho\RiceLeafDiseaseBD\RiceLeafDiseaseBD\Annotated images ( visual with labels)\Brown spot\labels\brown spot_1107.txt,UNIQUE_GROUP_009717,False,calibration
brown spot_1113.jpg,.jpg,Annotated images ( visual with labels)/Brown spot/visuals/brown spot_1113.jpg,305678,True,1024,1024,1.0,RGB,3,JPEG,81eec02ce158b907ccd95b471d5899f731966267cad67b5328cf2a73ef1bd389,,Brown spot,RiceLeafDiseaseBD,PRIMARY_DEVELOPMENT_DATASET,PRIMARY_001454,D:\BTech Final Year Project\RiceLeafDiseaseBD A Field-Based Annotated Smartpho\RiceLeafDiseaseBD A Field-Based Annotated Smartpho\RiceLeafDiseaseBD\RiceLeafDiseaseBD\Annotated images ( visual with labels)\Brown spot\labels\brown spot_1113.txt,UNIQUE_GROUP_009085,False,calibration
brown spot_113.jpg,.jpg,Annotated images ( visual with labels)/Brown spot/visuals/brown spot_113.jpg,211211,True,1024,1024,1.0,RGB,3,JPEG,5bebf6a54fd8d0719628cf71575c5a5bd528e42399d43b303c00e2e2a96c52f6,,Brown spot,RiceLeafDiseaseBD,PRIMARY_DEVELOPMENT_DATASET,PRIMARY_001472,D:\BTech Final Year Project\RiceLeafDiseaseBD A Field-Based Annotated Smartpho\RiceLeafDiseaseBD A Field-Based Annotated Smartpho\RiceLeafDiseaseBD\RiceLeafDiseaseBD\Annotated images ( visual with labels)\Brown spot\labels\brown spot_113.txt,UNIQUE_GROUP_006445,False,calibration
brown spot_1136.jpg,.jpg,Annotated images ( visual with labels)/Brown spot/visuals/brown spot_1136.jpg,288075,True,1024,1024,1.0,RGB,3,JPEG,1ec4eb2ca5b0ae3d932111a2b6482182e780813a73a4bb17ad539c134f54128a,,Brown spot,RiceLeafDiseaseBD,PRIMARY_DEVELOPMENT_DATASET,PRIMARY_001479,D:\BTech Final Year Project\RiceLeafDiseaseBD A Field-Based Annotated Smartpho\RiceLeafDiseaseBD A Field-Based Annotated Smartpho\RiceLeafDiseaseBD\RiceLeafDiseaseBD\Annotated images ( visual with labels)\Brown spot\labels\brown spot_1136.txt,UNIQUE_GROUP_002146,False,calibration
brown spot_1149.jpg,.jpg,Annotated images ( visual with labels)/Brown spot/visuals/brown spot_1149.jpg,338993,True,1024,1024,1.0,RGB,3,JPEG,8ad96c4fe884310a4da36283479d66b8231bb10dd74939505ae2dcc1e264e8a8,,Brown spot,RiceLeafDiseaseBD,PRIMARY_DEVELOPMENT_DATASET,PRIMARY_001493,D:\BTech Final Year Project\RiceLeafDiseaseBD A Field-Based Annotated Smartpho\RiceLeafDiseaseBD A Field-Based Annotated Smartpho\RiceLeafDiseaseBD\RiceLeafDiseaseBD\Annotated images ( visual with labels)\Brown spot\labels\brown spot_1149.txt,UNIQUE_GROUP_009712,False,calibration
brown spot_1153.jpg,.jpg,Annotated images ( visual with labels)/Brown spot/visuals/brown spot_1153.jpg,295869,True,1024,1024,1.0,RGB,3,JPEG,d99eb917bc055b33c3a3a99cec58ec0111dbc4a3d5190409c1c09c40d3427300,,Brown spot,RiceLeafDiseaseBD,PRIMARY_DEVELOPMENT_DATASET,PRIMARY_001498,D:\BTech Final Year Project\RiceLeafDiseaseBD A Field-Based Annotated Smartpho\RiceLeafDiseaseBD A Field-Based Annotated Smartpho\RiceLeafDiseaseBD\RiceLeafDiseaseBD\Annotated images ( visual with labels)\Brown spot\labels\brown spot_1153.txt,UNIQUE_GROUP_015224,False,calibration
brown spot_1159.jpg,.jpg,Annotated images ( visual with labels)/Brown spot/visuals/brown spot_1159.jpg,317297,True,1024,1024,1.0,RGB,3,JPEG,dc7e2b40de1484de1d7e33ffe38137614a1212d99170cef12662d3e52cb9a911,,Brown spot,RiceLeafDiseaseBD,PRIMARY_DEVELOPMENT_DATASET,PRIMARY_001504,D:\BTech Final Year Project\RiceLeafDiseaseBD A Field-Based Annotated Smartpho\RiceLeafDiseaseBD A Field-Based Annotated Smartpho\RiceLeafDiseaseBD\RiceLeafDiseaseBD\Annotated images ( visual with labels)\Brown spot\labels\brown spot_1159.txt,UNIQUE_GROUP_015411,False,calibration
brown spot_1169.jpg,.jpg,Annotated images ( visual with labels)/Brown spot/visuals/brown spot_1169.jpg,280570,True,1024,1024,1.0,RGB,3,JPEG,022e0c0a883b7ea392d4b04121ff6bc073711966423e10ed5825273187ededa4,,Brown spot,RiceLeafDiseaseBD,PRIMARY_DEVELOPMENT_DATASET,PRIMARY_001515,D:\BTech Final Year Project\RiceLeafDiseaseBD A Field-Based Annotated Smartpho\RiceLeafDiseaseBD A Field-Based Annotated Smartpho\RiceLeafDiseaseBD\RiceLeafDiseaseBD\Annotated images ( visual with labels)\Brown spot\labels\brown spot_1169.txt,UNIQUE_GROUP_000148,False,calibration
brown spot_1207.jpg,.jpg,Annotated images ( visual with labels)/Brown spot/visuals/brown spot_1207.jpg,315252,True,1024,1024,1.0,RGB,3,JPEG,341271c3a4dd00c3db1cabe330d5cdba109be9ea008b9d129cdec62d2629985c,,Brown spot,RiceLeafDiseaseBD,PRIMARY_DEVELOPMENT_DATASET,PRIMARY_001558,D:\BTech Final Year Project\RiceLeafDiseaseBD A Field-Based Annotated Smartpho\RiceLeafDiseaseBD A Field-Based Annotated Smartpho\RiceLeafDiseaseBD\RiceLeafDiseaseBD\Annotated images ( visual with labels)\Brown spot\labels\brown spot_1207.txt,UNIQUE_GROUP_003638,False,calibration
brown spot_1212.jpg,.jpg,Annotated images ( visual with labels)/Brown spot/visuals/brown spot_1212.jpg,291115,True,1024,1024,1.0,RGB,3,JPEG,1ab12508bba7dfac8693ea6703173a5db70d5b7a305f6e59288159734b19f7cc,,Brown spot,RiceLeafDiseaseBD,PRIMARY_DEVELOPMENT_DATASET,PRIMARY_001564,D:\BTech Final Year Project\RiceLeafDiseaseBD A Field-Based Annotated Smartpho\RiceLeafDiseaseBD A Field-Based Annotated Smartpho\RiceLeafDiseaseBD\RiceLeafDiseaseBD\Annotated images ( visual with labels)\Brown spot\labels\brown spot_1212.txt,UNIQUE_GROUP_001865,False,calibration
brown spot_1215.jpg,.jpg,Annotated images ( visual with labels)/Brown spot/visuals/brown spot_1215.jpg,292657,True,1024,1024,1.0,RGB,3,JPEG,e9802baa389b6c29a9ddce091a930e6982a0ce3b0e0e8d2c2cd39376fafe94c0,,Brown spot,RiceLeafDiseaseBD,PRIMARY_DEVELOPMENT_DATASET,PRIMARY_001567,D:\BTech Final Year Project\RiceLeafDiseaseBD A Field-Based Annotated Smartpho\RiceLeafDiseaseBD A Field-Based Annotated Smartpho\RiceLeafDiseaseBD\RiceLeafDiseaseBD\Annotated images ( visual with labels)\Brown spot\labels\brown spot_1215.txt,UNIQUE_GROUP_016272,False,calibration
brown spot_1233.jpg,.jpg,Annotated images ( visual with labels)/Brown spot/visuals/brown spot_1233.jpg,311533,True,1024,1024,1.0,RGB,3,JPEG,0bdb6a32f93ff6047b54ad639183ce951f82ff0ce24f1845349342758b417076,,Brown spot,RiceLeafDiseaseBD,PRIMARY_DEVELOPMENT_DATASET,PRIMARY_001587,D:\BTech Final Year Project\RiceLeafDiseaseBD A Field-Based Annotated Smartpho\RiceLeafDiseaseBD A Field-Based Annotated Smartpho\RiceLeafDiseaseBD\RiceLeafDiseaseBD\Annotated images ( visual with labels)\Brown spot\labels\brown spot_1233.txt,UNIQUE_GROUP_000804,False,calibration
brown spot_1240.jpg,.jpg,Annotated images ( visual with labels)/Brown spot/visuals/brown spot_1240.jpg,307929,True,1024,1024,1.0,RGB,3,JPEG,a961b9b81fdb0252d1da73c67167c299e4efdce2aefff0b09af751505b45211e,,Brown spot,RiceLeafDiseaseBD,PRIMARY_DEVELOPMENT_DATASET,PRIMARY_001595,D:\BTech Final Year Project\RiceLeafDiseaseBD A Field-Based Annotated Smartpho\RiceLeafDiseaseBD A Field-Based Annotated Smartpho\RiceLeafDiseaseBD\RiceLeafDiseaseBD\Annotated images ( visual with labels)\Brown spot\labels\brown spot_1240.txt,UNIQUE_GROUP_011861,False,calibration
brown spot_1269.jpg,.jpg,Annotated images ( visual with labels)/Brown spot/visuals/brown spot_1269.jpg,290764,True,1024,1024,1.0,RGB,3,JPEG,9c7c157666c0fd9c672ccbaeb777f6f24730b92ab71a93745e27368922b6f862,,Brown spot,RiceLeafDiseaseBD,PRIMARY_DEVELOPMENT_DATASET,PRIMARY_001626,D:\BTech Final Year Project\RiceLeafDiseaseBD A Field-Based Annotated Smartpho\RiceLeafDiseaseBD A Field-Based Annotated Smartpho\RiceLeafDiseaseBD\RiceLeafDiseaseBD\Annotated images ( visual with labels)\Brown spot\labels\brown spot_1269.txt,UNIQUE_GROUP_010957,False,calibration
brown spot_1277.jpg,.jpg,Annotated images ( visual with labels)/Brown spot/visuals/brown spot_1277.jpg,275252,True,1024,1024,1.0,RGB,3,JPEG,2b100528214dc1e5b72493ff48af8648890f8a03c50c2ac2265586a560482a8d,,Brown spot,RiceLeafDiseaseBD,PRIMARY_DEVELOPMENT_DATASET,PRIMARY_001635,D:\BTech Final Year Project\RiceLeafDiseaseBD A Field-Based Annotated Smartpho\RiceLeafDiseaseBD A Field-Based Annotated Smartpho\RiceLeafDiseaseBD\RiceLeafDiseaseBD\Annotated images ( visual with labels)\Brown spot\labels\brown spot_1277.txt,UNIQUE_GROUP_003008,False,calibration
brown spot_1279.jpg,.jpg,Annotated images ( visual with labels)/Brown spot/visuals/brown spot_1279.jpg,272095,True,1024,1024,1.0,RGB,3,JPEG,589a8d4a8bd75d8b4aa5edd7314c269a7316c0f51b7c5cf3f5a54f081534a825,,Brown spot,RiceLeafDiseaseBD,PRIMARY_DEVELOPMENT_DATASET,PRIMARY_001637,D:\BTech Final Year Project\RiceLeafDiseaseBD A Field-Based Annotated Smartpho\RiceLeafDiseaseBD A Field-Based Annotated Smartpho\RiceLeafDiseaseBD\RiceLeafDiseaseBD\Annotated images ( visual with labels)\Brown spot\labels\brown spot_1279.txt,UNIQUE_GROUP_006209,False,calibration
brown spot_1300.jpg,.jpg,Annotated images ( visual with labels)/Brown spot/visuals/brown spot_1300.jpg,310947,True,1024,1024,1.0,RGB,3,JPEG,9f44f730733003a8d5cffb9a709950c6d81e0d76f82d94bc31117b01936d758a,,Brown spot,RiceLeafDiseaseBD,PRIMARY_DEVELOPMENT_DATASET,PRIMARY_001662,D:\BTech Final Year Project\RiceLeafDiseaseBD A Field-Based Annotated Smartpho\RiceLeafDiseaseBD A Field-Based Annotated Smartpho\RiceLeafDiseaseBD\RiceLeafDiseaseBD\Annotated images ( visual with labels)\Brown spot\labels\brown spot_1300.txt,UNIQUE_GROUP_011151,False,calibration
brown spot_1301.jpg,.jpg,Annotated images ( visual with labels)/Brown spot/visuals/brown spot_1301.jpg,314738,True,1024,1024,1.0,RGB,3,JPEG,a5e9d3ded521400f88fa771c236866c51bf6fa8a6d7842880c70bd974d324aa4,,Brown spot,RiceLeafDiseaseBD,PRIMARY_DEVELOPMENT_DATASET,PRIMARY_001663,D:\BTech Final Year Project\RiceLeafDiseaseBD A Field-Based Annotated Smartpho\RiceLeafDiseaseBD A Field-Based Annotated Smartpho\RiceLeafDiseaseBD\RiceLeafDiseaseBD\Annotated images ( visual with labels)\Brown spot\labels\brown spot_1301.txt,UNIQUE_GROUP_011601,False,calibration
brown spot_1307.jpg,.jpg,Annotated images ( visual with labels)/Brown spot/visuals/brown spot_1307.jpg,302636,True,1024,1024,1.0,RGB,3,JPEG,03451cc8dbaf008a5bbdde55874d4fd74b47e821b33e89d3b5c2c0685c5d61f5,,Brown spot,RiceLeafDiseaseBD,PRIMARY_DEVELOPMENT_DATASET,PRIMARY_001669,D:\BTech Final Year Project\RiceLeafDiseaseBD A Field-Based Annotated Smartpho\RiceLeafDiseaseBD A Field-Based Annotated Smartpho\RiceLeafDiseaseBD\RiceLeafDiseaseBD\Annotated images ( visual with labels)\Brown spot\labels\brown spot_1307.txt,UNIQUE_GROUP_000217,False,calibration
brown spot_1338.jpg,.jpg,Annotated images ( visual with labels)/Brown spot/visuals/brown spot_1338.jpg,357939,True,1024,1024,1.0,RGB,3,JPEG,1ddf30e5ffa2c1f2634e972435fddc72814c94f944f17efe5700dbd4ae44b0c4,,Brown spot,RiceLeafDiseaseBD,PRIMARY_DEVELOPMENT_DATASET,PRIMARY_001703,D:\BTech Final Year Project\RiceLeafDiseaseBD A Field-Based Annotated Smartpho\RiceLeafDiseaseBD A Field-Based Annotated Smartpho\RiceLeafDiseaseBD\RiceLeafDiseaseBD\Annotated images ( visual with labels)\Brown spot\labels\brown spot_1338.txt,UNIQUE_GROUP_002081,False,calibration
brown spot_134.jpg,.jpg,Annotated images ( visual with labels)/Brown spot/visuals/brown spot_134.jpg,256641,True,1024,1024,1.0,RGB,3,JPEG,14a8d0a5c7cba15c84bc995a435b04557397bcf63f8cdf5265e45b8101ddc001,,Brown spot,RiceLeafDiseaseBD,PRIMARY_DEVELOPMENT_DATASET,PRIMARY_001705,D:\BTech Final Year Project\RiceLeafDiseaseBD A Field-Based Annotated Smartpho\RiceLeafDiseaseBD A Field-Based Annotated Smartpho\RiceLeafDiseaseBD\RiceLeafDiseaseBD\Annotated images ( visual with labels)\Brown spot\labels\brown spot_134.txt,UNIQUE_GROUP_001412,False,calibration
brown spot_1340.jpg,.jpg,Annotated images ( visual with labels)/Brown spot/visuals/brown spot_1340.jpg,339945,True,1024,1024,1.0,RGB,3,JPEG,adb5d60cc9daece65952ccdda04dc5471ce51d157e5482306080bcc66a134d5c,,Brown spot,RiceLeafDiseaseBD,PRIMARY_DEVELOPMENT_DATASET,PRIMARY_001706,D:\BTech Final Year Project\RiceLeafDiseaseBD A Field-Based Annotated Smartpho\RiceLeafDiseaseBD A Field-Based Annotated Smartpho\RiceLeafDiseaseBD\RiceLeafDiseaseBD\Annotated images ( visual with labels)\Brown spot\labels\brown spot_1340.txt,UNIQUE_GROUP_012156,False,calibration
brown spot_1371.jpg,.jpg,Annotated images ( visual with labels)/Brown spot/visuals/brown spot_1371.jpg,351559,True,1024,1024,1.0,RGB,3,JPEG,41d91e0efb0818b93954d507feee72cc23affe5288843ce85840a0b9c799f336,,Brown spot,RiceLeafDiseaseBD,PRIMARY_DEVELOPMENT_DATASET,PRIMARY_001740,D:\BTech Final Year Project\RiceLeafDiseaseBD A Field-Based Annotated Smartpho\RiceLeafDiseaseBD A Field-Based Annotated Smartpho\RiceLeafDiseaseBD\RiceLeafDiseaseBD\Annotated images ( visual with labels)\Brown spot\labels\brown spot_1371.txt,UNIQUE_GROUP_004598,False,calibration
brown spot_1373.jpg,.jpg,Annotated images ( visual with labels)/Brown spot/visuals/brown spot_1373.jpg,279023,True,1024,1024,1.0,RGB,3,JPEG,6c5d53cede53c7af17a3bdf7f5801acc15cd10d4f17e0dcea52fe98076c8c5ca,,Brown spot,RiceLeafDiseaseBD,PRIMARY_DEVELOPMENT_DATASET,PRIMARY_001742,D:\BTech Final Year Project\RiceLeafDiseaseBD A Field-Based Annotated Smartpho\RiceLeafDiseaseBD A Field-Based Annotated Smartpho\RiceLeafDiseaseBD\RiceLeafDiseaseBD\Annotated images ( visual with labels)\Brown spot\labels\brown spot_1373.txt,UNIQUE_GROUP_007554,False,calibration
brown spot_1376.jpg,.jpg,Annotated images ( visual with labels)/Brown spot/visuals/brown spot_1376.jpg,305917,True,1024,1024,1.0,RGB,3,JPEG,a9eadaac033327123b5ab26dd7e2b000b61408d794f73d70d184620e10a4610a,,Brown spot,RiceLeafDiseaseBD,PRIMARY_DEVELOPMENT_DATASET,PRIMARY_001745,D:\BTech Final Year Project\RiceLeafDiseaseBD A Field-Based Annotated Smartpho\RiceLeafDiseaseBD A Field-Based Annotated Smartpho\RiceLeafDiseaseBD\RiceLeafDiseaseBD\Annotated images ( visual with labels)\Brown spot\labels\brown spot_1376.txt,UNIQUE_GROUP_011901,False,calibration
brown spot_1379.jpg,.jpg,Annotated images ( visual with labels)/Brown spot/visuals/brown spot_1379.jpg,313320,True,1024,1024,1.0,RGB,3,JPEG,d68123f9b64955b382708d608e90918f8d7333448e80758b79de8b3c2a977b1b,,Brown spot,RiceLeafDiseaseBD,PRIMARY_DEVELOPMENT_DATASET,PRIMARY_001748,D:\BTech Final Year Project\RiceLeafDiseaseBD A Field-Based Annotated Smartpho\RiceLeafDiseaseBD A Field-Based Annotated Smartpho\RiceLeafDiseaseBD\RiceLeafDiseaseBD\Annotated images ( visual with labels)\Brown spot\labels\brown spot_1379.txt,UNIQUE_GROUP_015007,False,calibration
brown spot_1381.jpg,.jpg,Annotated images ( visual with labels)/Brown spot/visuals/brown spot_1381.jpg,343487,True,1024,1024,1.0,RGB,3,JPEG,44fcbff3fed502a1d7aa95326aa2f8d24549a76a4eed8bc74ef33a5d760c7476,,Brown spot,RiceLeafDiseaseBD,PRIMARY_DEVELOPMENT_DATASET,PRIMARY_001751,D:\BTech Final Year Project\RiceLeafDiseaseBD A Field-Based Annotated Smartpho\RiceLeafDiseaseBD A Field-Based Annotated Smartpho\RiceLeafDiseaseBD\RiceLeafDiseaseBD\Annotated images ( visual with labels)\Brown spot\labels\brown spot_1381.txt,UNIQUE_GROUP_004819,False,calibration
brown spot_1387.jpg,.jpg,Annotated images ( visual with labels)/Brown spot/visuals/brown spot_1387.jpg,347386,True,1024,1024,1.0,RGB,3,JPEG,34d8ecae2c9ff4bff880794e8bb72bbd2b073dfc9c079a22c1092dfcc0ceb916,,Brown spot,RiceLeafDiseaseBD,PRIMARY_DEVELOPMENT_DATASET,PRIMARY_001757,D:\BTech Final Year Project\RiceLeafDiseaseBD A Field-Based Annotated Smartpho\RiceLeafDiseaseBD A Field-Based Annotated Smartpho\RiceLeafDiseaseBD\RiceLeafDiseaseBD\Annotated images ( visual with labels)\Brown spot\labels\brown spot_1387.txt,UNIQUE_GROUP_003698,False,calibration
brown spot_1388.jpg,.jpg,Annotated images ( visual with labels)/Brown spot/visuals/brown spot_1388.jpg,336531,True,1024,1024,1.0,RGB,3,JPEG,4a5e00e244d384a0d7a99dc9403ec292cd37315b969ade8d34538740cf053268,,Brown spot,RiceLeafDiseaseBD,PRIMARY_DEVELOPMENT_DATASET,PRIMARY_001758,D:\BTech Final Year Project\RiceLeafDiseaseBD A Field-Based Annotated Smartpho\RiceLeafDiseaseBD A Field-Based Annotated Smartpho\RiceLeafDiseaseBD\RiceLeafDiseaseBD\Annotated images ( visual with labels)\Brown spot\labels\brown spot_1388.txt,UNIQUE_GROUP_005199,False,calibration
brown spot_1404.jpg,.jpg,Annotated images ( visual with labels)/Brown spot/visuals/brown spot_1404.jpg,327534,True,1024,1024,1.0,RGB,3,JPEG,7592bea47a108a950a043db8d71249d886a54d22aaebbb7945e55bb368ebe246,,Brown spot,RiceLeafDiseaseBD,PRIMARY_DEVELOPMENT_DATASET,PRIMARY_001777,D:\BTech Final Year Project\RiceLeafDiseaseBD A Field-Based Annotated Smartpho\RiceLeafDiseaseBD A Field-Based Annotated Smartpho\RiceLeafDiseaseBD\RiceLeafDiseaseBD\Annotated images ( visual with labels)\Brown spot\labels\brown spot_1404.txt,UNIQUE_GROUP_008198,False,calibration
brown spot_142.jpg,.jpg,Annotated images ( visual with labels)/Brown spot/visuals/brown spot_142.jpg,324649,True,1024,1024,1.0,RGB,3,JPEG,814f2e92b0aabc939014cd3d81a419987c703c7156c1646af9def06a10940f34,,Brown spot,RiceLeafDiseaseBD,PRIMARY_DEVELOPMENT_DATASET,PRIMARY_001794,D:\BTech Final Year Project\RiceLeafDiseaseBD A Field-Based Annotated Smartpho\RiceLeafDiseaseBD A Field-Based Annotated Smartpho\RiceLeafDiseaseBD\RiceLeafDiseaseBD\Annotated images ( visual with labels)\Brown spot\labels\brown spot_142.txt,UNIQUE_GROUP_009036,False,calibration
brown spot_1425.jpg,.jpg,Annotated images ( visual with labels)/Brown spot/visuals/brown spot_1425.jpg,262483,True,1024,1024,1.0,RGB,3,JPEG,c50f0017f501d0956979b5956ee847b1cedbdcb28152683fd7954e7a81008f20,,Brown spot,RiceLeafDiseaseBD,PRIMARY_DEVELOPMENT_DATASET,PRIMARY_001800,D:\BTech Final Year Project\RiceLeafDiseaseBD A Field-Based Annotated Smartpho\RiceLeafDiseaseBD A Field-Based Annotated Smartpho\RiceLeafDiseaseBD\RiceLeafDiseaseBD\Annotated images ( visual with labels)\Brown spot\labels\brown spot_1425.txt,UNIQUE_GROUP_013800,False,calibration
brown spot_1427.jpg,.jpg,Annotated images ( visual with labels)/Brown spot/visuals/brown spot_1427.jpg,349904,True,1024,1024,1.0,RGB,3,JPEG,f65e94733d894494e4673cda5c1a812b4d31c286308da2d181a45c7867f48338,,Brown spot,RiceLeafDiseaseBD,PRIMARY_DEVELOPMENT_DATASET,PRIMARY_001802,D:\BTech Final Year Project\RiceLeafDiseaseBD A Field-Based Annotated Smartpho\RiceLeafDiseaseBD A Field-Based Annotated Smartpho\RiceLeafDiseaseBD\RiceLeafDiseaseBD\Annotated images ( visual with labels)\Brown spot\labels\brown spot_1427.txt,UNIQUE_GROUP_017141,False,calibration
brown spot_1431.jpg,.jpg,Annotated images ( visual with labels)/Brown spot/visuals/brown spot_1431.jpg,356030,True,1024,1024,1.0,RGB,3,JPEG,9574e21f59dc00aed99114658ec06c1d89fd184c8184897302b2ead17864b633,,Brown spot,RiceLeafDiseaseBD,PRIMARY_DEVELOPMENT_DATASET,PRIMARY_001807,D:\BTech Final Year Project\RiceLeafDiseaseBD A Field-Based Annotated Smartpho\RiceLeafDiseaseBD A Field-Based Annotated Smartpho\RiceLeafDiseaseBD\RiceLeafDiseaseBD\Annotated images ( visual with labels)\Brown spot\labels\brown spot_1431.txt,UNIQUE_GROUP_010438,False,calibration
brown spot_1442.jpg,.jpg,Annotated images ( visual with labels)/Brown spot/visuals/brown spot_1442.jpg,313511,True,1024,1024,1.0,RGB,3,JPEG,aa1d70a86cc99848d5912aa3aeb1b9e4646e0161585a0126ae38b16157cca059,,Brown spot,RiceLeafDiseaseBD,PRIMARY_DEVELOPMENT_DATASET,PRIMARY_001819,D:\BTech Final Year Project\RiceLeafDiseaseBD A Field-Based Annotated Smartpho\RiceLeafDiseaseBD A Field-Based Annotated Smartpho\RiceLeafDiseaseBD\RiceLeafDiseaseBD\Annotated images ( visual with labels)\Brown spot\labels\brown spot_1442.txt,UNIQUE_GROUP_011914,False,calibration
brown spot_1447.jpg,.jpg,Annotated images ( visual with labels)/Brown spot/visuals/brown spot_1447.jpg,303344,True,1024,1024,1.0,RGB,3,JPEG,5f652f2ac92d716016a98624f21fae841a9989d8d50c415d3ea40b4025fd55d5,,Brown spot,RiceLeafDiseaseBD,PRIMARY_DEVELOPMENT_DATASET,PRIMARY_001824,D:\BTech Final Year Project\RiceLeafDiseaseBD A Field-Based Annotated Smartpho\RiceLeafDiseaseBD A Field-Based Annotated Smartpho\RiceLeafDiseaseBD\RiceLeafDiseaseBD\Annotated images ( visual with labels)\Brown spot\labels\brown spot_1447.txt,UNIQUE_GROUP_006684,False,calibration
brown spot_1477.jpg,.jpg,Annotated images ( visual with labels)/Brown spot/visuals/brown spot_1477.jpg,315862,True,1024,1024,1.0,RGB,3,JPEG,27002418fb67c66b9a228bf43aceeb264dcb97b37b472c58e6eec162411c3fe6,,Brown spot,RiceLeafDiseaseBD,PRIMARY_DEVELOPMENT_DATASET,PRIMARY_001857,D:\BTech Final Year Project\RiceLeafDiseaseBD A Field-Based Annotated Smartpho\RiceLeafDiseaseBD A Field-Based Annotated Smartpho\RiceLeafDiseaseBD\RiceLeafDiseaseBD\Annotated images ( visual with labels)\Brown spot\labels\brown spot_1477.txt,UNIQUE_GROUP_002727,False,calibration
brown spot_1480.jpg,.jpg,Annotated images ( visual with labels)/Brown spot/visuals/brown spot_1480.jpg,308282,True,1024,1024,1.0,RGB,3,JPEG,0a1b26974f3dab4bff48c25de83997c2429bafa09e21150e54102ffff4e0efce,,Brown spot,RiceLeafDiseaseBD,PRIMARY_DEVELOPMENT_DATASET,PRIMARY_001861,D:\BTech Final Year Project\RiceLeafDiseaseBD A Field-Based Annotated Smartpho\RiceLeafDiseaseBD A Field-Based Annotated Smartpho\RiceLeafDiseaseBD\RiceLeafDiseaseBD\Annotated images ( visual with labels)\Brown spot\labels\brown spot_1480.txt,UNIQUE_GROUP_000684,False,calibration
brown spot_1488.jpg,.jpg,Annotated images ( visual with labels)/Brown spot/visuals/brown spot_1488.jpg,334234,True,1024,1024,1.0,RGB,3,JPEG,16a09b17f6aa9e784df27d29e94bc55bf1c0d841d44ce280d8ab759ed83522ae,,Brown spot,RiceLeafDiseaseBD,PRIMARY_DEVELOPMENT_DATASET,PRIMARY_001869,D:\BTech Final Year Project\RiceLeafDiseaseBD A Field-Based Annotated Smartpho\RiceLeafDiseaseBD A Field-Based Annotated Smartpho\RiceLeafDiseaseBD\RiceLeafDiseaseBD\Annotated images ( visual with labels)\Brown spot\labels\brown spot_1488.txt,UNIQUE_GROUP_001546,False,calibration
brown spot_149.jpg,.jpg,Annotated images ( visual with labels)/Brown spot/visuals/brown spot_149.jpg,240846,True,1024,1024,1.0,RGB,3,JPEG,170bfcfda489d36d649415bda0bc7da0e2fde0848f8147e77e14f11a04081486,,Brown spot,RiceLeafDiseaseBD,PRIMARY_DEVELOPMENT_DATASET,PRIMARY_001871,D:\BTech Final Year Project\RiceLeafDiseaseBD A Field-Based Annotated Smartpho\RiceLeafDiseaseBD A Field-Based Annotated Smartpho\RiceLeafDiseaseBD\RiceLeafDiseaseBD\Annotated images ( visual with labels)\Brown spot\labels\brown spot_149.txt,UNIQUE_GROUP_001572,False,calibration
brown spot_1491.jpg,.jpg,Annotated images ( visual with labels)/Brown spot/visuals/brown spot_1491.jpg,298241,True,1024,1024,1.0,RGB,3,JPEG,9d59194dfd246900300f0b8aa655f99bbd2e85ca42dce8eba2062bf024a1b5cf,,Brown spot,RiceLeafDiseaseBD,PRIMARY_DEVELOPMENT_DATASET,PRIMARY_001873,D:\BTech Final Year Project\RiceLeafDiseaseBD A Field-Based Annotated Smartpho\RiceLeafDiseaseBD A Field-Based Annotated Smartpho\RiceLeafDiseaseBD\RiceLeafDiseaseBD\Annotated images ( visual with labels)\Brown spot\labels\brown spot_1491.txt,UNIQUE_GROUP_011022,False,calibration
brown spot_1502.jpg,.jpg,Annotated images ( visual with labels)/Brown spot/visuals/brown spot_1502.jpg,340619,True,1024,1024,1.0,RGB,3,JPEG,8c02ff28521257a62d697f69885ed5a2fba2109f76fd35b821fdc770ce19fd2b,,Brown spot,RiceLeafDiseaseBD,PRIMARY_DEVELOPMENT_DATASET,PRIMARY_001886,D:\BTech Final Year Project\RiceLeafDiseaseBD A Field-Based Annotated Smartpho\RiceLeafDiseaseBD A Field-Based Annotated Smartpho\RiceLeafDiseaseBD\RiceLeafDiseaseBD\Annotated images ( visual with labels)\Brown spot\labels\brown spot_1502.txt,UNIQUE_GROUP_009797,False,calibration
brown spot_1509.jpg,.jpg,Annotated images ( visual with labels)/Brown spot/visuals/brown spot_1509.jpg,299252,True,1024,1024,1.0,RGB,3,JPEG,b574999598ef5d77603b716a8d24a116732ac9ba7a2a747217510ae7a7431a02,,Brown spot,RiceLeafDiseaseBD,PRIMARY_DEVELOPMENT_DATASET,PRIMARY_001893,D:\BTech Final Year Project\RiceLeafDiseaseBD A Field-Based Annotated Smartpho\RiceLeafDiseaseBD A Field-Based Annotated Smartpho\RiceLeafDiseaseBD\RiceLeafDiseaseBD\Annotated images ( visual with labels)\Brown spot\labels\brown spot_1509.txt,UNIQUE_GROUP_012688,False,calibration
brown spot_1535.jpg,.jpg,Annotated images ( visual with labels)/Brown spot/visuals/brown spot_1535.jpg,287358,True,1024,1024,1.0,RGB,3,JPEG,08ca43129a4af14f49bf2c3fe7871b344b5f7d151448c21212dd7329ebef764b,,Brown spot,RiceLeafDiseaseBD,PRIMARY_DEVELOPMENT_DATASET,PRIMARY_001922,D:\BTech Final Year Project\RiceLeafDiseaseBD A Field-Based Annotated Smartpho\RiceLeafDiseaseBD A Field-Based Annotated Smartpho\RiceLeafDiseaseBD\RiceLeafDiseaseBD\Annotated images ( visual with labels)\Brown spot\labels\brown spot_1535.txt,UNIQUE_GROUP_000591,False,calibration
brown spot_1536.jpg,.jpg,Annotated images ( visual with labels)/Brown spot/visuals/brown spot_1536.jpg,289582,True,1024,1024,1.0,RGB,3,JPEG,d3fd996e54ef88360095fc9baf4910dffdd3b89fe59b7b29f6f7ceab3f0013ea,,Brown spot,RiceLeafDiseaseBD,PRIMARY_DEVELOPMENT_DATASET,PRIMARY_001923,D:\BTech Final Year Project\RiceLeafDiseaseBD A Field-Based Annotated Smartpho\RiceLeafDiseaseBD A Field-Based Annotated Smartpho\RiceLeafDiseaseBD\RiceLeafDiseaseBD\Annotated images ( visual with labels)\Brown spot\labels\brown spot_1536.txt,UNIQUE_GROUP_014844,False,calibration
brown spot_1537.jpg,.jpg,Annotated images ( visual with labels)/Brown spot/visuals/brown spot_1537.jpg,282047,True,1024,1024,1.0,RGB,3,JPEG,f2e2ca000aa6944ed92d8e232c8a333a799593716df35c993827b8148aa8eda7,,Brown spot,RiceLeafDiseaseBD,PRIMARY_DEVELOPMENT_DATASET,PRIMARY_001924,D:\BTech Final Year Project\RiceLeafDiseaseBD A Field-Based Annotated Smartpho\RiceLeafDiseaseBD A Field-Based Annotated Smartpho\RiceLeafDiseaseBD\RiceLeafDiseaseBD\Annotated images ( visual with labels)\Brown spot\labels\brown spot_1537.txt,UNIQUE_GROUP_016904,False,calibration
brown spot_1546.jpg,.jpg,Annotated images ( visual with labels)/Brown spot/visuals/brown spot_1546.jpg,402872,True,1024,1024,1.0,RGB,3,JPEG,7aea380574d3fff8ca4c4b03ea89bf78bdf4a88b1de3497be71ac06fc497ac80,,Brown spot,RiceLeafDiseaseBD,PRIMARY_DEVELOPMENT_DATASET,PRIMARY_001934,D:\BTech Final Year Project\RiceLeafDiseaseBD A Field-Based Annotated Smartpho\RiceLeafDiseaseBD A Field-Based Annotated Smartpho\RiceLeafDiseaseBD\RiceLeafDiseaseBD\Annotated images ( visual with labels)\Brown spot\labels\brown spot_1546.txt,UNIQUE_GROUP_008562,False,calibration
brown spot_1551.jpg,.jpg,Annotated images ( visual with labels)/Brown spot/visuals/brown spot_1551.jpg,366566,True,1024,1024,1.0,RGB,3,JPEG,7cba23b4b0aa0c014cf77e38f05965307d1af11ce95ff93c008e7e58281ff423,,Brown spot,RiceLeafDiseaseBD,PRIMARY_DEVELOPMENT_DATASET,PRIMARY_001940,D:\BTech Final Year Project\RiceLeafDiseaseBD A Field-Based Annotated Smartpho\RiceLeafDiseaseBD A Field-Based Annotated Smartpho\RiceLeafDiseaseBD\RiceLeafDiseaseBD\Annotated images ( visual with labels)\Brown spot\labels\brown spot_1551.txt,UNIQUE_GROUP_008711,False,calibration
brown spot_1562.jpg,.jpg,Annotated images ( visual with labels)/Brown spot/visuals/brown spot_1562.jpg,325181,True,1024,1024,1.0,RGB,3,JPEG,55dc5def1c54d5043d75cd9ca225b0f8b8e3640e71aef4ab8087a85d9f43985e,,Brown spot,RiceLeafDiseaseBD,PRIMARY_DEVELOPMENT_DATASET,PRIMARY_001952,D:\BTech Final Year Project\RiceLeafDiseaseBD A Field-Based Annotated Smartpho\RiceLeafDiseaseBD A Field-Based Annotated Smartpho\RiceLeafDiseaseBD\RiceLeafDiseaseBD\Annotated images ( visual with labels)\Brown spot\labels\brown spot_1562.txt,UNIQUE_GROUP_006018,False,calibration
brown spot_1563.jpg,.jpg,Annotated images ( visual with labels)/Brown spot/visuals/brown spot_1563.jpg,317938,True,1024,1024,1.0,RGB,3,JPEG,ee8bd0832e5d212b1b11b70fcfc13502e0c4fd85401abcc6a93a49bf5e9bae76,,Brown spot,RiceLeafDiseaseBD,PRIMARY_DEVELOPMENT_DATASET,PRIMARY_001953,D:\BTech Final Year Project\RiceLeafDiseaseBD A Field-Based Annotated Smartpho\RiceLeafDiseaseBD A Field-Based Annotated Smartpho\RiceLeafDiseaseBD\RiceLeafDiseaseBD\Annotated images ( visual with labels)\Brown spot\labels\brown spot_1563.txt,UNIQUE_GROUP_016620,False,calibration
brown spot_1567.jpg,.jpg,Annotated images ( visual with labels)/Brown spot/visuals/brown spot_1567.jpg,280391,True,1024,1024,1.0,RGB,3,JPEG,b30628fe70ae6cb881650ad9ea98cd897b5699244c1b83e6d0792206d0081234,,Brown spot,RiceLeafDiseaseBD,PRIMARY_DEVELOPMENT_DATASET,PRIMARY_001957,D:\BTech Final Year Project\RiceLeafDiseaseBD A Field-Based Annotated Smartpho\RiceLeafDiseaseBD A Field-Based Annotated Smartpho\RiceLeafDiseaseBD\RiceLeafDiseaseBD\Annotated images ( visual with labels)\Brown spot\labels\brown spot_1567.txt,UNIQUE_GROUP_012523,False,calibration
brown spot_1572.jpg,.jpg,Annotated images ( visual with labels)/Brown spot/visuals/brown spot_1572.jpg,299870,True,1024,1024,1.0,RGB,3,JPEG,0f095cff72699f355f221c7f080b9a5f4d2fccffb22f2f2d78e918daa80f5029,,Brown spot,RiceLeafDiseaseBD,PRIMARY_DEVELOPMENT_DATASET,PRIMARY_001963,D:\BTech Final Year Project\RiceLeafDiseaseBD A Field-Based Annotated Smartpho\RiceLeafDiseaseBD A Field-Based Annotated Smartpho\RiceLeafDiseaseBD\RiceLeafDiseaseBD\Annotated images ( visual with labels)\Brown spot\labels\brown spot_1572.txt,UNIQUE_GROUP_001041,False,calibration
brown spot_1576.jpg,.jpg,Annotated images ( visual with labels)/Brown spot/visuals/brown spot_1576.jpg,285823,True,1024,1024,1.0,RGB,3,JPEG,7f9d3e8c3e45946aa3d0401bd1e8ad58c3e9e655249f3ec7a2b1579592995bd7,,Brown spot,RiceLeafDiseaseBD,PRIMARY_DEVELOPMENT_DATASET,PRIMARY_001967,D:\BTech Final Year Project\RiceLeafDiseaseBD A Field-Based Annotated Smartpho\RiceLeafDiseaseBD A Field-Based Annotated Smartpho\RiceLeafDiseaseBD\RiceLeafDiseaseBD\Annotated images ( visual with labels)\Brown spot\labels\brown spot_1576.txt,UNIQUE_GROUP_008918,False,calibration
brown spot_1591.jpg,.jpg,Annotated images ( visual with labels)/Brown spot/visuals/brown spot_1591.jpg,342291,True,1024,1024,1.0,RGB,3,JPEG,9167e32ed168a7996f7d4f4a993bb61780d11489d2597632fccbe8c118718e78,,Brown spot,RiceLeafDiseaseBD,PRIMARY_DEVELOPMENT_DATASET,PRIMARY_001984,D:\BTech Final Year Project\RiceLeafDiseaseBD A Field-Based Annotated Smartpho\RiceLeafDiseaseBD A Field-Based Annotated Smartpho\RiceLeafDiseaseBD\RiceLeafDiseaseBD\Annotated images ( visual with labels)\Brown spot\labels\brown spot_1591.txt,UNIQUE_GROUP_010162,False,calibration
brown spot_1593.jpg,.jpg,Annotated images ( visual with labels)/Brown spot/visuals/brown spot_1593.jpg,331706,True,1024,1024,1.0,RGB,3,JPEG,c1e3eb1095cfb61be2e2cf2247a2dc4f531d6859a60c8299f51bf86bb1ef5072,,Brown spot,RiceLeafDiseaseBD,PRIMARY_DEVELOPMENT_DATASET,PRIMARY_001986,D:\BTech Final Year Project\RiceLeafDiseaseBD A Field-Based Annotated Smartpho\RiceLeafDiseaseBD A Field-Based Annotated Smartpho\RiceLeafDiseaseBD\RiceLeafDiseaseBD\Annotated images ( visual with labels)\Brown spot\labels\brown spot_1593.txt,UNIQUE_GROUP_013574,False,calibration
brown spot_1626.jpg,.jpg,Annotated images ( visual with labels)/Brown spot/visuals/brown spot_1626.jpg,289568,True,1024,1024,1.0,RGB,3,JPEG,76d24f683c188ea31dc78332ca9747ba0a3b926d5b63d4bc9e12e1ffbe0bd6d5,,Brown spot,RiceLeafDiseaseBD,PRIMARY_DEVELOPMENT_DATASET,PRIMARY_002023,D:\BTech Final Year Project\RiceLeafDiseaseBD A Field-Based Annotated Smartpho\RiceLeafDiseaseBD A Field-Based Annotated Smartpho\RiceLeafDiseaseBD\RiceLeafDiseaseBD\Annotated images ( visual with labels)\Brown spot\labels\brown spot_1626.txt,UNIQUE_GROUP_008281,False,calibration
brown spot_1632.jpg,.jpg,Annotated images ( visual with labels)/Brown spot/visuals/brown spot_1632.jpg,244887,True,1024,1024,1.0,RGB,3,JPEG,ca7cab028afc0d4e042b5fc9340d01cd1c0c76ae87f98f2669e889ee6669db2c,,Brown spot,RiceLeafDiseaseBD,PRIMARY_DEVELOPMENT_DATASET,PRIMARY_002030,D:\BTech Final Year Project\RiceLeafDiseaseBD A Field-Based Annotated Smartpho\RiceLeafDiseaseBD A Field-Based Annotated Smartpho\RiceLeafDiseaseBD\RiceLeafDiseaseBD\Annotated images ( visual with labels)\Brown spot\labels\brown spot_1632.txt,UNIQUE_GROUP_014165,False,calibration
brown spot_1635.jpg,.jpg,Annotated images ( visual with labels)/Brown spot/visuals/brown spot_1635.jpg,328828,True,1024,1024,1.0,RGB,3,JPEG,69cddf53a83604c20c5510bd8ec6f53245a0a3e903b3f9a85d917c1079dd6c02,,Brown spot,RiceLeafDiseaseBD,PRIMARY_DEVELOPMENT_DATASET,PRIMARY_002033,D:\BTech Final Year Project\RiceLeafDiseaseBD A Field-Based Annotated Smartpho\RiceLeafDiseaseBD A Field-Based Annotated Smartpho\RiceLeafDiseaseBD\RiceLeafDiseaseBD\Annotated images ( visual with labels)\Brown spot\labels\brown spot_1635.txt,UNIQUE_GROUP_007397,False,calibration
brown spot_1639.jpg,.jpg,Annotated images ( visual with labels)/Brown spot/visuals/brown spot_1639.jpg,334341,True,1024,1024,1.0,RGB,3,JPEG,39e8221e08e3bcc5071b4c6524bbb3ec5d28967773e6cfac7b40e380f67572f8,,Brown spot,RiceLeafDiseaseBD,PRIMARY_DEVELOPMENT_DATASET,PRIMARY_002037,D:\BTech Final Year Project\RiceLeafDiseaseBD A Field-Based Annotated Smartpho\RiceLeafDiseaseBD A Field-Based Annotated Smartpho\RiceLeafDiseaseBD\RiceLeafDiseaseBD\Annotated images ( visual with labels)\Brown spot\labels\brown spot_1639.txt,UNIQUE_GROUP_004051,False,calibration
brown spot_1648.jpg,.jpg,Annotated images ( visual with labels)/Brown spot/visuals/brown spot_1648.jpg,319935,True,1024,1024,1.0,RGB,3,JPEG,35f3332b1ffd15c55cf023344974a2e8536a2979100d4168d4740d957ea890ad,,Brown spot,RiceLeafDiseaseBD,PRIMARY_DEVELOPMENT_DATASET,PRIMARY_002047,D:\BTech Final Year Project\RiceLeafDiseaseBD A Field-Based Annotated Smartpho\RiceLeafDiseaseBD A Field-Based Annotated Smartpho\RiceLeafDiseaseBD\RiceLeafDiseaseBD\Annotated images ( visual with labels)\Brown spot\labels\brown spot_1648.txt,UNIQUE_GROUP_003757,False,calibration
brown spot_1649.jpg,.jpg,Annotated images ( visual with labels)/Brown spot/visuals/brown spot_1649.jpg,334999,True,1024,1024,1.0,RGB,3,JPEG,20e1da979e8731808304c5d23364af556f45f7ffa1a68e9f15be3e4d89e2c45a,,Brown spot,RiceLeafDiseaseBD,PRIMARY_DEVELOPMENT_DATASET,PRIMARY_002048,D:\BTech Final Year Project\RiceLeafDiseaseBD A Field-Based Annotated Smartpho\RiceLeafDiseaseBD A Field-Based Annotated Smartpho\RiceLeafDiseaseBD\RiceLeafDiseaseBD\Annotated images ( visual with labels)\Brown spot\labels\brown spot_1649.txt,UNIQUE_GROUP_002303,False,calibration
brown spot_1655.jpg,.jpg,Annotated images ( visual with labels)/Brown spot/visuals/brown spot_1655.jpg,296019,True,1024,1024,1.0,RGB,3,JPEG,9a4f8428494c24bf19a0fefd985ce7117bdea41ecc852157daf45da854f1e8fd,,Brown spot,RiceLeafDiseaseBD,PRIMARY_DEVELOPMENT_DATASET,PRIMARY_002055,D:\BTech Final Year Project\RiceLeafDiseaseBD A Field-Based Annotated Smartpho\RiceLeafDiseaseBD A Field-Based Annotated Smartpho\RiceLeafDiseaseBD\RiceLeafDiseaseBD\Annotated images ( visual with labels)\Brown spot\labels\brown spot_1655.txt,UNIQUE_GROUP_010794,False,calibration
brown spot_1665.jpg,.jpg,Annotated images ( visual with labels)/Brown spot/visuals/brown spot_1665.jpg,375810,True,1024,1024,1.0,RGB,3,JPEG,354476f3797b5d1a652c44c4400c3b3d4c907e9876c5cca12fff57ed8249b3ef,,Brown spot,RiceLeafDiseaseBD,PRIMARY_DEVELOPMENT_DATASET,PRIMARY_002066,D:\BTech Final Year Project\RiceLeafDiseaseBD A Field-Based Annotated Smartpho\RiceLeafDiseaseBD A Field-Based Annotated Smartpho\RiceLeafDiseaseBD\RiceLeafDiseaseBD\Annotated images ( visual with labels)\Brown spot\labels\brown spot_1665.txt,UNIQUE_GROUP_003718,False,calibration
brown spot_1667.jpg,.jpg,Annotated images ( visual with labels)/Brown spot/visuals/brown spot_1667.jpg,301556,True,1024,1024,1.0,RGB,3,JPEG,a6011be21ffdc623dad7a45afd2517ab2b42f837b60c269c4a2ce61316472a6e,,Brown spot,RiceLeafDiseaseBD,PRIMARY_DEVELOPMENT_DATASET,PRIMARY_002068,D:\BTech Final Year Project\RiceLeafDiseaseBD A Field-Based Annotated Smartpho\RiceLeafDiseaseBD A Field-Based Annotated Smartpho\RiceLeafDiseaseBD\RiceLeafDiseaseBD\Annotated images ( visual with labels)\Brown spot\labels\brown spot_1667.txt,UNIQUE_GROUP_011604,False,calibration
brown spot_167.jpg,.jpg,Annotated images ( visual with labels)/Brown spot/visuals/brown spot_167.jpg,255924,True,1024,1024,1.0,RGB,3,JPEG,0ce10cc27d801e70eeba3c82b7a202ca3d73136eed8490a73eb2479609bc588d,,Brown spot,RiceLeafDiseaseBD,PRIMARY_DEVELOPMENT_DATASET,PRIMARY_002071,D:\BTech Final Year Project\RiceLeafDiseaseBD A Field-Based Annotated Smartpho\RiceLeafDiseaseBD A Field-Based Annotated Smartpho\RiceLeafDiseaseBD\RiceLeafDiseaseBD\Annotated images ( visual with labels)\Brown spot\labels\brown spot_167.txt,UNIQUE_GROUP_000882,False,calibration
brown spot_1690.jpg,.jpg,Annotated images ( visual with labels)/Brown spot/visuals/brown spot_1690.jpg,264016,True,1024,1024,1.0,RGB,3,JPEG,15defc54fc034fb3f4d2b9328f356760a19288a3338a9ba235971ea898f0b791,,Brown spot,RiceLeafDiseaseBD,PRIMARY_DEVELOPMENT_DATASET,PRIMARY_002094,D:\BTech Final Year Project\RiceLeafDiseaseBD A Field-Based Annotated Smartpho\RiceLeafDiseaseBD A Field-Based Annotated Smartpho\RiceLeafDiseaseBD\RiceLeafDiseaseBD\Annotated images ( visual with labels)\Brown spot\labels\brown spot_1690.txt,UNIQUE_GROUP_001490,False,calibration
brown spot_1720.jpg,.jpg,Annotated images ( visual with labels)/Brown spot/visuals/brown spot_1720.jpg,255822,True,1024,1024,1.0,RGB,3,JPEG,e328fe7d5fc018d3f7db8793d492f3af3e434936e3a054dec70e561dae66d715,,Brown spot,RiceLeafDiseaseBD,PRIMARY_DEVELOPMENT_DATASET,PRIMARY_002128,D:\BTech Final Year Project\RiceLeafDiseaseBD A Field-Based Annotated Smartpho\RiceLeafDiseaseBD A Field-Based Annotated Smartpho\RiceLeafDiseaseBD\RiceLeafDiseaseBD\Annotated images ( visual with labels)\Brown spot\labels\brown spot_1720.txt,UNIQUE_GROUP_015865,False,calibration
brown spot_1723.jpg,.jpg,Annotated images ( visual with labels)/Brown spot/visuals/brown spot_1723.jpg,224935,True,1024,1024,1.0,RGB,3,JPEG,8ab3a131ba9129fc366185926cfdb933409c010ec7c10dbe7750a15015a8d707,,Brown spot,RiceLeafDiseaseBD,PRIMARY_DEVELOPMENT_DATASET,PRIMARY_002131,D:\BTech Final Year Project\RiceLeafDiseaseBD A Field-Based Annotated Smartpho\RiceLeafDiseaseBD A Field-Based Annotated Smartpho\RiceLeafDiseaseBD\RiceLeafDiseaseBD\Annotated images ( visual with labels)\Brown spot\labels\brown spot_1723.txt,UNIQUE_GROUP_009700,False,calibration
brown spot_1730.jpg,.jpg,Annotated images ( visual with labels)/Brown spot/visuals/brown spot_1730.jpg,291929,True,1024,1024,1.0,RGB,3,JPEG,891942a2e6007739a639b3999fe9d50f10d1b75c13a193f797606af611c8c1b2,,Brown spot,RiceLeafDiseaseBD,PRIMARY_DEVELOPMENT_DATASET,PRIMARY_002139,D:\BTech Final Year Project\RiceLeafDiseaseBD A Field-Based Annotated Smartpho\RiceLeafDiseaseBD A Field-Based Annotated Smartpho\RiceLeafDiseaseBD\RiceLeafDiseaseBD\Annotated images ( visual with labels)\Brown spot\labels\brown spot_1730.txt,UNIQUE_GROUP_009578,False,calibration
brown spot_1739.jpg,.jpg,Annotated images ( visual with labels)/Brown spot/visuals/brown spot_1739.jpg,275643,True,1024,1024,1.0,RGB,3,JPEG,3fe63854adfadfcd6c66c68367a38a189878d1e0462919f88160faa4e8f12153,,Brown spot,RiceLeafDiseaseBD,PRIMARY_DEVELOPMENT_DATASET,PRIMARY_002148,D:\BTech Final Year Project\RiceLeafDiseaseBD A Field-Based Annotated Smartpho\RiceLeafDiseaseBD A Field-Based Annotated Smartpho\RiceLeafDiseaseBD\RiceLeafDiseaseBD\Annotated images ( visual with labels)\Brown spot\labels\brown spot_1739.txt,UNIQUE_GROUP_004472,False,calibration
brown spot_1747.jpg,.jpg,Annotated images ( visual with labels)/Brown spot/visuals/brown spot_1747.jpg,305685,True,1024,1024,1.0,RGB,3,JPEG,81b53ae5735cb561c4b68f9309f5f0bf694bf78799a589854f4ca9a89e3f532e,,Brown spot,RiceLeafDiseaseBD,PRIMARY_DEVELOPMENT_DATASET,PRIMARY_002157,D:\BTech Final Year Project\RiceLeafDiseaseBD A Field-Based Annotated Smartpho\RiceLeafDiseaseBD A Field-Based Annotated Smartpho\RiceLeafDiseaseBD\RiceLeafDiseaseBD\Annotated images ( visual with labels)\Brown spot\labels\brown spot_1747.txt,UNIQUE_GROUP_009066,False,calibration
brown spot_1752.jpg,.jpg,Annotated images ( visual with labels)/Brown spot/visuals/brown spot_1752.jpg,310711,True,1024,1024,1.0,RGB,3,JPEG,8c4bb3d2dde7070273c834f182c5bb80e95124b88392c0290dff2412fa50b9fb,,Brown spot,RiceLeafDiseaseBD,PRIMARY_DEVELOPMENT_DATASET,PRIMARY_002163,D:\BTech Final Year Project\RiceLeafDiseaseBD A Field-Based Annotated Smartpho\RiceLeafDiseaseBD A Field-Based Annotated Smartpho\RiceLeafDiseaseBD\RiceLeafDiseaseBD\Annotated images ( visual with labels)\Brown spot\labels\brown spot_1752.txt,UNIQUE_GROUP_009818,False,calibration
brown spot_1759.jpg,.jpg,Annotated images ( visual with labels)/Brown spot/visuals/brown spot_1759.jpg,157975,True,1024,1024,1.0,RGB,3,JPEG,f93f2c7981fac9b67693166faccebef8da0c0856ad1f5c4c5ce07b303bf851e5,,Brown spot,RiceLeafDiseaseBD,PRIMARY_DEVELOPMENT_DATASET,PRIMARY_002170,D:\BTech Final Year Project\RiceLeafDiseaseBD A Field-Based Annotated Smartpho\RiceLeafDiseaseBD A Field-Based Annotated Smartpho\RiceLeafDiseaseBD\RiceLeafDiseaseBD\Annotated images ( visual with labels)\Brown spot\labels\brown spot_1759.txt,UNIQUE_GROUP_017363,False,calibration
brown spot_1761.jpg,.jpg,Annotated images ( visual with labels)/Brown spot/visuals/brown spot_1761.jpg,236990,True,1024,1024,1.0,RGB,3,JPEG,48f444887719a697941ed07f089c870c591bbc2fd80a61bd8acdd1ae8aca4c3b,,Brown spot,RiceLeafDiseaseBD,PRIMARY_DEVELOPMENT_DATASET,PRIMARY_002173,D:\BTech Final Year Project\RiceLeafDiseaseBD A Field-Based Annotated Smartpho\RiceLeafDiseaseBD A Field-Based Annotated Smartpho\RiceLeafDiseaseBD\RiceLeafDiseaseBD\Annotated images ( visual with labels)\Brown spot\labels\brown spot_1761.txt,UNIQUE_GROUP_005084,False,calibration
brown spot_1783.jpg,.jpg,Annotated images ( visual with labels)/Brown spot/visuals/brown spot_1783.jpg,287980,True,1024,1024,1.0,RGB,3,JPEG,3999bc05b41ad75469e0acdb10466ea985f701f402649e75dea962a948dd65d9,,Brown spot,RiceLeafDiseaseBD,PRIMARY_DEVELOPMENT_DATASET,PRIMARY_002197,D:\BTech Final Year Project\RiceLeafDiseaseBD A Field-Based Annotated Smartpho\RiceLeafDiseaseBD A Field-Based Annotated Smartpho\RiceLeafDiseaseBD\RiceLeafDiseaseBD\Annotated images ( visual with labels)\Brown spot\labels\brown spot_1783.txt,UNIQUE_GROUP_004027,False,calibration
brown spot_180.jpg,.jpg,Annotated images ( visual with labels)/Brown spot/visuals/brown spot_180.jpg,343585,True,1024,1024,1.0,RGB,3,JPEG,ff2ed4e2907a028af75ae4e8334df7aca2f39b32274a0cd29e687d026596bd40,,Brown spot,RiceLeafDiseaseBD,PRIMARY_DEVELOPMENT_DATASET,PRIMARY_002216,D:\BTech Final Year Project\RiceLeafDiseaseBD A Field-Based Annotated Smartpho\RiceLeafDiseaseBD A Field-Based Annotated Smartpho\RiceLeafDiseaseBD\RiceLeafDiseaseBD\Annotated images ( visual with labels)\Brown spot\labels\brown spot_180.txt,UNIQUE_GROUP_017746,False,calibration
brown spot_1810.jpg,.jpg,Annotated images ( visual with labels)/Brown spot/visuals/brown spot_1810.jpg,259715,True,1024,1024,1.0,RGB,3,JPEG,9f1c9f64be1cfc138c1875a4327956108d3f4ed27a42fd6473263ee6c23287de,,Brown spot,RiceLeafDiseaseBD,PRIMARY_DEVELOPMENT_DATASET,PRIMARY_002228,D:\BTech Final Year Project\RiceLeafDiseaseBD A Field-Based Annotated Smartpho\RiceLeafDiseaseBD A Field-Based Annotated Smartpho\RiceLeafDiseaseBD\RiceLeafDiseaseBD\Annotated images ( visual with labels)\Brown spot\labels\brown spot_1810.txt,UNIQUE_GROUP_011142,False,calibration
brown spot_1822.jpg,.jpg,Annotated images ( visual with labels)/Brown spot/visuals/brown spot_1822.jpg,276241,True,1024,1024,1.0,RGB,3,JPEG,e4fe989b8f052319a9adb9aac276d43a96a668c0f7f5554cf204bc88b6063b3f,,Brown spot,RiceLeafDiseaseBD,PRIMARY_DEVELOPMENT_DATASET,PRIMARY_002241,D:\BTech Final Year Project\RiceLeafDiseaseBD A Field-Based Annotated Smartpho\RiceLeafDiseaseBD A Field-Based Annotated Smartpho\RiceLeafDiseaseBD\RiceLeafDiseaseBD\Annotated images ( visual with labels)\Brown spot\labels\brown spot_1822.txt,UNIQUE_GROUP_015975,False,calibration
brown spot_1823.jpg,.jpg,Annotated images ( visual with labels)/Brown spot/visuals/brown spot_1823.jpg,295053,True,1024,1024,1.0,RGB,3,JPEG,c920f7995289919e1565a64d759da6e8f116d374249df1179e4546a0f2fbd0a5,,Brown spot,RiceLeafDiseaseBD,PRIMARY_DEVELOPMENT_DATASET,PRIMARY_002242,D:\BTech Final Year Project\RiceLeafDiseaseBD A Field-Based Annotated Smartpho\RiceLeafDiseaseBD A Field-Based Annotated Smartpho\RiceLeafDiseaseBD\RiceLeafDiseaseBD\Annotated images ( visual with labels)\Brown spot\labels\brown spot_1823.txt,UNIQUE_GROUP_014074,False,calibration
brown spot_1824.jpg,.jpg,Annotated images ( visual with labels)/Brown spot/visuals/brown spot_1824.jpg,277834,True,1024,1024,1.0,RGB,3,JPEG,0c45cb8e86c5b4ec47495477baf901920547155d7bfdbac2c704915301271e98,,Brown spot,RiceLeafDiseaseBD,PRIMARY_DEVELOPMENT_DATASET,PRIMARY_002243,D:\BTech Final Year Project\RiceLeafDiseaseBD A Field-Based Annotated Smartpho\RiceLeafDiseaseBD A Field-Based Annotated Smartpho\RiceLeafDiseaseBD\RiceLeafDiseaseBD\Annotated images ( visual with labels)\Brown spot\labels\brown spot_1824.txt,UNIQUE_GROUP_000834,False,calibration
brown spot_1839.jpg,.jpg,Annotated images ( visual with labels)/Brown spot/visuals/brown spot_1839.jpg,250096,True,1024,1024,1.0,RGB,3,JPEG,6687276e53b1d0277d82f4ef04332c6862c742df60c99b4e8373f0ed623b32e7,,Brown spot,RiceLeafDiseaseBD,PRIMARY_DEVELOPMENT_DATASET,PRIMARY_002259,D:\BTech Final Year Project\RiceLeafDiseaseBD A Field-Based Annotated Smartpho\RiceLeafDiseaseBD A Field-Based Annotated Smartpho\RiceLeafDiseaseBD\RiceLeafDiseaseBD\Annotated images ( visual with labels)\Brown spot\labels\brown spot_1839.txt,UNIQUE_GROUP_007176,False,calibration
brown spot_1851.jpg,.jpg,Annotated images ( visual with labels)/Brown spot/visuals/brown spot_1851.jpg,265259,True,1024,1024,1.0,RGB,3,JPEG,11cd39f4d5f9e58030406949e3da4211928d2267dc23c2b4fe0a3d368357368c,,Brown spot,RiceLeafDiseaseBD,PRIMARY_DEVELOPMENT_DATASET,PRIMARY_002273,D:\BTech Final Year Project\RiceLeafDiseaseBD A Field-Based Annotated Smartpho\RiceLeafDiseaseBD A Field-Based Annotated Smartpho\RiceLeafDiseaseBD\RiceLeafDiseaseBD\Annotated images ( visual with labels)\Brown spot\labels\brown spot_1851.txt,UNIQUE_GROUP_001228,False,calibration
brown spot_1854.jpg,.jpg,Annotated images ( visual with labels)/Brown spot/visuals/brown spot_1854.jpg,279554,True,1024,1024,1.0,RGB,3,JPEG,733a5430e136f9459f3811225bf5cab57387ff77e8c590e3ec63789923fe9d57,,Brown spot,RiceLeafDiseaseBD,PRIMARY_DEVELOPMENT_DATASET,PRIMARY_002276,D:\BTech Final Year Project\RiceLeafDiseaseBD A Field-Based Annotated Smartpho\RiceLeafDiseaseBD A Field-Based Annotated Smartpho\RiceLeafDiseaseBD\RiceLeafDiseaseBD\Annotated images ( visual with labels)\Brown spot\labels\brown spot_1854.txt,UNIQUE_GROUP_008044,False,calibration
brown spot_1870.jpg,.jpg,Annotated images ( visual with labels)/Brown spot/visuals/brown spot_1870.jpg,261746,True,1024,1024,1.0,RGB,3,JPEG,485eade64b9e136defa926cfe377fb43b10489ea6281f06b727da99ddd92fe06,,Brown spot,RiceLeafDiseaseBD,PRIMARY_DEVELOPMENT_DATASET,PRIMARY_002294,D:\BTech Final Year Project\RiceLeafDiseaseBD A Field-Based Annotated Smartpho\RiceLeafDiseaseBD A Field-Based Annotated Smartpho\RiceLeafDiseaseBD\RiceLeafDiseaseBD\Annotated images ( visual with labels)\Brown spot\labels\brown spot_1870.txt,UNIQUE_GROUP_005047,False,calibration
brown spot_1871.jpg,.jpg,Annotated images ( visual with labels)/Brown spot/visuals/brown spot_1871.jpg,259975,True,1024,1024,1.0,RGB,3,JPEG,83b8636ea27fe7d9d15d6640b65a381e7e8c8953bb20ec3fef2b75f5f65f8ed1,,Brown spot,RiceLeafDiseaseBD,PRIMARY_DEVELOPMENT_DATASET,PRIMARY_002295,D:\BTech Final Year Project\RiceLeafDiseaseBD A Field-Based Annotated Smartpho\RiceLeafDiseaseBD A Field-Based Annotated Smartpho\RiceLeafDiseaseBD\RiceLeafDiseaseBD\Annotated images ( visual with labels)\Brown spot\labels\brown spot_1871.txt,UNIQUE_GROUP_009208,False,calibration
brown spot_188.jpg,.jpg,Annotated images ( visual with labels)/Brown spot/visuals/brown spot_188.jpg,284154,True,1024,1024,1.0,RGB,3,JPEG,6cb83e0a4b03029d8ffe81055dd7c89be05b5b90655385647cd656aaa7755d67,,Brown spot,RiceLeafDiseaseBD,PRIMARY_DEVELOPMENT_DATASET,PRIMARY_002304,D:\BTech Final Year Project\RiceLeafDiseaseBD A Field-Based Annotated Smartpho\RiceLeafDiseaseBD A Field-Based Annotated Smartpho\RiceLeafDiseaseBD\RiceLeafDiseaseBD\Annotated images ( visual with labels)\Brown spot\labels\brown spot_188.txt,UNIQUE_GROUP_007582,False,calibration
brown spot_1897.jpg,.jpg,Annotated images ( visual with labels)/Brown spot/visuals/brown spot_1897.jpg,391964,True,1024,1024,1.0,RGB,3,JPEG,fddfa5e19ccf4130bf6c28f09409e8d82127d0bc2f44a630c267eb4c0e1fe90a,,Brown spot,RiceLeafDiseaseBD,PRIMARY_DEVELOPMENT_DATASET,PRIMARY_002323,D:\BTech Final Year Project\RiceLeafDiseaseBD A Field-Based Annotated Smartpho\RiceLeafDiseaseBD A Field-Based Annotated Smartpho\RiceLeafDiseaseBD\RiceLeafDiseaseBD\Annotated images ( visual with labels)\Brown spot\labels\brown spot_1897.txt,UNIQUE_GROUP_017651,False,calibration
brown spot_1917.jpg,.jpg,Annotated images ( visual with labels)/Brown spot/visuals/brown spot_1917.jpg,321227,True,1024,1024,1.0,RGB,3,JPEG,bafdedca48d4adfe31f02c2bdc375f0a2b2d7500fd67b21b8f34390a3b0bdccd,,Brown spot,RiceLeafDiseaseBD,PRIMARY_DEVELOPMENT_DATASET,PRIMARY_002346,D:\BTech Final Year Project\RiceLeafDiseaseBD A Field-Based Annotated Smartpho\RiceLeafDiseaseBD A Field-Based Annotated Smartpho\RiceLeafDiseaseBD\RiceLeafDiseaseBD\Annotated images ( visual with labels)\Brown spot\labels\brown spot_1917.txt,UNIQUE_GROUP_013066,False,calibration
brown spot_1937.jpg,.jpg,Annotated images ( visual with labels)/Brown spot/visuals/brown spot_1937.jpg,245657,True,1024,1024,1.0,RGB,3,JPEG,c74ffe570d3b60b53cb0c60f67b621b3e24932f532e392740094c38081c151e4,,Brown spot,RiceLeafDiseaseBD,PRIMARY_DEVELOPMENT_DATASET,PRIMARY_002368,D:\BTech Final Year Project\RiceLeafDiseaseBD A Field-Based Annotated Smartpho\RiceLeafDiseaseBD A Field-Based Annotated Smartpho\RiceLeafDiseaseBD\RiceLeafDiseaseBD\Annotated images ( visual with labels)\Brown spot\labels\brown spot_1937.txt,UNIQUE_GROUP_013949,False,calibration
brown spot_1941.jpg,.jpg,Annotated images ( visual with labels)/Brown spot/visuals/brown spot_1941.jpg,251556,True,1024,1024,1.0,RGB,3,JPEG,4b8ecf86352e21048fa1e8dadf7fbebfccef91d1540ef03c3a8d9c6f81352b1c,,Brown spot,RiceLeafDiseaseBD,PRIMARY_DEVELOPMENT_DATASET,PRIMARY_002373,D:\BTech Final Year Project\RiceLeafDiseaseBD A Field-Based Annotated Smartpho\RiceLeafDiseaseBD A Field-Based Annotated Smartpho\RiceLeafDiseaseBD\RiceLeafDiseaseBD\Annotated images ( visual with labels)\Brown spot\labels\brown spot_1941.txt,UNIQUE_GROUP_005285,False,calibration
brown spot_1962.jpg,.jpg,Annotated images ( visual with labels)/Brown spot/visuals/brown spot_1962.jpg,249198,True,1024,1024,1.0,RGB,3,JPEG,5b6781d5808afef39da87db4e9b5eaeccd56b07754e215c0e018a653892be26d,,Brown spot,RiceLeafDiseaseBD,PRIMARY_DEVELOPMENT_DATASET,PRIMARY_002396,D:\BTech Final Year Project\RiceLeafDiseaseBD A Field-Based Annotated Smartpho\RiceLeafDiseaseBD A Field-Based Annotated Smartpho\RiceLeafDiseaseBD\RiceLeafDiseaseBD\Annotated images ( visual with labels)\Brown spot\labels\brown spot_1962.txt,UNIQUE_GROUP_006415,False,calibration
brown spot_1963.jpg,.jpg,Annotated images ( visual with labels)/Brown spot/visuals/brown spot_1963.jpg,246818,True,1024,1024,1.0,RGB,3,JPEG,5c09e70ebf8243877f3e9158953c84a1d078bda8096c0a6f42371fbac1a19092,,Brown spot,RiceLeafDiseaseBD,PRIMARY_DEVELOPMENT_DATASET,PRIMARY_002397,D:\BTech Final Year Project\RiceLeafDiseaseBD A Field-Based Annotated Smartpho\RiceLeafDiseaseBD A Field-Based Annotated Smartpho\RiceLeafDiseaseBD\RiceLeafDiseaseBD\Annotated images ( visual with labels)\Brown spot\labels\brown spot_1963.txt,UNIQUE_GROUP_006455,False,calibration
brown spot_1979.jpg,.jpg,Annotated images ( visual with labels)/Brown spot/visuals/brown spot_1979.jpg,242126,True,1024,1024,1.0,RGB,3,JPEG,65b5c8ffbe2eb47e847eb73680f9549b0172684daeab4afe55ffc214faf684b6,,Brown spot,RiceLeafDiseaseBD,PRIMARY_DEVELOPMENT_DATASET,PRIMARY_002414,D:\BTech Final Year Project\RiceLeafDiseaseBD A Field-Based Annotated Smartpho\RiceLeafDiseaseBD A Field-Based Annotated Smartpho\RiceLeafDiseaseBD\RiceLeafDiseaseBD\Annotated images ( visual with labels)\Brown spot\labels\brown spot_1979.txt,UNIQUE_GROUP_007125,False,calibration
brown spot_20.jpg,.jpg,Annotated images ( visual with labels)/Brown spot/visuals/brown spot_20.jpg,300751,True,1024,1024,1.0,RGB,3,JPEG,368d6eec7f25accc6d984c0a7e7a724666617269c2836770c940cc4549d1a739,,Brown spot,RiceLeafDiseaseBD,PRIMARY_DEVELOPMENT_DATASET,PRIMARY_002438,D:\BTech Final Year Project\RiceLeafDiseaseBD A Field-Based Annotated Smartpho\RiceLeafDiseaseBD A Field-Based Annotated Smartpho\RiceLeafDiseaseBD\RiceLeafDiseaseBD\Annotated images ( visual with labels)\Brown spot\labels\brown spot_20.txt,UNIQUE_GROUP_003796,False,calibration
brown spot_2002.jpg,.jpg,Annotated images ( visual with labels)/Brown spot/visuals/brown spot_2002.jpg,279682,True,1024,1024,1.0,RGB,3,JPEG,dc5bfc60ad328358d2039099e9dc13f63dfe4f4d4f139b5480777153397deeef,,Brown spot,RiceLeafDiseaseBD,PRIMARY_DEVELOPMENT_DATASET,PRIMARY_002442,D:\BTech Final Year Project\RiceLeafDiseaseBD A Field-Based Annotated Smartpho\RiceLeafDiseaseBD A Field-Based Annotated Smartpho\RiceLeafDiseaseBD\RiceLeafDiseaseBD\Annotated images ( visual with labels)\Brown spot\labels\brown spot_2002.txt,UNIQUE_GROUP_015402,False,calibration
brown spot_2003.jpg,.jpg,Annotated images ( visual with labels)/Brown spot/visuals/brown spot_2003.jpg,277991,True,1024,1024,1.0,RGB,3,JPEG,2e37396719bb08ce4cb373731c315fc8975036c663230deb6aeaf223222054a2,,Brown spot,RiceLeafDiseaseBD,PRIMARY_DEVELOPMENT_DATASET,PRIMARY_002443,D:\BTech Final Year Project\RiceLeafDiseaseBD A Field-Based Annotated Smartpho\RiceLeafDiseaseBD A Field-Based Annotated Smartpho\RiceLeafDiseaseBD\RiceLeafDiseaseBD\Annotated images ( visual with labels)\Brown spot\labels\brown spot_2003.txt,UNIQUE_GROUP_003236,False,calibration
brown spot_2017.jpg,.jpg,Annotated images ( visual with labels)/Brown spot/visuals/brown spot_2017.jpg,258174,True,1024,1024,1.0,RGB,3,JPEG,810cf812624bc681e36d5de710fb8c58553bcf37d14f72d87793d89214ecfcd0,,Brown spot,RiceLeafDiseaseBD,PRIMARY_DEVELOPMENT_DATASET,PRIMARY_002458,D:\BTech Final Year Project\RiceLeafDiseaseBD A Field-Based Annotated Smartpho\RiceLeafDiseaseBD A Field-Based Annotated Smartpho\RiceLeafDiseaseBD\RiceLeafDiseaseBD\Annotated images ( visual with labels)\Brown spot\labels\brown spot_2017.txt,UNIQUE_GROUP_009019,False,calibration
brown spot_2051.jpg,.jpg,Annotated images ( visual with labels)/Brown spot/visuals/brown spot_2051.jpg,250870,True,1024,1024,1.0,RGB,3,JPEG,6454dbe8902b41118f6f46dc0b17272aac66a18809f5677250d34d557df284ae,,Brown spot,RiceLeafDiseaseBD,PRIMARY_DEVELOPMENT_DATASET,PRIMARY_002496,D:\BTech Final Year Project\RiceLeafDiseaseBD A Field-Based Annotated Smartpho\RiceLeafDiseaseBD A Field-Based Annotated Smartpho\RiceLeafDiseaseBD\RiceLeafDiseaseBD\Annotated images ( visual with labels)\Brown spot\labels\brown spot_2051.txt,UNIQUE_GROUP_007032,False,calibration
brown spot_2064.jpg,.jpg,Annotated images ( visual with labels)/Brown spot/visuals/brown spot_2064.jpg,274286,True,1024,1024,1.0,RGB,3,JPEG,b0acd3f7c559cc1345e93e2d464a29ab0b696c4b152db108d60b27f56af28928,,Brown spot,RiceLeafDiseaseBD,PRIMARY_DEVELOPMENT_DATASET,PRIMARY_002510,D:\BTech Final Year Project\RiceLeafDiseaseBD A Field-Based Annotated Smartpho\RiceLeafDiseaseBD A Field-Based Annotated Smartpho\RiceLeafDiseaseBD\RiceLeafDiseaseBD\Annotated images ( visual with labels)\Brown spot\labels\brown spot_2064.txt,UNIQUE_GROUP_012357,False,calibration
brown spot_2071.jpg,.jpg,Annotated images ( visual with labels)/Brown spot/visuals/brown spot_2071.jpg,254126,True,1024,1024,1.0,RGB,3,JPEG,ca01a23e0bdc8a699b9796d9d44d0c0a7d9b81f0a26849e36d456cda038cbecd,,Brown spot,RiceLeafDiseaseBD,PRIMARY_DEVELOPMENT_DATASET,PRIMARY_002518,D:\BTech Final Year Project\RiceLeafDiseaseBD A Field-Based Annotated Smartpho\RiceLeafDiseaseBD A Field-Based Annotated Smartpho\RiceLeafDiseaseBD\RiceLeafDiseaseBD\Annotated images ( visual with labels)\Brown spot\labels\brown spot_2071.txt,UNIQUE_GROUP_014137,False,calibration
brown spot_2107.jpg,.jpg,Annotated images ( visual with labels)/Brown spot/visuals/brown spot_2107.jpg,317974,True,1024,1024,1.0,RGB,3,JPEG,86d1f29930e28cf59ac508c4e4462f52b10f8fa7e9b81dc8ad5920629373e4c6,,Brown spot,RiceLeafDiseaseBD,PRIMARY_DEVELOPMENT_DATASET,PRIMARY_002558,D:\BTech Final Year Project\RiceLeafDiseaseBD A Field-Based Annotated Smartpho\RiceLeafDiseaseBD A Field-Based Annotated Smartpho\RiceLeafDiseaseBD\RiceLeafDiseaseBD\Annotated images ( visual with labels)\Brown spot\labels\brown spot_2107.txt,UNIQUE_GROUP_009413,False,calibration
brown spot_2113.jpg,.jpg,Annotated images ( visual with labels)/Brown spot/visuals/brown spot_2113.jpg,313212,True,1024,1024,1.0,RGB,3,JPEG,a25cc7052b2f9f542935c85252a660fa94788865dbb224c0b705ee36391d9a68,,Brown spot,RiceLeafDiseaseBD,PRIMARY_DEVELOPMENT_DATASET,PRIMARY_002565,D:\BTech Final Year Project\RiceLeafDiseaseBD A Field-Based Annotated Smartpho\RiceLeafDiseaseBD A Field-Based Annotated Smartpho\RiceLeafDiseaseBD\RiceLeafDiseaseBD\Annotated images ( visual with labels)\Brown spot\labels\brown spot_2113.txt,UNIQUE_GROUP_011373,False,calibration
brown spot_2128.jpg,.jpg,Annotated images ( visual with labels)/Brown spot/visuals/brown spot_2128.jpg,300415,True,1024,1024,1.0,RGB,3,JPEG,7e8dca8937d7d40c529e3993f495ffee581c37b9972c63fdccfa5a576ee31e08,,Brown spot,RiceLeafDiseaseBD,PRIMARY_DEVELOPMENT_DATASET,PRIMARY_002581,D:\BTech Final Year Project\RiceLeafDiseaseBD A Field-Based Annotated Smartpho\RiceLeafDiseaseBD A Field-Based Annotated Smartpho\RiceLeafDiseaseBD\RiceLeafDiseaseBD\Annotated images ( visual with labels)\Brown spot\labels\brown spot_2128.txt,UNIQUE_GROUP_008847,False,calibration
brown spot_2129.jpg,.jpg,Annotated images ( visual with labels)/Brown spot/visuals/brown spot_2129.jpg,298883,True,1024,1024,1.0,RGB,3,JPEG,cceb12aabd246a9d38884bf40b0ff08ea0b7ced1ee343d3bc6e36ed32b9752a4,,Brown spot,RiceLeafDiseaseBD,PRIMARY_DEVELOPMENT_DATASET,PRIMARY_002582,D:\BTech Final Year Project\RiceLeafDiseaseBD A Field-Based Annotated Smartpho\RiceLeafDiseaseBD A Field-Based Annotated Smartpho\RiceLeafDiseaseBD\RiceLeafDiseaseBD\Annotated images ( visual with labels)\Brown spot\labels\brown spot_2129.txt,UNIQUE_GROUP_014329,False,calibration
brown spot_2143.jpg,.jpg,Annotated images ( visual with labels)/Brown spot/visuals/brown spot_2143.jpg,281116,True,1024,1024,1.0,RGB,3,JPEG,81b0d59b4370bc9defb63cd55cc4e61303a7eb523c529c3513e469f424aac680,,Brown spot,RiceLeafDiseaseBD,PRIMARY_DEVELOPMENT_DATASET,PRIMARY_002598,D:\BTech Final Year Project\RiceLeafDiseaseBD A Field-Based Annotated Smartpho\RiceLeafDiseaseBD A Field-Based Annotated Smartpho\RiceLeafDiseaseBD\RiceLeafDiseaseBD\Annotated images ( visual with labels)\Brown spot\labels\brown spot_2143.txt,UNIQUE_GROUP_009065,False,calibration
brown spot_2176.jpg,.jpg,Annotated images ( visual with labels)/Brown spot/visuals/brown spot_2176.jpg,505821,True,1024,1024,1.0,RGB,3,JPEG,9783194213b97eed142c9b823c457d6605695c414b475431e673eed9f2b8894a,,Brown spot,RiceLeafDiseaseBD,PRIMARY_DEVELOPMENT_DATASET,PRIMARY_002634,D:\BTech Final Year Project\RiceLeafDiseaseBD A Field-Based Annotated Smartpho\RiceLeafDiseaseBD A Field-Based Annotated Smartpho\RiceLeafDiseaseBD\RiceLeafDiseaseBD\Annotated images ( visual with labels)\Brown spot\labels\brown spot_2176.txt,UNIQUE_GROUP_010603,False,calibration
brown spot_222.jpg,.jpg,Annotated images ( visual with labels)/Brown spot/visuals/brown spot_222.jpg,283848,True,1024,1024,1.0,RGB,3,JPEG,45cc666114ad5ce4f49e2d40862939eae6d35a22ec1965d1b85bd0ea459e4247,,Brown spot,RiceLeafDiseaseBD,PRIMARY_DEVELOPMENT_DATASET,PRIMARY_002642,D:\BTech Final Year Project\RiceLeafDiseaseBD A Field-Based Annotated Smartpho\RiceLeafDiseaseBD A Field-Based Annotated Smartpho\RiceLeafDiseaseBD\RiceLeafDiseaseBD\Annotated images ( visual with labels)\Brown spot\labels\brown spot_222.txt,UNIQUE_GROUP_004874,False,calibration
brown spot_225.jpg,.jpg,Annotated images ( visual with labels)/Brown spot/visuals/brown spot_225.jpg,312192,True,1024,1024,1.0,RGB,3,JPEG,dd873486b927e754c1bcb43b25d139ced2acde184a54391b0a21b715d0bf4cf5,,Brown spot,RiceLeafDiseaseBD,PRIMARY_DEVELOPMENT_DATASET,PRIMARY_002645,D:\BTech Final Year Project\RiceLeafDiseaseBD A Field-Based Annotated Smartpho\RiceLeafDiseaseBD A Field-Based Annotated Smartpho\RiceLeafDiseaseBD\RiceLeafDiseaseBD\Annotated images ( visual with labels)\Brown spot\labels\brown spot_225.txt,UNIQUE_GROUP_015478,False,calibration
brown spot_238.jpg,.jpg,Annotated images ( visual with labels)/Brown spot/visuals/brown spot_238.jpg,325296,True,1024,1024,1.0,RGB,3,JPEG,b3f99e81d88d64dce37a371b5be6ca5e074e34fc2b7df8419a68759a2fa96f68,,Brown spot,RiceLeafDiseaseBD,PRIMARY_DEVELOPMENT_DATASET,PRIMARY_002659,D:\BTech Final Year Project\RiceLeafDiseaseBD A Field-Based Annotated Smartpho\RiceLeafDiseaseBD A Field-Based Annotated Smartpho\RiceLeafDiseaseBD\RiceLeafDiseaseBD\Annotated images ( visual with labels)\Brown spot\labels\brown spot_238.txt,UNIQUE_GROUP_012588,False,calibration
brown spot_242.jpg,.jpg,Annotated images ( visual with labels)/Brown spot/visuals/brown spot_242.jpg,244313,True,1024,1024,1.0,RGB,3,JPEG,a2d21f071e1eda4d59d0ad5d65c67c474bc582321fcb73fc5a2ac883cac0ca21,,Brown spot,RiceLeafDiseaseBD,PRIMARY_DEVELOPMENT_DATASET,PRIMARY_002664,D:\BTech Final Year Project\RiceLeafDiseaseBD A Field-Based Annotated Smartpho\RiceLeafDiseaseBD A Field-Based Annotated Smartpho\RiceLeafDiseaseBD\RiceLeafDiseaseBD\Annotated images ( visual with labels)\Brown spot\labels\brown spot_242.txt,UNIQUE_GROUP_011407,False,calibration
brown spot_244.jpg,.jpg,Annotated images ( visual with labels)/Brown spot/visuals/brown spot_244.jpg,240405,True,1024,1024,1.0,RGB,3,JPEG,958604b0c233e7f610913167d3f65ba9aaa34d2c83c7a5853c654b41bbb23cd7,,Brown spot,RiceLeafDiseaseBD,PRIMARY_DEVELOPMENT_DATASET,PRIMARY_002666,D:\BTech Final Year Project\RiceLeafDiseaseBD A Field-Based Annotated Smartpho\RiceLeafDiseaseBD A Field-Based Annotated Smartpho\RiceLeafDiseaseBD\RiceLeafDiseaseBD\Annotated images ( visual with labels)\Brown spot\labels\brown spot_244.txt,UNIQUE_GROUP_010442,False,calibration
brown spot_278.jpg,.jpg,Annotated images ( visual with labels)/Brown spot/visuals/brown spot_278.jpg,244829,True,1024,1024,1.0,RGB,3,JPEG,2dfa70bfccaf252195c5bb8555ab50d99dee5da4a525c769612b84316cc148a1,,Brown spot,RiceLeafDiseaseBD,PRIMARY_DEVELOPMENT_DATASET,PRIMARY_002703,D:\BTech Final Year Project\RiceLeafDiseaseBD A Field-Based Annotated Smartpho\RiceLeafDiseaseBD A Field-Based Annotated Smartpho\RiceLeafDiseaseBD\RiceLeafDiseaseBD\Annotated images ( visual with labels)\Brown spot\labels\brown spot_278.txt,UNIQUE_GROUP_003215,False,calibration
brown spot_281.jpg,.jpg,Annotated images ( visual with labels)/Brown spot/visuals/brown spot_281.jpg,272634,True,1024,1024,1.0,RGB,3,JPEG,54bd138d40f9f6fdc249e0fa3d0c1f0dbeba070cbf2bc97c9bf8a81bdd6cfa07,,Brown spot,RiceLeafDiseaseBD,PRIMARY_DEVELOPMENT_DATASET,PRIMARY_002707,D:\BTech Final Year Project\RiceLeafDiseaseBD A Field-Based Annotated Smartpho\RiceLeafDiseaseBD A Field-Based Annotated Smartpho\RiceLeafDiseaseBD\RiceLeafDiseaseBD\Annotated images ( visual with labels)\Brown spot\labels\brown spot_281.txt,UNIQUE_GROUP_005921,False,calibration
brown spot_292.jpg,.jpg,Annotated images ( visual with labels)/Brown spot/visuals/brown spot_292.jpg,267741,True,1024,1024,1.0,RGB,3,JPEG,09dd5466d83b37632decfe255417a43e030df71461133299be9c73be27a98ee2,,Brown spot,RiceLeafDiseaseBD,PRIMARY_DEVELOPMENT_DATASET,PRIMARY_002719,D:\BTech Final Year Project\RiceLeafDiseaseBD A Field-Based Annotated Smartpho\RiceLeafDiseaseBD A Field-Based Annotated Smartpho\RiceLeafDiseaseBD\RiceLeafDiseaseBD\Annotated images ( visual with labels)\Brown spot\labels\brown spot_292.txt,UNIQUE_GROUP_000664,False,calibration
brown spot_293.jpg,.jpg,Annotated images ( visual with labels)/Brown spot/visuals/brown spot_293.jpg,274786,True,1024,1024,1.0,RGB,3,JPEG,7cebe427e1295c90bd47db4a39cba9005a18b15655444cfe7c61598ab0967fed,,Brown spot,RiceLeafDiseaseBD,PRIMARY_DEVELOPMENT_DATASET,PRIMARY_002720,D:\BTech Final Year Project\RiceLeafDiseaseBD A Field-Based Annotated Smartpho\RiceLeafDiseaseBD A Field-Based Annotated Smartpho\RiceLeafDiseaseBD\RiceLeafDiseaseBD\Annotated images ( visual with labels)\Brown spot\labels\brown spot_293.txt,UNIQUE_GROUP_008723,False,calibration
brown spot_296.jpg,.jpg,Annotated images ( visual with labels)/Brown spot/visuals/brown spot_296.jpg,291490,True,1024,1024,1.0,RGB,3,JPEG,9bcb1bebdf3a2a9d06e8bdbc03bc78d88c736728038e5eae1be32612073203a8,,Brown spot,RiceLeafDiseaseBD,PRIMARY_DEVELOPMENT_DATASET,PRIMARY_002723,D:\BTech Final Year Project\RiceLeafDiseaseBD A Field-Based Annotated Smartpho\RiceLeafDiseaseBD A Field-Based Annotated Smartpho\RiceLeafDiseaseBD\RiceLeafDiseaseBD\Annotated images ( visual with labels)\Brown spot\labels\brown spot_296.txt,UNIQUE_GROUP_010912,False,calibration
brown spot_312.jpg,.jpg,Annotated images ( visual with labels)/Brown spot/visuals/brown spot_312.jpg,290340,True,1024,1024,1.0,RGB,3,JPEG,81d37f53e6361aaa4aecbb3ae9ed2179173eae94b60b46d1983aa5342374961d,,Brown spot,RiceLeafDiseaseBD,PRIMARY_DEVELOPMENT_DATASET,PRIMARY_002742,D:\BTech Final Year Project\RiceLeafDiseaseBD A Field-Based Annotated Smartpho\RiceLeafDiseaseBD A Field-Based Annotated Smartpho\RiceLeafDiseaseBD\RiceLeafDiseaseBD\Annotated images ( visual with labels)\Brown spot\labels\brown spot_312.txt,UNIQUE_GROUP_009077,False,calibration
brown spot_327.jpg,.jpg,Annotated images ( visual with labels)/Brown spot/visuals/brown spot_327.jpg,279561,True,1024,1024,1.0,RGB,3,JPEG,c5c8f695f1916f5c6f3e10a364f8c7d899da852c1b256a8cb0daf1469f5d4b8b,,Brown spot,RiceLeafDiseaseBD,PRIMARY_DEVELOPMENT_DATASET,PRIMARY_002758,D:\BTech Final Year Project\RiceLeafDiseaseBD A Field-Based Annotated Smartpho\RiceLeafDiseaseBD A Field-Based Annotated Smartpho\RiceLeafDiseaseBD\RiceLeafDiseaseBD\Annotated images ( visual with labels)\Brown spot\labels\brown spot_327.txt,UNIQUE_GROUP_013841,False,calibration
brown spot_341.jpg,.jpg,Annotated images ( visual with labels)/Brown spot/visuals/brown spot_341.jpg,270124,True,1024,1024,1.0,RGB,3,JPEG,d3d88aa75ccee992c51a3c9720bb2f4b8494e3b7d5624a0d472e7697c98544da,,Brown spot,RiceLeafDiseaseBD,PRIMARY_DEVELOPMENT_DATASET,PRIMARY_002774,D:\BTech Final Year Project\RiceLeafDiseaseBD A Field-Based Annotated Smartpho\RiceLeafDiseaseBD A Field-Based Annotated Smartpho\RiceLeafDiseaseBD\RiceLeafDiseaseBD\Annotated images ( visual with labels)\Brown spot\labels\brown spot_341.txt,UNIQUE_GROUP_014836,False,calibration
brown spot_346.jpg,.jpg,Annotated images ( visual with labels)/Brown spot/visuals/brown spot_346.jpg,264337,True,1024,1024,1.0,RGB,3,JPEG,e62511b7c30a79ceb8b937ffb39a76c7f1983e17a20e4cdc6be4978fd938a408,,Brown spot,RiceLeafDiseaseBD,PRIMARY_DEVELOPMENT_DATASET,PRIMARY_002779,D:\BTech Final Year Project\RiceLeafDiseaseBD A Field-Based Annotated Smartpho\RiceLeafDiseaseBD A Field-Based Annotated Smartpho\RiceLeafDiseaseBD\RiceLeafDiseaseBD\Annotated images ( visual with labels)\Brown spot\labels\brown spot_346.txt,UNIQUE_GROUP_016057,False,calibration
brown spot_355.jpg,.jpg,Annotated images ( visual with labels)/Brown spot/visuals/brown spot_355.jpg,312152,True,1024,1024,1.0,RGB,3,JPEG,3144c5e1f748568998900ea56901ae1c8d08fc103941fb573a85a57f03b05518,,Brown spot,RiceLeafDiseaseBD,PRIMARY_DEVELOPMENT_DATASET,PRIMARY_002789,D:\BTech Final Year Project\RiceLeafDiseaseBD A Field-Based Annotated Smartpho\RiceLeafDiseaseBD A Field-Based Annotated Smartpho\RiceLeafDiseaseBD\RiceLeafDiseaseBD\Annotated images ( visual with labels)\Brown spot\labels\brown spot_355.txt,UNIQUE_GROUP_003449,False,calibration
brown spot_356.jpg,.jpg,Annotated images ( visual with labels)/Brown spot/visuals/brown spot_356.jpg,310945,True,1024,1024,1.0,RGB,3,JPEG,be6ebccced314338910f6f7f0b8c77e300646e2dbb52ae2b49eb42eb30e22ea4,,Brown spot,RiceLeafDiseaseBD,PRIMARY_DEVELOPMENT_DATASET,PRIMARY_002790,D:\BTech Final Year Project\RiceLeafDiseaseBD A Field-Based Annotated Smartpho\RiceLeafDiseaseBD A Field-Based Annotated Smartpho\RiceLeafDiseaseBD\RiceLeafDiseaseBD\Annotated images ( visual with labels)\Brown spot\labels\brown spot_356.txt,UNIQUE_GROUP_013312,False,calibration
brown spot_370.jpg,.jpg,Annotated images ( visual with labels)/Brown spot/visuals/brown spot_370.jpg,274302,True,1024,1024,1.0,RGB,3,JPEG,313e42c8615a558bc41b25d8e69576e188ba801049a6840cd6f90c5169146b26,,Brown spot,RiceLeafDiseaseBD,PRIMARY_DEVELOPMENT_DATASET,PRIMARY_002806,D:\BTech Final Year Project\RiceLeafDiseaseBD A Field-Based Annotated Smartpho\RiceLeafDiseaseBD A Field-Based Annotated Smartpho\RiceLeafDiseaseBD\RiceLeafDiseaseBD\Annotated images ( visual with labels)\Brown spot\labels\brown spot_370.txt,UNIQUE_GROUP_003443,False,calibration
brown spot_372.jpg,.jpg,Annotated images ( visual with labels)/Brown spot/visuals/brown spot_372.jpg,251424,True,1024,1024,1.0,RGB,3,JPEG,f2e1daafcafb0a65e24653eb87d5f9b0fefb00c55fdb2c83d3ad03176bbed91e,,Brown spot,RiceLeafDiseaseBD,PRIMARY_DEVELOPMENT_DATASET,PRIMARY_002808,D:\BTech Final Year Project\RiceLeafDiseaseBD A Field-Based Annotated Smartpho\RiceLeafDiseaseBD A Field-Based Annotated Smartpho\RiceLeafDiseaseBD\RiceLeafDiseaseBD\Annotated images ( visual with labels)\Brown spot\labels\brown spot_372.txt,UNIQUE_GROUP_016903,False,calibration
brown spot_38.jpg,.jpg,Annotated images ( visual with labels)/Brown spot/visuals/brown spot_38.jpg,270126,True,1024,1024,1.0,RGB,3,JPEG,33dda3ce12db00bcaa1b86ba8de9768824a54a0a9d5db810b4811869f24fd206,,Brown spot,RiceLeafDiseaseBD,PRIMARY_DEVELOPMENT_DATASET,PRIMARY_002816,D:\BTech Final Year Project\RiceLeafDiseaseBD A Field-Based Annotated Smartpho\RiceLeafDiseaseBD A Field-Based Annotated Smartpho\RiceLeafDiseaseBD\RiceLeafDiseaseBD\Annotated images ( visual with labels)\Brown spot\labels\brown spot_38.txt,UNIQUE_GROUP_003623,False,calibration
brown spot_383.jpg,.jpg,Annotated images ( visual with labels)/Brown spot/visuals/brown spot_383.jpg,302971,True,1024,1024,1.0,RGB,3,JPEG,16d743514c65cd0f37c7952849a0386d705067ccd5abf41ae6a8a848be766afa,,Brown spot,RiceLeafDiseaseBD,PRIMARY_DEVELOPMENT_DATASET,PRIMARY_002820,D:\BTech Final Year Project\RiceLeafDiseaseBD A Field-Based Annotated Smartpho\RiceLeafDiseaseBD A Field-Based Annotated Smartpho\RiceLeafDiseaseBD\RiceLeafDiseaseBD\Annotated images ( visual with labels)\Brown spot\labels\brown spot_383.txt,UNIQUE_GROUP_001556,False,calibration
brown spot_39.jpg,.jpg,Annotated images ( visual with labels)/Brown spot/visuals/brown spot_39.jpg,258686,True,1024,1024,1.0,RGB,3,JPEG,1197fbed2be098cfb83cbc64ecc79df0ba897d19687299116c3695c272611ed2,,Brown spot,RiceLeafDiseaseBD,PRIMARY_DEVELOPMENT_DATASET,PRIMARY_002827,D:\BTech Final Year Project\RiceLeafDiseaseBD A Field-Based Annotated Smartpho\RiceLeafDiseaseBD A Field-Based Annotated Smartpho\RiceLeafDiseaseBD\RiceLeafDiseaseBD\Annotated images ( visual with labels)\Brown spot\labels\brown spot_39.txt,UNIQUE_GROUP_001209,False,calibration
brown spot_395.jpg,.jpg,Annotated images ( visual with labels)/Brown spot/visuals/brown spot_395.jpg,300890,True,1024,1024,1.0,RGB,3,JPEG,57ceefcfb07175a548584499a486f00cce7085aad1a701994c56a2768a0c6b7e,,Brown spot,RiceLeafDiseaseBD,PRIMARY_DEVELOPMENT_DATASET,PRIMARY_002833,D:\BTech Final Year Project\RiceLeafDiseaseBD A Field-Based Annotated Smartpho\RiceLeafDiseaseBD A Field-Based Annotated Smartpho\RiceLeafDiseaseBD\RiceLeafDiseaseBD\Annotated images ( visual with labels)\Brown spot\labels\brown spot_395.txt,UNIQUE_GROUP_006152,False,calibration
brown spot_403.jpg,.jpg,Annotated images ( visual with labels)/Brown spot/visuals/brown spot_403.jpg,324727,True,1024,1024,1.0,RGB,3,JPEG,228bcd16eb7c59911852934bbaa56ea6a68fbb962a94c7343d38476a04d010df,,Brown spot,RiceLeafDiseaseBD,PRIMARY_DEVELOPMENT_DATASET,PRIMARY_002843,D:\BTech Final Year Project\RiceLeafDiseaseBD A Field-Based Annotated Smartpho\RiceLeafDiseaseBD A Field-Based Annotated Smartpho\RiceLeafDiseaseBD\RiceLeafDiseaseBD\Annotated images ( visual with labels)\Brown spot\labels\brown spot_403.txt,UNIQUE_GROUP_002420,False,calibration
brown spot_41.jpg,.jpg,Annotated images ( visual with labels)/Brown spot/visuals/brown spot_41.jpg,248717,True,1024,1024,1.0,RGB,3,JPEG,61e25d4f66b814006c87c47b33bb363ded9f0e6a3d1f1494d6547d0ef0650d1e,,Brown spot,RiceLeafDiseaseBD,PRIMARY_DEVELOPMENT_DATASET,PRIMARY_002850,D:\BTech Final Year Project\RiceLeafDiseaseBD A Field-Based Annotated Smartpho\RiceLeafDiseaseBD A Field-Based Annotated Smartpho\RiceLeafDiseaseBD\RiceLeafDiseaseBD\Annotated images ( visual with labels)\Brown spot\labels\brown spot_41.txt,UNIQUE_GROUP_006861,False,calibration
brown spot_410.jpg,.jpg,Annotated images ( visual with labels)/Brown spot/visuals/brown spot_410.jpg,309689,True,1024,1024,1.0,RGB,3,JPEG,4936b3cc2dfea331be635bac1c6f7e6fb23124707f7c8c331e4812d2bf8f32c8,,Brown spot,RiceLeafDiseaseBD,PRIMARY_DEVELOPMENT_DATASET,PRIMARY_002851,D:\BTech Final Year Project\RiceLeafDiseaseBD A Field-Based Annotated Smartpho\RiceLeafDiseaseBD A Field-Based Annotated Smartpho\RiceLeafDiseaseBD\RiceLeafDiseaseBD\Annotated images ( visual with labels)\Brown spot\labels\brown spot_410.txt,UNIQUE_GROUP_005102,False,calibration
brown spot_412.jpg,.jpg,Annotated images ( visual with labels)/Brown spot/visuals/brown spot_412.jpg,307775,True,1024,1024,1.0,RGB,3,JPEG,8a83f9051eff5f80e0bb35319338936e9a373eb0e6c8ab8786e092431b26556f,,Brown spot,RiceLeafDiseaseBD,PRIMARY_DEVELOPMENT_DATASET,PRIMARY_002853,D:\BTech Final Year Project\RiceLeafDiseaseBD A Field-Based Annotated Smartpho\RiceLeafDiseaseBD A Field-Based Annotated Smartpho\RiceLeafDiseaseBD\RiceLeafDiseaseBD\Annotated images ( visual with labels)\Brown spot\labels\brown spot_412.txt,UNIQUE_GROUP_009679,False,calibration
brown spot_415.jpg,.jpg,Annotated images ( visual with labels)/Brown spot/visuals/brown spot_415.jpg,325139,True,1024,1024,1.0,RGB,3,JPEG,e43d8ec0f02e3de1a2429605baf41306f994e15e80104a6848ad4a40ecfeecd9,,Brown spot,RiceLeafDiseaseBD,PRIMARY_DEVELOPMENT_DATASET,PRIMARY_002856,D:\BTech Final Year Project\RiceLeafDiseaseBD A Field-Based Annotated Smartpho\RiceLeafDiseaseBD A Field-Based Annotated Smartpho\RiceLeafDiseaseBD\RiceLeafDiseaseBD\Annotated images ( visual with labels)\Brown spot\labels\brown spot_415.txt,UNIQUE_GROUP_015927,False,calibration
brown spot_42.jpg,.jpg,Annotated images ( visual with labels)/Brown spot/visuals/brown spot_42.jpg,285113,True,1024,1024,1.0,RGB,3,JPEG,13388ce3488268508c3ddf2f16a89b24dfc19ebf044bccc52704551897ec9ed2,,Brown spot,RiceLeafDiseaseBD,PRIMARY_DEVELOPMENT_DATASET,PRIMARY_002861,D:\BTech Final Year Project\RiceLeafDiseaseBD A Field-Based Annotated Smartpho\RiceLeafDiseaseBD A Field-Based Annotated Smartpho\RiceLeafDiseaseBD\RiceLeafDiseaseBD\Annotated images ( visual with labels)\Brown spot\labels\brown spot_42.txt,UNIQUE_GROUP_001318,False,calibration
brown spot_423.jpg,.jpg,Annotated images ( visual with labels)/Brown spot/visuals/brown spot_423.jpg,274587,True,1024,1024,1.0,RGB,3,JPEG,c49eaf1182eff12b4f68de90e185712a27aad7c382a93c448fb47b830bd1768a,,Brown spot,RiceLeafDiseaseBD,PRIMARY_DEVELOPMENT_DATASET,PRIMARY_002865,D:\BTech Final Year Project\RiceLeafDiseaseBD A Field-Based Annotated Smartpho\RiceLeafDiseaseBD A Field-Based Annotated Smartpho\RiceLeafDiseaseBD\RiceLeafDiseaseBD\Annotated images ( visual with labels)\Brown spot\labels\brown spot_423.txt,UNIQUE_GROUP_013764,False,calibration
brown spot_427.jpg,.jpg,Annotated images ( visual with labels)/Brown spot/visuals/brown spot_427.jpg,297278,True,1024,1024,1.0,RGB,3,JPEG,4c7cdf2f18d51d62f6a019c9230709ddd467e3e682320e2bbdd50bd474d94768,,Brown spot,RiceLeafDiseaseBD,PRIMARY_DEVELOPMENT_DATASET,PRIMARY_002869,D:\BTech Final Year Project\RiceLeafDiseaseBD A Field-Based Annotated Smartpho\RiceLeafDiseaseBD A Field-Based Annotated Smartpho\RiceLeafDiseaseBD\RiceLeafDiseaseBD\Annotated images ( visual with labels)\Brown spot\labels\brown spot_427.txt,UNIQUE_GROUP_005351,False,calibration
brown spot_437.jpg,.jpg,Annotated images ( visual with labels)/Brown spot/visuals/brown spot_437.jpg,277992,True,1024,1024,1.0,RGB,3,JPEG,197dc196a0b4c9a882d27ff17b4c942cd9f57782b67b4ba7f3eac26ce1f1e826,,Brown spot,RiceLeafDiseaseBD,PRIMARY_DEVELOPMENT_DATASET,PRIMARY_002880,D:\BTech Final Year Project\RiceLeafDiseaseBD A Field-Based Annotated Smartpho\RiceLeafDiseaseBD A Field-Based Annotated Smartpho\RiceLeafDiseaseBD\RiceLeafDiseaseBD\Annotated images ( visual with labels)\Brown spot\labels\brown spot_437.txt,UNIQUE_GROUP_001752,False,calibration
brown spot_44.jpg,.jpg,Annotated images ( visual with labels)/Brown spot/visuals/brown spot_44.jpg,272026,True,1024,1024,1.0,RGB,3,JPEG,7f5fe8130948d542dc8b3e91f594ee018b4f3dedebdbae8c28f2fc30e1a2f79e,,Brown spot,RiceLeafDiseaseBD,PRIMARY_DEVELOPMENT_DATASET,PRIMARY_002883,D:\BTech Final Year Project\RiceLeafDiseaseBD A Field-Based Annotated Smartpho\RiceLeafDiseaseBD A Field-Based Annotated Smartpho\RiceLeafDiseaseBD\RiceLeafDiseaseBD\Annotated images ( visual with labels)\Brown spot\labels\brown spot_44.txt,UNIQUE_GROUP_008905,False,calibration
brown spot_454.jpg,.jpg,Annotated images ( visual with labels)/Brown spot/visuals/brown spot_454.jpg,271551,True,1024,1024,1.0,RGB,3,JPEG,5e2e6667fe61798af3d3a0e7a948a44db978df9b28f55c67fc9728a64026d0f8,,Brown spot,RiceLeafDiseaseBD,PRIMARY_DEVELOPMENT_DATASET,PRIMARY_002899,D:\BTech Final Year Project\RiceLeafDiseaseBD A Field-Based Annotated Smartpho\RiceLeafDiseaseBD A Field-Based Annotated Smartpho\RiceLeafDiseaseBD\RiceLeafDiseaseBD\Annotated images ( visual with labels)\Brown spot\labels\brown spot_454.txt,UNIQUE_GROUP_006592,False,calibration
brown spot_48.jpg,.jpg,Annotated images ( visual with labels)/Brown spot/visuals/brown spot_48.jpg,288346,True,1024,1024,1.0,RGB,3,JPEG,598956b1dabf88871db660d894923c8de6a011da30c161bd595da8ef9c7dd2b1,,Brown spot,RiceLeafDiseaseBD,PRIMARY_DEVELOPMENT_DATASET,PRIMARY_002927,D:\BTech Final Year Project\RiceLeafDiseaseBD A Field-Based Annotated Smartpho\RiceLeafDiseaseBD A Field-Based Annotated Smartpho\RiceLeafDiseaseBD\RiceLeafDiseaseBD\Annotated images ( visual with labels)\Brown spot\labels\brown spot_48.txt,UNIQUE_GROUP_006266,False,calibration
brown spot_485.jpg,.jpg,Annotated images ( visual with labels)/Brown spot/visuals/brown spot_485.jpg,341895,True,1024,1024,1.0,RGB,3,JPEG,cb08b8365ab1de3e239290d411755412586af3e5c7b8afd3dcc552ba983f588b,,Brown spot,RiceLeafDiseaseBD,PRIMARY_DEVELOPMENT_DATASET,PRIMARY_002933,D:\BTech Final Year Project\RiceLeafDiseaseBD A Field-Based Annotated Smartpho\RiceLeafDiseaseBD A Field-Based Annotated Smartpho\RiceLeafDiseaseBD\RiceLeafDiseaseBD\Annotated images ( visual with labels)\Brown spot\labels\brown spot_485.txt,UNIQUE_GROUP_014204,False,calibration
brown spot_489.jpg,.jpg,Annotated images ( visual with labels)/Brown spot/visuals/brown spot_489.jpg,283093,True,1024,1024,1.0,RGB,3,JPEG,86e686431f31396b7b950b7b229280bac2b6e08dc171e37552246fcf35abca36,,Brown spot,RiceLeafDiseaseBD,PRIMARY_DEVELOPMENT_DATASET,PRIMARY_002937,D:\BTech Final Year Project\RiceLeafDiseaseBD A Field-Based Annotated Smartpho\RiceLeafDiseaseBD A Field-Based Annotated Smartpho\RiceLeafDiseaseBD\RiceLeafDiseaseBD\Annotated images ( visual with labels)\Brown spot\labels\brown spot_489.txt,UNIQUE_GROUP_009421,False,calibration
brown spot_49.jpg,.jpg,Annotated images ( visual with labels)/Brown spot/visuals/brown spot_49.jpg,270586,True,1024,1024,1.0,RGB,3,JPEG,4c7b327494339d2e46b73229f9e344474a82248e230cfeb7cf24afd03c1ccf07,,Brown spot,RiceLeafDiseaseBD,PRIMARY_DEVELOPMENT_DATASET,PRIMARY_002938,D:\BTech Final Year Project\RiceLeafDiseaseBD A Field-Based Annotated Smartpho\RiceLeafDiseaseBD A Field-Based Annotated Smartpho\RiceLeafDiseaseBD\RiceLeafDiseaseBD\Annotated images ( visual with labels)\Brown spot\labels\brown spot_49.txt,UNIQUE_GROUP_005350,False,calibration
brown spot_490.jpg,.jpg,Annotated images ( visual with labels)/Brown spot/visuals/brown spot_490.jpg,300808,True,1024,1024,1.0,RGB,3,JPEG,9df2ccc3462c849bde630a8c71cf41e517f87a7fd4afdda005e38b7b9b3ef761,,Brown spot,RiceLeafDiseaseBD,PRIMARY_DEVELOPMENT_DATASET,PRIMARY_002939,D:\BTech Final Year Project\RiceLeafDiseaseBD A Field-Based Annotated Smartpho\RiceLeafDiseaseBD A Field-Based Annotated Smartpho\RiceLeafDiseaseBD\RiceLeafDiseaseBD\Annotated images ( visual with labels)\Brown spot\labels\brown spot_490.txt,UNIQUE_GROUP_011072,False,calibration
brown spot_493.jpg,.jpg,Annotated images ( visual with labels)/Brown spot/visuals/brown spot_493.jpg,297050,True,1024,1024,1.0,RGB,3,JPEG,bf3656de65aa713174eaf31210c8a358d8cb35c69b0284fa4588020485faf2bc,,Brown spot,RiceLeafDiseaseBD,PRIMARY_DEVELOPMENT_DATASET,PRIMARY_002942,D:\BTech Final Year Project\RiceLeafDiseaseBD A Field-Based Annotated Smartpho\RiceLeafDiseaseBD A Field-Based Annotated Smartpho\RiceLeafDiseaseBD\RiceLeafDiseaseBD\Annotated images ( visual with labels)\Brown spot\labels\brown spot_493.txt,UNIQUE_GROUP_013365,False,calibration
brown spot_498.jpg,.jpg,Annotated images ( visual with labels)/Brown spot/visuals/brown spot_498.jpg,309736,True,1024,1024,1.0,RGB,3,JPEG,721378c786d06902d3c07bd32a20e3e797711d4f554ca27ba150afc63e77017a,,Brown spot,RiceLeafDiseaseBD,PRIMARY_DEVELOPMENT_DATASET,PRIMARY_002947,D:\BTech Final Year Project\RiceLeafDiseaseBD A Field-Based Annotated Smartpho\RiceLeafDiseaseBD A Field-Based Annotated Smartpho\RiceLeafDiseaseBD\RiceLeafDiseaseBD\Annotated images ( visual with labels)\Brown spot\labels\brown spot_498.txt,UNIQUE_GROUP_007965,False,calibration
brown spot_509.jpg,.jpg,Annotated images ( visual with labels)/Brown spot/visuals/brown spot_509.jpg,333802,True,1024,1024,1.0,RGB,3,JPEG,ae44c670f8283bc2b5ffe34fe8c23ce2755b6437fc2e41014629a94b73049f6a,,Brown spot,RiceLeafDiseaseBD,PRIMARY_DEVELOPMENT_DATASET,PRIMARY_002960,D:\BTech Final Year Project\RiceLeafDiseaseBD A Field-Based Annotated Smartpho\RiceLeafDiseaseBD A Field-Based Annotated Smartpho\RiceLeafDiseaseBD\RiceLeafDiseaseBD\Annotated images ( visual with labels)\Brown spot\labels\brown spot_509.txt,UNIQUE_GROUP_012190,False,calibration
brown spot_510.jpg,.jpg,Annotated images ( visual with labels)/Brown spot/visuals/brown spot_510.jpg,304814,True,1024,1024,1.0,RGB,3,JPEG,947605fc0315752b03a42fab05f2dc5a7737518f2159422c7d8e5cf41273f380,,Brown spot,RiceLeafDiseaseBD,PRIMARY_DEVELOPMENT_DATASET,PRIMARY_002962,D:\BTech Final Year Project\RiceLeafDiseaseBD A Field-Based Annotated Smartpho\RiceLeafDiseaseBD A Field-Based Annotated Smartpho\RiceLeafDiseaseBD\RiceLeafDiseaseBD\Annotated images ( visual with labels)\Brown spot\labels\brown spot_510.txt,UNIQUE_GROUP_010380,False,calibration
brown spot_516.jpg,.jpg,Annotated images ( visual with labels)/Brown spot/visuals/brown spot_516.jpg,248047,True,1024,1024,1.0,RGB,3,JPEG,8903271a1cb10dfedac7f0d4a49ef08cf542eb1c40215b57070290c0f6f97166,,Brown spot,RiceLeafDiseaseBD,PRIMARY_DEVELOPMENT_DATASET,PRIMARY_002968,D:\BTech Final Year Project\RiceLeafDiseaseBD A Field-Based Annotated Smartpho\RiceLeafDiseaseBD A Field-Based Annotated Smartpho\RiceLeafDiseaseBD\RiceLeafDiseaseBD\Annotated images ( visual with labels)\Brown spot\labels\brown spot_516.txt,UNIQUE_GROUP_009570,False,calibration
brown spot_52.jpg,.jpg,Annotated images ( visual with labels)/Brown spot/visuals/brown spot_52.jpg,270181,True,1024,1024,1.0,RGB,3,JPEG,28ad6ee6fddd69ddf0bc8dc7dac0b2764ea9e697070a2863ed9ad57b89680705,,Brown spot,RiceLeafDiseaseBD,PRIMARY_DEVELOPMENT_DATASET,PRIMARY_002972,D:\BTech Final Year Project\RiceLeafDiseaseBD A Field-Based Annotated Smartpho\RiceLeafDiseaseBD A Field-Based Annotated Smartpho\RiceLeafDiseaseBD\RiceLeafDiseaseBD\Annotated images ( visual with labels)\Brown spot\labels\brown spot_52.txt,UNIQUE_GROUP_002846,False,calibration
brown spot_540.jpg,.jpg,Annotated images ( visual with labels)/Brown spot/visuals/brown spot_540.jpg,298391,True,1024,1024,1.0,RGB,3,JPEG,1a1d14d4dcf73d936d82f166012e71857d41e6c48705b197e7a7153379857db4,,Brown spot,RiceLeafDiseaseBD,PRIMARY_DEVELOPMENT_DATASET,PRIMARY_002995,D:\BTech Final Year Project\RiceLeafDiseaseBD A Field-Based Annotated Smartpho\RiceLeafDiseaseBD A Field-Based Annotated Smartpho\RiceLeafDiseaseBD\RiceLeafDiseaseBD\Annotated images ( visual with labels)\Brown spot\labels\brown spot_540.txt,UNIQUE_GROUP_001799,False,calibration
brown spot_541.jpg,.jpg,Annotated images ( visual with labels)/Brown spot/visuals/brown spot_541.jpg,257780,True,1024,1024,1.0,RGB,3,JPEG,2533d43df35df68358e55f203fb9a599bc5f36c28825cb2b3e87de41fbf39a93,,Brown spot,RiceLeafDiseaseBD,PRIMARY_DEVELOPMENT_DATASET,PRIMARY_002996,D:\BTech Final Year Project\RiceLeafDiseaseBD A Field-Based Annotated Smartpho\RiceLeafDiseaseBD A Field-Based Annotated Smartpho\RiceLeafDiseaseBD\RiceLeafDiseaseBD\Annotated images ( visual with labels)\Brown spot\labels\brown spot_541.txt,UNIQUE_GROUP_002603,False,calibration
brown spot_561.jpg,.jpg,Annotated images ( visual with labels)/Brown spot/visuals/brown spot_561.jpg,315913,True,1024,1024,1.0,RGB,3,JPEG,400456adac9fb37d2afeb2d9d4053ce61e6dc8262e23bad6b27c38cc00ce3aef,,Brown spot,RiceLeafDiseaseBD,PRIMARY_DEVELOPMENT_DATASET,PRIMARY_003018,D:\BTech Final Year Project\RiceLeafDiseaseBD A Field-Based Annotated Smartpho\RiceLeafDiseaseBD A Field-Based Annotated Smartpho\RiceLeafDiseaseBD\RiceLeafDiseaseBD\Annotated images ( visual with labels)\Brown spot\labels\brown spot_561.txt,UNIQUE_GROUP_004481,False,calibration
brown spot_565.jpg,.jpg,Annotated images ( visual with labels)/Brown spot/visuals/brown spot_565.jpg,282756,True,1024,1024,1.0,RGB,3,JPEG,6783da7700fb4a53f2b52bf4e0a34b3ba2cdd86431766dd55c2bba92ea7782dd,,Brown spot,RiceLeafDiseaseBD,PRIMARY_DEVELOPMENT_DATASET,PRIMARY_003022,D:\BTech Final Year Project\RiceLeafDiseaseBD A Field-Based Annotated Smartpho\RiceLeafDiseaseBD A Field-Based Annotated Smartpho\RiceLeafDiseaseBD\RiceLeafDiseaseBD\Annotated images ( visual with labels)\Brown spot\labels\brown spot_565.txt,UNIQUE_GROUP_007249,False,calibration
brown spot_573.jpg,.jpg,Annotated images ( visual with labels)/Brown spot/visuals/brown spot_573.jpg,264210,True,1024,1024,1.0,RGB,3,JPEG,21949c3b212d17ca33d7e426ac8da9bb2b1981cb8e7bfa9646debf2bcb711f35,,Brown spot,RiceLeafDiseaseBD,PRIMARY_DEVELOPMENT_DATASET,PRIMARY_003031,D:\BTech Final Year Project\RiceLeafDiseaseBD A Field-Based Annotated Smartpho\RiceLeafDiseaseBD A Field-Based Annotated Smartpho\RiceLeafDiseaseBD\RiceLeafDiseaseBD\Annotated images ( visual with labels)\Brown spot\labels\brown spot_573.txt,UNIQUE_GROUP_002355,False,calibration
brown spot_583.jpg,.jpg,Annotated images ( visual with labels)/Brown spot/visuals/brown spot_583.jpg,290967,True,1024,1024,1.0,RGB,3,JPEG,bef6493c33a807fb78c870effd9e13c5433ec46e9aa1e0a8a469ea99bf87c2e1,,Brown spot,RiceLeafDiseaseBD,PRIMARY_DEVELOPMENT_DATASET,PRIMARY_003042,D:\BTech Final Year Project\RiceLeafDiseaseBD A Field-Based Annotated Smartpho\RiceLeafDiseaseBD A Field-Based Annotated Smartpho\RiceLeafDiseaseBD\RiceLeafDiseaseBD\Annotated images ( visual with labels)\Brown spot\labels\brown spot_583.txt,UNIQUE_GROUP_013347,False,calibration
brown spot_592.jpg,.jpg,Annotated images ( visual with labels)/Brown spot/visuals/brown spot_592.jpg,299093,True,1024,1024,1.0,RGB,3,JPEG,25f61343a45ef7a1c02d5cef11ff0bbe9ae99e59b42c722d6bd544ad8e040495,,Brown spot,RiceLeafDiseaseBD,PRIMARY_DEVELOPMENT_DATASET,PRIMARY_003052,D:\BTech Final Year Project\RiceLeafDiseaseBD A Field-Based Annotated Smartpho\RiceLeafDiseaseBD A Field-Based Annotated Smartpho\RiceLeafDiseaseBD\RiceLeafDiseaseBD\Annotated images ( visual with labels)\Brown spot\labels\brown spot_592.txt,UNIQUE_GROUP_002660,False,calibration
brown spot_630.jpg,.jpg,Annotated images ( visual with labels)/Brown spot/visuals/brown spot_630.jpg,294819,True,1024,1024,1.0,RGB,3,JPEG,095b04991b81766d48ba4470500e18cf9bc2ba39634aebbcd826d9f559fa7738,,Brown spot,RiceLeafDiseaseBD,PRIMARY_DEVELOPMENT_DATASET,PRIMARY_003095,D:\BTech Final Year Project\RiceLeafDiseaseBD A Field-Based Annotated Smartpho\RiceLeafDiseaseBD A Field-Based Annotated Smartpho\RiceLeafDiseaseBD\RiceLeafDiseaseBD\Annotated images ( visual with labels)\Brown spot\labels\brown spot_630.txt,UNIQUE_GROUP_000626,False,calibration
brown spot_640.jpg,.jpg,Annotated images ( visual with labels)/Brown spot/visuals/brown spot_640.jpg,317785,True,1024,1024,1.0,RGB,3,JPEG,2a3cb5c16d5473b588278d25a3f94ec120e885ca5c1bc5346aa2c7690edaa2c8,,Brown spot,RiceLeafDiseaseBD,PRIMARY_DEVELOPMENT_DATASET,PRIMARY_003106,D:\BTech Final Year Project\RiceLeafDiseaseBD A Field-Based Annotated Smartpho\RiceLeafDiseaseBD A Field-Based Annotated Smartpho\RiceLeafDiseaseBD\RiceLeafDiseaseBD\Annotated images ( visual with labels)\Brown spot\labels\brown spot_640.txt,UNIQUE_GROUP_002942,False,calibration
brown spot_642.jpg,.jpg,Annotated images ( visual with labels)/Brown spot/visuals/brown spot_642.jpg,279637,True,1024,1024,1.0,RGB,3,JPEG,349a84b638ae8393eeebf4b606d7b5e0ac9c41006a13e94e3823d4427d24c8b6,,Brown spot,RiceLeafDiseaseBD,PRIMARY_DEVELOPMENT_DATASET,PRIMARY_003108,D:\BTech Final Year Project\RiceLeafDiseaseBD A Field-Based Annotated Smartpho\RiceLeafDiseaseBD A Field-Based Annotated Smartpho\RiceLeafDiseaseBD\RiceLeafDiseaseBD\Annotated images ( visual with labels)\Brown spot\labels\brown spot_642.txt,UNIQUE_GROUP_003683,False,calibration
brown spot_648.jpg,.jpg,Annotated images ( visual with labels)/Brown spot/visuals/brown spot_648.jpg,292135,True,1024,1024,1.0,RGB,3,JPEG,e5e68c892bcc3a78f4a6e43bc7d68a6199931af8e975005063600a45d86e44e5,,Brown spot,RiceLeafDiseaseBD,PRIMARY_DEVELOPMENT_DATASET,PRIMARY_003114,D:\BTech Final Year Project\RiceLeafDiseaseBD A Field-Based Annotated Smartpho\RiceLeafDiseaseBD A Field-Based Annotated Smartpho\RiceLeafDiseaseBD\RiceLeafDiseaseBD\Annotated images ( visual with labels)\Brown spot\labels\brown spot_648.txt,UNIQUE_GROUP_016042,False,calibration
brown spot_670.jpg,.jpg,Annotated images ( visual with labels)/Brown spot/visuals/brown spot_670.jpg,288121,True,1024,1024,1.0,RGB,3,JPEG,8848214292d4f1c26876ff4779689c3834e5849f854b57fe976097a4fc82175f,,Brown spot,RiceLeafDiseaseBD,PRIMARY_DEVELOPMENT_DATASET,PRIMARY_003139,D:\BTech Final Year Project\RiceLeafDiseaseBD A Field-Based Annotated Smartpho\RiceLeafDiseaseBD A Field-Based Annotated Smartpho\RiceLeafDiseaseBD\RiceLeafDiseaseBD\Annotated images ( visual with labels)\Brown spot\labels\brown spot_670.txt,UNIQUE_GROUP_009514,False,calibration
brown spot_681.jpg,.jpg,Annotated images ( visual with labels)/Brown spot/visuals/brown spot_681.jpg,265826,True,1024,1024,1.0,RGB,3,JPEG,d09c38db3e9362c59f83305e414bf32697e9cfecc93fb1d9d4972978010182a0,,Brown spot,RiceLeafDiseaseBD,PRIMARY_DEVELOPMENT_DATASET,PRIMARY_003151,D:\BTech Final Year Project\RiceLeafDiseaseBD A Field-Based Annotated Smartpho\RiceLeafDiseaseBD A Field-Based Annotated Smartpho\RiceLeafDiseaseBD\RiceLeafDiseaseBD\Annotated images ( visual with labels)\Brown spot\labels\brown spot_681.txt,UNIQUE_GROUP_014594,False,calibration
brown spot_683.jpg,.jpg,Annotated images ( visual with labels)/Brown spot/visuals/brown spot_683.jpg,273340,True,1024,1024,1.0,RGB,3,JPEG,cd81c73105be6e3908d8c59f56e61314caacd2b91c40f4581d4b83d0f5b1bdc1,,Brown spot,RiceLeafDiseaseBD,PRIMARY_DEVELOPMENT_DATASET,PRIMARY_003153,D:\BTech Final Year Project\RiceLeafDiseaseBD A Field-Based Annotated Smartpho\RiceLeafDiseaseBD A Field-Based Annotated Smartpho\RiceLeafDiseaseBD\RiceLeafDiseaseBD\Annotated images ( visual with labels)\Brown spot\labels\brown spot_683.txt,UNIQUE_GROUP_014387,False,calibration
brown spot_713.jpg,.jpg,Annotated images ( visual with labels)/Brown spot/visuals/brown spot_713.jpg,282202,True,1024,1024,1.0,RGB,3,JPEG,e2ed412c2dc86a8364b7a8faedad5226c40296044bebbe1acca2bc92bb51cdf7,,Brown spot,RiceLeafDiseaseBD,PRIMARY_DEVELOPMENT_DATASET,PRIMARY_003187,D:\BTech Final Year Project\RiceLeafDiseaseBD A Field-Based Annotated Smartpho\RiceLeafDiseaseBD A Field-Based Annotated Smartpho\RiceLeafDiseaseBD\RiceLeafDiseaseBD\Annotated images ( visual with labels)\Brown spot\labels\brown spot_713.txt,UNIQUE_GROUP_015850,False,calibration
brown spot_728.jpg,.jpg,Annotated images ( visual with labels)/Brown spot/visuals/brown spot_728.jpg,289373,True,1024,1024,1.0,RGB,3,JPEG,9dc94d28861601aed666f68b86e7c0c8227dc9a149df1c99f8c71a2c04366ac7,,Brown spot,RiceLeafDiseaseBD,PRIMARY_DEVELOPMENT_DATASET,PRIMARY_003203,D:\BTech Final Year Project\RiceLeafDiseaseBD A Field-Based Annotated Smartpho\RiceLeafDiseaseBD A Field-Based Annotated Smartpho\RiceLeafDiseaseBD\RiceLeafDiseaseBD\Annotated images ( visual with labels)\Brown spot\labels\brown spot_728.txt,UNIQUE_GROUP_011054,False,calibration
brown spot_733.jpg,.jpg,Annotated images ( visual with labels)/Brown spot/visuals/brown spot_733.jpg,365129,True,1024,1024,1.0,RGB,3,JPEG,8cbca492c50ea523033a81f397de08f48527d101163f61eea2389de294dd9b2d,,Brown spot,RiceLeafDiseaseBD,PRIMARY_DEVELOPMENT_DATASET,PRIMARY_003209,D:\BTech Final Year Project\RiceLeafDiseaseBD A Field-Based Annotated Smartpho\RiceLeafDiseaseBD A Field-Based Annotated Smartpho\RiceLeafDiseaseBD\RiceLeafDiseaseBD\Annotated images ( visual with labels)\Brown spot\labels\brown spot_733.txt,UNIQUE_GROUP_009864,False,calibration
brown spot_74.jpg,.jpg,Annotated images ( visual with labels)/Brown spot/visuals/brown spot_74.jpg,257988,True,1024,1024,1.0,RGB,3,JPEG,2b3d87e326ccebdfc2fde426084d88f5f5e080acd44d2d792356e7d55bc01721,,Brown spot,RiceLeafDiseaseBD,PRIMARY_DEVELOPMENT_DATASET,PRIMARY_003216,D:\BTech Final Year Project\RiceLeafDiseaseBD A Field-Based Annotated Smartpho\RiceLeafDiseaseBD A Field-Based Annotated Smartpho\RiceLeafDiseaseBD\RiceLeafDiseaseBD\Annotated images ( visual with labels)\Brown spot\labels\brown spot_74.txt,UNIQUE_GROUP_003025,False,calibration
brown spot_740.jpg,.jpg,Annotated images ( visual with labels)/Brown spot/visuals/brown spot_740.jpg,258025,True,1024,1024,1.0,RGB,3,JPEG,8681fac563448e8c8946fc5e27222350e40ec6b1e1d231a25e1a17b6858f3b5a,,Brown spot,RiceLeafDiseaseBD,PRIMARY_DEVELOPMENT_DATASET,PRIMARY_003217,D:\BTech Final Year Project\RiceLeafDiseaseBD A Field-Based Annotated Smartpho\RiceLeafDiseaseBD A Field-Based Annotated Smartpho\RiceLeafDiseaseBD\RiceLeafDiseaseBD\Annotated images ( visual with labels)\Brown spot\labels\brown spot_740.txt,UNIQUE_GROUP_009388,False,calibration
brown spot_745.jpg,.jpg,Annotated images ( visual with labels)/Brown spot/visuals/brown spot_745.jpg,306488,True,1024,1024,1.0,RGB,3,JPEG,ac4bf599c3f4b87f1c5cff2554f32348fab9d341592e39a636906e921af05fbd,,Brown spot,RiceLeafDiseaseBD,PRIMARY_DEVELOPMENT_DATASET,PRIMARY_003222,D:\BTech Final Year Project\RiceLeafDiseaseBD A Field-Based Annotated Smartpho\RiceLeafDiseaseBD A Field-Based Annotated Smartpho\RiceLeafDiseaseBD\RiceLeafDiseaseBD\Annotated images ( visual with labels)\Brown spot\labels\brown spot_745.txt,UNIQUE_GROUP_012057,False,calibration
brown spot_756.jpg,.jpg,Annotated images ( visual with labels)/Brown spot/visuals/brown spot_756.jpg,255775,True,1024,1024,1.0,RGB,3,JPEG,e354b8323350675075073bfc76ce040ac10a03ba5f1765d7647cfcf34a63174f,,Brown spot,RiceLeafDiseaseBD,PRIMARY_DEVELOPMENT_DATASET,PRIMARY_003234,D:\BTech Final Year Project\RiceLeafDiseaseBD A Field-Based Annotated Smartpho\RiceLeafDiseaseBD A Field-Based Annotated Smartpho\RiceLeafDiseaseBD\RiceLeafDiseaseBD\Annotated images ( visual with labels)\Brown spot\labels\brown spot_756.txt,UNIQUE_GROUP_015876,False,calibration
brown spot_773.jpg,.jpg,Annotated images ( visual with labels)/Brown spot/visuals/brown spot_773.jpg,259972,True,1024,1024,1.0,RGB,3,JPEG,a0bd360a9c45f83872bec183e310424c435dfcac5cfdeb87bc410eb4d9b5029a,,Brown spot,RiceLeafDiseaseBD,PRIMARY_DEVELOPMENT_DATASET,PRIMARY_003253,D:\BTech Final Year Project\RiceLeafDiseaseBD A Field-Based Annotated Smartpho\RiceLeafDiseaseBD A Field-Based Annotated Smartpho\RiceLeafDiseaseBD\RiceLeafDiseaseBD\Annotated images ( visual with labels)\Brown spot\labels\brown spot_773.txt,UNIQUE_GROUP_011257,False,calibration
brown spot_794.jpg,.jpg,Annotated images ( visual with labels)/Brown spot/visuals/brown spot_794.jpg,268353,True,1024,1024,1.0,RGB,3,JPEG,b7dbd0a04eeea02b8c47dc71743c75a352837a64de378c785985de4fdfa71ba1,,Brown spot,RiceLeafDiseaseBD,PRIMARY_DEVELOPMENT_DATASET,PRIMARY_003276,D:\BTech Final Year Project\RiceLeafDiseaseBD A Field-Based Annotated Smartpho\RiceLeafDiseaseBD A Field-Based Annotated Smartpho\RiceLeafDiseaseBD\RiceLeafDiseaseBD\Annotated images ( visual with labels)\Brown spot\labels\brown spot_794.txt,UNIQUE_GROUP_012849,False,calibration
brown spot_808.jpg,.jpg,Annotated images ( visual with labels)/Brown spot/visuals/brown spot_808.jpg,252588,True,1024,1024,1.0,RGB,3,JPEG,1ecd56beb4af135b45f8afcd29e0207da69b188f3c22c72d307937ac7b0b65e9,,Brown spot,RiceLeafDiseaseBD,PRIMARY_DEVELOPMENT_DATASET,PRIMARY_003292,D:\BTech Final Year Project\RiceLeafDiseaseBD A Field-Based Annotated Smartpho\RiceLeafDiseaseBD A Field-Based Annotated Smartpho\RiceLeafDiseaseBD\RiceLeafDiseaseBD\Annotated images ( visual with labels)\Brown spot\labels\brown spot_808.txt,UNIQUE_GROUP_002149,False,calibration
brown spot_809.jpg,.jpg,Annotated images ( visual with labels)/Brown spot/visuals/brown spot_809.jpg,288685,True,1024,1024,1.0,RGB,3,JPEG,8ccc7067d8a80f287a780fe586291c4f75f0fe52f6e9ae10e819c66ded8df6bb,,Brown spot,RiceLeafDiseaseBD,PRIMARY_DEVELOPMENT_DATASET,PRIMARY_003293,D:\BTech Final Year Project\RiceLeafDiseaseBD A Field-Based Annotated Smartpho\RiceLeafDiseaseBD A Field-Based Annotated Smartpho\RiceLeafDiseaseBD\RiceLeafDiseaseBD\Annotated images ( visual with labels)\Brown spot\labels\brown spot_809.txt,UNIQUE_GROUP_009869,False,calibration
brown spot_815.jpg,.jpg,Annotated images ( visual with labels)/Brown spot/visuals/brown spot_815.jpg,242734,True,1024,1024,1.0,RGB,3,JPEG,9a0dd5735fc73d58d11c8bdc37916cee1f4e338ce6f1af802e7f8bf11c25248f,,Brown spot,RiceLeafDiseaseBD,PRIMARY_DEVELOPMENT_DATASET,PRIMARY_003300,D:\BTech Final Year Project\RiceLeafDiseaseBD A Field-Based Annotated Smartpho\RiceLeafDiseaseBD A Field-Based Annotated Smartpho\RiceLeafDiseaseBD\RiceLeafDiseaseBD\Annotated images ( visual with labels)\Brown spot\labels\brown spot_815.txt,UNIQUE_GROUP_010771,False,calibration
brown spot_817.jpg,.jpg,Annotated images ( visual with labels)/Brown spot/visuals/brown spot_817.jpg,248738,True,1024,1024,1.0,RGB,3,JPEG,344bd888380632b98168276fc2366c6cf62ad878e59453fc39cced6f60fb1844,,Brown spot,RiceLeafDiseaseBD,PRIMARY_DEVELOPMENT_DATASET,PRIMARY_003302,D:\BTech Final Year Project\RiceLeafDiseaseBD A Field-Based Annotated Smartpho\RiceLeafDiseaseBD A Field-Based Annotated Smartpho\RiceLeafDiseaseBD\RiceLeafDiseaseBD\Annotated images ( visual with labels)\Brown spot\labels\brown spot_817.txt,UNIQUE_GROUP_003657,False,calibration
brown spot_831.jpg,.jpg,Annotated images ( visual with labels)/Brown spot/visuals/brown spot_831.jpg,263495,True,1024,1024,1.0,RGB,3,JPEG,4eb4c0d879ff238ab1a1cd64553a0931b8ef67ab72453e22dda4b453676d59b1,,Brown spot,RiceLeafDiseaseBD,PRIMARY_DEVELOPMENT_DATASET,PRIMARY_003318,D:\BTech Final Year Project\RiceLeafDiseaseBD A Field-Based Annotated Smartpho\RiceLeafDiseaseBD A Field-Based Annotated Smartpho\RiceLeafDiseaseBD\RiceLeafDiseaseBD\Annotated images ( visual with labels)\Brown spot\labels\brown spot_831.txt,UNIQUE_GROUP_005504,False,calibration
brown spot_842.jpg,.jpg,Annotated images ( visual with labels)/Brown spot/visuals/brown spot_842.jpg,280190,True,1024,1024,1.0,RGB,3,JPEG,7c6f078148d41ee367f224cbe995a0afcf334897e347af0151110fb75ef7594d,,Brown spot,RiceLeafDiseaseBD,PRIMARY_DEVELOPMENT_DATASET,PRIMARY_003330,D:\BTech Final Year Project\RiceLeafDiseaseBD A Field-Based Annotated Smartpho\RiceLeafDiseaseBD A Field-Based Annotated Smartpho\RiceLeafDiseaseBD\RiceLeafDiseaseBD\Annotated images ( visual with labels)\Brown spot\labels\brown spot_842.txt,UNIQUE_GROUP_008687,False,calibration
brown spot_844.jpg,.jpg,Annotated images ( visual with labels)/Brown spot/visuals/brown spot_844.jpg,272869,True,1024,1024,1.0,RGB,3,JPEG,4af812c485e139d5a2cf75fee55a8428725c404ec8788d2225fd102f18f1adeb,,Brown spot,RiceLeafDiseaseBD,PRIMARY_DEVELOPMENT_DATASET,PRIMARY_003332,D:\BTech Final Year Project\RiceLeafDiseaseBD A Field-Based Annotated Smartpho\RiceLeafDiseaseBD A Field-Based Annotated Smartpho\RiceLeafDiseaseBD\RiceLeafDiseaseBD\Annotated images ( visual with labels)\Brown spot\labels\brown spot_844.txt,UNIQUE_GROUP_005240,False,calibration
brown spot_846.jpg,.jpg,Annotated images ( visual with labels)/Brown spot/visuals/brown spot_846.jpg,224956,True,1024,1024,1.0,RGB,3,JPEG,dcc494657402a82f9ca1016f6418854b98c86d94e6dfd1ca95865ca324841e24,,Brown spot,RiceLeafDiseaseBD,PRIMARY_DEVELOPMENT_DATASET,PRIMARY_003334,D:\BTech Final Year Project\RiceLeafDiseaseBD A Field-Based Annotated Smartpho\RiceLeafDiseaseBD A Field-Based Annotated Smartpho\RiceLeafDiseaseBD\RiceLeafDiseaseBD\Annotated images ( visual with labels)\Brown spot\labels\brown spot_846.txt,UNIQUE_GROUP_015429,False,calibration
brown spot_853.jpg,.jpg,Annotated images ( visual with labels)/Brown spot/visuals/brown spot_853.jpg,258560,True,1024,1024,1.0,RGB,3,JPEG,57a5475728935a7a1db20a5aa37a2ad9d3ed316b68b2c326b8b5f1ed2a365caf,,Brown spot,RiceLeafDiseaseBD,PRIMARY_DEVELOPMENT_DATASET,PRIMARY_003342,D:\BTech Final Year Project\RiceLeafDiseaseBD A Field-Based Annotated Smartpho\RiceLeafDiseaseBD A Field-Based Annotated Smartpho\RiceLeafDiseaseBD\RiceLeafDiseaseBD\Annotated images ( visual with labels)\Brown spot\labels\brown spot_853.txt,UNIQUE_GROUP_006142,False,calibration
brown spot_868.jpg,.jpg,Annotated images ( visual with labels)/Brown spot/visuals/brown spot_868.jpg,271194,True,1024,1024,1.0,RGB,3,JPEG,d8307ebe140eceff90dcca18ff2e85790525c72f5e8734d4fdd71f5d94041b5f,,Brown spot,RiceLeafDiseaseBD,PRIMARY_DEVELOPMENT_DATASET,PRIMARY_003358,D:\BTech Final Year Project\RiceLeafDiseaseBD A Field-Based Annotated Smartpho\RiceLeafDiseaseBD A Field-Based Annotated Smartpho\RiceLeafDiseaseBD\RiceLeafDiseaseBD\Annotated images ( visual with labels)\Brown spot\labels\brown spot_868.txt,UNIQUE_GROUP_015124,False,calibration
brown spot_869.jpg,.jpg,Annotated images ( visual with labels)/Brown spot/visuals/brown spot_869.jpg,254084,True,1024,1024,1.0,RGB,3,JPEG,45b67364f9b0ea53b54924afe59adf8191ace34e725e4ee8520d1ec3cc473b30,,Brown spot,RiceLeafDiseaseBD,PRIMARY_DEVELOPMENT_DATASET,PRIMARY_003359,D:\BTech Final Year Project\RiceLeafDiseaseBD A Field-Based Annotated Smartpho\RiceLeafDiseaseBD A Field-Based Annotated Smartpho\RiceLeafDiseaseBD\RiceLeafDiseaseBD\Annotated images ( visual with labels)\Brown spot\labels\brown spot_869.txt,UNIQUE_GROUP_004867,False,calibration
brown spot_87.jpg,.jpg,Annotated images ( visual with labels)/Brown spot/visuals/brown spot_87.jpg,312869,True,1024,1024,1.0,RGB,3,JPEG,2b3a3ff1aa84aec2f5f3f40095dfb6de28d0054f03d459ec3aa6dbdcb2afd02d,,Brown spot,RiceLeafDiseaseBD,PRIMARY_DEVELOPMENT_DATASET,PRIMARY_003360,D:\BTech Final Year Project\RiceLeafDiseaseBD A Field-Based Annotated Smartpho\RiceLeafDiseaseBD A Field-Based Annotated Smartpho\RiceLeafDiseaseBD\RiceLeafDiseaseBD\Annotated images ( visual with labels)\Brown spot\labels\brown spot_87.txt,UNIQUE_GROUP_003022,False,calibration
brown spot_872.jpg,.jpg,Annotated images ( visual with labels)/Brown spot/visuals/brown spot_872.jpg,248282,True,1024,1024,1.0,RGB,3,JPEG,d1d94cd04cd2126b3164218430ae44c467f96177207d5fa30f7d4bc189b2f988,,Brown spot,RiceLeafDiseaseBD,PRIMARY_DEVELOPMENT_DATASET,PRIMARY_003363,D:\BTech Final Year Project\RiceLeafDiseaseBD A Field-Based Annotated Smartpho\RiceLeafDiseaseBD A Field-Based Annotated Smartpho\RiceLeafDiseaseBD\RiceLeafDiseaseBD\Annotated images ( visual with labels)\Brown spot\labels\brown spot_872.txt,UNIQUE_GROUP_014688,False,calibration
brown spot_876.jpg,.jpg,Annotated images ( visual with labels)/Brown spot/visuals/brown spot_876.jpg,325006,True,1024,1024,1.0,RGB,3,JPEG,85724ffcd45cc8d1be02bb978c8d3e258e73a36cebc785b5d9e37b0af9d7238a,,Brown spot,RiceLeafDiseaseBD,PRIMARY_DEVELOPMENT_DATASET,PRIMARY_003367,D:\BTech Final Year Project\RiceLeafDiseaseBD A Field-Based Annotated Smartpho\RiceLeafDiseaseBD A Field-Based Annotated Smartpho\RiceLeafDiseaseBD\RiceLeafDiseaseBD\Annotated images ( visual with labels)\Brown spot\labels\brown spot_876.txt,UNIQUE_GROUP_009332,False,calibration
brown spot_880.jpg,.jpg,Annotated images ( visual with labels)/Brown spot/visuals/brown spot_880.jpg,260784,True,1024,1024,1.0,RGB,3,JPEG,b469a4329cd6bfac2a341f10fb667beb7df51d1f001b33a21919e56dceafc06a,,Brown spot,RiceLeafDiseaseBD,PRIMARY_DEVELOPMENT_DATASET,PRIMARY_003372,D:\BTech Final Year Project\RiceLeafDiseaseBD A Field-Based Annotated Smartpho\RiceLeafDiseaseBD A Field-Based Annotated Smartpho\RiceLeafDiseaseBD\RiceLeafDiseaseBD\Annotated images ( visual with labels)\Brown spot\labels\brown spot_880.txt,UNIQUE_GROUP_012616,False,calibration
brown spot_900.jpg,.jpg,Annotated images ( visual with labels)/Brown spot/visuals/brown spot_900.jpg,269443,True,1024,1024,1.0,RGB,3,JPEG,c034e814a3cceed8f103a35691488a8f921f1209f73b7bbe73e427e1d37a6329,,Brown spot,RiceLeafDiseaseBD,PRIMARY_DEVELOPMENT_DATASET,PRIMARY_003395,D:\BTech Final Year Project\RiceLeafDiseaseBD A Field-Based Annotated Smartpho\RiceLeafDiseaseBD A Field-Based Annotated Smartpho\RiceLeafDiseaseBD\RiceLeafDiseaseBD\Annotated images ( visual with labels)\Brown spot\labels\brown spot_900.txt,UNIQUE_GROUP_013440,False,calibration
brown spot_902.jpg,.jpg,Annotated images ( visual with labels)/Brown spot/visuals/brown spot_902.jpg,270310,True,1024,1024,1.0,RGB,3,JPEG,a01d84a503daa66983acada822041dd91e2887e3557523de9ed9f8f703b3eafb,,Brown spot,RiceLeafDiseaseBD,PRIMARY_DEVELOPMENT_DATASET,PRIMARY_003397,D:\BTech Final Year Project\RiceLeafDiseaseBD A Field-Based Annotated Smartpho\RiceLeafDiseaseBD A Field-Based Annotated Smartpho\RiceLeafDiseaseBD\RiceLeafDiseaseBD\Annotated images ( visual with labels)\Brown spot\labels\brown spot_902.txt,UNIQUE_GROUP_011204,False,calibration
brown spot_91.jpg,.jpg,Annotated images ( visual with labels)/Brown spot/visuals/brown spot_91.jpg,277060,True,1024,1024,1.0,RGB,3,JPEG,bcdee71cbfbd39d285d89182aed08f85ba5a95c41b5ddb8dce014a85e45c04e6,,Brown spot,RiceLeafDiseaseBD,PRIMARY_DEVELOPMENT_DATASET,PRIMARY_003405,D:\BTech Final Year Project\RiceLeafDiseaseBD A Field-Based Annotated Smartpho\RiceLeafDiseaseBD A Field-Based Annotated Smartpho\RiceLeafDiseaseBD\RiceLeafDiseaseBD\Annotated images ( visual with labels)\Brown spot\labels\brown spot_91.txt,UNIQUE_GROUP_013197,False,calibration
brown spot_910.jpg,.jpg,Annotated images ( visual with labels)/Brown spot/visuals/brown spot_910.jpg,254314,True,1024,1024,1.0,RGB,3,JPEG,fc48b77e41087aff9e342e49b6410ad4633f06d9a66f24471ac673997b638352,,Brown spot,RiceLeafDiseaseBD,PRIMARY_DEVELOPMENT_DATASET,PRIMARY_003406,D:\BTech Final Year Project\RiceLeafDiseaseBD A Field-Based Annotated Smartpho\RiceLeafDiseaseBD A Field-Based Annotated Smartpho\RiceLeafDiseaseBD\RiceLeafDiseaseBD\Annotated images ( visual with labels)\Brown spot\labels\brown spot_910.txt,UNIQUE_GROUP_017549,False,calibration
brown spot_931.jpg,.jpg,Annotated images ( visual with labels)/Brown spot/visuals/brown spot_931.jpg,263376,True,1024,1024,1.0,RGB,3,JPEG,6e5cbe1442437e2eb77444568315c66104a6fb6bc8e1be14ce519987a60bb7a2,,Brown spot,RiceLeafDiseaseBD,PRIMARY_DEVELOPMENT_DATASET,PRIMARY_003429,D:\BTech Final Year Project\RiceLeafDiseaseBD A Field-Based Annotated Smartpho\RiceLeafDiseaseBD A Field-Based Annotated Smartpho\RiceLeafDiseaseBD\RiceLeafDiseaseBD\Annotated images ( visual with labels)\Brown spot\labels\brown spot_931.txt,UNIQUE_GROUP_007705,False,calibration
brown spot_953.jpg,.jpg,Annotated images ( visual with labels)/Brown spot/visuals/brown spot_953.jpg,249306,True,1024,1024,1.0,RGB,3,JPEG,12a5442fdda63bea21f2633359022fcfcd9cbf9ac9e751f13c7ab1e9a6f16cff,,Brown spot,RiceLeafDiseaseBD,PRIMARY_DEVELOPMENT_DATASET,PRIMARY_003453,D:\BTech Final Year Project\RiceLeafDiseaseBD A Field-Based Annotated Smartpho\RiceLeafDiseaseBD A Field-Based Annotated Smartpho\RiceLeafDiseaseBD\RiceLeafDiseaseBD\Annotated images ( visual with labels)\Brown spot\labels\brown spot_953.txt,UNIQUE_GROUP_001286,False,calibration
brown spot_955.jpg,.jpg,Annotated images ( visual with labels)/Brown spot/visuals/brown spot_955.jpg,245775,True,1024,1024,1.0,RGB,3,JPEG,aed55a1423977bd9ac3ad486edb2bad10a8cdd708d0e78bd990735fa91f8e069,,Brown spot,RiceLeafDiseaseBD,PRIMARY_DEVELOPMENT_DATASET,PRIMARY_003455,D:\BTech Final Year Project\RiceLeafDiseaseBD A Field-Based Annotated Smartpho\RiceLeafDiseaseBD A Field-Based Annotated Smartpho\RiceLeafDiseaseBD\RiceLeafDiseaseBD\Annotated images ( visual with labels)\Brown spot\labels\brown spot_955.txt,UNIQUE_GROUP_012232,False,calibration
brown spot_961.jpg,.jpg,Annotated images ( visual with labels)/Brown spot/visuals/brown spot_961.jpg,255251,True,1024,1024,1.0,RGB,3,JPEG,0c80afad13ddfba616b72401a6addeeecda71a730c8c9ae7c3074278351871bd,,Brown spot,RiceLeafDiseaseBD,PRIMARY_DEVELOPMENT_DATASET,PRIMARY_003462,D:\BTech Final Year Project\RiceLeafDiseaseBD A Field-Based Annotated Smartpho\RiceLeafDiseaseBD A Field-Based Annotated Smartpho\RiceLeafDiseaseBD\RiceLeafDiseaseBD\Annotated images ( visual with labels)\Brown spot\labels\brown spot_961.txt,UNIQUE_GROUP_000848,False,calibration
brown spot_962.jpg,.jpg,Annotated images ( visual with labels)/Brown spot/visuals/brown spot_962.jpg,268046,True,1024,1024,1.0,RGB,3,JPEG,223d038ab157c236b9090da28ad46175772f494f3eaed04d5e711508a4849bc4,,Brown spot,RiceLeafDiseaseBD,PRIMARY_DEVELOPMENT_DATASET,PRIMARY_003463,D:\BTech Final Year Project\RiceLeafDiseaseBD A Field-Based Annotated Smartpho\RiceLeafDiseaseBD A Field-Based Annotated Smartpho\RiceLeafDiseaseBD\RiceLeafDiseaseBD\Annotated images ( visual with labels)\Brown spot\labels\brown spot_962.txt,UNIQUE_GROUP_002399,False,calibration
brown spot_966.jpg,.jpg,Annotated images ( visual with labels)/Brown spot/visuals/brown spot_966.jpg,266684,True,1024,1024,1.0,RGB,3,JPEG,5ae699f8f60f767495f78cf25035e5e8736a41a4494e97d1faf1fc0b14f6151a,,Brown spot,RiceLeafDiseaseBD,PRIMARY_DEVELOPMENT_DATASET,PRIMARY_003467,D:\BTech Final Year Project\RiceLeafDiseaseBD A Field-Based Annotated Smartpho\RiceLeafDiseaseBD A Field-Based Annotated Smartpho\RiceLeafDiseaseBD\RiceLeafDiseaseBD\Annotated images ( visual with labels)\Brown spot\labels\brown spot_966.txt,UNIQUE_GROUP_006371,False,calibration
brown spot_977.jpg,.jpg,Annotated images ( visual with labels)/Brown spot/visuals/brown spot_977.jpg,290651,True,1024,1024,1.0,RGB,3,JPEG,8b4847cdd5ba538ae5e9ef7e07c7e8eb1b49afee1b2fc493dcab3594fedfa767,,Brown spot,RiceLeafDiseaseBD,PRIMARY_DEVELOPMENT_DATASET,PRIMARY_003479,D:\BTech Final Year Project\RiceLeafDiseaseBD A Field-Based Annotated Smartpho\RiceLeafDiseaseBD A Field-Based Annotated Smartpho\RiceLeafDiseaseBD\RiceLeafDiseaseBD\Annotated images ( visual with labels)\Brown spot\labels\brown spot_977.txt,UNIQUE_GROUP_009739,False,calibration
brown spot_984.jpg,.jpg,Annotated images ( visual with labels)/Brown spot/visuals/brown spot_984.jpg,289754,True,1024,1024,1.0,RGB,3,JPEG,37de599138f79d2726fa253e2fcd9ec3945482a92a0d0fea51b498093c0c5802,,Brown spot,RiceLeafDiseaseBD,PRIMARY_DEVELOPMENT_DATASET,PRIMARY_003487,D:\BTech Final Year Project\RiceLeafDiseaseBD A Field-Based Annotated Smartpho\RiceLeafDiseaseBD A Field-Based Annotated Smartpho\RiceLeafDiseaseBD\RiceLeafDiseaseBD\Annotated images ( visual with labels)\Brown spot\labels\brown spot_984.txt,UNIQUE_GROUP_003896,False,calibration
brown spot_995.jpg,.jpg,Annotated images ( visual with labels)/Brown spot/visuals/brown spot_995.jpg,324056,True,1024,1024,1.0,RGB,3,JPEG,605a17bc7dfe248dafe04bdb419a242c9619f7448556fe3189b9a1a014a66702,,Brown spot,RiceLeafDiseaseBD,PRIMARY_DEVELOPMENT_DATASET,PRIMARY_003499,D:\BTech Final Year Project\RiceLeafDiseaseBD A Field-Based Annotated Smartpho\RiceLeafDiseaseBD A Field-Based Annotated Smartpho\RiceLeafDiseaseBD\RiceLeafDiseaseBD\Annotated images ( visual with labels)\Brown spot\labels\brown spot_995.txt,UNIQUE_GROUP_006749,False,calibration
brown spot_996.jpg,.jpg,Annotated images ( visual with labels)/Brown spot/visuals/brown spot_996.jpg,313982,True,1024,1024,1.0,RGB,3,JPEG,d5d48fc5735f6ce81d03ba7e6a82131c15df889b49f09f86508a41b5244bb936,,Brown spot,RiceLeafDiseaseBD,PRIMARY_DEVELOPMENT_DATASET,PRIMARY_003500,D:\BTech Final Year Project\RiceLeafDiseaseBD A Field-Based Annotated Smartpho\RiceLeafDiseaseBD A Field-Based Annotated Smartpho\RiceLeafDiseaseBD\RiceLeafDiseaseBD\Annotated images ( visual with labels)\Brown spot\labels\brown spot_996.txt,UNIQUE_GROUP_014958,False,calibration
brown spot_999.jpg,.jpg,Annotated images ( visual with labels)/Brown spot/visuals/brown spot_999.jpg,286282,True,1024,1024,1.0,RGB,3,JPEG,92ab03fd6577ff91e905846b5ba42e75ed79a4cd70e0933d769b9c483ca39128,,Brown spot,RiceLeafDiseaseBD,PRIMARY_DEVELOPMENT_DATASET,PRIMARY_003503,D:\BTech Final Year Project\RiceLeafDiseaseBD A Field-Based Annotated Smartpho\RiceLeafDiseaseBD A Field-Based Annotated Smartpho\RiceLeafDiseaseBD\RiceLeafDiseaseBD\Annotated images ( visual with labels)\Brown spot\labels\brown spot_999.txt,UNIQUE_GROUP_010263,False,calibration
Leaf smut_116.jpg,.jpg,Annotated images ( visual with labels)/Leaf smut/visuals/Leaf smut_116.jpg,270182,True,1024,1024,1.0,RGB,3,JPEG,efd8b67bc304f615a302c8f453251046637dc15b1e0c1e334c1b8448c79349b6,,Leaf smut,RiceLeafDiseaseBD,PRIMARY_DEVELOPMENT_DATASET,PRIMARY_003523,D:\BTech Final Year Project\RiceLeafDiseaseBD A Field-Based Annotated Smartpho\RiceLeafDiseaseBD A Field-Based Annotated Smartpho\RiceLeafDiseaseBD\RiceLeafDiseaseBD\Annotated images ( visual with labels)\Leaf smut\labels\Leaf smut_116.txt,UNIQUE_GROUP_016710,False,calibration
Leaf smut_152.jpg,.jpg,Annotated images ( visual with labels)/Leaf smut/visuals/Leaf smut_152.jpg,244899,True,1024,1024,1.0,RGB,3,JPEG,61c7588b2963ab9fb557faf407c87f65c63e9a8c730fe0ff457b2843c5bf7d91,,Leaf smut,RiceLeafDiseaseBD,PRIMARY_DEVELOPMENT_DATASET,PRIMARY_003563,D:\BTech Final Year Project\RiceLeafDiseaseBD A Field-Based Annotated Smartpho\RiceLeafDiseaseBD A Field-Based Annotated Smartpho\RiceLeafDiseaseBD\RiceLeafDiseaseBD\Annotated images ( visual with labels)\Leaf smut\labels\Leaf smut_152.txt,UNIQUE_GROUP_006850,False,calibration
Leaf smut_164.jpg,.jpg,Annotated images ( visual with labels)/Leaf smut/visuals/Leaf smut_164.jpg,293374,True,1024,1024,1.0,RGB,3,JPEG,9021712f3a0fbbba006a64c419e0498b75de77fd65e26a4d3a6ed6dac397502c,,Leaf smut,RiceLeafDiseaseBD,PRIMARY_DEVELOPMENT_DATASET,PRIMARY_003576,D:\BTech Final Year Project\RiceLeafDiseaseBD A Field-Based Annotated Smartpho\RiceLeafDiseaseBD A Field-Based Annotated Smartpho\RiceLeafDiseaseBD\RiceLeafDiseaseBD\Annotated images ( visual with labels)\Leaf smut\labels\Leaf smut_164.txt,UNIQUE_GROUP_010079,False,calibration
Leaf smut_178.jpg,.jpg,Annotated images ( visual with labels)/Leaf smut/visuals/Leaf smut_178.jpg,325891,True,1024,1024,1.0,RGB,3,JPEG,b06d7ef4259ccf203e23868996ebe2724b46ac4b3652dc7e653aee5ea4e8328d,,Leaf smut,RiceLeafDiseaseBD,PRIMARY_DEVELOPMENT_DATASET,PRIMARY_003591,D:\BTech Final Year Project\RiceLeafDiseaseBD A Field-Based Annotated Smartpho\RiceLeafDiseaseBD A Field-Based Annotated Smartpho\RiceLeafDiseaseBD\RiceLeafDiseaseBD\Annotated images ( visual with labels)\Leaf smut\labels\Leaf smut_178.txt,UNIQUE_GROUP_012338,False,calibration
Leaf smut_186.jpg,.jpg,Annotated images ( visual with labels)/Leaf smut/visuals/Leaf smut_186.jpg,333456,True,1024,1024,1.0,RGB,3,JPEG,2e772fa36c57a564c75b94dfc544f3954b53036d2195946125d9e629e211796d,,Leaf smut,RiceLeafDiseaseBD,PRIMARY_DEVELOPMENT_DATASET,PRIMARY_003600,D:\BTech Final Year Project\RiceLeafDiseaseBD A Field-Based Annotated Smartpho\RiceLeafDiseaseBD A Field-Based Annotated Smartpho\RiceLeafDiseaseBD\RiceLeafDiseaseBD\Annotated images ( visual with labels)\Leaf smut\labels\Leaf smut_186.txt,UNIQUE_GROUP_003255,False,calibration
Leaf smut_195.jpg,.jpg,Annotated images ( visual with labels)/Leaf smut/visuals/Leaf smut_195.jpg,297314,True,1024,1024,1.0,RGB,3,JPEG,1aa534f3a89e9b53e4271edb6b19f3cb5720f01ee25750d245b457a92edc78c7,,Leaf smut,RiceLeafDiseaseBD,PRIMARY_DEVELOPMENT_DATASET,PRIMARY_003610,D:\BTech Final Year Project\RiceLeafDiseaseBD A Field-Based Annotated Smartpho\RiceLeafDiseaseBD A Field-Based Annotated Smartpho\RiceLeafDiseaseBD\RiceLeafDiseaseBD\Annotated images ( visual with labels)\Leaf smut\labels\Leaf smut_195.txt,UNIQUE_GROUP_001858,False,calibration
Leaf smut_2.jpg,.jpg,Annotated images ( visual with labels)/Leaf smut/visuals/Leaf smut_2.jpg,331992,True,1024,1024,1.0,RGB,3,JPEG,9170204d79384950c9935b98741e94bf593c284466abe4b13b64243ac98857a7,,Leaf smut,RiceLeafDiseaseBD,PRIMARY_DEVELOPMENT_DATASET,PRIMARY_003615,D:\BTech Final Year Project\RiceLeafDiseaseBD A Field-Based Annotated Smartpho\RiceLeafDiseaseBD A Field-Based Annotated Smartpho\RiceLeafDiseaseBD\RiceLeafDiseaseBD\Annotated images ( visual with labels)\Leaf smut\labels\Leaf smut_2.txt,UNIQUE_GROUP_010164,False,calibration
Leaf smut_20.jpg,.jpg,Annotated images ( visual with labels)/Leaf smut/visuals/Leaf smut_20.jpg,291533,True,1024,1024,1.0,RGB,3,JPEG,12dd0876dd143623a66f127fd3dd05a07058670564a6aa286fb36699059be1d3,,Leaf smut,RiceLeafDiseaseBD,PRIMARY_DEVELOPMENT_DATASET,PRIMARY_003616,D:\BTech Final Year Project\RiceLeafDiseaseBD A Field-Based Annotated Smartpho\RiceLeafDiseaseBD A Field-Based Annotated Smartpho\RiceLeafDiseaseBD\RiceLeafDiseaseBD\Annotated images ( visual with labels)\Leaf smut\labels\Leaf smut_20.txt,UNIQUE_GROUP_001302,False,calibration
Leaf smut_203.jpg,.jpg,Annotated images ( visual with labels)/Leaf smut/visuals/Leaf smut_203.jpg,269954,True,1024,1024,1.0,RGB,3,JPEG,db27bb13776579d829dae195d3df64ff5323cfc835fcd6752453a207b39fe06d,,Leaf smut,RiceLeafDiseaseBD,PRIMARY_DEVELOPMENT_DATASET,PRIMARY_003620,D:\BTech Final Year Project\RiceLeafDiseaseBD A Field-Based Annotated Smartpho\RiceLeafDiseaseBD A Field-Based Annotated Smartpho\RiceLeafDiseaseBD\RiceLeafDiseaseBD\Annotated images ( visual with labels)\Leaf smut\labels\Leaf smut_203.txt,UNIQUE_GROUP_015325,False,calibration
Leaf smut_206.jpg,.jpg,Annotated images ( visual with labels)/Leaf smut/visuals/Leaf smut_206.jpg,266470,True,1024,1024,1.0,RGB,3,JPEG,f3bfa355c1f4b7131a9ae660935837dd714c39920ae2928464b2d3336d0dd166,,Leaf smut,RiceLeafDiseaseBD,PRIMARY_DEVELOPMENT_DATASET,PRIMARY_003623,D:\BTech Final Year Project\RiceLeafDiseaseBD A Field-Based Annotated Smartpho\RiceLeafDiseaseBD A Field-Based Annotated Smartpho\RiceLeafDiseaseBD\RiceLeafDiseaseBD\Annotated images ( visual with labels)\Leaf smut\labels\Leaf smut_206.txt,UNIQUE_GROUP_016960,False,calibration
Leaf smut_209.jpg,.jpg,Annotated images ( visual with labels)/Leaf smut/visuals/Leaf smut_209.jpg,292034,True,1024,1024,1.0,RGB,3,JPEG,31effc78a2cc5d8028ac7c4797d58f7685a268715b1cb019c715a552cdccc158,,Leaf smut,RiceLeafDiseaseBD,PRIMARY_DEVELOPMENT_DATASET,PRIMARY_003626,D:\BTech Final Year Project\RiceLeafDiseaseBD A Field-Based Annotated Smartpho\RiceLeafDiseaseBD A Field-Based Annotated Smartpho\RiceLeafDiseaseBD\RiceLeafDiseaseBD\Annotated images ( visual with labels)\Leaf smut\labels\Leaf smut_209.txt,UNIQUE_GROUP_003497,False,calibration
Leaf smut_232.jpg,.jpg,Annotated images ( visual with labels)/Leaf smut/visuals/Leaf smut_232.jpg,259277,True,1024,1024,1.0,RGB,3,JPEG,77fb4a7cc203cf4e2cf057f578210e19165c236b5e65aba30ad93efaffe42940,,Leaf smut,RiceLeafDiseaseBD,PRIMARY_DEVELOPMENT_DATASET,PRIMARY_003652,D:\BTech Final Year Project\RiceLeafDiseaseBD A Field-Based Annotated Smartpho\RiceLeafDiseaseBD A Field-Based Annotated Smartpho\RiceLeafDiseaseBD\RiceLeafDiseaseBD\Annotated images ( visual with labels)\Leaf smut\labels\Leaf smut_232.txt,UNIQUE_GROUP_008371,False,calibration
Leaf smut_237.jpg,.jpg,Annotated images ( visual with labels)/Leaf smut/visuals/Leaf smut_237.jpg,274087,True,1024,1024,1.0,RGB,3,JPEG,7bce6460d512b9377ebaaf2b79ec14855cd316542d85be941fd808d72717e562,,Leaf smut,RiceLeafDiseaseBD,PRIMARY_DEVELOPMENT_DATASET,PRIMARY_003657,D:\BTech Final Year Project\RiceLeafDiseaseBD A Field-Based Annotated Smartpho\RiceLeafDiseaseBD A Field-Based Annotated Smartpho\RiceLeafDiseaseBD\RiceLeafDiseaseBD\Annotated images ( visual with labels)\Leaf smut\labels\Leaf smut_237.txt,UNIQUE_GROUP_008638,False,calibration
Leaf smut_253.jpg,.jpg,Annotated images ( visual with labels)/Leaf smut/visuals/Leaf smut_253.jpg,289641,True,1024,1024,1.0,RGB,3,JPEG,ee5f7d33ed8304ab49bc62c6ea51cba7f38e047dfbc0fd32757059f384506f03,,Leaf smut,RiceLeafDiseaseBD,PRIMARY_DEVELOPMENT_DATASET,PRIMARY_003675,D:\BTech Final Year Project\RiceLeafDiseaseBD A Field-Based Annotated Smartpho\RiceLeafDiseaseBD A Field-Based Annotated Smartpho\RiceLeafDiseaseBD\RiceLeafDiseaseBD\Annotated images ( visual with labels)\Leaf smut\labels\Leaf smut_253.txt,UNIQUE_GROUP_016611,False,calibration
Leaf smut_258.jpg,.jpg,Annotated images ( visual with labels)/Leaf smut/visuals/Leaf smut_258.jpg,260471,True,1024,1024,1.0,RGB,3,JPEG,09014dfc0682ef43edee262b934298be382863aa79a35e46dadf33e75ab4dd5e,,Leaf smut,RiceLeafDiseaseBD,PRIMARY_DEVELOPMENT_DATASET,PRIMARY_003680,D:\BTech Final Year Project\RiceLeafDiseaseBD A Field-Based Annotated Smartpho\RiceLeafDiseaseBD A Field-Based Annotated Smartpho\RiceLeafDiseaseBD\RiceLeafDiseaseBD\Annotated images ( visual with labels)\Leaf smut\labels\Leaf smut_258.txt,UNIQUE_GROUP_000599,False,calibration
Leaf smut_26.jpg,.jpg,Annotated images ( visual with labels)/Leaf smut/visuals/Leaf smut_26.jpg,386603,True,1024,1024,1.0,RGB,3,JPEG,b747226c4ddd2b2d118b25423debcc0fb2696c3b94f8577c809c3f3d43a4d410,,Leaf smut,RiceLeafDiseaseBD,PRIMARY_DEVELOPMENT_DATASET,PRIMARY_003682,D:\BTech Final Year Project\RiceLeafDiseaseBD A Field-Based Annotated Smartpho\RiceLeafDiseaseBD A Field-Based Annotated Smartpho\RiceLeafDiseaseBD\RiceLeafDiseaseBD\Annotated images ( visual with labels)\Leaf smut\labels\Leaf smut_26.txt,UNIQUE_GROUP_012807,False,calibration
Leaf smut_263.jpg,.jpg,Annotated images ( visual with labels)/Leaf smut/visuals/Leaf smut_263.jpg,260909,True,1024,1024,1.0,RGB,3,JPEG,ea022fd3c2a36cb4135cfca0f68ceabd84660f56b904c56867aeba050fd59130,,Leaf smut,RiceLeafDiseaseBD,PRIMARY_DEVELOPMENT_DATASET,PRIMARY_003686,D:\BTech Final Year Project\RiceLeafDiseaseBD A Field-Based Annotated Smartpho\RiceLeafDiseaseBD A Field-Based Annotated Smartpho\RiceLeafDiseaseBD\RiceLeafDiseaseBD\Annotated images ( visual with labels)\Leaf smut\labels\Leaf smut_263.txt,UNIQUE_GROUP_016304,False,calibration
Leaf smut_271.jpg,.jpg,Annotated images ( visual with labels)/Leaf smut/visuals/Leaf smut_271.jpg,311552,True,1024,1024,1.0,RGB,3,JPEG,fef0537ae1328f06d60aca2746e304976117b08d3235daaac56f8a0f602ba857,,Leaf smut,RiceLeafDiseaseBD,PRIMARY_DEVELOPMENT_DATASET,PRIMARY_003695,D:\BTech Final Year Project\RiceLeafDiseaseBD A Field-Based Annotated Smartpho\RiceLeafDiseaseBD A Field-Based Annotated Smartpho\RiceLeafDiseaseBD\RiceLeafDiseaseBD\Annotated images ( visual with labels)\Leaf smut\labels\Leaf smut_271.txt,UNIQUE_GROUP_017724,False,calibration
Leaf smut_301.jpg,.jpg,Annotated images ( visual with labels)/Leaf smut/visuals/Leaf smut_301.jpg,289996,True,1024,1024,1.0,RGB,3,JPEG,10086b24e7ae2de25411506a200bb6bcc7304c2c34b0e50758a3b89ab85a7f02,,Leaf smut,RiceLeafDiseaseBD,PRIMARY_DEVELOPMENT_DATASET,PRIMARY_003729,D:\BTech Final Year Project\RiceLeafDiseaseBD A Field-Based Annotated Smartpho\RiceLeafDiseaseBD A Field-Based Annotated Smartpho\RiceLeafDiseaseBD\RiceLeafDiseaseBD\Annotated images ( visual with labels)\Leaf smut\labels\Leaf smut_301.txt,UNIQUE_GROUP_001099,False,calibration
Leaf smut_302.jpg,.jpg,Annotated images ( visual with labels)/Leaf smut/visuals/Leaf smut_302.jpg,323708,True,1024,1024,1.0,RGB,3,JPEG,9473be66cbd81c89381c7728ebd17e30bfffc7596e8dd4b1958d44679d57912b,,Leaf smut,RiceLeafDiseaseBD,PRIMARY_DEVELOPMENT_DATASET,PRIMARY_003730,D:\BTech Final Year Project\RiceLeafDiseaseBD A Field-Based Annotated Smartpho\RiceLeafDiseaseBD A Field-Based Annotated Smartpho\RiceLeafDiseaseBD\RiceLeafDiseaseBD\Annotated images ( visual with labels)\Leaf smut\labels\Leaf smut_302.txt,UNIQUE_GROUP_010379,False,calibration
Leaf smut_317.jpg,.jpg,Annotated images ( visual with labels)/Leaf smut/visuals/Leaf smut_317.jpg,214112,True,1024,1024,1.0,RGB,3,JPEG,7b7b99900f5fbfc4d1549e8a6936534d7cb67e412b44174b4ce0e6eaa51ba21a,,Leaf smut,RiceLeafDiseaseBD,PRIMARY_DEVELOPMENT_DATASET,PRIMARY_003746,D:\BTech Final Year Project\RiceLeafDiseaseBD A Field-Based Annotated Smartpho\RiceLeafDiseaseBD A Field-Based Annotated Smartpho\RiceLeafDiseaseBD\RiceLeafDiseaseBD\Annotated images ( visual with labels)\Leaf smut\labels\Leaf smut_317.txt,UNIQUE_GROUP_008604,False,calibration
Leaf smut_321.jpg,.jpg,Annotated images ( visual with labels)/Leaf smut/visuals/Leaf smut_321.jpg,299941,True,1024,1024,1.0,RGB,3,JPEG,a67f1ad83a1eb4ea413a8cce42e98b8352a328adc39ed3d14240755bfcc6808a,,Leaf smut,RiceLeafDiseaseBD,PRIMARY_DEVELOPMENT_DATASET,PRIMARY_003751,D:\BTech Final Year Project\RiceLeafDiseaseBD A Field-Based Annotated Smartpho\RiceLeafDiseaseBD A Field-Based Annotated Smartpho\RiceLeafDiseaseBD\RiceLeafDiseaseBD\Annotated images ( visual with labels)\Leaf smut\labels\Leaf smut_321.txt,UNIQUE_GROUP_011641,False,calibration
Leaf smut_328.jpg,.jpg,Annotated images ( visual with labels)/Leaf smut/visuals/Leaf smut_328.jpg,309329,True,1024,1024,1.0,RGB,3,JPEG,e9ca1ecd7725ca33b729bea57567b4326e43567b90848835cef9bcfb82f57f1c,,Leaf smut,RiceLeafDiseaseBD,PRIMARY_DEVELOPMENT_DATASET,PRIMARY_003758,D:\BTech Final Year Project\RiceLeafDiseaseBD A Field-Based Annotated Smartpho\RiceLeafDiseaseBD A Field-Based Annotated Smartpho\RiceLeafDiseaseBD\RiceLeafDiseaseBD\Annotated images ( visual with labels)\Leaf smut\labels\Leaf smut_328.txt,UNIQUE_GROUP_016290,False,calibration
Leaf smut_336.jpg,.jpg,Annotated images ( visual with labels)/Leaf smut/visuals/Leaf smut_336.jpg,311885,True,1024,1024,1.0,RGB,3,JPEG,cfbd1459f251d47586d2abe8d4a9b4d950624d13c5130272560563b7d388ac1c,,Leaf smut,RiceLeafDiseaseBD,PRIMARY_DEVELOPMENT_DATASET,PRIMARY_003767,D:\BTech Final Year Project\RiceLeafDiseaseBD A Field-Based Annotated Smartpho\RiceLeafDiseaseBD A Field-Based Annotated Smartpho\RiceLeafDiseaseBD\RiceLeafDiseaseBD\Annotated images ( visual with labels)\Leaf smut\labels\Leaf smut_336.txt,UNIQUE_GROUP_014522,False,calibration
Leaf smut_341.jpg,.jpg,Annotated images ( visual with labels)/Leaf smut/visuals/Leaf smut_341.jpg,269087,True,1024,1024,1.0,RGB,3,JPEG,e7b7841790aeb0e7cf89b207fd0c3695bddaab316d63a32835725a2acb303c40,,Leaf smut,RiceLeafDiseaseBD,PRIMARY_DEVELOPMENT_DATASET,PRIMARY_003773,D:\BTech Final Year Project\RiceLeafDiseaseBD A Field-Based Annotated Smartpho\RiceLeafDiseaseBD A Field-Based Annotated Smartpho\RiceLeafDiseaseBD\RiceLeafDiseaseBD\Annotated images ( visual with labels)\Leaf smut\labels\Leaf smut_341.txt,UNIQUE_GROUP_016160,False,calibration
Leaf smut_342.jpg,.jpg,Annotated images ( visual with labels)/Leaf smut/visuals/Leaf smut_342.jpg,321634,True,1024,1024,1.0,RGB,3,JPEG,f56724738fd0bb48187ec889991fb465f024e1fa262a130a52a006d3326f025e,,Leaf smut,RiceLeafDiseaseBD,PRIMARY_DEVELOPMENT_DATASET,PRIMARY_003774,D:\BTech Final Year Project\RiceLeafDiseaseBD A Field-Based Annotated Smartpho\RiceLeafDiseaseBD A Field-Based Annotated Smartpho\RiceLeafDiseaseBD\RiceLeafDiseaseBD\Annotated images ( visual with labels)\Leaf smut\labels\Leaf smut_342.txt,UNIQUE_GROUP_017074,False,calibration
Leaf smut_344.jpg,.jpg,Annotated images ( visual with labels)/Leaf smut/visuals/Leaf smut_344.jpg,264602,True,1024,1024,1.0,RGB,3,JPEG,ad445185e6bbd3ce39a83f5ae15459fc44cdb9f7d789cc16809ab95ff855e1e3,,Leaf smut,RiceLeafDiseaseBD,PRIMARY_DEVELOPMENT_DATASET,PRIMARY_003776,D:\BTech Final Year Project\RiceLeafDiseaseBD A Field-Based Annotated Smartpho\RiceLeafDiseaseBD A Field-Based Annotated Smartpho\RiceLeafDiseaseBD\RiceLeafDiseaseBD\Annotated images ( visual with labels)\Leaf smut\labels\Leaf smut_344.txt,UNIQUE_GROUP_012131,False,calibration
Leaf smut_36.jpg,.jpg,Annotated images ( visual with labels)/Leaf smut/visuals/Leaf smut_36.jpg,307836,True,1024,1024,1.0,RGB,3,JPEG,2b71f8ee135e0c15bfa7a3ac13256e488de608610bdf2f89711850579d4326f3,,Leaf smut,RiceLeafDiseaseBD,PRIMARY_DEVELOPMENT_DATASET,PRIMARY_003793,D:\BTech Final Year Project\RiceLeafDiseaseBD A Field-Based Annotated Smartpho\RiceLeafDiseaseBD A Field-Based Annotated Smartpho\RiceLeafDiseaseBD\RiceLeafDiseaseBD\Annotated images ( visual with labels)\Leaf smut\labels\Leaf smut_36.txt,UNIQUE_GROUP_003042,False,calibration
Leaf smut_365.jpg,.jpg,Annotated images ( visual with labels)/Leaf smut/visuals/Leaf smut_365.jpg,325138,True,1024,1024,1.0,RGB,3,JPEG,4fc055474c59af66ba1ac9e644c6cc49cc0b8022231571b55ab51f7211c17451,,Leaf smut,RiceLeafDiseaseBD,PRIMARY_DEVELOPMENT_DATASET,PRIMARY_003799,D:\BTech Final Year Project\RiceLeafDiseaseBD A Field-Based Annotated Smartpho\RiceLeafDiseaseBD A Field-Based Annotated Smartpho\RiceLeafDiseaseBD\RiceLeafDiseaseBD\Annotated images ( visual with labels)\Leaf smut\labels\Leaf smut_365.txt,UNIQUE_GROUP_005568,False,calibration
Leaf smut_368.jpg,.jpg,Annotated images ( visual with labels)/Leaf smut/visuals/Leaf smut_368.jpg,278589,True,1024,1024,1.0,RGB,3,JPEG,d15c434427043ea4f4c749c0c16d762197ce7720f28e1f2d847c1845ddde66c3,,Leaf smut,RiceLeafDiseaseBD,PRIMARY_DEVELOPMENT_DATASET,PRIMARY_003802,D:\BTech Final Year Project\RiceLeafDiseaseBD A Field-Based Annotated Smartpho\RiceLeafDiseaseBD A Field-Based Annotated Smartpho\RiceLeafDiseaseBD\RiceLeafDiseaseBD\Annotated images ( visual with labels)\Leaf smut\labels\Leaf smut_368.txt,UNIQUE_GROUP_014647,False,calibration
Leaf smut_412.jpg,.jpg,Annotated images ( visual with labels)/Leaf smut/visuals/Leaf smut_412.jpg,290281,True,1024,1024,1.0,RGB,3,JPEG,f27ca48c0513da73192ec5c962f11497a920c5f3607400463eb3d545cfcdb4ed,,Leaf smut,RiceLeafDiseaseBD,PRIMARY_DEVELOPMENT_DATASET,PRIMARY_003852,D:\BTech Final Year Project\RiceLeafDiseaseBD A Field-Based Annotated Smartpho\RiceLeafDiseaseBD A Field-Based Annotated Smartpho\RiceLeafDiseaseBD\RiceLeafDiseaseBD\Annotated images ( visual with labels)\Leaf smut\labels\Leaf smut_412.txt,UNIQUE_GROUP_016882,False,calibration
Leaf smut_420.jpg,.jpg,Annotated images ( visual with labels)/Leaf smut/visuals/Leaf smut_420.jpg,292242,True,1024,1024,1.0,RGB,3,JPEG,52dc661e1547623ee7d0cfbaa467f1d2b9ae5511c971415c03836512381f220f,,Leaf smut,RiceLeafDiseaseBD,PRIMARY_DEVELOPMENT_DATASET,PRIMARY_003861,D:\BTech Final Year Project\RiceLeafDiseaseBD A Field-Based Annotated Smartpho\RiceLeafDiseaseBD A Field-Based Annotated Smartpho\RiceLeafDiseaseBD\RiceLeafDiseaseBD\Annotated images ( visual with labels)\Leaf smut\labels\Leaf smut_420.txt,UNIQUE_GROUP_005806,False,calibration
Leaf smut_452.jpg,.jpg,Annotated images ( visual with labels)/Leaf smut/visuals/Leaf smut_452.jpg,307908,True,1024,1024,1.0,RGB,3,JPEG,3683b215c4066b12346dca9c114bf8dddbc99d38837f5681a2531af9cb3c067e,,Leaf smut,RiceLeafDiseaseBD,PRIMARY_DEVELOPMENT_DATASET,PRIMARY_003896,D:\BTech Final Year Project\RiceLeafDiseaseBD A Field-Based Annotated Smartpho\RiceLeafDiseaseBD A Field-Based Annotated Smartpho\RiceLeafDiseaseBD\RiceLeafDiseaseBD\Annotated images ( visual with labels)\Leaf smut\labels\Leaf smut_452.txt,UNIQUE_GROUP_003793,False,calibration
Leaf smut_471.jpg,.jpg,Annotated images ( visual with labels)/Leaf smut/visuals/Leaf smut_471.jpg,319845,True,1024,1024,1.0,RGB,3,JPEG,4b5b19f54f5910251543ea11cfd80599b0f0b0f4b6bf242dccd0e10af068f70f,,Leaf smut,RiceLeafDiseaseBD,PRIMARY_DEVELOPMENT_DATASET,PRIMARY_003917,D:\BTech Final Year Project\RiceLeafDiseaseBD A Field-Based Annotated Smartpho\RiceLeafDiseaseBD A Field-Based Annotated Smartpho\RiceLeafDiseaseBD\RiceLeafDiseaseBD\Annotated images ( visual with labels)\Leaf smut\labels\Leaf smut_471.txt,UNIQUE_GROUP_005272,False,calibration
Leaf smut_489.jpg,.jpg,Annotated images ( visual with labels)/Leaf smut/visuals/Leaf smut_489.jpg,265183,True,1024,1024,1.0,RGB,3,JPEG,799a2dae006de31963eda0c1dad2acf61ff412b7dee9c2ec3d557b820656c16f,,Leaf smut,RiceLeafDiseaseBD,PRIMARY_DEVELOPMENT_DATASET,PRIMARY_003936,D:\BTech Final Year Project\RiceLeafDiseaseBD A Field-Based Annotated Smartpho\RiceLeafDiseaseBD A Field-Based Annotated Smartpho\RiceLeafDiseaseBD\RiceLeafDiseaseBD\Annotated images ( visual with labels)\Leaf smut\labels\Leaf smut_489.txt,UNIQUE_GROUP_008477,False,calibration
Leaf smut_501.jpg,.jpg,Annotated images ( visual with labels)/Leaf smut/visuals/Leaf smut_501.jpg,252482,True,1024,1024,1.0,RGB,3,JPEG,1cba287d9085a3c45fc88f60751628b746f425b4ec7eaac4984ca32eeb1f614c,,Leaf smut,RiceLeafDiseaseBD,PRIMARY_DEVELOPMENT_DATASET,PRIMARY_003951,D:\BTech Final Year Project\RiceLeafDiseaseBD A Field-Based Annotated Smartpho\RiceLeafDiseaseBD A Field-Based Annotated Smartpho\RiceLeafDiseaseBD\RiceLeafDiseaseBD\Annotated images ( visual with labels)\Leaf smut\labels\Leaf smut_501.txt,UNIQUE_GROUP_002002,False,calibration
Leaf smut_506.jpg,.jpg,Annotated images ( visual with labels)/Leaf smut/visuals/Leaf smut_506.jpg,256203,True,1024,1024,1.0,RGB,3,JPEG,831ad436b222808138fdfac0c54267b7b1d3afcd0eafb1607cd6f58be3e3ed84,,Leaf smut,RiceLeafDiseaseBD,PRIMARY_DEVELOPMENT_DATASET,PRIMARY_003956,D:\BTech Final Year Project\RiceLeafDiseaseBD A Field-Based Annotated Smartpho\RiceLeafDiseaseBD A Field-Based Annotated Smartpho\RiceLeafDiseaseBD\RiceLeafDiseaseBD\Annotated images ( visual with labels)\Leaf smut\labels\Leaf smut_506.txt,UNIQUE_GROUP_009166,False,calibration
Leaf smut_511.jpg,.jpg,Annotated images ( visual with labels)/Leaf smut/visuals/Leaf smut_511.jpg,248293,True,1024,1024,1.0,RGB,3,JPEG,8da99ccecbc75a5a932d4bbd131a29b2e0a5cda899b937bccd0eac01a6453de3,,Leaf smut,RiceLeafDiseaseBD,PRIMARY_DEVELOPMENT_DATASET,PRIMARY_003962,D:\BTech Final Year Project\RiceLeafDiseaseBD A Field-Based Annotated Smartpho\RiceLeafDiseaseBD A Field-Based Annotated Smartpho\RiceLeafDiseaseBD\RiceLeafDiseaseBD\Annotated images ( visual with labels)\Leaf smut\labels\Leaf smut_511.txt,UNIQUE_GROUP_009933,False,calibration
Leaf smut_530.jpg,.jpg,Annotated images ( visual with labels)/Leaf smut/visuals/Leaf smut_530.jpg,271235,True,1024,1024,1.0,RGB,3,JPEG,da83f7fd221d11ef8405dc73d00926d3caf2cbdfaf7b9247d6c9edba3e08de7c,,Leaf smut,RiceLeafDiseaseBD,PRIMARY_DEVELOPMENT_DATASET,PRIMARY_003983,D:\BTech Final Year Project\RiceLeafDiseaseBD A Field-Based Annotated Smartpho\RiceLeafDiseaseBD A Field-Based Annotated Smartpho\RiceLeafDiseaseBD\RiceLeafDiseaseBD\Annotated images ( visual with labels)\Leaf smut\labels\Leaf smut_530.txt,UNIQUE_GROUP_015283,False,calibration
Leaf smut_531.jpg,.jpg,Annotated images ( visual with labels)/Leaf smut/visuals/Leaf smut_531.jpg,248069,True,1024,1024,1.0,RGB,3,JPEG,4824e7d2e38f4d4bf8467361e4451ca1fb1467e0eef7ffb067a2732a54e4caba,,Leaf smut,RiceLeafDiseaseBD,PRIMARY_DEVELOPMENT_DATASET,PRIMARY_003984,D:\BTech Final Year Project\RiceLeafDiseaseBD A Field-Based Annotated Smartpho\RiceLeafDiseaseBD A Field-Based Annotated Smartpho\RiceLeafDiseaseBD\RiceLeafDiseaseBD\Annotated images ( visual with labels)\Leaf smut\labels\Leaf smut_531.txt,UNIQUE_GROUP_005030,False,calibration
Leaf smut_549.jpg,.jpg,Annotated images ( visual with labels)/Leaf smut/visuals/Leaf smut_549.jpg,292178,True,1024,1024,1.0,RGB,3,JPEG,bb87626fc0582614c7d0b4a1b0fd830372e603ad34f734328d5134acfa90857c,,Leaf smut,RiceLeafDiseaseBD,PRIMARY_DEVELOPMENT_DATASET,PRIMARY_004003,D:\BTech Final Year Project\RiceLeafDiseaseBD A Field-Based Annotated Smartpho\RiceLeafDiseaseBD A Field-Based Annotated Smartpho\RiceLeafDiseaseBD\RiceLeafDiseaseBD\Annotated images ( visual with labels)\Leaf smut\labels\Leaf smut_549.txt,UNIQUE_GROUP_013101,False,calibration
Leaf smut_550.jpg,.jpg,Annotated images ( visual with labels)/Leaf smut/visuals/Leaf smut_550.jpg,276053,True,1024,1024,1.0,RGB,3,JPEG,75b7f882aa3a1ee6da680b06573eda996422cacca3e0953eaa4ae2589aaae6dd,,Leaf smut,RiceLeafDiseaseBD,PRIMARY_DEVELOPMENT_DATASET,PRIMARY_004005,D:\BTech Final Year Project\RiceLeafDiseaseBD A Field-Based Annotated Smartpho\RiceLeafDiseaseBD A Field-Based Annotated Smartpho\RiceLeafDiseaseBD\RiceLeafDiseaseBD\Annotated images ( visual with labels)\Leaf smut\labels\Leaf smut_550.txt,UNIQUE_GROUP_008211,False,calibration
Leaf smut_553.jpg,.jpg,Annotated images ( visual with labels)/Leaf smut/visuals/Leaf smut_553.jpg,271810,True,1024,1024,1.0,RGB,3,JPEG,032a1f075a09a21789f87d485b2037d536395bf6ad9b5be7bccd8058b1757106,,Leaf smut,RiceLeafDiseaseBD,PRIMARY_DEVELOPMENT_DATASET,PRIMARY_004008,D:\BTech Final Year Project\RiceLeafDiseaseBD A Field-Based Annotated Smartpho\RiceLeafDiseaseBD A Field-Based Annotated Smartpho\RiceLeafDiseaseBD\RiceLeafDiseaseBD\Annotated images ( visual with labels)\Leaf smut\labels\Leaf smut_553.txt,UNIQUE_GROUP_000207,False,calibration
Leaf smut_560.jpg,.jpg,Annotated images ( visual with labels)/Leaf smut/visuals/Leaf smut_560.jpg,235590,True,1024,1024,1.0,RGB,3,JPEG,7ed56ad99002a2528602bbeafb90e4e0148767a36891e8117cbb597a9e09de98,,Leaf smut,RiceLeafDiseaseBD,PRIMARY_DEVELOPMENT_DATASET,PRIMARY_004016,D:\BTech Final Year Project\RiceLeafDiseaseBD A Field-Based Annotated Smartpho\RiceLeafDiseaseBD A Field-Based Annotated Smartpho\RiceLeafDiseaseBD\RiceLeafDiseaseBD\Annotated images ( visual with labels)\Leaf smut\labels\Leaf smut_560.txt,UNIQUE_GROUP_008867,False,calibration
Leaf smut_564.jpg,.jpg,Annotated images ( visual with labels)/Leaf smut/visuals/Leaf smut_564.jpg,235887,True,1024,1024,1.0,RGB,3,JPEG,3a46259d3399879f641e0a64749a1df4b722133996fe5953424cb8e86afa08d9,,Leaf smut,RiceLeafDiseaseBD,PRIMARY_DEVELOPMENT_DATASET,PRIMARY_004020,D:\BTech Final Year Project\RiceLeafDiseaseBD A Field-Based Annotated Smartpho\RiceLeafDiseaseBD A Field-Based Annotated Smartpho\RiceLeafDiseaseBD\RiceLeafDiseaseBD\Annotated images ( visual with labels)\Leaf smut\labels\Leaf smut_564.txt,UNIQUE_GROUP_004082,False,calibration
Leaf smut_573.jpg,.jpg,Annotated images ( visual with labels)/Leaf smut/visuals/Leaf smut_573.jpg,277638,True,1024,1024,1.0,RGB,3,JPEG,7c8d1461941df07395a0d6c0266914baa253bd16326fdca36191c7ccd78a233b,,Leaf smut,RiceLeafDiseaseBD,PRIMARY_DEVELOPMENT_DATASET,PRIMARY_004030,D:\BTech Final Year Project\RiceLeafDiseaseBD A Field-Based Annotated Smartpho\RiceLeafDiseaseBD A Field-Based Annotated Smartpho\RiceLeafDiseaseBD\RiceLeafDiseaseBD\Annotated images ( visual with labels)\Leaf smut\labels\Leaf smut_573.txt,UNIQUE_GROUP_008697,False,calibration
Leaf smut_578.jpg,.jpg,Annotated images ( visual with labels)/Leaf smut/visuals/Leaf smut_578.jpg,264533,True,1024,1024,1.0,RGB,3,JPEG,07653331661c9afcbbe457811b0e46e18846b65a0a4e886931d5a3ab0792c7ea,,Leaf smut,RiceLeafDiseaseBD,PRIMARY_DEVELOPMENT_DATASET,PRIMARY_004035,D:\BTech Final Year Project\RiceLeafDiseaseBD A Field-Based Annotated Smartpho\RiceLeafDiseaseBD A Field-Based Annotated Smartpho\RiceLeafDiseaseBD\RiceLeafDiseaseBD\Annotated images ( visual with labels)\Leaf smut\labels\Leaf smut_578.txt,UNIQUE_GROUP_000500,False,calibration
Leaf smut_579.jpg,.jpg,Annotated images ( visual with labels)/Leaf smut/visuals/Leaf smut_579.jpg,275886,True,1024,1024,1.0,RGB,3,JPEG,1630260e18e0ef06a7adf15d410d9ed2d65a9e6d9182cf3a785a4b7d3c442f69,,Leaf smut,RiceLeafDiseaseBD,PRIMARY_DEVELOPMENT_DATASET,PRIMARY_004036,D:\BTech Final Year Project\RiceLeafDiseaseBD A Field-Based Annotated Smartpho\RiceLeafDiseaseBD A Field-Based Annotated Smartpho\RiceLeafDiseaseBD\RiceLeafDiseaseBD\Annotated images ( visual with labels)\Leaf smut\labels\Leaf smut_579.txt,UNIQUE_GROUP_001507,False,calibration
Leaf smut_592.jpg,.jpg,Annotated images ( visual with labels)/Leaf smut/visuals/Leaf smut_592.jpg,275382,True,1024,1024,1.0,RGB,3,JPEG,10599069cea794b31aae333d86e1cea9b99f025127d4d589f0a54de3f91cf8d0,,Leaf smut,RiceLeafDiseaseBD,PRIMARY_DEVELOPMENT_DATASET,PRIMARY_004051,D:\BTech Final Year Project\RiceLeafDiseaseBD A Field-Based Annotated Smartpho\RiceLeafDiseaseBD A Field-Based Annotated Smartpho\RiceLeafDiseaseBD\RiceLeafDiseaseBD\Annotated images ( visual with labels)\Leaf smut\labels\Leaf smut_592.txt,UNIQUE_GROUP_001126,False,calibration
Leaf smut_604.jpg,.jpg,Annotated images ( visual with labels)/Leaf smut/visuals/Leaf smut_604.jpg,293683,True,1024,1024,1.0,RGB,3,JPEG,e53c37a858d514b89774549c8f9201eabaf1680d4eeffde619f5172d406e662d,,Leaf smut,RiceLeafDiseaseBD,PRIMARY_DEVELOPMENT_DATASET,PRIMARY_004065,D:\BTech Final Year Project\RiceLeafDiseaseBD A Field-Based Annotated Smartpho\RiceLeafDiseaseBD A Field-Based Annotated Smartpho\RiceLeafDiseaseBD\RiceLeafDiseaseBD\Annotated images ( visual with labels)\Leaf smut\labels\Leaf smut_604.txt,UNIQUE_GROUP_015992,False,calibration
Leaf smut_615.jpg,.jpg,Annotated images ( visual with labels)/Leaf smut/visuals/Leaf smut_615.jpg,273563,True,1024,1024,1.0,RGB,3,JPEG,7e47e0b813b2cd58f0cd69501c0a714804625222a6140e12e06baee83eb2573e,,Leaf smut,RiceLeafDiseaseBD,PRIMARY_DEVELOPMENT_DATASET,PRIMARY_004077,D:\BTech Final Year Project\RiceLeafDiseaseBD A Field-Based Annotated Smartpho\RiceLeafDiseaseBD A Field-Based Annotated Smartpho\RiceLeafDiseaseBD\RiceLeafDiseaseBD\Annotated images ( visual with labels)\Leaf smut\labels\Leaf smut_615.txt,UNIQUE_GROUP_008828,False,calibration
Leaf smut_616.jpg,.jpg,Annotated images ( visual with labels)/Leaf smut/visuals/Leaf smut_616.jpg,263299,True,1024,1024,1.0,RGB,3,JPEG,b0b139c651e3263f40399c7ead9f7efb55eb046ff199425869b226754aa8f146,,Leaf smut,RiceLeafDiseaseBD,PRIMARY_DEVELOPMENT_DATASET,PRIMARY_004078,D:\BTech Final Year Project\RiceLeafDiseaseBD A Field-Based Annotated Smartpho\RiceLeafDiseaseBD A Field-Based Annotated Smartpho\RiceLeafDiseaseBD\RiceLeafDiseaseBD\Annotated images ( visual with labels)\Leaf smut\labels\Leaf smut_616.txt,UNIQUE_GROUP_012358,False,calibration
Leaf smut_617.jpg,.jpg,Annotated images ( visual with labels)/Leaf smut/visuals/Leaf smut_617.jpg,264936,True,1024,1024,1.0,RGB,3,JPEG,3e7f3c091eac68a5965a862fa94f4ceab68f71b20d8c4abd971f6f782f41a8c9,,Leaf smut,RiceLeafDiseaseBD,PRIMARY_DEVELOPMENT_DATASET,PRIMARY_004079,D:\BTech Final Year Project\RiceLeafDiseaseBD A Field-Based Annotated Smartpho\RiceLeafDiseaseBD A Field-Based Annotated Smartpho\RiceLeafDiseaseBD\RiceLeafDiseaseBD\Annotated images ( visual with labels)\Leaf smut\labels\Leaf smut_617.txt,UNIQUE_GROUP_004369,False,calibration
Leaf smut_624.jpg,.jpg,Annotated images ( visual with labels)/Leaf smut/visuals/Leaf smut_624.jpg,265092,True,1024,1024,1.0,RGB,3,JPEG,6666297ee6fa941df2f32e6d53d3635dcd936c10349802ee0776de7669181b08,,Leaf smut,RiceLeafDiseaseBD,PRIMARY_DEVELOPMENT_DATASET,PRIMARY_004087,D:\BTech Final Year Project\RiceLeafDiseaseBD A Field-Based Annotated Smartpho\RiceLeafDiseaseBD A Field-Based Annotated Smartpho\RiceLeafDiseaseBD\RiceLeafDiseaseBD\Annotated images ( visual with labels)\Leaf smut\labels\Leaf smut_624.txt,UNIQUE_GROUP_007166,False,calibration
Leaf smut_64.jpg,.jpg,Annotated images ( visual with labels)/Leaf smut/visuals/Leaf smut_64.jpg,261816,True,1024,1024,1.0,RGB,3,JPEG,69116d1603cb1e44e77488afd5077b4fbb16f4cbdd0e488087f095b8b070ff94,,Leaf smut,RiceLeafDiseaseBD,PRIMARY_DEVELOPMENT_DATASET,PRIMARY_004104,D:\BTech Final Year Project\RiceLeafDiseaseBD A Field-Based Annotated Smartpho\RiceLeafDiseaseBD A Field-Based Annotated Smartpho\RiceLeafDiseaseBD\RiceLeafDiseaseBD\Annotated images ( visual with labels)\Leaf smut\labels\Leaf smut_64.txt,UNIQUE_GROUP_007355,False,calibration
Leaf smut_648.jpg,.jpg,Annotated images ( visual with labels)/Leaf smut/visuals/Leaf smut_648.jpg,307650,True,1024,1024,1.0,RGB,3,JPEG,aff21ea00b98d066ec7ae1f5ea8ecd5f52115ff2cd69aef8a8f82fd33159eb53,,Leaf smut,RiceLeafDiseaseBD,PRIMARY_DEVELOPMENT_DATASET,PRIMARY_004113,D:\BTech Final Year Project\RiceLeafDiseaseBD A Field-Based Annotated Smartpho\RiceLeafDiseaseBD A Field-Based Annotated Smartpho\RiceLeafDiseaseBD\RiceLeafDiseaseBD\Annotated images ( visual with labels)\Leaf smut\labels\Leaf smut_648.txt,UNIQUE_GROUP_012300,False,calibration
Leaf smut_665.jpg,.jpg,Annotated images ( visual with labels)/Leaf smut/visuals/Leaf smut_665.jpg,331847,True,1024,1024,1.0,RGB,3,JPEG,917eefd8c6f01ec037ba6f48573c41562c9f52fe260e06fb1cec5cbab6bcec37,,Leaf smut,RiceLeafDiseaseBD,PRIMARY_DEVELOPMENT_DATASET,PRIMARY_004132,D:\BTech Final Year Project\RiceLeafDiseaseBD A Field-Based Annotated Smartpho\RiceLeafDiseaseBD A Field-Based Annotated Smartpho\RiceLeafDiseaseBD\RiceLeafDiseaseBD\Annotated images ( visual with labels)\Leaf smut\labels\Leaf smut_665.txt,UNIQUE_GROUP_010167,False,calibration
Leaf smut_672.jpg,.jpg,Annotated images ( visual with labels)/Leaf smut/visuals/Leaf smut_672.jpg,328761,True,1024,1024,1.0,RGB,3,JPEG,e9c7d68912896964976034c7d3788db4906c82cf7ff4f1d57e6e59c1fb73bdcd,,Leaf smut,RiceLeafDiseaseBD,PRIMARY_DEVELOPMENT_DATASET,PRIMARY_004140,D:\BTech Final Year Project\RiceLeafDiseaseBD A Field-Based Annotated Smartpho\RiceLeafDiseaseBD A Field-Based Annotated Smartpho\RiceLeafDiseaseBD\RiceLeafDiseaseBD\Annotated images ( visual with labels)\Leaf smut\labels\Leaf smut_672.txt,UNIQUE_GROUP_016289,False,calibration
Leaf smut_684.jpg,.jpg,Annotated images ( visual with labels)/Leaf smut/visuals/Leaf smut_684.jpg,318966,True,1024,1024,1.0,RGB,3,JPEG,4933c449fb8ab38089652d3cdd17a13aa5b929fd70cfce24c192dcb55003b841,,Leaf smut,RiceLeafDiseaseBD,PRIMARY_DEVELOPMENT_DATASET,PRIMARY_004153,D:\BTech Final Year Project\RiceLeafDiseaseBD A Field-Based Annotated Smartpho\RiceLeafDiseaseBD A Field-Based Annotated Smartpho\RiceLeafDiseaseBD\RiceLeafDiseaseBD\Annotated images ( visual with labels)\Leaf smut\labels\Leaf smut_684.txt,UNIQUE_GROUP_005099,False,calibration
Leaf smut_694.jpg,.jpg,Annotated images ( visual with labels)/Leaf smut/visuals/Leaf smut_694.jpg,299639,True,1024,1024,1.0,RGB,3,JPEG,512bda1542e3452f6a64a24e2f47cc0840f390df173be918db0fe150ff142133,,Leaf smut,RiceLeafDiseaseBD,PRIMARY_DEVELOPMENT_DATASET,PRIMARY_004164,D:\BTech Final Year Project\RiceLeafDiseaseBD A Field-Based Annotated Smartpho\RiceLeafDiseaseBD A Field-Based Annotated Smartpho\RiceLeafDiseaseBD\RiceLeafDiseaseBD\Annotated images ( visual with labels)\Leaf smut\labels\Leaf smut_694.txt,UNIQUE_GROUP_005670,False,calibration
Leaf smut_708.jpg,.jpg,Annotated images ( visual with labels)/Leaf smut/visuals/Leaf smut_708.jpg,302187,True,1024,1024,1.0,RGB,3,JPEG,92d3b59afeea1db98920d4e5e2b069261eb3e895f61a6cad8b035a8cff5f23a1,,Leaf smut,RiceLeafDiseaseBD,PRIMARY_DEVELOPMENT_DATASET,PRIMARY_004180,D:\BTech Final Year Project\RiceLeafDiseaseBD A Field-Based Annotated Smartpho\RiceLeafDiseaseBD A Field-Based Annotated Smartpho\RiceLeafDiseaseBD\RiceLeafDiseaseBD\Annotated images ( visual with labels)\Leaf smut\labels\Leaf smut_708.txt,UNIQUE_GROUP_010277,False,calibration
Leaf smut_718.jpg,.jpg,Annotated images ( visual with labels)/Leaf smut/visuals/Leaf smut_718.jpg,243021,True,1024,1024,1.0,RGB,3,JPEG,31825ff9d3a7eb496e0c325e646b2bf6e1bdfbe0713837a5bb4e3ff8bfc066bd,,Leaf smut,RiceLeafDiseaseBD,PRIMARY_DEVELOPMENT_DATASET,PRIMARY_004191,D:\BTech Final Year Project\RiceLeafDiseaseBD A Field-Based Annotated Smartpho\RiceLeafDiseaseBD A Field-Based Annotated Smartpho\RiceLeafDiseaseBD\RiceLeafDiseaseBD\Annotated images ( visual with labels)\Leaf smut\labels\Leaf smut_718.txt,UNIQUE_GROUP_003468,False,calibration
Leaf smut_719.jpg,.jpg,Annotated images ( visual with labels)/Leaf smut/visuals/Leaf smut_719.jpg,256364,True,1024,1024,1.0,RGB,3,JPEG,2d891d9b14e2b7fbcc3bc672f00ade3ea629d03fc59ff83ddd7fffe1bc8b8d07,,Leaf smut,RiceLeafDiseaseBD,PRIMARY_DEVELOPMENT_DATASET,PRIMARY_004192,D:\BTech Final Year Project\RiceLeafDiseaseBD A Field-Based Annotated Smartpho\RiceLeafDiseaseBD A Field-Based Annotated Smartpho\RiceLeafDiseaseBD\RiceLeafDiseaseBD\Annotated images ( visual with labels)\Leaf smut\labels\Leaf smut_719.txt,UNIQUE_GROUP_003191,False,calibration
Leaf smut_82.jpg,.jpg,Annotated images ( visual with labels)/Leaf smut/visuals/Leaf smut_82.jpg,295904,True,1024,1024,1.0,RGB,3,JPEG,095f61ee5446d55b5ecc098454993bb688a5ded09497afc7d9d88e61018a719e,,Leaf smut,RiceLeafDiseaseBD,PRIMARY_DEVELOPMENT_DATASET,PRIMARY_004209,D:\BTech Final Year Project\RiceLeafDiseaseBD A Field-Based Annotated Smartpho\RiceLeafDiseaseBD A Field-Based Annotated Smartpho\RiceLeafDiseaseBD\RiceLeafDiseaseBD\Annotated images ( visual with labels)\Leaf smut\labels\Leaf smut_82.txt,UNIQUE_GROUP_000629,False,calibration
Leaf smut_87.jpg,.jpg,Annotated images ( visual with labels)/Leaf smut/visuals/Leaf smut_87.jpg,269950,True,1024,1024,1.0,RGB,3,JPEG,afc2fb8995f5880a320b8c0c585316714b68782c33a7080e96880fa1bf178ba4,,Leaf smut,RiceLeafDiseaseBD,PRIMARY_DEVELOPMENT_DATASET,PRIMARY_004214,D:\BTech Final Year Project\RiceLeafDiseaseBD A Field-Based Annotated Smartpho\RiceLeafDiseaseBD A Field-Based Annotated Smartpho\RiceLeafDiseaseBD\RiceLeafDiseaseBD\Annotated images ( visual with labels)\Leaf smut\labels\Leaf smut_87.txt,UNIQUE_GROUP_012287,False,calibration
Leaf smut_92.jpg,.jpg,Annotated images ( visual with labels)/Leaf smut/visuals/Leaf smut_92.jpg,335434,True,1024,1024,1.0,RGB,3,JPEG,ffb3e427ec620dbe94e287a7368e4140eccacc4a228ad792dc712286fca9fcf0,,Leaf smut,RiceLeafDiseaseBD,PRIMARY_DEVELOPMENT_DATASET,PRIMARY_004220,D:\BTech Final Year Project\RiceLeafDiseaseBD A Field-Based Annotated Smartpho\RiceLeafDiseaseBD A Field-Based Annotated Smartpho\RiceLeafDiseaseBD\RiceLeafDiseaseBD\Annotated images ( visual with labels)\Leaf smut\labels\Leaf smut_92.txt,UNIQUE_GROUP_017783,False,calibration
Leaf smut_95.jpg,.jpg,Annotated images ( visual with labels)/Leaf smut/visuals/Leaf smut_95.jpg,276132,True,1024,1024,1.0,RGB,3,JPEG,05c040e8de2c69c0af03ba74f1ce4a6ca0ebabb21fadc5222718f7243ecd2b84,,Leaf smut,RiceLeafDiseaseBD,PRIMARY_DEVELOPMENT_DATASET,PRIMARY_004223,D:\BTech Final Year Project\RiceLeafDiseaseBD A Field-Based Annotated Smartpho\RiceLeafDiseaseBD A Field-Based Annotated Smartpho\RiceLeafDiseaseBD\RiceLeafDiseaseBD\Annotated images ( visual with labels)\Leaf smut\labels\Leaf smut_95.txt,UNIQUE_GROUP_000380,False,calibration
Rice Tungro_1005.jpg,.jpg,Annotated images ( visual with labels)/Rice Tungro/visuals/Rice Tungro_1005.jpg,380904,True,1024,1024,1.0,RGB,3,JPEG,a9297dde24fc97f63f40219d0127c43e010fa49916dbce1e7e0f321a3b0ccc27,,Rice Tungro,RiceLeafDiseaseBD,PRIMARY_DEVELOPMENT_DATASET,PRIMARY_004236,D:\BTech Final Year Project\RiceLeafDiseaseBD A Field-Based Annotated Smartpho\RiceLeafDiseaseBD A Field-Based Annotated Smartpho\RiceLeafDiseaseBD\RiceLeafDiseaseBD\Annotated images ( visual with labels)\Rice Tungro\labels\Rice Tungro_1005.txt,UNIQUE_GROUP_011850,False,calibration
Rice Tungro_1009.jpg,.jpg,Annotated images ( visual with labels)/Rice Tungro/visuals/Rice Tungro_1009.jpg,372392,True,1024,1024,1.0,RGB,3,JPEG,36f26737cdebd40336ad0c8a78897c504f0421eb47e64ccf7b5a4dbc46ca1d13,,Rice Tungro,RiceLeafDiseaseBD,PRIMARY_DEVELOPMENT_DATASET,PRIMARY_004240,D:\BTech Final Year Project\RiceLeafDiseaseBD A Field-Based Annotated Smartpho\RiceLeafDiseaseBD A Field-Based Annotated Smartpho\RiceLeafDiseaseBD\RiceLeafDiseaseBD\Annotated images ( visual with labels)\Rice Tungro\labels\Rice Tungro_1009.txt,UNIQUE_GROUP_003820,False,calibration
Rice Tungro_101.jpg,.jpg,Annotated images ( visual with labels)/Rice Tungro/visuals/Rice Tungro_101.jpg,270645,True,1024,1024,1.0,RGB,3,JPEG,36a5d4d4f2be3f25e87fcac8627fdac357483ca76d2107798ffa197883fd0ce9,,Rice Tungro,RiceLeafDiseaseBD,PRIMARY_DEVELOPMENT_DATASET,PRIMARY_004241,D:\BTech Final Year Project\RiceLeafDiseaseBD A Field-Based Annotated Smartpho\RiceLeafDiseaseBD A Field-Based Annotated Smartpho\RiceLeafDiseaseBD\RiceLeafDiseaseBD\Annotated images ( visual with labels)\Rice Tungro\labels\Rice Tungro_101.txt,UNIQUE_GROUP_003802,False,calibration
Rice Tungro_1023.jpg,.jpg,Annotated images ( visual with labels)/Rice Tungro/visuals/Rice Tungro_1023.jpg,323978,True,1024,1024,1.0,RGB,3,JPEG,c5723463941a5ec47ed7d85b45e13d995860d6fc6cb396391bff0d4c5d63aa1f,,Rice Tungro,RiceLeafDiseaseBD,PRIMARY_DEVELOPMENT_DATASET,PRIMARY_004256,D:\BTech Final Year Project\RiceLeafDiseaseBD A Field-Based Annotated Smartpho\RiceLeafDiseaseBD A Field-Based Annotated Smartpho\RiceLeafDiseaseBD\RiceLeafDiseaseBD\Annotated images ( visual with labels)\Rice Tungro\labels\Rice Tungro_1023.txt,UNIQUE_GROUP_013824,False,calibration
Rice Tungro_104.jpg,.jpg,Annotated images ( visual with labels)/Rice Tungro/visuals/Rice Tungro_104.jpg,371051,True,1024,1024,1.0,RGB,3,JPEG,f665a22464c6c2371b7c86d14066a9f34ec1bae3fd263b283f80d1a576558edc,,Rice Tungro,RiceLeafDiseaseBD,PRIMARY_DEVELOPMENT_DATASET,PRIMARY_004274,D:\BTech Final Year Project\RiceLeafDiseaseBD A Field-Based Annotated Smartpho\RiceLeafDiseaseBD A Field-Based Annotated Smartpho\RiceLeafDiseaseBD\RiceLeafDiseaseBD\Annotated images ( visual with labels)\Rice Tungro\labels\Rice Tungro_104.txt,UNIQUE_GROUP_017143,False,calibration
Rice Tungro_1060.jpg,.jpg,Annotated images ( visual with labels)/Rice Tungro/visuals/Rice Tungro_1060.jpg,290898,True,1024,1024,1.0,RGB,3,JPEG,a6ef68ed50aa78d0fb4094cfa596b0046e2954200ec2cb7ab807b7ea3929194d,,Rice Tungro,RiceLeafDiseaseBD,PRIMARY_DEVELOPMENT_DATASET,PRIMARY_004297,D:\BTech Final Year Project\RiceLeafDiseaseBD A Field-Based Annotated Smartpho\RiceLeafDiseaseBD A Field-Based Annotated Smartpho\RiceLeafDiseaseBD\RiceLeafDiseaseBD\Annotated images ( visual with labels)\Rice Tungro\labels\Rice Tungro_1060.txt,UNIQUE_GROUP_011681,False,calibration
Rice Tungro_1066.jpg,.jpg,Annotated images ( visual with labels)/Rice Tungro/visuals/Rice Tungro_1066.jpg,281470,True,1024,1024,1.0,RGB,3,JPEG,0adb6a3215a76b7b0b1babae24f9c30ded62b000a914f025187ed03dece6d0d6,,Rice Tungro,RiceLeafDiseaseBD,PRIMARY_DEVELOPMENT_DATASET,PRIMARY_004303,D:\BTech Final Year Project\RiceLeafDiseaseBD A Field-Based Annotated Smartpho\RiceLeafDiseaseBD A Field-Based Annotated Smartpho\RiceLeafDiseaseBD\RiceLeafDiseaseBD\Annotated images ( visual with labels)\Rice Tungro\labels\Rice Tungro_1066.txt,UNIQUE_GROUP_000733,False,calibration
Rice Tungro_1089.jpg,.jpg,Annotated images ( visual with labels)/Rice Tungro/visuals/Rice Tungro_1089.jpg,299115,True,1024,1024,1.0,RGB,3,JPEG,3bcad325ef6fdbc3a31d2e94377c1ab9a48c102be570a482b113d68139a133e8,,Rice Tungro,RiceLeafDiseaseBD,PRIMARY_DEVELOPMENT_DATASET,PRIMARY_004328,D:\BTech Final Year Project\RiceLeafDiseaseBD A Field-Based Annotated Smartpho\RiceLeafDiseaseBD A Field-Based Annotated Smartpho\RiceLeafDiseaseBD\RiceLeafDiseaseBD\Annotated images ( visual with labels)\Rice Tungro\labels\Rice Tungro_1089.txt,UNIQUE_GROUP_004189,False,calibration
Rice Tungro_1115.jpg,.jpg,Annotated images ( visual with labels)/Rice Tungro/visuals/Rice Tungro_1115.jpg,257639,True,1024,1024,1.0,RGB,3,JPEG,129f0e9120432d3a5f074a68ffcabf0475761fd424a54377494c9fb48392f902,,Rice Tungro,RiceLeafDiseaseBD,PRIMARY_DEVELOPMENT_DATASET,PRIMARY_004358,D:\BTech Final Year Project\RiceLeafDiseaseBD A Field-Based Annotated Smartpho\RiceLeafDiseaseBD A Field-Based Annotated Smartpho\RiceLeafDiseaseBD\RiceLeafDiseaseBD\Annotated images ( visual with labels)\Rice Tungro\labels\Rice Tungro_1115.txt,DUPLICATE_GROUP_0005,True,calibration
Rice Tungro_1116.jpg,.jpg,Annotated images ( visual with labels)/Rice Tungro/visuals/Rice Tungro_1116.jpg,257639,True,1024,1024,1.0,RGB,3,JPEG,129f0e9120432d3a5f074a68ffcabf0475761fd424a54377494c9fb48392f902,,Rice Tungro,RiceLeafDiseaseBD,PRIMARY_DEVELOPMENT_DATASET,PRIMARY_004359,D:\BTech Final Year Project\RiceLeafDiseaseBD A Field-Based Annotated Smartpho\RiceLeafDiseaseBD A Field-Based Annotated Smartpho\RiceLeafDiseaseBD\RiceLeafDiseaseBD\Annotated images ( visual with labels)\Rice Tungro\labels\Rice Tungro_1116.txt,DUPLICATE_GROUP_0005,True,calibration
Rice Tungro_1121.jpg,.jpg,Annotated images ( visual with labels)/Rice Tungro/visuals/Rice Tungro_1121.jpg,258033,True,1024,1024,1.0,RGB,3,JPEG,1c3a1b1d8b9136ad4640981a8a7db91947ae6a82f0990e5de6bf205e54787bfe,,Rice Tungro,RiceLeafDiseaseBD,PRIMARY_DEVELOPMENT_DATASET,PRIMARY_004365,D:\BTech Final Year Project\RiceLeafDiseaseBD A Field-Based Annotated Smartpho\RiceLeafDiseaseBD A Field-Based Annotated Smartpho\RiceLeafDiseaseBD\RiceLeafDiseaseBD\Annotated images ( visual with labels)\Rice Tungro\labels\Rice Tungro_1121.txt,UNIQUE_GROUP_001969,False,calibration
Rice Tungro_1164.jpg,.jpg,Annotated images ( visual with labels)/Rice Tungro/visuals/Rice Tungro_1164.jpg,279511,True,1024,1024,1.0,RGB,3,JPEG,d22bc58887f7bbdff2f874db7c37d08f54c9a7eb20b2ac1d6373a72c2c3961dc,,Rice Tungro,RiceLeafDiseaseBD,PRIMARY_DEVELOPMENT_DATASET,PRIMARY_004412,D:\BTech Final Year Project\RiceLeafDiseaseBD A Field-Based Annotated Smartpho\RiceLeafDiseaseBD A Field-Based Annotated Smartpho\RiceLeafDiseaseBD\RiceLeafDiseaseBD\Annotated images ( visual with labels)\Rice Tungro\labels\Rice Tungro_1164.txt,UNIQUE_GROUP_014720,False,calibration
Rice Tungro_1172.jpg,.jpg,Annotated images ( visual with labels)/Rice Tungro/visuals/Rice Tungro_1172.jpg,282384,True,1024,1024,1.0,RGB,3,JPEG,eb7bda98e6163cd6073f9246849aebc0fada1d84f944203c27eb36f82c5060ea,,Rice Tungro,RiceLeafDiseaseBD,PRIMARY_DEVELOPMENT_DATASET,PRIMARY_004421,D:\BTech Final Year Project\RiceLeafDiseaseBD A Field-Based Annotated Smartpho\RiceLeafDiseaseBD A Field-Based Annotated Smartpho\RiceLeafDiseaseBD\RiceLeafDiseaseBD\Annotated images ( visual with labels)\Rice Tungro\labels\Rice Tungro_1172.txt,UNIQUE_GROUP_016409,False,calibration
Rice Tungro_1187.jpg,.jpg,Annotated images ( visual with labels)/Rice Tungro/visuals/Rice Tungro_1187.jpg,273061,True,1024,1024,1.0,RGB,3,JPEG,6e9fe163b39274430fd7c40fa58608114d2f0ccb1464a3aaf8fff13bb2ad134b,,Rice Tungro,RiceLeafDiseaseBD,PRIMARY_DEVELOPMENT_DATASET,PRIMARY_004437,D:\BTech Final Year Project\RiceLeafDiseaseBD A Field-Based Annotated Smartpho\RiceLeafDiseaseBD A Field-Based Annotated Smartpho\RiceLeafDiseaseBD\RiceLeafDiseaseBD\Annotated images ( visual with labels)\Rice Tungro\labels\Rice Tungro_1187.txt,UNIQUE_GROUP_007720,False,calibration
Rice Tungro_1190.jpg,.jpg,Annotated images ( visual with labels)/Rice Tungro/visuals/Rice Tungro_1190.jpg,369674,True,1024,1024,1.0,RGB,3,JPEG,f18bcc6e1a9c31668beb869d5d9edb05bdce3afde995734402ae33d1ad9102e4,,Rice Tungro,RiceLeafDiseaseBD,PRIMARY_DEVELOPMENT_DATASET,PRIMARY_004441,D:\BTech Final Year Project\RiceLeafDiseaseBD A Field-Based Annotated Smartpho\RiceLeafDiseaseBD A Field-Based Annotated Smartpho\RiceLeafDiseaseBD\RiceLeafDiseaseBD\Annotated images ( visual with labels)\Rice Tungro\labels\Rice Tungro_1190.txt,UNIQUE_GROUP_016814,False,calibration
Rice Tungro_120.jpg,.jpg,Annotated images ( visual with labels)/Rice Tungro/visuals/Rice Tungro_120.jpg,296539,True,1024,1024,1.0,RGB,3,JPEG,04c4637dedc08d7668ff770cacf76c78cb2f723e14e8c4227fe938d1b7165e3c,,Rice Tungro,RiceLeafDiseaseBD,PRIMARY_DEVELOPMENT_DATASET,PRIMARY_004452,D:\BTech Final Year Project\RiceLeafDiseaseBD A Field-Based Annotated Smartpho\RiceLeafDiseaseBD A Field-Based Annotated Smartpho\RiceLeafDiseaseBD\RiceLeafDiseaseBD\Annotated images ( visual with labels)\Rice Tungro\labels\Rice Tungro_120.txt,UNIQUE_GROUP_000306,False,calibration
Rice Tungro_1205.jpg,.jpg,Annotated images ( visual with labels)/Rice Tungro/visuals/Rice Tungro_1205.jpg,304374,True,1024,1024,1.0,RGB,3,JPEG,7fde4c7f5dfc92a7359d1b89e0fa38fb0700e2b509f99351e0f6fd05940e9694,,Rice Tungro,RiceLeafDiseaseBD,PRIMARY_DEVELOPMENT_DATASET,PRIMARY_004458,D:\BTech Final Year Project\RiceLeafDiseaseBD A Field-Based Annotated Smartpho\RiceLeafDiseaseBD A Field-Based Annotated Smartpho\RiceLeafDiseaseBD\RiceLeafDiseaseBD\Annotated images ( visual with labels)\Rice Tungro\labels\Rice Tungro_1205.txt,UNIQUE_GROUP_008937,False,calibration
Rice Tungro_1222.jpg,.jpg,Annotated images ( visual with labels)/Rice Tungro/visuals/Rice Tungro_1222.jpg,301742,True,1024,1024,1.0,RGB,3,JPEG,f6fde99816dcca117d82f2a6337106367b1384f1f768aeae165c323f9e88696f,,Rice Tungro,RiceLeafDiseaseBD,PRIMARY_DEVELOPMENT_DATASET,PRIMARY_004477,D:\BTech Final Year Project\RiceLeafDiseaseBD A Field-Based Annotated Smartpho\RiceLeafDiseaseBD A Field-Based Annotated Smartpho\RiceLeafDiseaseBD\RiceLeafDiseaseBD\Annotated images ( visual with labels)\Rice Tungro\labels\Rice Tungro_1222.txt,UNIQUE_GROUP_017192,False,calibration
Rice Tungro_1224.jpg,.jpg,Annotated images ( visual with labels)/Rice Tungro/visuals/Rice Tungro_1224.jpg,310677,True,1024,1024,1.0,RGB,3,JPEG,eab2936bcee90355448caa4f713d6f491180f0864a2e9532a8e150d3cb845566,,Rice Tungro,RiceLeafDiseaseBD,PRIMARY_DEVELOPMENT_DATASET,PRIMARY_004479,D:\BTech Final Year Project\RiceLeafDiseaseBD A Field-Based Annotated Smartpho\RiceLeafDiseaseBD A Field-Based Annotated Smartpho\RiceLeafDiseaseBD\RiceLeafDiseaseBD\Annotated images ( visual with labels)\Rice Tungro\labels\Rice Tungro_1224.txt,UNIQUE_GROUP_016346,False,calibration
Rice Tungro_1234.jpg,.jpg,Annotated images ( visual with labels)/Rice Tungro/visuals/Rice Tungro_1234.jpg,268456,True,1024,1024,1.0,RGB,3,JPEG,73988dbec77068d1cebc2811cbeafac1a9710b4a47a31e07dee911a6e0461905,,Rice Tungro,RiceLeafDiseaseBD,PRIMARY_DEVELOPMENT_DATASET,PRIMARY_004490,D:\BTech Final Year Project\RiceLeafDiseaseBD A Field-Based Annotated Smartpho\RiceLeafDiseaseBD A Field-Based Annotated Smartpho\RiceLeafDiseaseBD\RiceLeafDiseaseBD\Annotated images ( visual with labels)\Rice Tungro\labels\Rice Tungro_1234.txt,DUPLICATE_GROUP_0021,True,calibration
Rice Tungro_1235.jpg,.jpg,Annotated images ( visual with labels)/Rice Tungro/visuals/Rice Tungro_1235.jpg,268456,True,1024,1024,1.0,RGB,3,JPEG,73988dbec77068d1cebc2811cbeafac1a9710b4a47a31e07dee911a6e0461905,,Rice Tungro,RiceLeafDiseaseBD,PRIMARY_DEVELOPMENT_DATASET,PRIMARY_004491,D:\BTech Final Year Project\RiceLeafDiseaseBD A Field-Based Annotated Smartpho\RiceLeafDiseaseBD A Field-Based Annotated Smartpho\RiceLeafDiseaseBD\RiceLeafDiseaseBD\Annotated images ( visual with labels)\Rice Tungro\labels\Rice Tungro_1235.txt,DUPLICATE_GROUP_0021,True,calibration
Rice Tungro_1236.jpg,.jpg,Annotated images ( visual with labels)/Rice Tungro/visuals/Rice Tungro_1236.jpg,268456,True,1024,1024,1.0,RGB,3,JPEG,73988dbec77068d1cebc2811cbeafac1a9710b4a47a31e07dee911a6e0461905,,Rice Tungro,RiceLeafDiseaseBD,PRIMARY_DEVELOPMENT_DATASET,PRIMARY_004492,D:\BTech Final Year Project\RiceLeafDiseaseBD A Field-Based Annotated Smartpho\RiceLeafDiseaseBD A Field-Based Annotated Smartpho\RiceLeafDiseaseBD\RiceLeafDiseaseBD\Annotated images ( visual with labels)\Rice Tungro\labels\Rice Tungro_1236.txt,DUPLICATE_GROUP_0021,True,calibration
Rice Tungro_1237.jpg,.jpg,Annotated images ( visual with labels)/Rice Tungro/visuals/Rice Tungro_1237.jpg,268456,True,1024,1024,1.0,RGB,3,JPEG,73988dbec77068d1cebc2811cbeafac1a9710b4a47a31e07dee911a6e0461905,,Rice Tungro,RiceLeafDiseaseBD,PRIMARY_DEVELOPMENT_DATASET,PRIMARY_004493,D:\BTech Final Year Project\RiceLeafDiseaseBD A Field-Based Annotated Smartpho\RiceLeafDiseaseBD A Field-Based Annotated Smartpho\RiceLeafDiseaseBD\RiceLeafDiseaseBD\Annotated images ( visual with labels)\Rice Tungro\labels\Rice Tungro_1237.txt,DUPLICATE_GROUP_0021,True,calibration
Rice Tungro_1238.jpg,.jpg,Annotated images ( visual with labels)/Rice Tungro/visuals/Rice Tungro_1238.jpg,268456,True,1024,1024,1.0,RGB,3,JPEG,73988dbec77068d1cebc2811cbeafac1a9710b4a47a31e07dee911a6e0461905,,Rice Tungro,RiceLeafDiseaseBD,PRIMARY_DEVELOPMENT_DATASET,PRIMARY_004494,D:\BTech Final Year Project\RiceLeafDiseaseBD A Field-Based Annotated Smartpho\RiceLeafDiseaseBD A Field-Based Annotated Smartpho\RiceLeafDiseaseBD\RiceLeafDiseaseBD\Annotated images ( visual with labels)\Rice Tungro\labels\Rice Tungro_1238.txt,DUPLICATE_GROUP_0021,True,calibration
Rice Tungro_1239.jpg,.jpg,Annotated images ( visual with labels)/Rice Tungro/visuals/Rice Tungro_1239.jpg,268456,True,1024,1024,1.0,RGB,3,JPEG,73988dbec77068d1cebc2811cbeafac1a9710b4a47a31e07dee911a6e0461905,,Rice Tungro,RiceLeafDiseaseBD,PRIMARY_DEVELOPMENT_DATASET,PRIMARY_004495,D:\BTech Final Year Project\RiceLeafDiseaseBD A Field-Based Annotated Smartpho\RiceLeafDiseaseBD A Field-Based Annotated Smartpho\RiceLeafDiseaseBD\RiceLeafDiseaseBD\Annotated images ( visual with labels)\Rice Tungro\labels\Rice Tungro_1239.txt,DUPLICATE_GROUP_0021,True,calibration
Rice Tungro_1240.jpg,.jpg,Annotated images ( visual with labels)/Rice Tungro/visuals/Rice Tungro_1240.jpg,268456,True,1024,1024,1.0,RGB,3,JPEG,73988dbec77068d1cebc2811cbeafac1a9710b4a47a31e07dee911a6e0461905,,Rice Tungro,RiceLeafDiseaseBD,PRIMARY_DEVELOPMENT_DATASET,PRIMARY_004497,D:\BTech Final Year Project\RiceLeafDiseaseBD A Field-Based Annotated Smartpho\RiceLeafDiseaseBD A Field-Based Annotated Smartpho\RiceLeafDiseaseBD\RiceLeafDiseaseBD\Annotated images ( visual with labels)\Rice Tungro\labels\Rice Tungro_1240.txt,DUPLICATE_GROUP_0021,True,calibration
Rice Tungro_1241.jpg,.jpg,Annotated images ( visual with labels)/Rice Tungro/visuals/Rice Tungro_1241.jpg,268456,True,1024,1024,1.0,RGB,3,JPEG,73988dbec77068d1cebc2811cbeafac1a9710b4a47a31e07dee911a6e0461905,,Rice Tungro,RiceLeafDiseaseBD,PRIMARY_DEVELOPMENT_DATASET,PRIMARY_004498,D:\BTech Final Year Project\RiceLeafDiseaseBD A Field-Based Annotated Smartpho\RiceLeafDiseaseBD A Field-Based Annotated Smartpho\RiceLeafDiseaseBD\RiceLeafDiseaseBD\Annotated images ( visual with labels)\Rice Tungro\labels\Rice Tungro_1241.txt,DUPLICATE_GROUP_0021,True,calibration
Rice Tungro_1260.jpg,.jpg,Annotated images ( visual with labels)/Rice Tungro/visuals/Rice Tungro_1260.jpg,261713,True,1024,1024,1.0,RGB,3,JPEG,e49d93d20ddb90e4997e13f1e8eada5f0c54192022a15593e3a1d81ec02472f6,,Rice Tungro,RiceLeafDiseaseBD,PRIMARY_DEVELOPMENT_DATASET,PRIMARY_004519,D:\BTech Final Year Project\RiceLeafDiseaseBD A Field-Based Annotated Smartpho\RiceLeafDiseaseBD A Field-Based Annotated Smartpho\RiceLeafDiseaseBD\RiceLeafDiseaseBD\Annotated images ( visual with labels)\Rice Tungro\labels\Rice Tungro_1260.txt,UNIQUE_GROUP_015950,False,calibration
Rice Tungro_1263.jpg,.jpg,Annotated images ( visual with labels)/Rice Tungro/visuals/Rice Tungro_1263.jpg,256516,True,1024,1024,1.0,RGB,3,JPEG,71a7736341a7b851f3b6e7407432430e1a17762fc81f259f5bd7acc88e68daff,,Rice Tungro,RiceLeafDiseaseBD,PRIMARY_DEVELOPMENT_DATASET,PRIMARY_004522,D:\BTech Final Year Project\RiceLeafDiseaseBD A Field-Based Annotated Smartpho\RiceLeafDiseaseBD A Field-Based Annotated Smartpho\RiceLeafDiseaseBD\RiceLeafDiseaseBD\Annotated images ( visual with labels)\Rice Tungro\labels\Rice Tungro_1263.txt,UNIQUE_GROUP_007941,False,calibration
Rice Tungro_130.jpg,.jpg,Annotated images ( visual with labels)/Rice Tungro/visuals/Rice Tungro_130.jpg,268188,True,1024,1024,1.0,RGB,3,JPEG,1afda78a23c6233077b865987d197e4dce316f1f8b623af62b927a498e413a72,,Rice Tungro,RiceLeafDiseaseBD,PRIMARY_DEVELOPMENT_DATASET,PRIMARY_004563,D:\BTech Final Year Project\RiceLeafDiseaseBD A Field-Based Annotated Smartpho\RiceLeafDiseaseBD A Field-Based Annotated Smartpho\RiceLeafDiseaseBD\RiceLeafDiseaseBD\Annotated images ( visual with labels)\Rice Tungro\labels\Rice Tungro_130.txt,UNIQUE_GROUP_001888,False,calibration
Rice Tungro_1329.jpg,.jpg,Annotated images ( visual with labels)/Rice Tungro/visuals/Rice Tungro_1329.jpg,248613,True,1024,1024,1.0,RGB,3,JPEG,18f3f3024477903daaae584a551605e26ca2142057298b76ec3b481c2d450cbe,,Rice Tungro,RiceLeafDiseaseBD,PRIMARY_DEVELOPMENT_DATASET,PRIMARY_004595,D:\BTech Final Year Project\RiceLeafDiseaseBD A Field-Based Annotated Smartpho\RiceLeafDiseaseBD A Field-Based Annotated Smartpho\RiceLeafDiseaseBD\RiceLeafDiseaseBD\Annotated images ( visual with labels)\Rice Tungro\labels\Rice Tungro_1329.txt,UNIQUE_GROUP_001708,False,calibration
Rice Tungro_133.jpg,.jpg,Annotated images ( visual with labels)/Rice Tungro/visuals/Rice Tungro_133.jpg,261016,True,1024,1024,1.0,RGB,3,JPEG,99354e8afe598931019dc3b868bae6256f13fdce0249aa17467a4958d25dcaf2,,Rice Tungro,RiceLeafDiseaseBD,PRIMARY_DEVELOPMENT_DATASET,PRIMARY_004596,D:\BTech Final Year Project\RiceLeafDiseaseBD A Field-Based Annotated Smartpho\RiceLeafDiseaseBD A Field-Based Annotated Smartpho\RiceLeafDiseaseBD\RiceLeafDiseaseBD\Annotated images ( visual with labels)\Rice Tungro\labels\Rice Tungro_133.txt,UNIQUE_GROUP_010713,False,calibration
Rice Tungro_134.jpg,.jpg,Annotated images ( visual with labels)/Rice Tungro/visuals/Rice Tungro_134.jpg,247527,True,1024,1024,1.0,RGB,3,JPEG,243c3520ef644a51774553cc9daa197512e70a80a31519d193f3eaa857cb67cc,,Rice Tungro,RiceLeafDiseaseBD,PRIMARY_DEVELOPMENT_DATASET,PRIMARY_004607,D:\BTech Final Year Project\RiceLeafDiseaseBD A Field-Based Annotated Smartpho\RiceLeafDiseaseBD A Field-Based Annotated Smartpho\RiceLeafDiseaseBD\RiceLeafDiseaseBD\Annotated images ( visual with labels)\Rice Tungro\labels\Rice Tungro_134.txt,UNIQUE_GROUP_002551,False,calibration
Rice Tungro_1351.jpg,.jpg,Annotated images ( visual with labels)/Rice Tungro/visuals/Rice Tungro_1351.jpg,304931,True,1024,1024,1.0,RGB,3,JPEG,491e847cc232b0458180781615018ebbb285490adc0d36c573a5357370585058,,Rice Tungro,RiceLeafDiseaseBD,PRIMARY_DEVELOPMENT_DATASET,PRIMARY_004620,D:\BTech Final Year Project\RiceLeafDiseaseBD A Field-Based Annotated Smartpho\RiceLeafDiseaseBD A Field-Based Annotated Smartpho\RiceLeafDiseaseBD\RiceLeafDiseaseBD\Annotated images ( visual with labels)\Rice Tungro\labels\Rice Tungro_1351.txt,UNIQUE_GROUP_005094,False,calibration
Rice Tungro_1355.jpg,.jpg,Annotated images ( visual with labels)/Rice Tungro/visuals/Rice Tungro_1355.jpg,284252,True,1024,1024,1.0,RGB,3,JPEG,47d5e92dd9896070c18bf3cd6ee4d6a39fe5ba454d07f26020213b8d4ffd3470,,Rice Tungro,RiceLeafDiseaseBD,PRIMARY_DEVELOPMENT_DATASET,PRIMARY_004624,D:\BTech Final Year Project\RiceLeafDiseaseBD A Field-Based Annotated Smartpho\RiceLeafDiseaseBD A Field-Based Annotated Smartpho\RiceLeafDiseaseBD\RiceLeafDiseaseBD\Annotated images ( visual with labels)\Rice Tungro\labels\Rice Tungro_1355.txt,UNIQUE_GROUP_005007,False,calibration
Rice Tungro_1363.jpg,.jpg,Annotated images ( visual with labels)/Rice Tungro/visuals/Rice Tungro_1363.jpg,295382,True,1024,1024,1.0,RGB,3,JPEG,4c8fd6e1bdef1106ed310c4ac142736aee1ce4f87814b95cf7dbfc672efe0a14,,Rice Tungro,RiceLeafDiseaseBD,PRIMARY_DEVELOPMENT_DATASET,PRIMARY_004633,D:\BTech Final Year Project\RiceLeafDiseaseBD A Field-Based Annotated Smartpho\RiceLeafDiseaseBD A Field-Based Annotated Smartpho\RiceLeafDiseaseBD\RiceLeafDiseaseBD\Annotated images ( visual with labels)\Rice Tungro\labels\Rice Tungro_1363.txt,UNIQUE_GROUP_005360,False,calibration
Rice Tungro_137.jpg,.jpg,Annotated images ( visual with labels)/Rice Tungro/visuals/Rice Tungro_137.jpg,300227,True,1024,1024,1.0,RGB,3,JPEG,35f600845aac04d4084cece45182f831ea8f2442b0cea091fc17bb5f2d351e4f,,Rice Tungro,RiceLeafDiseaseBD,PRIMARY_DEVELOPMENT_DATASET,PRIMARY_004640,D:\BTech Final Year Project\RiceLeafDiseaseBD A Field-Based Annotated Smartpho\RiceLeafDiseaseBD A Field-Based Annotated Smartpho\RiceLeafDiseaseBD\RiceLeafDiseaseBD\Annotated images ( visual with labels)\Rice Tungro\labels\Rice Tungro_137.txt,UNIQUE_GROUP_003760,False,calibration
Rice Tungro_1371.jpg,.jpg,Annotated images ( visual with labels)/Rice Tungro/visuals/Rice Tungro_1371.jpg,295308,True,1024,1024,1.0,RGB,3,JPEG,8ceb7eb7ced8913e7b6cdb6e3407e84a0c26e317f738032a728b9c282474bc6c,,Rice Tungro,RiceLeafDiseaseBD,PRIMARY_DEVELOPMENT_DATASET,PRIMARY_004642,D:\BTech Final Year Project\RiceLeafDiseaseBD A Field-Based Annotated Smartpho\RiceLeafDiseaseBD A Field-Based Annotated Smartpho\RiceLeafDiseaseBD\RiceLeafDiseaseBD\Annotated images ( visual with labels)\Rice Tungro\labels\Rice Tungro_1371.txt,UNIQUE_GROUP_009877,False,calibration
Rice Tungro_1379.jpg,.jpg,Annotated images ( visual with labels)/Rice Tungro/visuals/Rice Tungro_1379.jpg,304282,True,1024,1024,1.0,RGB,3,JPEG,21d84a4327adcc2337eda2b2d5f69acca0f6e043a9e048df2892e15cf4d7c30b,,Rice Tungro,RiceLeafDiseaseBD,PRIMARY_DEVELOPMENT_DATASET,PRIMARY_004650,D:\BTech Final Year Project\RiceLeafDiseaseBD A Field-Based Annotated Smartpho\RiceLeafDiseaseBD A Field-Based Annotated Smartpho\RiceLeafDiseaseBD\RiceLeafDiseaseBD\Annotated images ( visual with labels)\Rice Tungro\labels\Rice Tungro_1379.txt,UNIQUE_GROUP_002370,False,calibration
Rice Tungro_138.jpg,.jpg,Annotated images ( visual with labels)/Rice Tungro/visuals/Rice Tungro_138.jpg,295860,True,1024,1024,1.0,RGB,3,JPEG,5419186e856417c45c93f58500f8309ef789b97fb15aef0cb3aed37ad774c6f7,,Rice Tungro,RiceLeafDiseaseBD,PRIMARY_DEVELOPMENT_DATASET,PRIMARY_004651,D:\BTech Final Year Project\RiceLeafDiseaseBD A Field-Based Annotated Smartpho\RiceLeafDiseaseBD A Field-Based Annotated Smartpho\RiceLeafDiseaseBD\RiceLeafDiseaseBD\Annotated images ( visual with labels)\Rice Tungro\labels\Rice Tungro_138.txt,UNIQUE_GROUP_005883,False,calibration
Rice Tungro_1380.jpg,.jpg,Annotated images ( visual with labels)/Rice Tungro/visuals/Rice Tungro_1380.jpg,354931,True,1024,1024,1.0,RGB,3,JPEG,ba64b1891a123986326850324c5c7f525dbb1eb9fc34f7b7d7d418645f931e26,,Rice Tungro,RiceLeafDiseaseBD,PRIMARY_DEVELOPMENT_DATASET,PRIMARY_004652,D:\BTech Final Year Project\RiceLeafDiseaseBD A Field-Based Annotated Smartpho\RiceLeafDiseaseBD A Field-Based Annotated Smartpho\RiceLeafDiseaseBD\RiceLeafDiseaseBD\Annotated images ( visual with labels)\Rice Tungro\labels\Rice Tungro_1380.txt,UNIQUE_GROUP_013029,False,calibration
Rice Tungro_1381.jpg,.jpg,Annotated images ( visual with labels)/Rice Tungro/visuals/Rice Tungro_1381.jpg,298207,True,1024,1024,1.0,RGB,3,JPEG,02a9b8af01bff4e567a6154d46253c7fb20a83380c5a6a5642ced33fc83c8152,,Rice Tungro,RiceLeafDiseaseBD,PRIMARY_DEVELOPMENT_DATASET,PRIMARY_004653,D:\BTech Final Year Project\RiceLeafDiseaseBD A Field-Based Annotated Smartpho\RiceLeafDiseaseBD A Field-Based Annotated Smartpho\RiceLeafDiseaseBD\RiceLeafDiseaseBD\Annotated images ( visual with labels)\Rice Tungro\labels\Rice Tungro_1381.txt,UNIQUE_GROUP_000174,False,calibration
Rice Tungro_1387.jpg,.jpg,Annotated images ( visual with labels)/Rice Tungro/visuals/Rice Tungro_1387.jpg,291661,True,1024,1024,1.0,RGB,3,JPEG,4fbf21995bdb1f1faf190e384cfe9f48d1050478d79ca9cdaacf3bd59a0a0020,,Rice Tungro,RiceLeafDiseaseBD,PRIMARY_DEVELOPMENT_DATASET,PRIMARY_004659,D:\BTech Final Year Project\RiceLeafDiseaseBD A Field-Based Annotated Smartpho\RiceLeafDiseaseBD A Field-Based Annotated Smartpho\RiceLeafDiseaseBD\RiceLeafDiseaseBD\Annotated images ( visual with labels)\Rice Tungro\labels\Rice Tungro_1387.txt,UNIQUE_GROUP_005567,False,calibration
Rice Tungro_1395.jpg,.jpg,Annotated images ( visual with labels)/Rice Tungro/visuals/Rice Tungro_1395.jpg,291044,True,1024,1024,1.0,RGB,3,JPEG,08ba6f6ed98bafbe8a20f5f97b5c2d969f382a10035fed40780841adb28b9e96,,Rice Tungro,RiceLeafDiseaseBD,PRIMARY_DEVELOPMENT_DATASET,PRIMARY_004668,D:\BTech Final Year Project\RiceLeafDiseaseBD A Field-Based Annotated Smartpho\RiceLeafDiseaseBD A Field-Based Annotated Smartpho\RiceLeafDiseaseBD\RiceLeafDiseaseBD\Annotated images ( visual with labels)\Rice Tungro\labels\Rice Tungro_1395.txt,UNIQUE_GROUP_000581,False,calibration
Rice Tungro_14.jpg,.jpg,Annotated images ( visual with labels)/Rice Tungro/visuals/Rice Tungro_14.jpg,382769,True,1024,1024,1.0,RGB,3,JPEG,3105f5a817db6592fcb6524fece8b313da0e233d5bd00f1f850339dccf755f83,,Rice Tungro,RiceLeafDiseaseBD,PRIMARY_DEVELOPMENT_DATASET,PRIMARY_004673,D:\BTech Final Year Project\RiceLeafDiseaseBD A Field-Based Annotated Smartpho\RiceLeafDiseaseBD A Field-Based Annotated Smartpho\RiceLeafDiseaseBD\RiceLeafDiseaseBD\Annotated images ( visual with labels)\Rice Tungro\labels\Rice Tungro_14.txt,UNIQUE_GROUP_003431,False,calibration
Rice Tungro_1404.jpg,.jpg,Annotated images ( visual with labels)/Rice Tungro/visuals/Rice Tungro_1404.jpg,272244,True,1024,1024,1.0,RGB,3,JPEG,fd07de3029947b4e5bf2fd0023f9dbf4db43cc49fe511ce6b1b594597d77b76f,,Rice Tungro,RiceLeafDiseaseBD,PRIMARY_DEVELOPMENT_DATASET,PRIMARY_004679,D:\BTech Final Year Project\RiceLeafDiseaseBD A Field-Based Annotated Smartpho\RiceLeafDiseaseBD A Field-Based Annotated Smartpho\RiceLeafDiseaseBD\RiceLeafDiseaseBD\Annotated images ( visual with labels)\Rice Tungro\labels\Rice Tungro_1404.txt,UNIQUE_GROUP_017583,False,calibration
Rice Tungro_1409.jpg,.jpg,Annotated images ( visual with labels)/Rice Tungro/visuals/Rice Tungro_1409.jpg,268958,True,1024,1024,1.0,RGB,3,JPEG,bdd23a8c4778b726254c2ec02d877ae97b4f80fb4c7a5ea1665b0cb5a6b3e7dc,,Rice Tungro,RiceLeafDiseaseBD,PRIMARY_DEVELOPMENT_DATASET,PRIMARY_004684,D:\BTech Final Year Project\RiceLeafDiseaseBD A Field-Based Annotated Smartpho\RiceLeafDiseaseBD A Field-Based Annotated Smartpho\RiceLeafDiseaseBD\RiceLeafDiseaseBD\Annotated images ( visual with labels)\Rice Tungro\labels\Rice Tungro_1409.txt,UNIQUE_GROUP_013267,False,calibration
Rice Tungro_1411.jpg,.jpg,Annotated images ( visual with labels)/Rice Tungro/visuals/Rice Tungro_1411.jpg,316731,True,1024,1024,1.0,RGB,3,JPEG,f0643b2749d4c38eb46b92a126155764ba00098ad5c947a460532c3cd4a50be1,,Rice Tungro,RiceLeafDiseaseBD,PRIMARY_DEVELOPMENT_DATASET,PRIMARY_004687,D:\BTech Final Year Project\RiceLeafDiseaseBD A Field-Based Annotated Smartpho\RiceLeafDiseaseBD A Field-Based Annotated Smartpho\RiceLeafDiseaseBD\RiceLeafDiseaseBD\Annotated images ( visual with labels)\Rice Tungro\labels\Rice Tungro_1411.txt,UNIQUE_GROUP_016746,False,calibration
Rice Tungro_1417.jpg,.jpg,Annotated images ( visual with labels)/Rice Tungro/visuals/Rice Tungro_1417.jpg,314690,True,1024,1024,1.0,RGB,3,JPEG,e64d4b0d7143511b407efc0121a0d4a42dbaff8c557058be20108a10d1ecfa1e,,Rice Tungro,RiceLeafDiseaseBD,PRIMARY_DEVELOPMENT_DATASET,PRIMARY_004693,D:\BTech Final Year Project\RiceLeafDiseaseBD A Field-Based Annotated Smartpho\RiceLeafDiseaseBD A Field-Based Annotated Smartpho\RiceLeafDiseaseBD\RiceLeafDiseaseBD\Annotated images ( visual with labels)\Rice Tungro\labels\Rice Tungro_1417.txt,UNIQUE_GROUP_016069,False,calibration
Rice Tungro_142.jpg,.jpg,Annotated images ( visual with labels)/Rice Tungro/visuals/Rice Tungro_142.jpg,292448,True,1024,1024,1.0,RGB,3,JPEG,c73f213a3cbf39b2cf40adf9add5fe718f99be3ca565deedf7713533bbbad8cf,,Rice Tungro,RiceLeafDiseaseBD,PRIMARY_DEVELOPMENT_DATASET,PRIMARY_004696,D:\BTech Final Year Project\RiceLeafDiseaseBD A Field-Based Annotated Smartpho\RiceLeafDiseaseBD A Field-Based Annotated Smartpho\RiceLeafDiseaseBD\RiceLeafDiseaseBD\Annotated images ( visual with labels)\Rice Tungro\labels\Rice Tungro_142.txt,UNIQUE_GROUP_013944,False,calibration
Rice Tungro_1438.jpg,.jpg,Annotated images ( visual with labels)/Rice Tungro/visuals/Rice Tungro_1438.jpg,312897,True,1024,1024,1.0,RGB,3,JPEG,8f581589e0cbe46955f212be8d537998f9a84fd4795c8282049c505acdf4c12e,,Rice Tungro,RiceLeafDiseaseBD,PRIMARY_DEVELOPMENT_DATASET,PRIMARY_004716,D:\BTech Final Year Project\RiceLeafDiseaseBD A Field-Based Annotated Smartpho\RiceLeafDiseaseBD A Field-Based Annotated Smartpho\RiceLeafDiseaseBD\RiceLeafDiseaseBD\Annotated images ( visual with labels)\Rice Tungro\labels\Rice Tungro_1438.txt,UNIQUE_GROUP_010033,False,calibration
Rice Tungro_1442.jpg,.jpg,Annotated images ( visual with labels)/Rice Tungro/visuals/Rice Tungro_1442.jpg,283688,True,1024,1024,1.0,RGB,3,JPEG,fded1313b434e8d4e0966c6e0478297b445e25bda0c072826fa735f49c006cd1,,Rice Tungro,RiceLeafDiseaseBD,PRIMARY_DEVELOPMENT_DATASET,PRIMARY_004721,D:\BTech Final Year Project\RiceLeafDiseaseBD A Field-Based Annotated Smartpho\RiceLeafDiseaseBD A Field-Based Annotated Smartpho\RiceLeafDiseaseBD\RiceLeafDiseaseBD\Annotated images ( visual with labels)\Rice Tungro\labels\Rice Tungro_1442.txt,UNIQUE_GROUP_017653,False,calibration
Rice Tungro_1443.jpg,.jpg,Annotated images ( visual with labels)/Rice Tungro/visuals/Rice Tungro_1443.jpg,286204,True,1024,1024,1.0,RGB,3,JPEG,8b86c0de08dfd84064aa8e53a02796c894a2a8b0ce3b08b6d933e03a86a074e7,,Rice Tungro,RiceLeafDiseaseBD,PRIMARY_DEVELOPMENT_DATASET,PRIMARY_004722,D:\BTech Final Year Project\RiceLeafDiseaseBD A Field-Based Annotated Smartpho\RiceLeafDiseaseBD A Field-Based Annotated Smartpho\RiceLeafDiseaseBD\RiceLeafDiseaseBD\Annotated images ( visual with labels)\Rice Tungro\labels\Rice Tungro_1443.txt,UNIQUE_GROUP_009756,False,calibration
Rice Tungro_1453.jpg,.jpg,Annotated images ( visual with labels)/Rice Tungro/visuals/Rice Tungro_1453.jpg,309109,True,1024,1024,1.0,RGB,3,JPEG,2062101f7c5e654de57337bcc2f6343f9edc757c66d0a7db42dbaefe6bae8f31,,Rice Tungro,RiceLeafDiseaseBD,PRIMARY_DEVELOPMENT_DATASET,PRIMARY_004733,D:\BTech Final Year Project\RiceLeafDiseaseBD A Field-Based Annotated Smartpho\RiceLeafDiseaseBD A Field-Based Annotated Smartpho\RiceLeafDiseaseBD\RiceLeafDiseaseBD\Annotated images ( visual with labels)\Rice Tungro\labels\Rice Tungro_1453.txt,UNIQUE_GROUP_002269,False,calibration
Rice Tungro_1455.jpg,.jpg,Annotated images ( visual with labels)/Rice Tungro/visuals/Rice Tungro_1455.jpg,303929,True,1024,1024,1.0,RGB,3,JPEG,f70388bf089415d52317b8e2210a7efac00c7f9c71b42c742c382ad2a63be658,,Rice Tungro,RiceLeafDiseaseBD,PRIMARY_DEVELOPMENT_DATASET,PRIMARY_004735,D:\BTech Final Year Project\RiceLeafDiseaseBD A Field-Based Annotated Smartpho\RiceLeafDiseaseBD A Field-Based Annotated Smartpho\RiceLeafDiseaseBD\RiceLeafDiseaseBD\Annotated images ( visual with labels)\Rice Tungro\labels\Rice Tungro_1455.txt,UNIQUE_GROUP_017195,False,calibration
Rice Tungro_1468.jpg,.jpg,Annotated images ( visual with labels)/Rice Tungro/visuals/Rice Tungro_1468.jpg,322790,True,1024,1024,1.0,RGB,3,JPEG,1132bca5ef8435924127ebe85982b74d98e824d15f2d0747ff58084dab0a27c9,,Rice Tungro,RiceLeafDiseaseBD,PRIMARY_DEVELOPMENT_DATASET,PRIMARY_004749,D:\BTech Final Year Project\RiceLeafDiseaseBD A Field-Based Annotated Smartpho\RiceLeafDiseaseBD A Field-Based Annotated Smartpho\RiceLeafDiseaseBD\RiceLeafDiseaseBD\Annotated images ( visual with labels)\Rice Tungro\labels\Rice Tungro_1468.txt,UNIQUE_GROUP_001181,False,calibration
Rice Tungro_1471.jpg,.jpg,Annotated images ( visual with labels)/Rice Tungro/visuals/Rice Tungro_1471.jpg,323639,True,1024,1024,1.0,RGB,3,JPEG,881dd18c3d591e5c2243e7d994f04c6fa98fe56ac577888410bce628a790b0fb,,Rice Tungro,RiceLeafDiseaseBD,PRIMARY_DEVELOPMENT_DATASET,PRIMARY_004753,D:\BTech Final Year Project\RiceLeafDiseaseBD A Field-Based Annotated Smartpho\RiceLeafDiseaseBD A Field-Based Annotated Smartpho\RiceLeafDiseaseBD\RiceLeafDiseaseBD\Annotated images ( visual with labels)\Rice Tungro\labels\Rice Tungro_1471.txt,UNIQUE_GROUP_009503,False,calibration
Rice Tungro_1474.jpg,.jpg,Annotated images ( visual with labels)/Rice Tungro/visuals/Rice Tungro_1474.jpg,340093,True,1024,1024,1.0,RGB,3,JPEG,575dfd1b86214f019b95762ae8eb84541444b64b835be188ce10da255eef0ba6,,Rice Tungro,RiceLeafDiseaseBD,PRIMARY_DEVELOPMENT_DATASET,PRIMARY_004756,D:\BTech Final Year Project\RiceLeafDiseaseBD A Field-Based Annotated Smartpho\RiceLeafDiseaseBD A Field-Based Annotated Smartpho\RiceLeafDiseaseBD\RiceLeafDiseaseBD\Annotated images ( visual with labels)\Rice Tungro\labels\Rice Tungro_1474.txt,UNIQUE_GROUP_006123,False,calibration
Rice Tungro_1493.jpg,.jpg,Annotated images ( visual with labels)/Rice Tungro/visuals/Rice Tungro_1493.jpg,310213,True,1024,1024,1.0,RGB,3,JPEG,7e4099b53caaa5f7c0bde09435d6b7824e58e267ab59cd0c9acf2e0336fb8c49,,Rice Tungro,RiceLeafDiseaseBD,PRIMARY_DEVELOPMENT_DATASET,PRIMARY_004777,D:\BTech Final Year Project\RiceLeafDiseaseBD A Field-Based Annotated Smartpho\RiceLeafDiseaseBD A Field-Based Annotated Smartpho\RiceLeafDiseaseBD\RiceLeafDiseaseBD\Annotated images ( visual with labels)\Rice Tungro\labels\Rice Tungro_1493.txt,UNIQUE_GROUP_008825,False,calibration
Rice Tungro_1495.jpg,.jpg,Annotated images ( visual with labels)/Rice Tungro/visuals/Rice Tungro_1495.jpg,324975,True,1024,1024,1.0,RGB,3,JPEG,6da4bb4661ff3d37f4fe917a5379648a97b31e9a969990b0243af1914fa5f9c8,,Rice Tungro,RiceLeafDiseaseBD,PRIMARY_DEVELOPMENT_DATASET,PRIMARY_004779,D:\BTech Final Year Project\RiceLeafDiseaseBD A Field-Based Annotated Smartpho\RiceLeafDiseaseBD A Field-Based Annotated Smartpho\RiceLeafDiseaseBD\RiceLeafDiseaseBD\Annotated images ( visual with labels)\Rice Tungro\labels\Rice Tungro_1495.txt,UNIQUE_GROUP_007652,False,calibration
Rice Tungro_1497.jpg,.jpg,Annotated images ( visual with labels)/Rice Tungro/visuals/Rice Tungro_1497.jpg,309330,True,1024,1024,1.0,RGB,3,JPEG,dac70fc6e930cf7f82642e72994d3f25a433dc3eb21627bf8b7806c33788e03b,,Rice Tungro,RiceLeafDiseaseBD,PRIMARY_DEVELOPMENT_DATASET,PRIMARY_004781,D:\BTech Final Year Project\RiceLeafDiseaseBD A Field-Based Annotated Smartpho\RiceLeafDiseaseBD A Field-Based Annotated Smartpho\RiceLeafDiseaseBD\RiceLeafDiseaseBD\Annotated images ( visual with labels)\Rice Tungro\labels\Rice Tungro_1497.txt,UNIQUE_GROUP_015300,False,calibration
Rice Tungro_1506.jpg,.jpg,Annotated images ( visual with labels)/Rice Tungro/visuals/Rice Tungro_1506.jpg,311219,True,1024,1024,1.0,RGB,3,JPEG,53432dfb04850e989813b4d04ab98765b506dde696050e83a86d8e7430ee150d,,Rice Tungro,RiceLeafDiseaseBD,PRIMARY_DEVELOPMENT_DATASET,PRIMARY_004792,D:\BTech Final Year Project\RiceLeafDiseaseBD A Field-Based Annotated Smartpho\RiceLeafDiseaseBD A Field-Based Annotated Smartpho\RiceLeafDiseaseBD\RiceLeafDiseaseBD\Annotated images ( visual with labels)\Rice Tungro\labels\Rice Tungro_1506.txt,UNIQUE_GROUP_005837,False,calibration
Rice Tungro_1527.jpg,.jpg,Annotated images ( visual with labels)/Rice Tungro/visuals/Rice Tungro_1527.jpg,319902,True,1024,1024,1.0,RGB,3,JPEG,16a1e41e6ecaa66ece6f8c5fa69334da91c80793dc8344c9dfe4adf82f297100,,Rice Tungro,RiceLeafDiseaseBD,PRIMARY_DEVELOPMENT_DATASET,PRIMARY_004815,D:\BTech Final Year Project\RiceLeafDiseaseBD A Field-Based Annotated Smartpho\RiceLeafDiseaseBD A Field-Based Annotated Smartpho\RiceLeafDiseaseBD\RiceLeafDiseaseBD\Annotated images ( visual with labels)\Rice Tungro\labels\Rice Tungro_1527.txt,UNIQUE_GROUP_001547,False,calibration
Rice Tungro_1529.jpg,.jpg,Annotated images ( visual with labels)/Rice Tungro/visuals/Rice Tungro_1529.jpg,309496,True,1024,1024,1.0,RGB,3,JPEG,18a1b033112320738c6976b8b2621ccb285532348ee6e31d72641992c639fe59,,Rice Tungro,RiceLeafDiseaseBD,PRIMARY_DEVELOPMENT_DATASET,PRIMARY_004817,D:\BTech Final Year Project\RiceLeafDiseaseBD A Field-Based Annotated Smartpho\RiceLeafDiseaseBD A Field-Based Annotated Smartpho\RiceLeafDiseaseBD\RiceLeafDiseaseBD\Annotated images ( visual with labels)\Rice Tungro\labels\Rice Tungro_1529.txt,UNIQUE_GROUP_001678,False,calibration
Rice Tungro_1537.jpg,.jpg,Annotated images ( visual with labels)/Rice Tungro/visuals/Rice Tungro_1537.jpg,316423,True,1024,1024,1.0,RGB,3,JPEG,9de8a5e6300408b6c570f301fec013d63b68498fde960a8e236a7d9d28994c23,,Rice Tungro,RiceLeafDiseaseBD,PRIMARY_DEVELOPMENT_DATASET,PRIMARY_004826,D:\BTech Final Year Project\RiceLeafDiseaseBD A Field-Based Annotated Smartpho\RiceLeafDiseaseBD A Field-Based Annotated Smartpho\RiceLeafDiseaseBD\RiceLeafDiseaseBD\Annotated images ( visual with labels)\Rice Tungro\labels\Rice Tungro_1537.txt,UNIQUE_GROUP_011068,False,calibration
Rice Tungro_1550.jpg,.jpg,Annotated images ( visual with labels)/Rice Tungro/visuals/Rice Tungro_1550.jpg,298235,True,1024,1024,1.0,RGB,3,JPEG,f8620bea7335dbd2d73b655b7ec2c14ad7481edcfbab93c792b48808ab61c2e6,,Rice Tungro,RiceLeafDiseaseBD,PRIMARY_DEVELOPMENT_DATASET,PRIMARY_004841,D:\BTech Final Year Project\RiceLeafDiseaseBD A Field-Based Annotated Smartpho\RiceLeafDiseaseBD A Field-Based Annotated Smartpho\RiceLeafDiseaseBD\RiceLeafDiseaseBD\Annotated images ( visual with labels)\Rice Tungro\labels\Rice Tungro_1550.txt,UNIQUE_GROUP_017304,False,calibration
Rice Tungro_1552.jpg,.jpg,Annotated images ( visual with labels)/Rice Tungro/visuals/Rice Tungro_1552.jpg,300602,True,1024,1024,1.0,RGB,3,JPEG,517deede574ff3627aeb2afd67c50fb848b08eeb3572cb337692cef6e195ab33,,Rice Tungro,RiceLeafDiseaseBD,PRIMARY_DEVELOPMENT_DATASET,PRIMARY_004843,D:\BTech Final Year Project\RiceLeafDiseaseBD A Field-Based Annotated Smartpho\RiceLeafDiseaseBD A Field-Based Annotated Smartpho\RiceLeafDiseaseBD\RiceLeafDiseaseBD\Annotated images ( visual with labels)\Rice Tungro\labels\Rice Tungro_1552.txt,UNIQUE_GROUP_005689,False,calibration
Rice Tungro_1566.jpg,.jpg,Annotated images ( visual with labels)/Rice Tungro/visuals/Rice Tungro_1566.jpg,316938,True,1024,1024,1.0,RGB,3,JPEG,35fd347071f73907a3217d8064228b113c28db4b3344239f8ca8f5c2f63347b0,,Rice Tungro,RiceLeafDiseaseBD,PRIMARY_DEVELOPMENT_DATASET,PRIMARY_004858,D:\BTech Final Year Project\RiceLeafDiseaseBD A Field-Based Annotated Smartpho\RiceLeafDiseaseBD A Field-Based Annotated Smartpho\RiceLeafDiseaseBD\RiceLeafDiseaseBD\Annotated images ( visual with labels)\Rice Tungro\labels\Rice Tungro_1566.txt,UNIQUE_GROUP_003762,False,calibration
Rice Tungro_1569.jpg,.jpg,Annotated images ( visual with labels)/Rice Tungro/visuals/Rice Tungro_1569.jpg,320346,True,1024,1024,1.0,RGB,3,JPEG,4f6feb792165b52fe6fe67cb5685d84bff1f99eee91a691464a01b22414a2e8c,,Rice Tungro,RiceLeafDiseaseBD,PRIMARY_DEVELOPMENT_DATASET,PRIMARY_004861,D:\BTech Final Year Project\RiceLeafDiseaseBD A Field-Based Annotated Smartpho\RiceLeafDiseaseBD A Field-Based Annotated Smartpho\RiceLeafDiseaseBD\RiceLeafDiseaseBD\Annotated images ( visual with labels)\Rice Tungro\labels\Rice Tungro_1569.txt,UNIQUE_GROUP_005551,False,calibration
Rice Tungro_1598.jpg,.jpg,Annotated images ( visual with labels)/Rice Tungro/visuals/Rice Tungro_1598.jpg,302170,True,1024,1024,1.0,RGB,3,JPEG,c2eddc76c4a59f36451c33282e0bdf78f10ff17363af4acf7234603f955e9787,,Rice Tungro,RiceLeafDiseaseBD,PRIMARY_DEVELOPMENT_DATASET,PRIMARY_004893,D:\BTech Final Year Project\RiceLeafDiseaseBD A Field-Based Annotated Smartpho\RiceLeafDiseaseBD A Field-Based Annotated Smartpho\RiceLeafDiseaseBD\RiceLeafDiseaseBD\Annotated images ( visual with labels)\Rice Tungro\labels\Rice Tungro_1598.txt,UNIQUE_GROUP_013645,False,calibration
Rice Tungro_1601.jpg,.jpg,Annotated images ( visual with labels)/Rice Tungro/visuals/Rice Tungro_1601.jpg,293207,True,1024,1024,1.0,RGB,3,JPEG,f1fd9076689350954e59721cf01099e46a631baebd08d5d2f5da9afc258b0d86,,Rice Tungro,RiceLeafDiseaseBD,PRIMARY_DEVELOPMENT_DATASET,PRIMARY_004898,D:\BTech Final Year Project\RiceLeafDiseaseBD A Field-Based Annotated Smartpho\RiceLeafDiseaseBD A Field-Based Annotated Smartpho\RiceLeafDiseaseBD\RiceLeafDiseaseBD\Annotated images ( visual with labels)\Rice Tungro\labels\Rice Tungro_1601.txt,UNIQUE_GROUP_016848,False,calibration
Rice Tungro_1602.jpg,.jpg,Annotated images ( visual with labels)/Rice Tungro/visuals/Rice Tungro_1602.jpg,291380,True,1024,1024,1.0,RGB,3,JPEG,0f0435040707d3ed0faf7438eaf2db62d65676fef66a7d244b48a8cf2c758052,,Rice Tungro,RiceLeafDiseaseBD,PRIMARY_DEVELOPMENT_DATASET,PRIMARY_004899,D:\BTech Final Year Project\RiceLeafDiseaseBD A Field-Based Annotated Smartpho\RiceLeafDiseaseBD A Field-Based Annotated Smartpho\RiceLeafDiseaseBD\RiceLeafDiseaseBD\Annotated images ( visual with labels)\Rice Tungro\labels\Rice Tungro_1602.txt,UNIQUE_GROUP_001040,False,calibration
Rice Tungro_1627.jpg,.jpg,Annotated images ( visual with labels)/Rice Tungro/visuals/Rice Tungro_1627.jpg,309811,True,1024,1024,1.0,RGB,3,JPEG,27f8c3d0ec0d80550f2078a66d1c3d669893f2ac32aa26138151aeb1aaaed4fe,,Rice Tungro,RiceLeafDiseaseBD,PRIMARY_DEVELOPMENT_DATASET,PRIMARY_004926,D:\BTech Final Year Project\RiceLeafDiseaseBD A Field-Based Annotated Smartpho\RiceLeafDiseaseBD A Field-Based Annotated Smartpho\RiceLeafDiseaseBD\RiceLeafDiseaseBD\Annotated images ( visual with labels)\Rice Tungro\labels\Rice Tungro_1627.txt,UNIQUE_GROUP_002797,False,calibration
Rice Tungro_1629.jpg,.jpg,Annotated images ( visual with labels)/Rice Tungro/visuals/Rice Tungro_1629.jpg,317126,True,1024,1024,1.0,RGB,3,JPEG,d7c81e702ca0c2e36e5dbf6a1371826229f51f5ea2f53d7a33054632fff39bc8,,Rice Tungro,RiceLeafDiseaseBD,PRIMARY_DEVELOPMENT_DATASET,PRIMARY_004928,D:\BTech Final Year Project\RiceLeafDiseaseBD A Field-Based Annotated Smartpho\RiceLeafDiseaseBD A Field-Based Annotated Smartpho\RiceLeafDiseaseBD\RiceLeafDiseaseBD\Annotated images ( visual with labels)\Rice Tungro\labels\Rice Tungro_1629.txt,UNIQUE_GROUP_015094,False,calibration
Rice Tungro_1632.jpg,.jpg,Annotated images ( visual with labels)/Rice Tungro/visuals/Rice Tungro_1632.jpg,279444,True,1024,1024,1.0,RGB,3,JPEG,25fa06e60a3c68eb23459f5de6185cfc4249ef1fe2f80db2906e83bf39d4ef1a,,Rice Tungro,RiceLeafDiseaseBD,PRIMARY_DEVELOPMENT_DATASET,PRIMARY_004932,D:\BTech Final Year Project\RiceLeafDiseaseBD A Field-Based Annotated Smartpho\RiceLeafDiseaseBD A Field-Based Annotated Smartpho\RiceLeafDiseaseBD\RiceLeafDiseaseBD\Annotated images ( visual with labels)\Rice Tungro\labels\Rice Tungro_1632.txt,UNIQUE_GROUP_002661,False,calibration
Rice Tungro_1678.jpg,.jpg,Annotated images ( visual with labels)/Rice Tungro/visuals/Rice Tungro_1678.jpg,301973,True,1024,1024,1.0,RGB,3,JPEG,c62d8a843234b91d9da820e94dc50179abe682fcbce0fd70c50b055b014948a0,,Rice Tungro,RiceLeafDiseaseBD,PRIMARY_DEVELOPMENT_DATASET,PRIMARY_004982,D:\BTech Final Year Project\RiceLeafDiseaseBD A Field-Based Annotated Smartpho\RiceLeafDiseaseBD A Field-Based Annotated Smartpho\RiceLeafDiseaseBD\RiceLeafDiseaseBD\Annotated images ( visual with labels)\Rice Tungro\labels\Rice Tungro_1678.txt,UNIQUE_GROUP_013872,False,calibration
Rice Tungro_1682.jpg,.jpg,Annotated images ( visual with labels)/Rice Tungro/visuals/Rice Tungro_1682.jpg,353229,True,1024,1024,1.0,RGB,3,JPEG,a82c645703ed359af827085fdb56609da5b76425dd59335c2794584fca63c706,,Rice Tungro,RiceLeafDiseaseBD,PRIMARY_DEVELOPMENT_DATASET,PRIMARY_004987,D:\BTech Final Year Project\RiceLeafDiseaseBD A Field-Based Annotated Smartpho\RiceLeafDiseaseBD A Field-Based Annotated Smartpho\RiceLeafDiseaseBD\RiceLeafDiseaseBD\Annotated images ( visual with labels)\Rice Tungro\labels\Rice Tungro_1682.txt,UNIQUE_GROUP_011773,False,calibration
Rice Tungro_1692.jpg,.jpg,Annotated images ( visual with labels)/Rice Tungro/visuals/Rice Tungro_1692.jpg,275601,True,1024,1024,1.0,RGB,3,JPEG,6eaa2a52af14d2bae4aead82160e5baebf9a05722f93daa4588b325ce2b0375e,,Rice Tungro,RiceLeafDiseaseBD,PRIMARY_DEVELOPMENT_DATASET,PRIMARY_004998,D:\BTech Final Year Project\RiceLeafDiseaseBD A Field-Based Annotated Smartpho\RiceLeafDiseaseBD A Field-Based Annotated Smartpho\RiceLeafDiseaseBD\RiceLeafDiseaseBD\Annotated images ( visual with labels)\Rice Tungro\labels\Rice Tungro_1692.txt,UNIQUE_GROUP_007725,False,calibration
Rice Tungro_170.jpg,.jpg,Annotated images ( visual with labels)/Rice Tungro/visuals/Rice Tungro_170.jpg,260752,True,1024,1024,1.0,RGB,3,JPEG,91b80a087b81c39c5375e6bf077788fc11848d5f90e74e2abcbeb8de2ab3838a,,Rice Tungro,RiceLeafDiseaseBD,PRIMARY_DEVELOPMENT_DATASET,PRIMARY_005007,D:\BTech Final Year Project\RiceLeafDiseaseBD A Field-Based Annotated Smartpho\RiceLeafDiseaseBD A Field-Based Annotated Smartpho\RiceLeafDiseaseBD\RiceLeafDiseaseBD\Annotated images ( visual with labels)\Rice Tungro\labels\Rice Tungro_170.txt,UNIQUE_GROUP_010185,False,calibration
Rice Tungro_1734.jpg,.jpg,Annotated images ( visual with labels)/Rice Tungro/visuals/Rice Tungro_1734.jpg,322446,True,1024,1024,1.0,RGB,3,JPEG,74e01f323c94a950b27e721d2b7be8bbf5618ea88d190c0144d9855f1ef25556,,Rice Tungro,RiceLeafDiseaseBD,PRIMARY_DEVELOPMENT_DATASET,PRIMARY_005045,D:\BTech Final Year Project\RiceLeafDiseaseBD A Field-Based Annotated Smartpho\RiceLeafDiseaseBD A Field-Based Annotated Smartpho\RiceLeafDiseaseBD\RiceLeafDiseaseBD\Annotated images ( visual with labels)\Rice Tungro\labels\Rice Tungro_1734.txt,UNIQUE_GROUP_008159,False,calibration
Rice Tungro_1745.jpg,.jpg,Annotated images ( visual with labels)/Rice Tungro/visuals/Rice Tungro_1745.jpg,360489,True,1024,1024,1.0,RGB,3,JPEG,8f7248db8dec362ce3b76d8e79a4d9a510b28c71743775e252c6d6e2b2e43f54,,Rice Tungro,RiceLeafDiseaseBD,PRIMARY_DEVELOPMENT_DATASET,PRIMARY_005057,D:\BTech Final Year Project\RiceLeafDiseaseBD A Field-Based Annotated Smartpho\RiceLeafDiseaseBD A Field-Based Annotated Smartpho\RiceLeafDiseaseBD\RiceLeafDiseaseBD\Annotated images ( visual with labels)\Rice Tungro\labels\Rice Tungro_1745.txt,UNIQUE_GROUP_010039,False,calibration
Rice Tungro_1746.jpg,.jpg,Annotated images ( visual with labels)/Rice Tungro/visuals/Rice Tungro_1746.jpg,303745,True,1024,1024,1.0,RGB,3,JPEG,1e0da35f7caea8693b086d6fc0e28384126466f09ffd1855c59388b5db94499c,,Rice Tungro,RiceLeafDiseaseBD,PRIMARY_DEVELOPMENT_DATASET,PRIMARY_005058,D:\BTech Final Year Project\RiceLeafDiseaseBD A Field-Based Annotated Smartpho\RiceLeafDiseaseBD A Field-Based Annotated Smartpho\RiceLeafDiseaseBD\RiceLeafDiseaseBD\Annotated images ( visual with labels)\Rice Tungro\labels\Rice Tungro_1746.txt,UNIQUE_GROUP_002096,False,calibration
Rice Tungro_1751.jpg,.jpg,Annotated images ( visual with labels)/Rice Tungro/visuals/Rice Tungro_1751.jpg,282477,True,1024,1024,1.0,RGB,3,JPEG,e55aa16e2ef040d5aa52f7800db0df94c676a6cee17c9562d6e90d2f1162d39f,,Rice Tungro,RiceLeafDiseaseBD,PRIMARY_DEVELOPMENT_DATASET,PRIMARY_005064,D:\BTech Final Year Project\RiceLeafDiseaseBD A Field-Based Annotated Smartpho\RiceLeafDiseaseBD A Field-Based Annotated Smartpho\RiceLeafDiseaseBD\RiceLeafDiseaseBD\Annotated images ( visual with labels)\Rice Tungro\labels\Rice Tungro_1751.txt,UNIQUE_GROUP_016001,False,calibration
Rice Tungro_1753.jpg,.jpg,Annotated images ( visual with labels)/Rice Tungro/visuals/Rice Tungro_1753.jpg,303052,True,1024,1024,1.0,RGB,3,JPEG,7b43ea63ccbb14ed73e19e964703c16a7f4f20c62327a4d1df187721799df75c,,Rice Tungro,RiceLeafDiseaseBD,PRIMARY_DEVELOPMENT_DATASET,PRIMARY_005066,D:\BTech Final Year Project\RiceLeafDiseaseBD A Field-Based Annotated Smartpho\RiceLeafDiseaseBD A Field-Based Annotated Smartpho\RiceLeafDiseaseBD\RiceLeafDiseaseBD\Annotated images ( visual with labels)\Rice Tungro\labels\Rice Tungro_1753.txt,UNIQUE_GROUP_008587,False,calibration
Rice Tungro_1781.jpg,.jpg,Annotated images ( visual with labels)/Rice Tungro/visuals/Rice Tungro_1781.jpg,281757,True,1024,1024,1.0,RGB,3,JPEG,d86ef1846ec8222f66bb0ab13e3a985de5f35f797b3b69fd84f1a227784f81dc,,Rice Tungro,RiceLeafDiseaseBD,PRIMARY_DEVELOPMENT_DATASET,PRIMARY_005097,D:\BTech Final Year Project\RiceLeafDiseaseBD A Field-Based Annotated Smartpho\RiceLeafDiseaseBD A Field-Based Annotated Smartpho\RiceLeafDiseaseBD\RiceLeafDiseaseBD\Annotated images ( visual with labels)\Rice Tungro\labels\Rice Tungro_1781.txt,UNIQUE_GROUP_015142,False,calibration
Rice Tungro_1798.jpg,.jpg,Annotated images ( visual with labels)/Rice Tungro/visuals/Rice Tungro_1798.jpg,298965,True,1024,1024,1.0,RGB,3,JPEG,0fbb5aa4cd81f396ed5697c9a84c5c80771130be8c51ba326fd6c97becf28685,,Rice Tungro,RiceLeafDiseaseBD,PRIMARY_DEVELOPMENT_DATASET,PRIMARY_005115,D:\BTech Final Year Project\RiceLeafDiseaseBD A Field-Based Annotated Smartpho\RiceLeafDiseaseBD A Field-Based Annotated Smartpho\RiceLeafDiseaseBD\RiceLeafDiseaseBD\Annotated images ( visual with labels)\Rice Tungro\labels\Rice Tungro_1798.txt,UNIQUE_GROUP_001083,False,calibration
Rice Tungro_1799.jpg,.jpg,Annotated images ( visual with labels)/Rice Tungro/visuals/Rice Tungro_1799.jpg,288094,True,1024,1024,1.0,RGB,3,JPEG,f4fa0b865832215349bd75c30340c8f347ef66183eaa217c65808900c6663100,,Rice Tungro,RiceLeafDiseaseBD,PRIMARY_DEVELOPMENT_DATASET,PRIMARY_005116,D:\BTech Final Year Project\RiceLeafDiseaseBD A Field-Based Annotated Smartpho\RiceLeafDiseaseBD A Field-Based Annotated Smartpho\RiceLeafDiseaseBD\RiceLeafDiseaseBD\Annotated images ( visual with labels)\Rice Tungro\labels\Rice Tungro_1799.txt,UNIQUE_GROUP_017044,False,calibration
Rice Tungro_1800.jpg,.jpg,Annotated images ( visual with labels)/Rice Tungro/visuals/Rice Tungro_1800.jpg,280965,True,1024,1024,1.0,RGB,3,JPEG,cf402cf2d19d50b6e5befd3f9726b5b760c62d37f02547fd3d7d7e944144829a,,Rice Tungro,RiceLeafDiseaseBD,PRIMARY_DEVELOPMENT_DATASET,PRIMARY_005119,D:\BTech Final Year Project\RiceLeafDiseaseBD A Field-Based Annotated Smartpho\RiceLeafDiseaseBD A Field-Based Annotated Smartpho\RiceLeafDiseaseBD\RiceLeafDiseaseBD\Annotated images ( visual with labels)\Rice Tungro\labels\Rice Tungro_1800.txt,UNIQUE_GROUP_014482,False,calibration
Rice Tungro_1827.jpg,.jpg,Annotated images ( visual with labels)/Rice Tungro/visuals/Rice Tungro_1827.jpg,250590,True,1024,1024,1.0,RGB,3,JPEG,d415fb70d055e5e29110bcb2a7957dbf389c77408c1b7c0a5d64b6fc5da21201,,Rice Tungro,RiceLeafDiseaseBD,PRIMARY_DEVELOPMENT_DATASET,PRIMARY_005148,D:\BTech Final Year Project\RiceLeafDiseaseBD A Field-Based Annotated Smartpho\RiceLeafDiseaseBD A Field-Based Annotated Smartpho\RiceLeafDiseaseBD\RiceLeafDiseaseBD\Annotated images ( visual with labels)\Rice Tungro\labels\Rice Tungro_1827.txt,UNIQUE_GROUP_014852,False,calibration
Rice Tungro_1828.jpg,.jpg,Annotated images ( visual with labels)/Rice Tungro/visuals/Rice Tungro_1828.jpg,267344,True,1024,1024,1.0,RGB,3,JPEG,6e1c9c6f3d012d8707b376a8a15cab2bc16d405826194a2bbc16681388ed10d1,,Rice Tungro,RiceLeafDiseaseBD,PRIMARY_DEVELOPMENT_DATASET,PRIMARY_005149,D:\BTech Final Year Project\RiceLeafDiseaseBD A Field-Based Annotated Smartpho\RiceLeafDiseaseBD A Field-Based Annotated Smartpho\RiceLeafDiseaseBD\RiceLeafDiseaseBD\Annotated images ( visual with labels)\Rice Tungro\labels\Rice Tungro_1828.txt,UNIQUE_GROUP_007686,False,calibration
Rice Tungro_1838.jpg,.jpg,Annotated images ( visual with labels)/Rice Tungro/visuals/Rice Tungro_1838.jpg,272541,True,1024,1024,1.0,RGB,3,JPEG,d7c26e9ad28519d970374ab07ebbcd6a785724f3cf9f5e6310b391137983b5fa,,Rice Tungro,RiceLeafDiseaseBD,PRIMARY_DEVELOPMENT_DATASET,PRIMARY_005160,D:\BTech Final Year Project\RiceLeafDiseaseBD A Field-Based Annotated Smartpho\RiceLeafDiseaseBD A Field-Based Annotated Smartpho\RiceLeafDiseaseBD\RiceLeafDiseaseBD\Annotated images ( visual with labels)\Rice Tungro\labels\Rice Tungro_1838.txt,UNIQUE_GROUP_015093,False,calibration
Rice Tungro_1855.jpg,.jpg,Annotated images ( visual with labels)/Rice Tungro/visuals/Rice Tungro_1855.jpg,271735,True,1024,1024,1.0,RGB,3,JPEG,c394105ad4454c724035cb2726e3f3397f7079429947a4f9b12a72b7dd41fac9,,Rice Tungro,RiceLeafDiseaseBD,PRIMARY_DEVELOPMENT_DATASET,PRIMARY_005179,D:\BTech Final Year Project\RiceLeafDiseaseBD A Field-Based Annotated Smartpho\RiceLeafDiseaseBD A Field-Based Annotated Smartpho\RiceLeafDiseaseBD\RiceLeafDiseaseBD\Annotated images ( visual with labels)\Rice Tungro\labels\Rice Tungro_1855.txt,UNIQUE_GROUP_013684,False,calibration
Rice Tungro_1856.jpg,.jpg,Annotated images ( visual with labels)/Rice Tungro/visuals/Rice Tungro_1856.jpg,276052,True,1024,1024,1.0,RGB,3,JPEG,9a2063147f53df27bee6b12fc3a178afb53b2d22dd126d55d60a1f2f9fc93589,,Rice Tungro,RiceLeafDiseaseBD,PRIMARY_DEVELOPMENT_DATASET,PRIMARY_005180,D:\BTech Final Year Project\RiceLeafDiseaseBD A Field-Based Annotated Smartpho\RiceLeafDiseaseBD A Field-Based Annotated Smartpho\RiceLeafDiseaseBD\RiceLeafDiseaseBD\Annotated images ( visual with labels)\Rice Tungro\labels\Rice Tungro_1856.txt,UNIQUE_GROUP_010780,False,calibration
Rice Tungro_1858.jpg,.jpg,Annotated images ( visual with labels)/Rice Tungro/visuals/Rice Tungro_1858.jpg,262111,True,1024,1024,1.0,RGB,3,JPEG,816a7607441c0e4cbab3f535e98e24be7e674d9b3a670b1fe9628329e3d93ad0,,Rice Tungro,RiceLeafDiseaseBD,PRIMARY_DEVELOPMENT_DATASET,PRIMARY_005182,D:\BTech Final Year Project\RiceLeafDiseaseBD A Field-Based Annotated Smartpho\RiceLeafDiseaseBD A Field-Based Annotated Smartpho\RiceLeafDiseaseBD\RiceLeafDiseaseBD\Annotated images ( visual with labels)\Rice Tungro\labels\Rice Tungro_1858.txt,UNIQUE_GROUP_009042,False,calibration
Rice Tungro_1870.jpg,.jpg,Annotated images ( visual with labels)/Rice Tungro/visuals/Rice Tungro_1870.jpg,287954,True,1024,1024,1.0,RGB,3,JPEG,5f0e1767815cf65b0f7397d1e261cef578d513f82687fd620be48060131c666e,,Rice Tungro,RiceLeafDiseaseBD,PRIMARY_DEVELOPMENT_DATASET,PRIMARY_005196,D:\BTech Final Year Project\RiceLeafDiseaseBD A Field-Based Annotated Smartpho\RiceLeafDiseaseBD A Field-Based Annotated Smartpho\RiceLeafDiseaseBD\RiceLeafDiseaseBD\Annotated images ( visual with labels)\Rice Tungro\labels\Rice Tungro_1870.txt,UNIQUE_GROUP_006661,False,calibration
Rice Tungro_1894.jpg,.jpg,Annotated images ( visual with labels)/Rice Tungro/visuals/Rice Tungro_1894.jpg,287027,True,1024,1024,1.0,RGB,3,JPEG,b455185a50fce3b352d9b08b8a671eb989567baaab6096f49a3c1b7dd390449b,,Rice Tungro,RiceLeafDiseaseBD,PRIMARY_DEVELOPMENT_DATASET,PRIMARY_005222,D:\BTech Final Year Project\RiceLeafDiseaseBD A Field-Based Annotated Smartpho\RiceLeafDiseaseBD A Field-Based Annotated Smartpho\RiceLeafDiseaseBD\RiceLeafDiseaseBD\Annotated images ( visual with labels)\Rice Tungro\labels\Rice Tungro_1894.txt,UNIQUE_GROUP_012608,False,calibration
Rice Tungro_1900.jpg,.jpg,Annotated images ( visual with labels)/Rice Tungro/visuals/Rice Tungro_1900.jpg,276776,True,1024,1024,1.0,RGB,3,JPEG,171afb04064fe984306f22fd33bca7f5f40bfd077a733c6c7b0af061f0bb3eca,,Rice Tungro,RiceLeafDiseaseBD,PRIMARY_DEVELOPMENT_DATASET,PRIMARY_005230,D:\BTech Final Year Project\RiceLeafDiseaseBD A Field-Based Annotated Smartpho\RiceLeafDiseaseBD A Field-Based Annotated Smartpho\RiceLeafDiseaseBD\RiceLeafDiseaseBD\Annotated images ( visual with labels)\Rice Tungro\labels\Rice Tungro_1900.txt,UNIQUE_GROUP_001580,False,calibration
Rice Tungro_1906.jpg,.jpg,Annotated images ( visual with labels)/Rice Tungro/visuals/Rice Tungro_1906.jpg,298498,True,1024,1024,1.0,RGB,3,JPEG,111ec2b62e3934124afd9c05a140624bfe5fe34481c597c63163ba1adaa13f0e,,Rice Tungro,RiceLeafDiseaseBD,PRIMARY_DEVELOPMENT_DATASET,PRIMARY_005236,D:\BTech Final Year Project\RiceLeafDiseaseBD A Field-Based Annotated Smartpho\RiceLeafDiseaseBD A Field-Based Annotated Smartpho\RiceLeafDiseaseBD\RiceLeafDiseaseBD\Annotated images ( visual with labels)\Rice Tungro\labels\Rice Tungro_1906.txt,UNIQUE_GROUP_001173,False,calibration
Rice Tungro_193.jpg,.jpg,Annotated images ( visual with labels)/Rice Tungro/visuals/Rice Tungro_193.jpg,260035,True,1024,1024,1.0,RGB,3,JPEG,75981aae5ef2cfe4c0fb03f1278b05a481dd165a17e192b38263092ce4566fd8,,Rice Tungro,RiceLeafDiseaseBD,PRIMARY_DEVELOPMENT_DATASET,PRIMARY_005262,D:\BTech Final Year Project\RiceLeafDiseaseBD A Field-Based Annotated Smartpho\RiceLeafDiseaseBD A Field-Based Annotated Smartpho\RiceLeafDiseaseBD\RiceLeafDiseaseBD\Annotated images ( visual with labels)\Rice Tungro\labels\Rice Tungro_193.txt,UNIQUE_GROUP_008200,False,calibration
Rice Tungro_1932.jpg,.jpg,Annotated images ( visual with labels)/Rice Tungro/visuals/Rice Tungro_1932.jpg,282946,True,1024,1024,1.0,RGB,3,JPEG,7735ee1a3841522c63333b35a01ffe3e3a92cee7590150e3c22ffa3e06abfad9,,Rice Tungro,RiceLeafDiseaseBD,PRIMARY_DEVELOPMENT_DATASET,PRIMARY_005265,D:\BTech Final Year Project\RiceLeafDiseaseBD A Field-Based Annotated Smartpho\RiceLeafDiseaseBD A Field-Based Annotated Smartpho\RiceLeafDiseaseBD\RiceLeafDiseaseBD\Annotated images ( visual with labels)\Rice Tungro\labels\Rice Tungro_1932.txt,UNIQUE_GROUP_008310,False,calibration
Rice Tungro_1949.jpg,.jpg,Annotated images ( visual with labels)/Rice Tungro/visuals/Rice Tungro_1949.jpg,338349,True,1024,1024,1.0,RGB,3,JPEG,241e439c20fc52ca347521003d4c156dcff2af5ef1537524bff5dce8b0a92a6c,,Rice Tungro,RiceLeafDiseaseBD,PRIMARY_DEVELOPMENT_DATASET,PRIMARY_005283,D:\BTech Final Year Project\RiceLeafDiseaseBD A Field-Based Annotated Smartpho\RiceLeafDiseaseBD A Field-Based Annotated Smartpho\RiceLeafDiseaseBD\RiceLeafDiseaseBD\Annotated images ( visual with labels)\Rice Tungro\labels\Rice Tungro_1949.txt,UNIQUE_GROUP_002542,False,calibration
Rice Tungro_1961.jpg,.jpg,Annotated images ( visual with labels)/Rice Tungro/visuals/Rice Tungro_1961.jpg,327111,True,1024,1024,1.0,RGB,3,JPEG,95aed0050426584a6a710ab0132fa001bb8abdb8d900a1939c71102856429e90,,Rice Tungro,RiceLeafDiseaseBD,PRIMARY_DEVELOPMENT_DATASET,PRIMARY_005297,D:\BTech Final Year Project\RiceLeafDiseaseBD A Field-Based Annotated Smartpho\RiceLeafDiseaseBD A Field-Based Annotated Smartpho\RiceLeafDiseaseBD\RiceLeafDiseaseBD\Annotated images ( visual with labels)\Rice Tungro\labels\Rice Tungro_1961.txt,UNIQUE_GROUP_010456,False,calibration
Rice Tungro_1969.jpg,.jpg,Annotated images ( visual with labels)/Rice Tungro/visuals/Rice Tungro_1969.jpg,297441,True,1024,1024,1.0,RGB,3,JPEG,10438055f66366c68607670e63bbd289db69a277be9b061e4641041178266587,,Rice Tungro,RiceLeafDiseaseBD,PRIMARY_DEVELOPMENT_DATASET,PRIMARY_005305,D:\BTech Final Year Project\RiceLeafDiseaseBD A Field-Based Annotated Smartpho\RiceLeafDiseaseBD A Field-Based Annotated Smartpho\RiceLeafDiseaseBD\RiceLeafDiseaseBD\Annotated images ( visual with labels)\Rice Tungro\labels\Rice Tungro_1969.txt,UNIQUE_GROUP_001121,False,calibration
Rice Tungro_197.jpg,.jpg,Annotated images ( visual with labels)/Rice Tungro/visuals/Rice Tungro_197.jpg,293293,True,1024,1024,1.0,RGB,3,JPEG,37ee4556aa979c14a71783bffb0f9f10f19df5a1e6be670c4db1eac36a53fd92,,Rice Tungro,RiceLeafDiseaseBD,PRIMARY_DEVELOPMENT_DATASET,PRIMARY_005306,D:\BTech Final Year Project\RiceLeafDiseaseBD A Field-Based Annotated Smartpho\RiceLeafDiseaseBD A Field-Based Annotated Smartpho\RiceLeafDiseaseBD\RiceLeafDiseaseBD\Annotated images ( visual with labels)\Rice Tungro\labels\Rice Tungro_197.txt,UNIQUE_GROUP_003901,False,calibration
Rice Tungro_1973.jpg,.jpg,Annotated images ( visual with labels)/Rice Tungro/visuals/Rice Tungro_1973.jpg,310494,True,1024,1024,1.0,RGB,3,JPEG,650540bb7bcf3eec93bb51f03c529a956656afcd1cf572783dd75a1cb73821df,,Rice Tungro,RiceLeafDiseaseBD,PRIMARY_DEVELOPMENT_DATASET,PRIMARY_005310,D:\BTech Final Year Project\RiceLeafDiseaseBD A Field-Based Annotated Smartpho\RiceLeafDiseaseBD A Field-Based Annotated Smartpho\RiceLeafDiseaseBD\RiceLeafDiseaseBD\Annotated images ( visual with labels)\Rice Tungro\labels\Rice Tungro_1973.txt,UNIQUE_GROUP_007077,False,calibration
Rice Tungro_1980.jpg,.jpg,Annotated images ( visual with labels)/Rice Tungro/visuals/Rice Tungro_1980.jpg,359792,True,1024,1024,1.0,RGB,3,JPEG,55d9aa063990716d06145ffe3e1fff03499587839eb9c436509edb4abb468bfa,,Rice Tungro,RiceLeafDiseaseBD,PRIMARY_DEVELOPMENT_DATASET,PRIMARY_005318,D:\BTech Final Year Project\RiceLeafDiseaseBD A Field-Based Annotated Smartpho\RiceLeafDiseaseBD A Field-Based Annotated Smartpho\RiceLeafDiseaseBD\RiceLeafDiseaseBD\Annotated images ( visual with labels)\Rice Tungro\labels\Rice Tungro_1980.txt,UNIQUE_GROUP_006017,False,calibration
Rice Tungro_1981.jpg,.jpg,Annotated images ( visual with labels)/Rice Tungro/visuals/Rice Tungro_1981.jpg,359057,True,1024,1024,1.0,RGB,3,JPEG,ef89691139915b323d81984f53df72ddc1eb7a3ea36570cbd9cc74b0b07760ee,,Rice Tungro,RiceLeafDiseaseBD,PRIMARY_DEVELOPMENT_DATASET,PRIMARY_005319,D:\BTech Final Year Project\RiceLeafDiseaseBD A Field-Based Annotated Smartpho\RiceLeafDiseaseBD A Field-Based Annotated Smartpho\RiceLeafDiseaseBD\RiceLeafDiseaseBD\Annotated images ( visual with labels)\Rice Tungro\labels\Rice Tungro_1981.txt,UNIQUE_GROUP_016690,False,calibration
Rice Tungro_1998.jpg,.jpg,Annotated images ( visual with labels)/Rice Tungro/visuals/Rice Tungro_1998.jpg,284892,True,1024,1024,1.0,RGB,3,JPEG,93c84976fb0760896eba3ea808fd9f2a9e6e1e85d098a5779d19d1a2b6e9ae93,,Rice Tungro,RiceLeafDiseaseBD,PRIMARY_DEVELOPMENT_DATASET,PRIMARY_005337,D:\BTech Final Year Project\RiceLeafDiseaseBD A Field-Based Annotated Smartpho\RiceLeafDiseaseBD A Field-Based Annotated Smartpho\RiceLeafDiseaseBD\RiceLeafDiseaseBD\Annotated images ( visual with labels)\Rice Tungro\labels\Rice Tungro_1998.txt,UNIQUE_GROUP_010331,False,calibration
Rice Tungro_2016.jpg,.jpg,Annotated images ( visual with labels)/Rice Tungro/visuals/Rice Tungro_2016.jpg,299854,True,1024,1024,1.0,RGB,3,JPEG,7c434f3e199ef1453d270c2d4d15079529e7d6a16ccc1f8a69a6c6a747e5306f,,Rice Tungro,RiceLeafDiseaseBD,PRIMARY_DEVELOPMENT_DATASET,PRIMARY_005359,D:\BTech Final Year Project\RiceLeafDiseaseBD A Field-Based Annotated Smartpho\RiceLeafDiseaseBD A Field-Based Annotated Smartpho\RiceLeafDiseaseBD\RiceLeafDiseaseBD\Annotated images ( visual with labels)\Rice Tungro\labels\Rice Tungro_2016.txt,UNIQUE_GROUP_008673,False,calibration
Rice Tungro_205.jpg,.jpg,Annotated images ( visual with labels)/Rice Tungro/visuals/Rice Tungro_205.jpg,250260,True,1024,1024,1.0,RGB,3,JPEG,ab4099ff548506357792b4bd9b261abe7ec5c5824b1246e3137a074c3231198f,,Rice Tungro,RiceLeafDiseaseBD,PRIMARY_DEVELOPMENT_DATASET,PRIMARY_005396,D:\BTech Final Year Project\RiceLeafDiseaseBD A Field-Based Annotated Smartpho\RiceLeafDiseaseBD A Field-Based Annotated Smartpho\RiceLeafDiseaseBD\RiceLeafDiseaseBD\Annotated images ( visual with labels)\Rice Tungro\labels\Rice Tungro_205.txt,UNIQUE_GROUP_012002,False,calibration
Rice Tungro_2056.jpg,.jpg,Annotated images ( visual with labels)/Rice Tungro/visuals/Rice Tungro_2056.jpg,307472,True,1024,1024,1.0,RGB,3,JPEG,ddf386e4799127871f8fb192165328fcfdc8726f9ab5969ea13431dc79eb2a43,,Rice Tungro,RiceLeafDiseaseBD,PRIMARY_DEVELOPMENT_DATASET,PRIMARY_005403,D:\BTech Final Year Project\RiceLeafDiseaseBD A Field-Based Annotated Smartpho\RiceLeafDiseaseBD A Field-Based Annotated Smartpho\RiceLeafDiseaseBD\RiceLeafDiseaseBD\Annotated images ( visual with labels)\Rice Tungro\labels\Rice Tungro_2056.txt,UNIQUE_GROUP_015518,False,calibration
Rice Tungro_2058.jpg,.jpg,Annotated images ( visual with labels)/Rice Tungro/visuals/Rice Tungro_2058.jpg,309921,True,1024,1024,1.0,RGB,3,JPEG,0304579babf248dddc64b19da124eac5833be013327d89ca4259fcf5c23687cc,,Rice Tungro,RiceLeafDiseaseBD,PRIMARY_DEVELOPMENT_DATASET,PRIMARY_005405,D:\BTech Final Year Project\RiceLeafDiseaseBD A Field-Based Annotated Smartpho\RiceLeafDiseaseBD A Field-Based Annotated Smartpho\RiceLeafDiseaseBD\RiceLeafDiseaseBD\Annotated images ( visual with labels)\Rice Tungro\labels\Rice Tungro_2058.txt,UNIQUE_GROUP_000196,False,calibration
Rice Tungro_2068.jpg,.jpg,Annotated images ( visual with labels)/Rice Tungro/visuals/Rice Tungro_2068.jpg,211917,True,1024,1024,1.0,RGB,3,JPEG,053a4fdfa3c20dc86103a49bf951faac21504bf1ab4f67e8e734b6337b6b781d,,Rice Tungro,RiceLeafDiseaseBD,PRIMARY_DEVELOPMENT_DATASET,PRIMARY_005416,D:\BTech Final Year Project\RiceLeafDiseaseBD A Field-Based Annotated Smartpho\RiceLeafDiseaseBD A Field-Based Annotated Smartpho\RiceLeafDiseaseBD\RiceLeafDiseaseBD\Annotated images ( visual with labels)\Rice Tungro\labels\Rice Tungro_2068.txt,UNIQUE_GROUP_000342,False,calibration
Rice Tungro_207.jpg,.jpg,Annotated images ( visual with labels)/Rice Tungro/visuals/Rice Tungro_207.jpg,244654,True,1024,1024,1.0,RGB,3,JPEG,b0408dbfa057c31b9455a41b68a5131b441a9cc635cfed0398c9821797cc3cea,,Rice Tungro,RiceLeafDiseaseBD,PRIMARY_DEVELOPMENT_DATASET,PRIMARY_005418,D:\BTech Final Year Project\RiceLeafDiseaseBD A Field-Based Annotated Smartpho\RiceLeafDiseaseBD A Field-Based Annotated Smartpho\RiceLeafDiseaseBD\RiceLeafDiseaseBD\Annotated images ( visual with labels)\Rice Tungro\labels\Rice Tungro_207.txt,UNIQUE_GROUP_012323,False,calibration
Rice Tungro_2074.jpg,.jpg,Annotated images ( visual with labels)/Rice Tungro/visuals/Rice Tungro_2074.jpg,218836,True,1024,1024,1.0,RGB,3,JPEG,85b91df993be60b9a3c144d96655a8fa343340ed632f01ba320abfd486a7eeba,,Rice Tungro,RiceLeafDiseaseBD,PRIMARY_DEVELOPMENT_DATASET,PRIMARY_005423,D:\BTech Final Year Project\RiceLeafDiseaseBD A Field-Based Annotated Smartpho\RiceLeafDiseaseBD A Field-Based Annotated Smartpho\RiceLeafDiseaseBD\RiceLeafDiseaseBD\Annotated images ( visual with labels)\Rice Tungro\labels\Rice Tungro_2074.txt,UNIQUE_GROUP_009350,False,calibration
Rice Tungro_2075.jpg,.jpg,Annotated images ( visual with labels)/Rice Tungro/visuals/Rice Tungro_2075.jpg,228939,True,1024,1024,1.0,RGB,3,JPEG,47c3bbc4e89920f06b368afc40b909844cb02e75b371cc71ac094b540f4b9500,,Rice Tungro,RiceLeafDiseaseBD,PRIMARY_DEVELOPMENT_DATASET,PRIMARY_005424,D:\BTech Final Year Project\RiceLeafDiseaseBD A Field-Based Annotated Smartpho\RiceLeafDiseaseBD A Field-Based Annotated Smartpho\RiceLeafDiseaseBD\RiceLeafDiseaseBD\Annotated images ( visual with labels)\Rice Tungro\labels\Rice Tungro_2075.txt,UNIQUE_GROUP_005002,False,calibration
Rice Tungro_2080.jpg,.jpg,Annotated images ( visual with labels)/Rice Tungro/visuals/Rice Tungro_2080.jpg,244548,True,1024,1024,1.0,RGB,3,JPEG,492f38437d0593bd57fc6a32011ef9eb71e54d80202284045a7b266375a6cc47,,Rice Tungro,RiceLeafDiseaseBD,PRIMARY_DEVELOPMENT_DATASET,PRIMARY_005430,D:\BTech Final Year Project\RiceLeafDiseaseBD A Field-Based Annotated Smartpho\RiceLeafDiseaseBD A Field-Based Annotated Smartpho\RiceLeafDiseaseBD\RiceLeafDiseaseBD\Annotated images ( visual with labels)\Rice Tungro\labels\Rice Tungro_2080.txt,UNIQUE_GROUP_005098,False,calibration
Rice Tungro_2084.jpg,.jpg,Annotated images ( visual with labels)/Rice Tungro/visuals/Rice Tungro_2084.jpg,233019,True,1024,1024,1.0,RGB,3,JPEG,ea010840940b9b09ec623a41b0f54e3a053023361b7210ee63ea3c0f80fd3fe4,,Rice Tungro,RiceLeafDiseaseBD,PRIMARY_DEVELOPMENT_DATASET,PRIMARY_005434,D:\BTech Final Year Project\RiceLeafDiseaseBD A Field-Based Annotated Smartpho\RiceLeafDiseaseBD A Field-Based Annotated Smartpho\RiceLeafDiseaseBD\RiceLeafDiseaseBD\Annotated images ( visual with labels)\Rice Tungro\labels\Rice Tungro_2084.txt,UNIQUE_GROUP_016302,False,calibration
Rice Tungro_2085.jpg,.jpg,Annotated images ( visual with labels)/Rice Tungro/visuals/Rice Tungro_2085.jpg,222162,True,1024,1024,1.0,RGB,3,JPEG,4cb29a3ab885dae8718058145183b92d015603b82c2dc076cfb3dd2347e1878a,,Rice Tungro,RiceLeafDiseaseBD,PRIMARY_DEVELOPMENT_DATASET,PRIMARY_005435,D:\BTech Final Year Project\RiceLeafDiseaseBD A Field-Based Annotated Smartpho\RiceLeafDiseaseBD A Field-Based Annotated Smartpho\RiceLeafDiseaseBD\RiceLeafDiseaseBD\Annotated images ( visual with labels)\Rice Tungro\labels\Rice Tungro_2085.txt,UNIQUE_GROUP_005371,False,calibration
Rice Tungro_2087.jpg,.jpg,Annotated images ( visual with labels)/Rice Tungro/visuals/Rice Tungro_2087.jpg,230418,True,1024,1024,1.0,RGB,3,JPEG,a79116d741601415aa1218eaa2bbb2b7bad95a7c4e4dba898fe8bd3ef63a202f,,Rice Tungro,RiceLeafDiseaseBD,PRIMARY_DEVELOPMENT_DATASET,PRIMARY_005437,D:\BTech Final Year Project\RiceLeafDiseaseBD A Field-Based Annotated Smartpho\RiceLeafDiseaseBD A Field-Based Annotated Smartpho\RiceLeafDiseaseBD\RiceLeafDiseaseBD\Annotated images ( visual with labels)\Rice Tungro\labels\Rice Tungro_2087.txt,UNIQUE_GROUP_011725,False,calibration
Rice Tungro_21.jpg,.jpg,Annotated images ( visual with labels)/Rice Tungro/visuals/Rice Tungro_21.jpg,304821,True,1024,1024,1.0,RGB,3,JPEG,8c4f01acf14cc63c40b69e9425696cb4843be333f478dc832e10ec6ff20508a1,,Rice Tungro,RiceLeafDiseaseBD,PRIMARY_DEVELOPMENT_DATASET,PRIMARY_005451,D:\BTech Final Year Project\RiceLeafDiseaseBD A Field-Based Annotated Smartpho\RiceLeafDiseaseBD A Field-Based Annotated Smartpho\RiceLeafDiseaseBD\RiceLeafDiseaseBD\Annotated images ( visual with labels)\Rice Tungro\labels\Rice Tungro_21.txt,UNIQUE_GROUP_009819,False,calibration
Rice Tungro_2100.jpg,.jpg,Annotated images ( visual with labels)/Rice Tungro/visuals/Rice Tungro_2100.jpg,289661,True,1024,1024,1.0,RGB,3,JPEG,2a06552a1a7f3e3a1c43717d2d6f665be7c17dbc31cbc3db721a19554c4b9027,,Rice Tungro,RiceLeafDiseaseBD,PRIMARY_DEVELOPMENT_DATASET,PRIMARY_005453,D:\BTech Final Year Project\RiceLeafDiseaseBD A Field-Based Annotated Smartpho\RiceLeafDiseaseBD A Field-Based Annotated Smartpho\RiceLeafDiseaseBD\RiceLeafDiseaseBD\Annotated images ( visual with labels)\Rice Tungro\labels\Rice Tungro_2100.txt,UNIQUE_GROUP_002930,False,calibration
Rice Tungro_2103.jpg,.jpg,Annotated images ( visual with labels)/Rice Tungro/visuals/Rice Tungro_2103.jpg,287204,True,1024,1024,1.0,RGB,3,JPEG,78a43dc0f817de2e6b5a1f34f0e078978d0ea363172f0d43c1777780af3a969e,,Rice Tungro,RiceLeafDiseaseBD,PRIMARY_DEVELOPMENT_DATASET,PRIMARY_005456,D:\BTech Final Year Project\RiceLeafDiseaseBD A Field-Based Annotated Smartpho\RiceLeafDiseaseBD A Field-Based Annotated Smartpho\RiceLeafDiseaseBD\RiceLeafDiseaseBD\Annotated images ( visual with labels)\Rice Tungro\labels\Rice Tungro_2103.txt,UNIQUE_GROUP_008411,False,calibration
Rice Tungro_2112.jpg,.jpg,Annotated images ( visual with labels)/Rice Tungro/visuals/Rice Tungro_2112.jpg,272461,True,1024,1024,1.0,RGB,3,JPEG,8b75acfc978f55552e8b1743e67b5199647c61387c0c59d0900763aac5d11b4f,,Rice Tungro,RiceLeafDiseaseBD,PRIMARY_DEVELOPMENT_DATASET,PRIMARY_005466,D:\BTech Final Year Project\RiceLeafDiseaseBD A Field-Based Annotated Smartpho\RiceLeafDiseaseBD A Field-Based Annotated Smartpho\RiceLeafDiseaseBD\RiceLeafDiseaseBD\Annotated images ( visual with labels)\Rice Tungro\labels\Rice Tungro_2112.txt,UNIQUE_GROUP_009752,False,calibration
Rice Tungro_2115.jpg,.jpg,Annotated images ( visual with labels)/Rice Tungro/visuals/Rice Tungro_2115.jpg,276407,True,1024,1024,1.0,RGB,3,JPEG,123a1f5cd6737bf61b074e6514c2674e56a70b4e7e8f0b967a221aa965550ad5,,Rice Tungro,RiceLeafDiseaseBD,PRIMARY_DEVELOPMENT_DATASET,PRIMARY_005469,D:\BTech Final Year Project\RiceLeafDiseaseBD A Field-Based Annotated Smartpho\RiceLeafDiseaseBD A Field-Based Annotated Smartpho\RiceLeafDiseaseBD\RiceLeafDiseaseBD\Annotated images ( visual with labels)\Rice Tungro\labels\Rice Tungro_2115.txt,UNIQUE_GROUP_001254,False,calibration
Rice Tungro_2116.jpg,.jpg,Annotated images ( visual with labels)/Rice Tungro/visuals/Rice Tungro_2116.jpg,268360,True,1024,1024,1.0,RGB,3,JPEG,5de3e8648ea9200d7124de46683f9a9658fe27d228233f2d5b40371cee1062b8,,Rice Tungro,RiceLeafDiseaseBD,PRIMARY_DEVELOPMENT_DATASET,PRIMARY_005470,D:\BTech Final Year Project\RiceLeafDiseaseBD A Field-Based Annotated Smartpho\RiceLeafDiseaseBD A Field-Based Annotated Smartpho\RiceLeafDiseaseBD\RiceLeafDiseaseBD\Annotated images ( visual with labels)\Rice Tungro\labels\Rice Tungro_2116.txt,UNIQUE_GROUP_006573,False,calibration
Rice Tungro_2118.jpg,.jpg,Annotated images ( visual with labels)/Rice Tungro/visuals/Rice Tungro_2118.jpg,272591,True,1024,1024,1.0,RGB,3,JPEG,9a2b3d6edbe305a121fba9a1124ea5c8fe253c1214758d57c51046ed84e902a7,,Rice Tungro,RiceLeafDiseaseBD,PRIMARY_DEVELOPMENT_DATASET,PRIMARY_005472,D:\BTech Final Year Project\RiceLeafDiseaseBD A Field-Based Annotated Smartpho\RiceLeafDiseaseBD A Field-Based Annotated Smartpho\RiceLeafDiseaseBD\RiceLeafDiseaseBD\Annotated images ( visual with labels)\Rice Tungro\labels\Rice Tungro_2118.txt,UNIQUE_GROUP_010782,False,calibration
Rice Tungro_2141.jpg,.jpg,Annotated images ( visual with labels)/Rice Tungro/visuals/Rice Tungro_2141.jpg,320247,True,1024,1024,1.0,RGB,3,JPEG,7d81f1a1eec8414096f500d27f4485220977de40c4e82be8e2a0220d7e35795e,,Rice Tungro,RiceLeafDiseaseBD,PRIMARY_DEVELOPMENT_DATASET,PRIMARY_005498,D:\BTech Final Year Project\RiceLeafDiseaseBD A Field-Based Annotated Smartpho\RiceLeafDiseaseBD A Field-Based Annotated Smartpho\RiceLeafDiseaseBD\RiceLeafDiseaseBD\Annotated images ( visual with labels)\Rice Tungro\labels\Rice Tungro_2141.txt,UNIQUE_GROUP_008770,False,calibration
Rice Tungro_2144.jpg,.jpg,Annotated images ( visual with labels)/Rice Tungro/visuals/Rice Tungro_2144.jpg,317644,True,1024,1024,1.0,RGB,3,JPEG,5872c81577535ad0ed28c8692baa00f184d6ab1f804cb928a4a5bd963abd65df,,Rice Tungro,RiceLeafDiseaseBD,PRIMARY_DEVELOPMENT_DATASET,PRIMARY_005501,D:\BTech Final Year Project\RiceLeafDiseaseBD A Field-Based Annotated Smartpho\RiceLeafDiseaseBD A Field-Based Annotated Smartpho\RiceLeafDiseaseBD\RiceLeafDiseaseBD\Annotated images ( visual with labels)\Rice Tungro\labels\Rice Tungro_2144.txt,UNIQUE_GROUP_006195,False,calibration
Rice Tungro_2145.jpg,.jpg,Annotated images ( visual with labels)/Rice Tungro/visuals/Rice Tungro_2145.jpg,322683,True,1024,1024,1.0,RGB,3,JPEG,22a7d556a957e5e8a6cc2033ea1196dd84634ee80a73daa9963bc9a22ea26752,,Rice Tungro,RiceLeafDiseaseBD,PRIMARY_DEVELOPMENT_DATASET,PRIMARY_005502,D:\BTech Final Year Project\RiceLeafDiseaseBD A Field-Based Annotated Smartpho\RiceLeafDiseaseBD A Field-Based Annotated Smartpho\RiceLeafDiseaseBD\RiceLeafDiseaseBD\Annotated images ( visual with labels)\Rice Tungro\labels\Rice Tungro_2145.txt,UNIQUE_GROUP_002430,False,calibration
Rice Tungro_2157.jpg,.jpg,Annotated images ( visual with labels)/Rice Tungro/visuals/Rice Tungro_2157.jpg,146580,True,1024,1024,1.0,RGB,3,JPEG,273cd8e044ba0c8d0ffa0bebaed9d6bbe017e6accfcda530643e72f58da70b1e,,Rice Tungro,RiceLeafDiseaseBD,PRIMARY_DEVELOPMENT_DATASET,PRIMARY_005515,D:\BTech Final Year Project\RiceLeafDiseaseBD A Field-Based Annotated Smartpho\RiceLeafDiseaseBD A Field-Based Annotated Smartpho\RiceLeafDiseaseBD\RiceLeafDiseaseBD\Annotated images ( visual with labels)\Rice Tungro\labels\Rice Tungro_2157.txt,UNIQUE_GROUP_002743,False,calibration
Rice Tungro_2165.jpg,.jpg,Annotated images ( visual with labels)/Rice Tungro/visuals/Rice Tungro_2165.jpg,174585,True,1024,1024,1.0,RGB,3,JPEG,9b85648fd6a73ddfb08e4bf153d22b05c364054213cfca44495f314682277b58,,Rice Tungro,RiceLeafDiseaseBD,PRIMARY_DEVELOPMENT_DATASET,PRIMARY_005524,D:\BTech Final Year Project\RiceLeafDiseaseBD A Field-Based Annotated Smartpho\RiceLeafDiseaseBD A Field-Based Annotated Smartpho\RiceLeafDiseaseBD\RiceLeafDiseaseBD\Annotated images ( visual with labels)\Rice Tungro\labels\Rice Tungro_2165.txt,UNIQUE_GROUP_010893,False,calibration
Rice Tungro_2173.jpg,.jpg,Annotated images ( visual with labels)/Rice Tungro/visuals/Rice Tungro_2173.jpg,218975,True,1024,1024,1.0,RGB,3,JPEG,94b9fe2b47cfc55228f22228fadc4bac3132965986d762c28731364e1ac6edd5,,Rice Tungro,RiceLeafDiseaseBD,PRIMARY_DEVELOPMENT_DATASET,PRIMARY_005533,D:\BTech Final Year Project\RiceLeafDiseaseBD A Field-Based Annotated Smartpho\RiceLeafDiseaseBD A Field-Based Annotated Smartpho\RiceLeafDiseaseBD\RiceLeafDiseaseBD\Annotated images ( visual with labels)\Rice Tungro\labels\Rice Tungro_2173.txt,UNIQUE_GROUP_010396,False,calibration
Rice Tungro_2184.jpg,.jpg,Annotated images ( visual with labels)/Rice Tungro/visuals/Rice Tungro_2184.jpg,285806,True,1024,1024,1.0,RGB,3,JPEG,6c52919e75471f6fdf8805439a78e328e17d8ab41a5cc661da574fcc5b8bfbd1,,Rice Tungro,RiceLeafDiseaseBD,PRIMARY_DEVELOPMENT_DATASET,PRIMARY_005545,D:\BTech Final Year Project\RiceLeafDiseaseBD A Field-Based Annotated Smartpho\RiceLeafDiseaseBD A Field-Based Annotated Smartpho\RiceLeafDiseaseBD\RiceLeafDiseaseBD\Annotated images ( visual with labels)\Rice Tungro\labels\Rice Tungro_2184.txt,UNIQUE_GROUP_007550,False,calibration
Rice Tungro_2185.jpg,.jpg,Annotated images ( visual with labels)/Rice Tungro/visuals/Rice Tungro_2185.jpg,290589,True,1024,1024,1.0,RGB,3,JPEG,2285d78df2be62754e4098a50daf14c09f84cd6e7e3309e757e9fdfa824c3665,,Rice Tungro,RiceLeafDiseaseBD,PRIMARY_DEVELOPMENT_DATASET,PRIMARY_005546,D:\BTech Final Year Project\RiceLeafDiseaseBD A Field-Based Annotated Smartpho\RiceLeafDiseaseBD A Field-Based Annotated Smartpho\RiceLeafDiseaseBD\RiceLeafDiseaseBD\Annotated images ( visual with labels)\Rice Tungro\labels\Rice Tungro_2185.txt,UNIQUE_GROUP_002418,False,calibration
Rice Tungro_2191.jpg,.jpg,Annotated images ( visual with labels)/Rice Tungro/visuals/Rice Tungro_2191.jpg,207319,True,1024,1024,1.0,RGB,3,JPEG,0e2412966aceb06ca01304a5522ef28227b66425bbb03f0e321b66a245995bb0,,Rice Tungro,RiceLeafDiseaseBD,PRIMARY_DEVELOPMENT_DATASET,PRIMARY_005553,D:\BTech Final Year Project\RiceLeafDiseaseBD A Field-Based Annotated Smartpho\RiceLeafDiseaseBD A Field-Based Annotated Smartpho\RiceLeafDiseaseBD\RiceLeafDiseaseBD\Annotated images ( visual with labels)\Rice Tungro\labels\Rice Tungro_2191.txt,UNIQUE_GROUP_000981,False,calibration
Rice Tungro_2198.jpg,.jpg,Annotated images ( visual with labels)/Rice Tungro/visuals/Rice Tungro_2198.jpg,220312,True,1024,1024,1.0,RGB,3,JPEG,dfaf8b963321144853e8887c74e06133cf7e14b2eaffd47e9d62cd4215039171,,Rice Tungro,RiceLeafDiseaseBD,PRIMARY_DEVELOPMENT_DATASET,PRIMARY_005560,D:\BTech Final Year Project\RiceLeafDiseaseBD A Field-Based Annotated Smartpho\RiceLeafDiseaseBD A Field-Based Annotated Smartpho\RiceLeafDiseaseBD\RiceLeafDiseaseBD\Annotated images ( visual with labels)\Rice Tungro\labels\Rice Tungro_2198.txt,UNIQUE_GROUP_015631,False,calibration
Rice Tungro_2199.jpg,.jpg,Annotated images ( visual with labels)/Rice Tungro/visuals/Rice Tungro_2199.jpg,219824,True,1024,1024,1.0,RGB,3,JPEG,60ce8f5c559934508bf9301d25b70555bc7d68068c1c62a076fee7133c789950,,Rice Tungro,RiceLeafDiseaseBD,PRIMARY_DEVELOPMENT_DATASET,PRIMARY_005561,D:\BTech Final Year Project\RiceLeafDiseaseBD A Field-Based Annotated Smartpho\RiceLeafDiseaseBD A Field-Based Annotated Smartpho\RiceLeafDiseaseBD\RiceLeafDiseaseBD\Annotated images ( visual with labels)\Rice Tungro\labels\Rice Tungro_2199.txt,UNIQUE_GROUP_006789,False,calibration
Rice Tungro_2207.jpg,.jpg,Annotated images ( visual with labels)/Rice Tungro/visuals/Rice Tungro_2207.jpg,266345,True,1024,1024,1.0,RGB,3,JPEG,877fb1ba034d6572a11ee3d77c320f633f1b4d74f09978f2e0b9c8b656c330ee,,Rice Tungro,RiceLeafDiseaseBD,PRIMARY_DEVELOPMENT_DATASET,PRIMARY_005571,D:\BTech Final Year Project\RiceLeafDiseaseBD A Field-Based Annotated Smartpho\RiceLeafDiseaseBD A Field-Based Annotated Smartpho\RiceLeafDiseaseBD\RiceLeafDiseaseBD\Annotated images ( visual with labels)\Rice Tungro\labels\Rice Tungro_2207.txt,UNIQUE_GROUP_009460,False,calibration
Rice Tungro_2215.jpg,.jpg,Annotated images ( visual with labels)/Rice Tungro/visuals/Rice Tungro_2215.jpg,271183,True,1024,1024,1.0,RGB,3,JPEG,cc248e2414b2282157fc98aed115137d82e92eb2563bbdeb9dfea417d7a02e89,,Rice Tungro,RiceLeafDiseaseBD,PRIMARY_DEVELOPMENT_DATASET,PRIMARY_005580,D:\BTech Final Year Project\RiceLeafDiseaseBD A Field-Based Annotated Smartpho\RiceLeafDiseaseBD A Field-Based Annotated Smartpho\RiceLeafDiseaseBD\RiceLeafDiseaseBD\Annotated images ( visual with labels)\Rice Tungro\labels\Rice Tungro_2215.txt,UNIQUE_GROUP_014283,False,calibration
Rice Tungro_2217.jpg,.jpg,Annotated images ( visual with labels)/Rice Tungro/visuals/Rice Tungro_2217.jpg,271551,True,1024,1024,1.0,RGB,3,JPEG,54084bf1777c9d5100c8e38918a130591c404e0c79263a35e0f87725282ad675,,Rice Tungro,RiceLeafDiseaseBD,PRIMARY_DEVELOPMENT_DATASET,PRIMARY_005582,D:\BTech Final Year Project\RiceLeafDiseaseBD A Field-Based Annotated Smartpho\RiceLeafDiseaseBD A Field-Based Annotated Smartpho\RiceLeafDiseaseBD\RiceLeafDiseaseBD\Annotated images ( visual with labels)\Rice Tungro\labels\Rice Tungro_2217.txt,UNIQUE_GROUP_005876,False,calibration
Rice Tungro_2221.jpg,.jpg,Annotated images ( visual with labels)/Rice Tungro/visuals/Rice Tungro_2221.jpg,250762,True,1024,1024,1.0,RGB,3,JPEG,ccaf9f964859827b53fa3d231480921fa74d662349d60a8b8afd60e73fd4ceb5,,Rice Tungro,RiceLeafDiseaseBD,PRIMARY_DEVELOPMENT_DATASET,PRIMARY_005587,D:\BTech Final Year Project\RiceLeafDiseaseBD A Field-Based Annotated Smartpho\RiceLeafDiseaseBD A Field-Based Annotated Smartpho\RiceLeafDiseaseBD\RiceLeafDiseaseBD\Annotated images ( visual with labels)\Rice Tungro\labels\Rice Tungro_2221.txt,UNIQUE_GROUP_014318,False,calibration
Rice Tungro_2228.jpg,.jpg,Annotated images ( visual with labels)/Rice Tungro/visuals/Rice Tungro_2228.jpg,285504,True,1024,1024,1.0,RGB,3,JPEG,3572911c108e88f6ecd31f7954fbf184d12326bc0835821fbdb7b349f3474b46,,Rice Tungro,RiceLeafDiseaseBD,PRIMARY_DEVELOPMENT_DATASET,PRIMARY_005594,D:\BTech Final Year Project\RiceLeafDiseaseBD A Field-Based Annotated Smartpho\RiceLeafDiseaseBD A Field-Based Annotated Smartpho\RiceLeafDiseaseBD\RiceLeafDiseaseBD\Annotated images ( visual with labels)\Rice Tungro\labels\Rice Tungro_2228.txt,UNIQUE_GROUP_003728,False,calibration
Rice Tungro_227.jpg,.jpg,Annotated images ( visual with labels)/Rice Tungro/visuals/Rice Tungro_227.jpg,289397,True,1024,1024,1.0,RGB,3,JPEG,b987ebab389875983b36dd68acdb23494196cc1f3f26b04a5c0eec3ce99a10b3,,Rice Tungro,RiceLeafDiseaseBD,PRIMARY_DEVELOPMENT_DATASET,PRIMARY_005615,D:\BTech Final Year Project\RiceLeafDiseaseBD A Field-Based Annotated Smartpho\RiceLeafDiseaseBD A Field-Based Annotated Smartpho\RiceLeafDiseaseBD\RiceLeafDiseaseBD\Annotated images ( visual with labels)\Rice Tungro\labels\Rice Tungro_227.txt,UNIQUE_GROUP_012971,False,calibration
Rice Tungro_262.jpg,.jpg,Annotated images ( visual with labels)/Rice Tungro/visuals/Rice Tungro_262.jpg,289491,True,1024,1024,1.0,RGB,3,JPEG,cf966ee1184d85ad3589e8a138bc10060b44b6b2d11982a3b0fde557e6247ff3,,Rice Tungro,RiceLeafDiseaseBD,PRIMARY_DEVELOPMENT_DATASET,PRIMARY_005654,D:\BTech Final Year Project\RiceLeafDiseaseBD A Field-Based Annotated Smartpho\RiceLeafDiseaseBD A Field-Based Annotated Smartpho\RiceLeafDiseaseBD\RiceLeafDiseaseBD\Annotated images ( visual with labels)\Rice Tungro\labels\Rice Tungro_262.txt,UNIQUE_GROUP_014508,False,calibration
Rice Tungro_270.jpg,.jpg,Annotated images ( visual with labels)/Rice Tungro/visuals/Rice Tungro_270.jpg,254846,True,1024,1024,1.0,RGB,3,JPEG,658e57bcfb8d15b43c41721d9b5a71c0ea97921c772e2ca2af92cb420c0b9df8,,Rice Tungro,RiceLeafDiseaseBD,PRIMARY_DEVELOPMENT_DATASET,PRIMARY_005663,D:\BTech Final Year Project\RiceLeafDiseaseBD A Field-Based Annotated Smartpho\RiceLeafDiseaseBD A Field-Based Annotated Smartpho\RiceLeafDiseaseBD\RiceLeafDiseaseBD\Annotated images ( visual with labels)\Rice Tungro\labels\Rice Tungro_270.txt,UNIQUE_GROUP_007114,False,calibration
Rice Tungro_278.jpg,.jpg,Annotated images ( visual with labels)/Rice Tungro/visuals/Rice Tungro_278.jpg,306955,True,1024,1024,1.0,RGB,3,JPEG,e6d4215d7a8ef017d5dc276ad117554afdae885ae4cc38ef8ce50ec03a3862a7,,Rice Tungro,RiceLeafDiseaseBD,PRIMARY_DEVELOPMENT_DATASET,PRIMARY_005671,D:\BTech Final Year Project\RiceLeafDiseaseBD A Field-Based Annotated Smartpho\RiceLeafDiseaseBD A Field-Based Annotated Smartpho\RiceLeafDiseaseBD\RiceLeafDiseaseBD\Annotated images ( visual with labels)\Rice Tungro\labels\Rice Tungro_278.txt,UNIQUE_GROUP_016109,False,calibration
Rice Tungro_282.jpg,.jpg,Annotated images ( visual with labels)/Rice Tungro/visuals/Rice Tungro_282.jpg,268906,True,1024,1024,1.0,RGB,3,JPEG,c0c9d7d87cbe80cf67d080c5aa7421c4e55424db3595c43daf673c2884e1ffb7,,Rice Tungro,RiceLeafDiseaseBD,PRIMARY_DEVELOPMENT_DATASET,PRIMARY_005676,D:\BTech Final Year Project\RiceLeafDiseaseBD A Field-Based Annotated Smartpho\RiceLeafDiseaseBD A Field-Based Annotated Smartpho\RiceLeafDiseaseBD\RiceLeafDiseaseBD\Annotated images ( visual with labels)\Rice Tungro\labels\Rice Tungro_282.txt,UNIQUE_GROUP_013486,False,calibration
Rice Tungro_295.jpg,.jpg,Annotated images ( visual with labels)/Rice Tungro/visuals/Rice Tungro_295.jpg,274539,True,1024,1024,1.0,RGB,3,JPEG,f15a460f08e962270325dfffd85f47d526f373d03bcaa32ab96f4eb01ba66fb7,,Rice Tungro,RiceLeafDiseaseBD,PRIMARY_DEVELOPMENT_DATASET,PRIMARY_005690,D:\BTech Final Year Project\RiceLeafDiseaseBD A Field-Based Annotated Smartpho\RiceLeafDiseaseBD A Field-Based Annotated Smartpho\RiceLeafDiseaseBD\RiceLeafDiseaseBD\Annotated images ( visual with labels)\Rice Tungro\labels\Rice Tungro_295.txt,UNIQUE_GROUP_016805,False,calibration
Rice Tungro_303.jpg,.jpg,Annotated images ( visual with labels)/Rice Tungro/visuals/Rice Tungro_303.jpg,313394,True,1024,1024,1.0,RGB,3,JPEG,e1e62ce3622bd039f1547330eb3ffeafa9f70e1bdad1a3ff5cf4efc6b04aeb78,,Rice Tungro,RiceLeafDiseaseBD,PRIMARY_DEVELOPMENT_DATASET,PRIMARY_005700,D:\BTech Final Year Project\RiceLeafDiseaseBD A Field-Based Annotated Smartpho\RiceLeafDiseaseBD A Field-Based Annotated Smartpho\RiceLeafDiseaseBD\RiceLeafDiseaseBD\Annotated images ( visual with labels)\Rice Tungro\labels\Rice Tungro_303.txt,UNIQUE_GROUP_015781,False,calibration
Rice Tungro_313.jpg,.jpg,Annotated images ( visual with labels)/Rice Tungro/visuals/Rice Tungro_313.jpg,304230,True,1024,1024,1.0,RGB,3,JPEG,5bd80f960b7558db64110de672fa7c5eec312025eae8daed262138e6488418ed,,Rice Tungro,RiceLeafDiseaseBD,PRIMARY_DEVELOPMENT_DATASET,PRIMARY_005711,D:\BTech Final Year Project\RiceLeafDiseaseBD A Field-Based Annotated Smartpho\RiceLeafDiseaseBD A Field-Based Annotated Smartpho\RiceLeafDiseaseBD\RiceLeafDiseaseBD\Annotated images ( visual with labels)\Rice Tungro\labels\Rice Tungro_313.txt,UNIQUE_GROUP_006441,False,calibration
Rice Tungro_314.jpg,.jpg,Annotated images ( visual with labels)/Rice Tungro/visuals/Rice Tungro_314.jpg,299046,True,1024,1024,1.0,RGB,3,JPEG,bfc07bae77820af9e9dc3654d810110b81825809344d23306a800e164b2f320d,,Rice Tungro,RiceLeafDiseaseBD,PRIMARY_DEVELOPMENT_DATASET,PRIMARY_005712,D:\BTech Final Year Project\RiceLeafDiseaseBD A Field-Based Annotated Smartpho\RiceLeafDiseaseBD A Field-Based Annotated Smartpho\RiceLeafDiseaseBD\RiceLeafDiseaseBD\Annotated images ( visual with labels)\Rice Tungro\labels\Rice Tungro_314.txt,UNIQUE_GROUP_013414,False,calibration
Rice Tungro_318.jpg,.jpg,Annotated images ( visual with labels)/Rice Tungro/visuals/Rice Tungro_318.jpg,302778,True,1024,1024,1.0,RGB,3,JPEG,0a83309ef18d79b90864c8da38676c487d39c297a65bc80d9850eae74a998bc6,,Rice Tungro,RiceLeafDiseaseBD,PRIMARY_DEVELOPMENT_DATASET,PRIMARY_005716,D:\BTech Final Year Project\RiceLeafDiseaseBD A Field-Based Annotated Smartpho\RiceLeafDiseaseBD A Field-Based Annotated Smartpho\RiceLeafDiseaseBD\RiceLeafDiseaseBD\Annotated images ( visual with labels)\Rice Tungro\labels\Rice Tungro_318.txt,UNIQUE_GROUP_000716,False,calibration
Rice Tungro_343.jpg,.jpg,Annotated images ( visual with labels)/Rice Tungro/visuals/Rice Tungro_343.jpg,353572,True,1024,1024,1.0,RGB,3,JPEG,0b2c5c41bf097c0b247218e3494d80cfc2fcb342ca7657e75d089ada2ce2fc04,,Rice Tungro,RiceLeafDiseaseBD,PRIMARY_DEVELOPMENT_DATASET,PRIMARY_005744,D:\BTech Final Year Project\RiceLeafDiseaseBD A Field-Based Annotated Smartpho\RiceLeafDiseaseBD A Field-Based Annotated Smartpho\RiceLeafDiseaseBD\RiceLeafDiseaseBD\Annotated images ( visual with labels)\Rice Tungro\labels\Rice Tungro_343.txt,UNIQUE_GROUP_000755,False,calibration
Rice Tungro_345.jpg,.jpg,Annotated images ( visual with labels)/Rice Tungro/visuals/Rice Tungro_345.jpg,308616,True,1024,1024,1.0,RGB,3,JPEG,89e1843c6e25e9273ba4c180124548400bff64fc6c140dc11d0dad834c4e9422,,Rice Tungro,RiceLeafDiseaseBD,PRIMARY_DEVELOPMENT_DATASET,PRIMARY_005746,D:\BTech Final Year Project\RiceLeafDiseaseBD A Field-Based Annotated Smartpho\RiceLeafDiseaseBD A Field-Based Annotated Smartpho\RiceLeafDiseaseBD\RiceLeafDiseaseBD\Annotated images ( visual with labels)\Rice Tungro\labels\Rice Tungro_345.txt,UNIQUE_GROUP_009631,False,calibration
Rice Tungro_362.jpg,.jpg,Annotated images ( visual with labels)/Rice Tungro/visuals/Rice Tungro_362.jpg,323557,True,1024,1024,1.0,RGB,3,JPEG,95f827d06d699b6b35ade78f3800b4994d470273ed3f5176356a4a039e89ce4d,,Rice Tungro,RiceLeafDiseaseBD,PRIMARY_DEVELOPMENT_DATASET,PRIMARY_005765,D:\BTech Final Year Project\RiceLeafDiseaseBD A Field-Based Annotated Smartpho\RiceLeafDiseaseBD A Field-Based Annotated Smartpho\RiceLeafDiseaseBD\RiceLeafDiseaseBD\Annotated images ( visual with labels)\Rice Tungro\labels\Rice Tungro_362.txt,UNIQUE_GROUP_010486,False,calibration
Rice Tungro_367.jpg,.jpg,Annotated images ( visual with labels)/Rice Tungro/visuals/Rice Tungro_367.jpg,325931,True,1024,1024,1.0,RGB,3,JPEG,058355accefeb5e52aa9bbc1d9305d427e6fdf7e483aabc4e0bd0772832cffdf,,Rice Tungro,RiceLeafDiseaseBD,PRIMARY_DEVELOPMENT_DATASET,PRIMARY_005770,D:\BTech Final Year Project\RiceLeafDiseaseBD A Field-Based Annotated Smartpho\RiceLeafDiseaseBD A Field-Based Annotated Smartpho\RiceLeafDiseaseBD\RiceLeafDiseaseBD\Annotated images ( visual with labels)\Rice Tungro\labels\Rice Tungro_367.txt,UNIQUE_GROUP_000365,False,calibration
Rice Tungro_378.jpg,.jpg,Annotated images ( visual with labels)/Rice Tungro/visuals/Rice Tungro_378.jpg,268328,True,1024,1024,1.0,RGB,3,JPEG,850eb1798a26b832b1e78036f17c5b0ceed26687fbd76a3ce336a0d9ad1be77b,,Rice Tungro,RiceLeafDiseaseBD,PRIMARY_DEVELOPMENT_DATASET,PRIMARY_005782,D:\BTech Final Year Project\RiceLeafDiseaseBD A Field-Based Annotated Smartpho\RiceLeafDiseaseBD A Field-Based Annotated Smartpho\RiceLeafDiseaseBD\RiceLeafDiseaseBD\Annotated images ( visual with labels)\Rice Tungro\labels\Rice Tungro_378.txt,UNIQUE_GROUP_009307,False,calibration
Rice Tungro_393.jpg,.jpg,Annotated images ( visual with labels)/Rice Tungro/visuals/Rice Tungro_393.jpg,287812,True,1024,1024,1.0,RGB,3,JPEG,3d378fa7b9cc6667014aab40d05583c6af596bb78f4416d202f216c0af32422f,,Rice Tungro,RiceLeafDiseaseBD,PRIMARY_DEVELOPMENT_DATASET,PRIMARY_005799,D:\BTech Final Year Project\RiceLeafDiseaseBD A Field-Based Annotated Smartpho\RiceLeafDiseaseBD A Field-Based Annotated Smartpho\RiceLeafDiseaseBD\RiceLeafDiseaseBD\Annotated images ( visual with labels)\Rice Tungro\labels\Rice Tungro_393.txt,UNIQUE_GROUP_004265,False,calibration
Rice Tungro_409.jpg,.jpg,Annotated images ( visual with labels)/Rice Tungro/visuals/Rice Tungro_409.jpg,285844,True,1024,1024,1.0,RGB,3,JPEG,6f442a69784a07445634267fb25f3ec99dbf3af7d79d82b91ae39ad2a5488bd3,,Rice Tungro,RiceLeafDiseaseBD,PRIMARY_DEVELOPMENT_DATASET,PRIMARY_005817,D:\BTech Final Year Project\RiceLeafDiseaseBD A Field-Based Annotated Smartpho\RiceLeafDiseaseBD A Field-Based Annotated Smartpho\RiceLeafDiseaseBD\RiceLeafDiseaseBD\Annotated images ( visual with labels)\Rice Tungro\labels\Rice Tungro_409.txt,UNIQUE_GROUP_007762,False,calibration
Rice Tungro_432.jpg,.jpg,Annotated images ( visual with labels)/Rice Tungro/visuals/Rice Tungro_432.jpg,298756,True,1024,1024,1.0,RGB,3,JPEG,838a0035e50b982eaecf9d52d8c690edadfa1f8a6d9223b693bf9d79bdffce64,,Rice Tungro,RiceLeafDiseaseBD,PRIMARY_DEVELOPMENT_DATASET,PRIMARY_005843,D:\BTech Final Year Project\RiceLeafDiseaseBD A Field-Based Annotated Smartpho\RiceLeafDiseaseBD A Field-Based Annotated Smartpho\RiceLeafDiseaseBD\RiceLeafDiseaseBD\Annotated images ( visual with labels)\Rice Tungro\labels\Rice Tungro_432.txt,UNIQUE_GROUP_009198,False,calibration
Rice Tungro_433.jpg,.jpg,Annotated images ( visual with labels)/Rice Tungro/visuals/Rice Tungro_433.jpg,297682,True,1024,1024,1.0,RGB,3,JPEG,a04a2113db01d6be8a3fa30429733e361b1e083ce2e9f906349aed8d7072208c,,Rice Tungro,RiceLeafDiseaseBD,PRIMARY_DEVELOPMENT_DATASET,PRIMARY_005844,D:\BTech Final Year Project\RiceLeafDiseaseBD A Field-Based Annotated Smartpho\RiceLeafDiseaseBD A Field-Based Annotated Smartpho\RiceLeafDiseaseBD\RiceLeafDiseaseBD\Annotated images ( visual with labels)\Rice Tungro\labels\Rice Tungro_433.txt,UNIQUE_GROUP_011215,False,calibration
Rice Tungro_449.jpg,.jpg,Annotated images ( visual with labels)/Rice Tungro/visuals/Rice Tungro_449.jpg,314779,True,1024,1024,1.0,RGB,3,JPEG,3913fa8115497aa91f94afedfb4cc5b4fdb9ee09b4db92ada16cf59a4954aeb1,,Rice Tungro,RiceLeafDiseaseBD,PRIMARY_DEVELOPMENT_DATASET,PRIMARY_005861,D:\BTech Final Year Project\RiceLeafDiseaseBD A Field-Based Annotated Smartpho\RiceLeafDiseaseBD A Field-Based Annotated Smartpho\RiceLeafDiseaseBD\RiceLeafDiseaseBD\Annotated images ( visual with labels)\Rice Tungro\labels\Rice Tungro_449.txt,UNIQUE_GROUP_003999,False,calibration
Rice Tungro_454.jpg,.jpg,Annotated images ( visual with labels)/Rice Tungro/visuals/Rice Tungro_454.jpg,270503,True,1024,1024,1.0,RGB,3,JPEG,02e744a091133a19356e0f7c96aca1a310c73eca3773fd8cbd03c491fdeec27e,,Rice Tungro,RiceLeafDiseaseBD,PRIMARY_DEVELOPMENT_DATASET,PRIMARY_005867,D:\BTech Final Year Project\RiceLeafDiseaseBD A Field-Based Annotated Smartpho\RiceLeafDiseaseBD A Field-Based Annotated Smartpho\RiceLeafDiseaseBD\RiceLeafDiseaseBD\Annotated images ( visual with labels)\Rice Tungro\labels\Rice Tungro_454.txt,UNIQUE_GROUP_000188,False,calibration
Rice Tungro_479.jpg,.jpg,Annotated images ( visual with labels)/Rice Tungro/visuals/Rice Tungro_479.jpg,241481,True,1024,1024,1.0,RGB,3,JPEG,d4932da6def01376f5df4822053dc9976dac28c6c00a4d0927703d8c3b07f9ad,,Rice Tungro,RiceLeafDiseaseBD,PRIMARY_DEVELOPMENT_DATASET,PRIMARY_005894,D:\BTech Final Year Project\RiceLeafDiseaseBD A Field-Based Annotated Smartpho\RiceLeafDiseaseBD A Field-Based Annotated Smartpho\RiceLeafDiseaseBD\RiceLeafDiseaseBD\Annotated images ( visual with labels)\Rice Tungro\labels\Rice Tungro_479.txt,UNIQUE_GROUP_014888,False,calibration
Rice Tungro_49.jpg,.jpg,Annotated images ( visual with labels)/Rice Tungro/visuals/Rice Tungro_49.jpg,269608,True,1024,1024,1.0,RGB,3,JPEG,c4775f0b2550b4653865ba2a5824ab225c562dc9ebeba785c63c45801df229be,,Rice Tungro,RiceLeafDiseaseBD,PRIMARY_DEVELOPMENT_DATASET,PRIMARY_005906,D:\BTech Final Year Project\RiceLeafDiseaseBD A Field-Based Annotated Smartpho\RiceLeafDiseaseBD A Field-Based Annotated Smartpho\RiceLeafDiseaseBD\RiceLeafDiseaseBD\Annotated images ( visual with labels)\Rice Tungro\labels\Rice Tungro_49.txt,UNIQUE_GROUP_013749,False,calibration
Rice Tungro_493.jpg,.jpg,Annotated images ( visual with labels)/Rice Tungro/visuals/Rice Tungro_493.jpg,267519,True,1024,1024,1.0,RGB,3,JPEG,c0e3abc9d269621e8b3245ef116f6593b295a280c6a0dbce61b65aa8a23b6ccc,,Rice Tungro,RiceLeafDiseaseBD,PRIMARY_DEVELOPMENT_DATASET,PRIMARY_005910,D:\BTech Final Year Project\RiceLeafDiseaseBD A Field-Based Annotated Smartpho\RiceLeafDiseaseBD A Field-Based Annotated Smartpho\RiceLeafDiseaseBD\RiceLeafDiseaseBD\Annotated images ( visual with labels)\Rice Tungro\labels\Rice Tungro_493.txt,UNIQUE_GROUP_013495,False,calibration
Rice Tungro_501.jpg,.jpg,Annotated images ( visual with labels)/Rice Tungro/visuals/Rice Tungro_501.jpg,299219,True,1024,1024,1.0,RGB,3,JPEG,86deada0fdfd5f2c0b12b1fcb0cbbfff66b137605fa1ed5060a949e2f06c487c,,Rice Tungro,RiceLeafDiseaseBD,PRIMARY_DEVELOPMENT_DATASET,PRIMARY_005920,D:\BTech Final Year Project\RiceLeafDiseaseBD A Field-Based Annotated Smartpho\RiceLeafDiseaseBD A Field-Based Annotated Smartpho\RiceLeafDiseaseBD\RiceLeafDiseaseBD\Annotated images ( visual with labels)\Rice Tungro\labels\Rice Tungro_501.txt,UNIQUE_GROUP_009418,False,calibration
Rice Tungro_510.jpg,.jpg,Annotated images ( visual with labels)/Rice Tungro/visuals/Rice Tungro_510.jpg,314316,True,1024,1024,1.0,RGB,3,JPEG,4a92506b5814e15ef7b6ed1d537655d6a99a975ea0dc05e21c5f1a2a3432f6b6,,Rice Tungro,RiceLeafDiseaseBD,PRIMARY_DEVELOPMENT_DATASET,PRIMARY_005930,D:\BTech Final Year Project\RiceLeafDiseaseBD A Field-Based Annotated Smartpho\RiceLeafDiseaseBD A Field-Based Annotated Smartpho\RiceLeafDiseaseBD\RiceLeafDiseaseBD\Annotated images ( visual with labels)\Rice Tungro\labels\Rice Tungro_510.txt,UNIQUE_GROUP_005213,False,calibration
Rice Tungro_516.jpg,.jpg,Annotated images ( visual with labels)/Rice Tungro/visuals/Rice Tungro_516.jpg,355926,True,1024,1024,1.0,RGB,3,JPEG,392c9aaeca5959748414704ad98bdf00dee71543c28d3d03867203f5d2a80761,,Rice Tungro,RiceLeafDiseaseBD,PRIMARY_DEVELOPMENT_DATASET,PRIMARY_005936,D:\BTech Final Year Project\RiceLeafDiseaseBD A Field-Based Annotated Smartpho\RiceLeafDiseaseBD A Field-Based Annotated Smartpho\RiceLeafDiseaseBD\RiceLeafDiseaseBD\Annotated images ( visual with labels)\Rice Tungro\labels\Rice Tungro_516.txt,UNIQUE_GROUP_004003,False,calibration
Rice Tungro_524.jpg,.jpg,Annotated images ( visual with labels)/Rice Tungro/visuals/Rice Tungro_524.jpg,305274,True,1024,1024,1.0,RGB,3,JPEG,e30ecf7c6f77735ae7d27e38c98d735b667bec4d8a0a2584bc5b82709bd898be,,Rice Tungro,RiceLeafDiseaseBD,PRIMARY_DEVELOPMENT_DATASET,PRIMARY_005945,D:\BTech Final Year Project\RiceLeafDiseaseBD A Field-Based Annotated Smartpho\RiceLeafDiseaseBD A Field-Based Annotated Smartpho\RiceLeafDiseaseBD\RiceLeafDiseaseBD\Annotated images ( visual with labels)\Rice Tungro\labels\Rice Tungro_524.txt,UNIQUE_GROUP_015855,False,calibration
Rice Tungro_529.jpg,.jpg,Annotated images ( visual with labels)/Rice Tungro/visuals/Rice Tungro_529.jpg,333310,True,1024,1024,1.0,RGB,3,JPEG,0b7a746f1b36615791d000d36e01b63c12d9869c0a483bec92b6d750f894f09a,,Rice Tungro,RiceLeafDiseaseBD,PRIMARY_DEVELOPMENT_DATASET,PRIMARY_005950,D:\BTech Final Year Project\RiceLeafDiseaseBD A Field-Based Annotated Smartpho\RiceLeafDiseaseBD A Field-Based Annotated Smartpho\RiceLeafDiseaseBD\RiceLeafDiseaseBD\Annotated images ( visual with labels)\Rice Tungro\labels\Rice Tungro_529.txt,UNIQUE_GROUP_000784,False,calibration
Rice Tungro_53.jpg,.jpg,Annotated images ( visual with labels)/Rice Tungro/visuals/Rice Tungro_53.jpg,291471,True,1024,1024,1.0,RGB,3,JPEG,4514438b20bb3ba364c8f843bf60d0834297a799b1e45afea17adcd9ea2f0c6d,,Rice Tungro,RiceLeafDiseaseBD,PRIMARY_DEVELOPMENT_DATASET,PRIMARY_005951,D:\BTech Final Year Project\RiceLeafDiseaseBD A Field-Based Annotated Smartpho\RiceLeafDiseaseBD A Field-Based Annotated Smartpho\RiceLeafDiseaseBD\RiceLeafDiseaseBD\Annotated images ( visual with labels)\Rice Tungro\labels\Rice Tungro_53.txt,UNIQUE_GROUP_004824,False,calibration
Rice Tungro_558.jpg,.jpg,Annotated images ( visual with labels)/Rice Tungro/visuals/Rice Tungro_558.jpg,314098,True,1024,1024,1.0,RGB,3,JPEG,fda215e0ea6f468e6386d47c29a5225769b5cf08eda174573feadab92e2fb069,,Rice Tungro,RiceLeafDiseaseBD,PRIMARY_DEVELOPMENT_DATASET,PRIMARY_005982,D:\BTech Final Year Project\RiceLeafDiseaseBD A Field-Based Annotated Smartpho\RiceLeafDiseaseBD A Field-Based Annotated Smartpho\RiceLeafDiseaseBD\RiceLeafDiseaseBD\Annotated images ( visual with labels)\Rice Tungro\labels\Rice Tungro_558.txt,UNIQUE_GROUP_017631,False,calibration
Rice Tungro_571.jpg,.jpg,Annotated images ( visual with labels)/Rice Tungro/visuals/Rice Tungro_571.jpg,369377,True,1024,1024,1.0,RGB,3,JPEG,0a2083b5abaa8baf00e8eddc02464a88f6172c76a66a856c515bb74a23eedfa9,,Rice Tungro,RiceLeafDiseaseBD,PRIMARY_DEVELOPMENT_DATASET,PRIMARY_005997,D:\BTech Final Year Project\RiceLeafDiseaseBD A Field-Based Annotated Smartpho\RiceLeafDiseaseBD A Field-Based Annotated Smartpho\RiceLeafDiseaseBD\RiceLeafDiseaseBD\Annotated images ( visual with labels)\Rice Tungro\labels\Rice Tungro_571.txt,UNIQUE_GROUP_000688,False,calibration
Rice Tungro_575.jpg,.jpg,Annotated images ( visual with labels)/Rice Tungro/visuals/Rice Tungro_575.jpg,287391,True,1024,1024,1.0,RGB,3,JPEG,b09a703ad0f337525599cd42922791f6cb14b381c008642b90d5df38b6a9fee3,,Rice Tungro,RiceLeafDiseaseBD,PRIMARY_DEVELOPMENT_DATASET,PRIMARY_006001,D:\BTech Final Year Project\RiceLeafDiseaseBD A Field-Based Annotated Smartpho\RiceLeafDiseaseBD A Field-Based Annotated Smartpho\RiceLeafDiseaseBD\RiceLeafDiseaseBD\Annotated images ( visual with labels)\Rice Tungro\labels\Rice Tungro_575.txt,UNIQUE_GROUP_012351,False,calibration
Rice Tungro_591.jpg,.jpg,Annotated images ( visual with labels)/Rice Tungro/visuals/Rice Tungro_591.jpg,302046,True,1024,1024,1.0,RGB,3,JPEG,7fe05431bf9fc180afffd320255f552a0f9816bd4b177d3fa3d0b2fd30832e3c,,Rice Tungro,RiceLeafDiseaseBD,PRIMARY_DEVELOPMENT_DATASET,PRIMARY_006019,D:\BTech Final Year Project\RiceLeafDiseaseBD A Field-Based Annotated Smartpho\RiceLeafDiseaseBD A Field-Based Annotated Smartpho\RiceLeafDiseaseBD\RiceLeafDiseaseBD\Annotated images ( visual with labels)\Rice Tungro\labels\Rice Tungro_591.txt,UNIQUE_GROUP_008938,False,calibration
Rice Tungro_603.jpg,.jpg,Annotated images ( visual with labels)/Rice Tungro/visuals/Rice Tungro_603.jpg,283596,True,1024,1024,1.0,RGB,3,JPEG,a3469efadbbd57e9d5ab2cd2c4d22974b33d118e6356b96b4b99bd3cd7b3721e,,Rice Tungro,RiceLeafDiseaseBD,PRIMARY_DEVELOPMENT_DATASET,PRIMARY_006033,D:\BTech Final Year Project\RiceLeafDiseaseBD A Field-Based Annotated Smartpho\RiceLeafDiseaseBD A Field-Based Annotated Smartpho\RiceLeafDiseaseBD\RiceLeafDiseaseBD\Annotated images ( visual with labels)\Rice Tungro\labels\Rice Tungro_603.txt,UNIQUE_GROUP_011434,False,calibration
Rice Tungro_621.jpg,.jpg,Annotated images ( visual with labels)/Rice Tungro/visuals/Rice Tungro_621.jpg,298398,True,1024,1024,1.0,RGB,3,JPEG,bec74342d934990cadf91f3bf0ae58c052d0d23f62782a3144467373bf74bf71,,Rice Tungro,RiceLeafDiseaseBD,PRIMARY_DEVELOPMENT_DATASET,PRIMARY_006053,D:\BTech Final Year Project\RiceLeafDiseaseBD A Field-Based Annotated Smartpho\RiceLeafDiseaseBD A Field-Based Annotated Smartpho\RiceLeafDiseaseBD\RiceLeafDiseaseBD\Annotated images ( visual with labels)\Rice Tungro\labels\Rice Tungro_621.txt,UNIQUE_GROUP_013335,False,calibration
Rice Tungro_634.jpg,.jpg,Annotated images ( visual with labels)/Rice Tungro/visuals/Rice Tungro_634.jpg,275435,True,1024,1024,1.0,RGB,3,JPEG,858fa1efb46aede5cf2313117fa488058051b03a9a12e6da4bc77bec7a5b7164,,Rice Tungro,RiceLeafDiseaseBD,PRIMARY_DEVELOPMENT_DATASET,PRIMARY_006067,D:\BTech Final Year Project\RiceLeafDiseaseBD A Field-Based Annotated Smartpho\RiceLeafDiseaseBD A Field-Based Annotated Smartpho\RiceLeafDiseaseBD\RiceLeafDiseaseBD\Annotated images ( visual with labels)\Rice Tungro\labels\Rice Tungro_634.txt,UNIQUE_GROUP_009337,False,calibration
Rice Tungro_641.jpg,.jpg,Annotated images ( visual with labels)/Rice Tungro/visuals/Rice Tungro_641.jpg,262574,True,1024,1024,1.0,RGB,3,JPEG,2e0e163e1a543ee86a6ffde4a2a1408f5af4f915dd676b578118d0650d602cbe,,Rice Tungro,RiceLeafDiseaseBD,PRIMARY_DEVELOPMENT_DATASET,PRIMARY_006075,D:\BTech Final Year Project\RiceLeafDiseaseBD A Field-Based Annotated Smartpho\RiceLeafDiseaseBD A Field-Based Annotated Smartpho\RiceLeafDiseaseBD\RiceLeafDiseaseBD\Annotated images ( visual with labels)\Rice Tungro\labels\Rice Tungro_641.txt,UNIQUE_GROUP_003221,False,calibration
Rice Tungro_656.jpg,.jpg,Annotated images ( visual with labels)/Rice Tungro/visuals/Rice Tungro_656.jpg,302475,True,1024,1024,1.0,RGB,3,JPEG,0f60425eba671d81ac8b642787b625213d1d9eab540c5849c2641558ac00da8a,,Rice Tungro,RiceLeafDiseaseBD,PRIMARY_DEVELOPMENT_DATASET,PRIMARY_006091,D:\BTech Final Year Project\RiceLeafDiseaseBD A Field-Based Annotated Smartpho\RiceLeafDiseaseBD A Field-Based Annotated Smartpho\RiceLeafDiseaseBD\RiceLeafDiseaseBD\Annotated images ( visual with labels)\Rice Tungro\labels\Rice Tungro_656.txt,UNIQUE_GROUP_001063,False,calibration
Rice Tungro_672.jpg,.jpg,Annotated images ( visual with labels)/Rice Tungro/visuals/Rice Tungro_672.jpg,277812,True,1024,1024,1.0,RGB,3,JPEG,c78fadff439ebdf336646b05eb0344790ac41ff8820364366e3f6747ef703ddb,,Rice Tungro,RiceLeafDiseaseBD,PRIMARY_DEVELOPMENT_DATASET,PRIMARY_006109,D:\BTech Final Year Project\RiceLeafDiseaseBD A Field-Based Annotated Smartpho\RiceLeafDiseaseBD A Field-Based Annotated Smartpho\RiceLeafDiseaseBD\RiceLeafDiseaseBD\Annotated images ( visual with labels)\Rice Tungro\labels\Rice Tungro_672.txt,UNIQUE_GROUP_013963,False,calibration
Rice Tungro_679.jpg,.jpg,Annotated images ( visual with labels)/Rice Tungro/visuals/Rice Tungro_679.jpg,316785,True,1024,1024,1.0,RGB,3,JPEG,894c532cf3828f12786b9e1cc309679f44bc82633a15e1eab12020f156bd5530,,Rice Tungro,RiceLeafDiseaseBD,PRIMARY_DEVELOPMENT_DATASET,PRIMARY_006116,D:\BTech Final Year Project\RiceLeafDiseaseBD A Field-Based Annotated Smartpho\RiceLeafDiseaseBD A Field-Based Annotated Smartpho\RiceLeafDiseaseBD\RiceLeafDiseaseBD\Annotated images ( visual with labels)\Rice Tungro\labels\Rice Tungro_679.txt,UNIQUE_GROUP_009592,False,calibration
Rice Tungro_695.jpg,.jpg,Annotated images ( visual with labels)/Rice Tungro/visuals/Rice Tungro_695.jpg,302611,True,1024,1024,1.0,RGB,3,JPEG,36aa94feaf837bcc07b1f9b21aa1d4d0ae445d38f56ac3a96579acde30a0ee21,,Rice Tungro,RiceLeafDiseaseBD,PRIMARY_DEVELOPMENT_DATASET,PRIMARY_006134,D:\BTech Final Year Project\RiceLeafDiseaseBD A Field-Based Annotated Smartpho\RiceLeafDiseaseBD A Field-Based Annotated Smartpho\RiceLeafDiseaseBD\RiceLeafDiseaseBD\Annotated images ( visual with labels)\Rice Tungro\labels\Rice Tungro_695.txt,UNIQUE_GROUP_003805,False,calibration
Rice Tungro_702.jpg,.jpg,Annotated images ( visual with labels)/Rice Tungro/visuals/Rice Tungro_702.jpg,301547,True,1024,1024,1.0,RGB,3,JPEG,2cbababae264dd01a6bc2a1172711d4299550dad24ab042c6b540e8f461ed5dd,,Rice Tungro,RiceLeafDiseaseBD,PRIMARY_DEVELOPMENT_DATASET,PRIMARY_006143,D:\BTech Final Year Project\RiceLeafDiseaseBD A Field-Based Annotated Smartpho\RiceLeafDiseaseBD A Field-Based Annotated Smartpho\RiceLeafDiseaseBD\RiceLeafDiseaseBD\Annotated images ( visual with labels)\Rice Tungro\labels\Rice Tungro_702.txt,UNIQUE_GROUP_003131,False,calibration
Rice Tungro_717.jpg,.jpg,Annotated images ( visual with labels)/Rice Tungro/visuals/Rice Tungro_717.jpg,412572,True,1024,1024,1.0,RGB,3,JPEG,a8aea7022d325736569ab765da2fb29622d5280e909bd6a648b577b4a933c388,,Rice Tungro,RiceLeafDiseaseBD,PRIMARY_DEVELOPMENT_DATASET,PRIMARY_006159,D:\BTech Final Year Project\RiceLeafDiseaseBD A Field-Based Annotated Smartpho\RiceLeafDiseaseBD A Field-Based Annotated Smartpho\RiceLeafDiseaseBD\RiceLeafDiseaseBD\Annotated images ( visual with labels)\Rice Tungro\labels\Rice Tungro_717.txt,UNIQUE_GROUP_011808,False,calibration
Rice Tungro_724.jpg,.jpg,Annotated images ( visual with labels)/Rice Tungro/visuals/Rice Tungro_724.jpg,307311,True,1024,1024,1.0,RGB,3,JPEG,30597358a23da5020c23d0d54a215e72907e947ad5c5a20bd7b458f7a7590da2,,Rice Tungro,RiceLeafDiseaseBD,PRIMARY_DEVELOPMENT_DATASET,PRIMARY_006167,D:\BTech Final Year Project\RiceLeafDiseaseBD A Field-Based Annotated Smartpho\RiceLeafDiseaseBD A Field-Based Annotated Smartpho\RiceLeafDiseaseBD\RiceLeafDiseaseBD\Annotated images ( visual with labels)\Rice Tungro\labels\Rice Tungro_724.txt,UNIQUE_GROUP_003375,False,calibration
Rice Tungro_733.jpg,.jpg,Annotated images ( visual with labels)/Rice Tungro/visuals/Rice Tungro_733.jpg,289275,True,1024,1024,1.0,RGB,3,JPEG,895c81dfda5938f6773f936da1a3eb9a327f9389de18fdbf8c1fc34ed9b10953,,Rice Tungro,RiceLeafDiseaseBD,PRIMARY_DEVELOPMENT_DATASET,PRIMARY_006177,D:\BTech Final Year Project\RiceLeafDiseaseBD A Field-Based Annotated Smartpho\RiceLeafDiseaseBD A Field-Based Annotated Smartpho\RiceLeafDiseaseBD\RiceLeafDiseaseBD\Annotated images ( visual with labels)\Rice Tungro\labels\Rice Tungro_733.txt,UNIQUE_GROUP_009598,False,calibration
Rice Tungro_738.jpg,.jpg,Annotated images ( visual with labels)/Rice Tungro/visuals/Rice Tungro_738.jpg,271565,True,1024,1024,1.0,RGB,3,JPEG,24e9ae83896e22388b89ab5b737af347944b57657c65e4772b41537dfcd3425f,,Rice Tungro,RiceLeafDiseaseBD,PRIMARY_DEVELOPMENT_DATASET,PRIMARY_006182,D:\BTech Final Year Project\RiceLeafDiseaseBD A Field-Based Annotated Smartpho\RiceLeafDiseaseBD A Field-Based Annotated Smartpho\RiceLeafDiseaseBD\RiceLeafDiseaseBD\Annotated images ( visual with labels)\Rice Tungro\labels\Rice Tungro_738.txt,UNIQUE_GROUP_002587,False,calibration
Rice Tungro_744.jpg,.jpg,Annotated images ( visual with labels)/Rice Tungro/visuals/Rice Tungro_744.jpg,299497,True,1024,1024,1.0,RGB,3,JPEG,e88a8c80c9b69cf90b589a4b89c67d67e0320d8cd9227abbd09b21eebd440ec3,,Rice Tungro,RiceLeafDiseaseBD,PRIMARY_DEVELOPMENT_DATASET,PRIMARY_006189,D:\BTech Final Year Project\RiceLeafDiseaseBD A Field-Based Annotated Smartpho\RiceLeafDiseaseBD A Field-Based Annotated Smartpho\RiceLeafDiseaseBD\RiceLeafDiseaseBD\Annotated images ( visual with labels)\Rice Tungro\labels\Rice Tungro_744.txt,UNIQUE_GROUP_016216,False,calibration
Rice Tungro_749.jpg,.jpg,Annotated images ( visual with labels)/Rice Tungro/visuals/Rice Tungro_749.jpg,327365,True,1024,1024,1.0,RGB,3,JPEG,0d4c260f22cf70755df50c7816ba870516076c1b0824c388eec26802af50c9f4,,Rice Tungro,RiceLeafDiseaseBD,PRIMARY_DEVELOPMENT_DATASET,PRIMARY_006194,D:\BTech Final Year Project\RiceLeafDiseaseBD A Field-Based Annotated Smartpho\RiceLeafDiseaseBD A Field-Based Annotated Smartpho\RiceLeafDiseaseBD\RiceLeafDiseaseBD\Annotated images ( visual with labels)\Rice Tungro\labels\Rice Tungro_749.txt,UNIQUE_GROUP_000912,False,calibration
Rice Tungro_778.jpg,.jpg,Annotated images ( visual with labels)/Rice Tungro/visuals/Rice Tungro_778.jpg,284082,True,1024,1024,1.0,RGB,3,JPEG,3d51d4606cc7a54725e2906e34c387d3ea09aed7a2ace507e343d6b4f7d8c5e4,,Rice Tungro,RiceLeafDiseaseBD,PRIMARY_DEVELOPMENT_DATASET,PRIMARY_006226,D:\BTech Final Year Project\RiceLeafDiseaseBD A Field-Based Annotated Smartpho\RiceLeafDiseaseBD A Field-Based Annotated Smartpho\RiceLeafDiseaseBD\RiceLeafDiseaseBD\Annotated images ( visual with labels)\Rice Tungro\labels\Rice Tungro_778.txt,UNIQUE_GROUP_004272,False,calibration
Rice Tungro_782.jpg,.jpg,Annotated images ( visual with labels)/Rice Tungro/visuals/Rice Tungro_782.jpg,295304,True,1024,1024,1.0,RGB,3,JPEG,caa50964301eae643a4c34a80a8806dc39d074af21207c1484cfea47041c6e7b,,Rice Tungro,RiceLeafDiseaseBD,PRIMARY_DEVELOPMENT_DATASET,PRIMARY_006231,D:\BTech Final Year Project\RiceLeafDiseaseBD A Field-Based Annotated Smartpho\RiceLeafDiseaseBD A Field-Based Annotated Smartpho\RiceLeafDiseaseBD\RiceLeafDiseaseBD\Annotated images ( visual with labels)\Rice Tungro\labels\Rice Tungro_782.txt,UNIQUE_GROUP_014176,False,calibration
Rice Tungro_785.jpg,.jpg,Annotated images ( visual with labels)/Rice Tungro/visuals/Rice Tungro_785.jpg,292146,True,1024,1024,1.0,RGB,3,JPEG,d72cb4e6273a45db2193b054cdb47d2366d1b20e0c1a5ebaf6e7a83b28057ba9,,Rice Tungro,RiceLeafDiseaseBD,PRIMARY_DEVELOPMENT_DATASET,PRIMARY_006234,D:\BTech Final Year Project\RiceLeafDiseaseBD A Field-Based Annotated Smartpho\RiceLeafDiseaseBD A Field-Based Annotated Smartpho\RiceLeafDiseaseBD\RiceLeafDiseaseBD\Annotated images ( visual with labels)\Rice Tungro\labels\Rice Tungro_785.txt,UNIQUE_GROUP_015054,False,calibration
Rice Tungro_809.jpg,.jpg,Annotated images ( visual with labels)/Rice Tungro/visuals/Rice Tungro_809.jpg,250200,True,1024,1024,1.0,RGB,3,JPEG,5dabee789577c15c0447d5d210b1a840a45fb05da9fac1e6c8931d3efbbdef24,,Rice Tungro,RiceLeafDiseaseBD,PRIMARY_DEVELOPMENT_DATASET,PRIMARY_006261,D:\BTech Final Year Project\RiceLeafDiseaseBD A Field-Based Annotated Smartpho\RiceLeafDiseaseBD A Field-Based Annotated Smartpho\RiceLeafDiseaseBD\RiceLeafDiseaseBD\Annotated images ( visual with labels)\Rice Tungro\labels\Rice Tungro_809.txt,UNIQUE_GROUP_006551,False,calibration
Rice Tungro_816.jpg,.jpg,Annotated images ( visual with labels)/Rice Tungro/visuals/Rice Tungro_816.jpg,282828,True,1024,1024,1.0,RGB,3,JPEG,7b810b83064e29373f4e81a6761643057487f8efeeb02858b350c2ec5280acb7,,Rice Tungro,RiceLeafDiseaseBD,PRIMARY_DEVELOPMENT_DATASET,PRIMARY_006269,D:\BTech Final Year Project\RiceLeafDiseaseBD A Field-Based Annotated Smartpho\RiceLeafDiseaseBD A Field-Based Annotated Smartpho\RiceLeafDiseaseBD\RiceLeafDiseaseBD\Annotated images ( visual with labels)\Rice Tungro\labels\Rice Tungro_816.txt,UNIQUE_GROUP_008607,False,calibration
Rice Tungro_830.jpg,.jpg,Annotated images ( visual with labels)/Rice Tungro/visuals/Rice Tungro_830.jpg,296403,True,1024,1024,1.0,RGB,3,JPEG,bff237bfeb874449df7ac21af720c70767fa499f061da3ef061c52c0f3fcf0f9,,Rice Tungro,RiceLeafDiseaseBD,PRIMARY_DEVELOPMENT_DATASET,PRIMARY_006285,D:\BTech Final Year Project\RiceLeafDiseaseBD A Field-Based Annotated Smartpho\RiceLeafDiseaseBD A Field-Based Annotated Smartpho\RiceLeafDiseaseBD\RiceLeafDiseaseBD\Annotated images ( visual with labels)\Rice Tungro\labels\Rice Tungro_830.txt,UNIQUE_GROUP_013427,False,calibration
Rice Tungro_831.jpg,.jpg,Annotated images ( visual with labels)/Rice Tungro/visuals/Rice Tungro_831.jpg,282168,True,1024,1024,1.0,RGB,3,JPEG,74ba3aaea1cd6c5501ed9790905e79e97974e40ebfef81889a1a0a6618e52eaf,,Rice Tungro,RiceLeafDiseaseBD,PRIMARY_DEVELOPMENT_DATASET,PRIMARY_006286,D:\BTech Final Year Project\RiceLeafDiseaseBD A Field-Based Annotated Smartpho\RiceLeafDiseaseBD A Field-Based Annotated Smartpho\RiceLeafDiseaseBD\RiceLeafDiseaseBD\Annotated images ( visual with labels)\Rice Tungro\labels\Rice Tungro_831.txt,UNIQUE_GROUP_008143,False,calibration
Rice Tungro_834.jpg,.jpg,Annotated images ( visual with labels)/Rice Tungro/visuals/Rice Tungro_834.jpg,264808,True,1024,1024,1.0,RGB,3,JPEG,6b8789dfb79e34fd8fbdc85903191da08679a7d59d87efe694e0ae5f14fc72f0,,Rice Tungro,RiceLeafDiseaseBD,PRIMARY_DEVELOPMENT_DATASET,PRIMARY_006289,D:\BTech Final Year Project\RiceLeafDiseaseBD A Field-Based Annotated Smartpho\RiceLeafDiseaseBD A Field-Based Annotated Smartpho\RiceLeafDiseaseBD\RiceLeafDiseaseBD\Annotated images ( visual with labels)\Rice Tungro\labels\Rice Tungro_834.txt,UNIQUE_GROUP_007505,False,calibration
Rice Tungro_845.jpg,.jpg,Annotated images ( visual with labels)/Rice Tungro/visuals/Rice Tungro_845.jpg,278595,True,1024,1024,1.0,RGB,3,JPEG,00d96f1c8b78af4c590f006bec0f511e564c12970123a3df25859357b196c4d1,,Rice Tungro,RiceLeafDiseaseBD,PRIMARY_DEVELOPMENT_DATASET,PRIMARY_006301,D:\BTech Final Year Project\RiceLeafDiseaseBD A Field-Based Annotated Smartpho\RiceLeafDiseaseBD A Field-Based Annotated Smartpho\RiceLeafDiseaseBD\RiceLeafDiseaseBD\Annotated images ( visual with labels)\Rice Tungro\labels\Rice Tungro_845.txt,UNIQUE_GROUP_000058,False,calibration
Rice Tungro_855.jpg,.jpg,Annotated images ( visual with labels)/Rice Tungro/visuals/Rice Tungro_855.jpg,291688,True,1024,1024,1.0,RGB,3,JPEG,5d5df6524ada9456407a0b976ad4fd2d57a1dad5866c6bd5cce6d9b1fae29652,,Rice Tungro,RiceLeafDiseaseBD,PRIMARY_DEVELOPMENT_DATASET,PRIMARY_006312,D:\BTech Final Year Project\RiceLeafDiseaseBD A Field-Based Annotated Smartpho\RiceLeafDiseaseBD A Field-Based Annotated Smartpho\RiceLeafDiseaseBD\RiceLeafDiseaseBD\Annotated images ( visual with labels)\Rice Tungro\labels\Rice Tungro_855.txt,UNIQUE_GROUP_006532,False,calibration
Rice Tungro_858.jpg,.jpg,Annotated images ( visual with labels)/Rice Tungro/visuals/Rice Tungro_858.jpg,283875,True,1024,1024,1.0,RGB,3,JPEG,02f870267102b5f2081dd4ffc4d1e0878e7d7ee89b23f6a4bf9b946835c10fd9,,Rice Tungro,RiceLeafDiseaseBD,PRIMARY_DEVELOPMENT_DATASET,PRIMARY_006315,D:\BTech Final Year Project\RiceLeafDiseaseBD A Field-Based Annotated Smartpho\RiceLeafDiseaseBD A Field-Based Annotated Smartpho\RiceLeafDiseaseBD\RiceLeafDiseaseBD\Annotated images ( visual with labels)\Rice Tungro\labels\Rice Tungro_858.txt,UNIQUE_GROUP_000193,False,calibration
Rice Tungro_875.jpg,.jpg,Annotated images ( visual with labels)/Rice Tungro/visuals/Rice Tungro_875.jpg,304597,True,1024,1024,1.0,RGB,3,JPEG,4dee079fd8728c242277459a5ee51594b4737a52ab00c53f16a173697a2b9d84,,Rice Tungro,RiceLeafDiseaseBD,PRIMARY_DEVELOPMENT_DATASET,PRIMARY_006334,D:\BTech Final Year Project\RiceLeafDiseaseBD A Field-Based Annotated Smartpho\RiceLeafDiseaseBD A Field-Based Annotated Smartpho\RiceLeafDiseaseBD\RiceLeafDiseaseBD\Annotated images ( visual with labels)\Rice Tungro\labels\Rice Tungro_875.txt,UNIQUE_GROUP_005462,False,calibration
Rice Tungro_876.jpg,.jpg,Annotated images ( visual with labels)/Rice Tungro/visuals/Rice Tungro_876.jpg,282873,True,1024,1024,1.0,RGB,3,JPEG,cb819c0c5279d11827bd26d02d0eed2627893a9422b7f9e009ce175c97fc4d8c,,Rice Tungro,RiceLeafDiseaseBD,PRIMARY_DEVELOPMENT_DATASET,PRIMARY_006335,D:\BTech Final Year Project\RiceLeafDiseaseBD A Field-Based Annotated Smartpho\RiceLeafDiseaseBD A Field-Based Annotated Smartpho\RiceLeafDiseaseBD\RiceLeafDiseaseBD\Annotated images ( visual with labels)\Rice Tungro\labels\Rice Tungro_876.txt,UNIQUE_GROUP_014237,False,calibration
Rice Tungro_879.jpg,.jpg,Annotated images ( visual with labels)/Rice Tungro/visuals/Rice Tungro_879.jpg,259605,True,1024,1024,1.0,RGB,3,JPEG,ce585a02d0e7aa3641b2fbf8633a381fdb1e66698c4da23dd03a822e44f0ef02,,Rice Tungro,RiceLeafDiseaseBD,PRIMARY_DEVELOPMENT_DATASET,PRIMARY_006338,D:\BTech Final Year Project\RiceLeafDiseaseBD A Field-Based Annotated Smartpho\RiceLeafDiseaseBD A Field-Based Annotated Smartpho\RiceLeafDiseaseBD\RiceLeafDiseaseBD\Annotated images ( visual with labels)\Rice Tungro\labels\Rice Tungro_879.txt,UNIQUE_GROUP_014433,False,calibration
Rice Tungro_900.jpg,.jpg,Annotated images ( visual with labels)/Rice Tungro/visuals/Rice Tungro_900.jpg,300213,True,1024,1024,1.0,RGB,3,JPEG,7ba9b862a561c52aba06d542a7d97ae319d690cfa05bfb7214a0e86c582f113c,,Rice Tungro,RiceLeafDiseaseBD,PRIMARY_DEVELOPMENT_DATASET,PRIMARY_006363,D:\BTech Final Year Project\RiceLeafDiseaseBD A Field-Based Annotated Smartpho\RiceLeafDiseaseBD A Field-Based Annotated Smartpho\RiceLeafDiseaseBD\RiceLeafDiseaseBD\Annotated images ( visual with labels)\Rice Tungro\labels\Rice Tungro_900.txt,UNIQUE_GROUP_008624,False,calibration
Rice Tungro_903.jpg,.jpg,Annotated images ( visual with labels)/Rice Tungro/visuals/Rice Tungro_903.jpg,348056,True,1024,1024,1.0,RGB,3,JPEG,c4902949fbc4b264c0bdc07e1752071bf525b37c6f6dd909a667f8d04dd48ba3,,Rice Tungro,RiceLeafDiseaseBD,PRIMARY_DEVELOPMENT_DATASET,PRIMARY_006366,D:\BTech Final Year Project\RiceLeafDiseaseBD A Field-Based Annotated Smartpho\RiceLeafDiseaseBD A Field-Based Annotated Smartpho\RiceLeafDiseaseBD\RiceLeafDiseaseBD\Annotated images ( visual with labels)\Rice Tungro\labels\Rice Tungro_903.txt,UNIQUE_GROUP_013761,False,calibration
Rice Tungro_912.jpg,.jpg,Annotated images ( visual with labels)/Rice Tungro/visuals/Rice Tungro_912.jpg,309308,True,1024,1024,1.0,RGB,3,JPEG,22a62196626ea215d6fc4f0a36ea30264f7d7c0516cec941e87e46666942f744,,Rice Tungro,RiceLeafDiseaseBD,PRIMARY_DEVELOPMENT_DATASET,PRIMARY_006376,D:\BTech Final Year Project\RiceLeafDiseaseBD A Field-Based Annotated Smartpho\RiceLeafDiseaseBD A Field-Based Annotated Smartpho\RiceLeafDiseaseBD\RiceLeafDiseaseBD\Annotated images ( visual with labels)\Rice Tungro\labels\Rice Tungro_912.txt,UNIQUE_GROUP_002429,False,calibration
Rice Tungro_920.jpg,.jpg,Annotated images ( visual with labels)/Rice Tungro/visuals/Rice Tungro_920.jpg,286209,True,1024,1024,1.0,RGB,3,JPEG,b1791aa1131d7647188fbd54f17569aa7722124c1a1259e6eac8f9360f800fd4,,Rice Tungro,RiceLeafDiseaseBD,PRIMARY_DEVELOPMENT_DATASET,PRIMARY_006385,D:\BTech Final Year Project\RiceLeafDiseaseBD A Field-Based Annotated Smartpho\RiceLeafDiseaseBD A Field-Based Annotated Smartpho\RiceLeafDiseaseBD\RiceLeafDiseaseBD\Annotated images ( visual with labels)\Rice Tungro\labels\Rice Tungro_920.txt,UNIQUE_GROUP_012409,False,calibration
Rice Tungro_922.jpg,.jpg,Annotated images ( visual with labels)/Rice Tungro/visuals/Rice Tungro_922.jpg,291463,True,1024,1024,1.0,RGB,3,JPEG,3f1b3bbfdfe3c383b876564580b502f7a584ef1ec1528f4a9cf023c5fbf69674,,Rice Tungro,RiceLeafDiseaseBD,PRIMARY_DEVELOPMENT_DATASET,PRIMARY_006387,D:\BTech Final Year Project\RiceLeafDiseaseBD A Field-Based Annotated Smartpho\RiceLeafDiseaseBD A Field-Based Annotated Smartpho\RiceLeafDiseaseBD\RiceLeafDiseaseBD\Annotated images ( visual with labels)\Rice Tungro\labels\Rice Tungro_922.txt,UNIQUE_GROUP_004416,False,calibration
Rice Tungro_930.jpg,.jpg,Annotated images ( visual with labels)/Rice Tungro/visuals/Rice Tungro_930.jpg,268698,True,1024,1024,1.0,RGB,3,JPEG,b6724a3c7c24d726642c572235c6569fa6deb0214d3801a888a9eed65e7b368f,,Rice Tungro,RiceLeafDiseaseBD,PRIMARY_DEVELOPMENT_DATASET,PRIMARY_006396,D:\BTech Final Year Project\RiceLeafDiseaseBD A Field-Based Annotated Smartpho\RiceLeafDiseaseBD A Field-Based Annotated Smartpho\RiceLeafDiseaseBD\RiceLeafDiseaseBD\Annotated images ( visual with labels)\Rice Tungro\labels\Rice Tungro_930.txt,UNIQUE_GROUP_012756,False,calibration
Rice Tungro_935.jpg,.jpg,Annotated images ( visual with labels)/Rice Tungro/visuals/Rice Tungro_935.jpg,287232,True,1024,1024,1.0,RGB,3,JPEG,5a09965fb0b4ffafcbdc8922e2fd4ac028ff88d1924ea92c0a325768fcc3f868,,Rice Tungro,RiceLeafDiseaseBD,PRIMARY_DEVELOPMENT_DATASET,PRIMARY_006401,D:\BTech Final Year Project\RiceLeafDiseaseBD A Field-Based Annotated Smartpho\RiceLeafDiseaseBD A Field-Based Annotated Smartpho\RiceLeafDiseaseBD\RiceLeafDiseaseBD\Annotated images ( visual with labels)\Rice Tungro\labels\Rice Tungro_935.txt,UNIQUE_GROUP_006302,False,calibration
Rice Tungro_940.jpg,.jpg,Annotated images ( visual with labels)/Rice Tungro/visuals/Rice Tungro_940.jpg,281173,True,1024,1024,1.0,RGB,3,JPEG,19861eee48e5155e3aaf638a2e9048ce43c6599544b8fb08613d39a55835cda0,,Rice Tungro,RiceLeafDiseaseBD,PRIMARY_DEVELOPMENT_DATASET,PRIMARY_006407,D:\BTech Final Year Project\RiceLeafDiseaseBD A Field-Based Annotated Smartpho\RiceLeafDiseaseBD A Field-Based Annotated Smartpho\RiceLeafDiseaseBD\RiceLeafDiseaseBD\Annotated images ( visual with labels)\Rice Tungro\labels\Rice Tungro_940.txt,UNIQUE_GROUP_001753,False,calibration
Rice Tungro_943.jpg,.jpg,Annotated images ( visual with labels)/Rice Tungro/visuals/Rice Tungro_943.jpg,302498,True,1024,1024,1.0,RGB,3,JPEG,cea39ee0a3c2b6670ef0f7a8ffb708d230b8f8857e5e68d26ab7072e82d20851,,Rice Tungro,RiceLeafDiseaseBD,PRIMARY_DEVELOPMENT_DATASET,PRIMARY_006410,D:\BTech Final Year Project\RiceLeafDiseaseBD A Field-Based Annotated Smartpho\RiceLeafDiseaseBD A Field-Based Annotated Smartpho\RiceLeafDiseaseBD\RiceLeafDiseaseBD\Annotated images ( visual with labels)\Rice Tungro\labels\Rice Tungro_943.txt,UNIQUE_GROUP_014450,False,calibration
Rice Tungro_949.jpg,.jpg,Annotated images ( visual with labels)/Rice Tungro/visuals/Rice Tungro_949.jpg,347420,True,1024,1024,1.0,RGB,3,JPEG,0cdffe4f215d8b29062cdcd1f5cf0bea10928a0a6d4b6d835125dc5b483fba6e,,Rice Tungro,RiceLeafDiseaseBD,PRIMARY_DEVELOPMENT_DATASET,PRIMARY_006416,D:\BTech Final Year Project\RiceLeafDiseaseBD A Field-Based Annotated Smartpho\RiceLeafDiseaseBD A Field-Based Annotated Smartpho\RiceLeafDiseaseBD\RiceLeafDiseaseBD\Annotated images ( visual with labels)\Rice Tungro\labels\Rice Tungro_949.txt,UNIQUE_GROUP_000881,False,calibration
Rice Tungro_954.jpg,.jpg,Annotated images ( visual with labels)/Rice Tungro/visuals/Rice Tungro_954.jpg,331116,True,1024,1024,1.0,RGB,3,JPEG,335d3de12115e0c4c6734a3594f195128787a3742caacdc9249177cbe11fd1a7,,Rice Tungro,RiceLeafDiseaseBD,PRIMARY_DEVELOPMENT_DATASET,PRIMARY_006422,D:\BTech Final Year Project\RiceLeafDiseaseBD A Field-Based Annotated Smartpho\RiceLeafDiseaseBD A Field-Based Annotated Smartpho\RiceLeafDiseaseBD\RiceLeafDiseaseBD\Annotated images ( visual with labels)\Rice Tungro\labels\Rice Tungro_954.txt,UNIQUE_GROUP_003584,False,calibration
Rice Tungro_957.jpg,.jpg,Annotated images ( visual with labels)/Rice Tungro/visuals/Rice Tungro_957.jpg,288402,True,1024,1024,1.0,RGB,3,JPEG,714685017ec919e2fd53a554c2bbfe3b1ae26e02eb574e87846c76080b20d7cf,,Rice Tungro,RiceLeafDiseaseBD,PRIMARY_DEVELOPMENT_DATASET,PRIMARY_006425,D:\BTech Final Year Project\RiceLeafDiseaseBD A Field-Based Annotated Smartpho\RiceLeafDiseaseBD A Field-Based Annotated Smartpho\RiceLeafDiseaseBD\RiceLeafDiseaseBD\Annotated images ( visual with labels)\Rice Tungro\labels\Rice Tungro_957.txt,UNIQUE_GROUP_007911,False,calibration
Rice Tungro_965.jpg,.jpg,Annotated images ( visual with labels)/Rice Tungro/visuals/Rice Tungro_965.jpg,296823,True,1024,1024,1.0,RGB,3,JPEG,60393f6afc08ce40657eb51872b122d223886220c3e6ed388e8f2925c5921f9d,,Rice Tungro,RiceLeafDiseaseBD,PRIMARY_DEVELOPMENT_DATASET,PRIMARY_006434,D:\BTech Final Year Project\RiceLeafDiseaseBD A Field-Based Annotated Smartpho\RiceLeafDiseaseBD A Field-Based Annotated Smartpho\RiceLeafDiseaseBD\RiceLeafDiseaseBD\Annotated images ( visual with labels)\Rice Tungro\labels\Rice Tungro_965.txt,UNIQUE_GROUP_006743,False,calibration
Rice Tungro_970.jpg,.jpg,Annotated images ( visual with labels)/Rice Tungro/visuals/Rice Tungro_970.jpg,301792,True,1024,1024,1.0,RGB,3,JPEG,084d523241caf9741f7b3c9d5ea910ed5f95d0dd72cd9f0a764509c2c0defb4c,,Rice Tungro,RiceLeafDiseaseBD,PRIMARY_DEVELOPMENT_DATASET,PRIMARY_006440,D:\BTech Final Year Project\RiceLeafDiseaseBD A Field-Based Annotated Smartpho\RiceLeafDiseaseBD A Field-Based Annotated Smartpho\RiceLeafDiseaseBD\RiceLeafDiseaseBD\Annotated images ( visual with labels)\Rice Tungro\labels\Rice Tungro_970.txt,UNIQUE_GROUP_000547,False,calibration
Rice Tungro_974.jpg,.jpg,Annotated images ( visual with labels)/Rice Tungro/visuals/Rice Tungro_974.jpg,284174,True,1024,1024,1.0,RGB,3,JPEG,2305eaa21ffc4f9180b36b76f5e396b8c2ab853cd32aacfd45edf195c8917b5e,,Rice Tungro,RiceLeafDiseaseBD,PRIMARY_DEVELOPMENT_DATASET,PRIMARY_006444,D:\BTech Final Year Project\RiceLeafDiseaseBD A Field-Based Annotated Smartpho\RiceLeafDiseaseBD A Field-Based Annotated Smartpho\RiceLeafDiseaseBD\RiceLeafDiseaseBD\Annotated images ( visual with labels)\Rice Tungro\labels\Rice Tungro_974.txt,UNIQUE_GROUP_002463,False,calibration
Rice Tungro_979.jpg,.jpg,Annotated images ( visual with labels)/Rice Tungro/visuals/Rice Tungro_979.jpg,341102,True,1024,1024,1.0,RGB,3,JPEG,f3a8d402409e8a07bf0b1633a8d32503fb2dcb7f025460c42e9acac77c476165,,Rice Tungro,RiceLeafDiseaseBD,PRIMARY_DEVELOPMENT_DATASET,PRIMARY_006449,D:\BTech Final Year Project\RiceLeafDiseaseBD A Field-Based Annotated Smartpho\RiceLeafDiseaseBD A Field-Based Annotated Smartpho\RiceLeafDiseaseBD\RiceLeafDiseaseBD\Annotated images ( visual with labels)\Rice Tungro\labels\Rice Tungro_979.txt,UNIQUE_GROUP_016950,False,calibration
Rice Tungro_992.jpg,.jpg,Annotated images ( visual with labels)/Rice Tungro/visuals/Rice Tungro_992.jpg,288681,True,1024,1024,1.0,RGB,3,JPEG,b6096811b0714ceeea41bb51daf5cc157b6cd7b0d6fc2854df1e547628090978,,Rice Tungro,RiceLeafDiseaseBD,PRIMARY_DEVELOPMENT_DATASET,PRIMARY_006464,D:\BTech Final Year Project\RiceLeafDiseaseBD A Field-Based Annotated Smartpho\RiceLeafDiseaseBD A Field-Based Annotated Smartpho\RiceLeafDiseaseBD\RiceLeafDiseaseBD\Annotated images ( visual with labels)\Rice Tungro\labels\Rice Tungro_992.txt,UNIQUE_GROUP_012728,False,calibration
Rice Tungro_996.jpg,.jpg,Annotated images ( visual with labels)/Rice Tungro/visuals/Rice Tungro_996.jpg,293229,True,1024,1024,1.0,RGB,3,JPEG,7c5a43e129472e2f7d65bdbd5dade838d612b9a6c8ff474691ae082b6c1a2d68,,Rice Tungro,RiceLeafDiseaseBD,PRIMARY_DEVELOPMENT_DATASET,PRIMARY_006468,D:\BTech Final Year Project\RiceLeafDiseaseBD A Field-Based Annotated Smartpho\RiceLeafDiseaseBD A Field-Based Annotated Smartpho\RiceLeafDiseaseBD\RiceLeafDiseaseBD\Annotated images ( visual with labels)\Rice Tungro\labels\Rice Tungro_996.txt,UNIQUE_GROUP_008682,False,calibration
Sheath blight_100.jpg,.jpg,Annotated images ( visual with labels)/Sheath blight/visuals/Sheath blight_100.jpg,348385,True,1024,1024,1.0,RGB,3,JPEG,cf249fd1894d6c470a5be988c3019d362522f1d70abbcb68fb416754e754cf19,,Sheath blight,RiceLeafDiseaseBD,PRIMARY_DEVELOPMENT_DATASET,PRIMARY_006474,D:\BTech Final Year Project\RiceLeafDiseaseBD A Field-Based Annotated Smartpho\RiceLeafDiseaseBD A Field-Based Annotated Smartpho\RiceLeafDiseaseBD\RiceLeafDiseaseBD\Annotated images ( visual with labels)\Sheath blight\labels\Sheath blight_100.txt,UNIQUE_GROUP_014477,False,calibration
Sheath blight_1002.jpg,.jpg,Annotated images ( visual with labels)/Sheath blight/visuals/Sheath blight_1002.jpg,288592,True,1024,1024,1.0,RGB,3,JPEG,c484ff89f248bd8b8ef33cecbfd8cb15b8a79e696a0ec4348a35db7d3889c5dc,,Sheath blight,RiceLeafDiseaseBD,PRIMARY_DEVELOPMENT_DATASET,PRIMARY_006477,D:\BTech Final Year Project\RiceLeafDiseaseBD A Field-Based Annotated Smartpho\RiceLeafDiseaseBD A Field-Based Annotated Smartpho\RiceLeafDiseaseBD\RiceLeafDiseaseBD\Annotated images ( visual with labels)\Sheath blight\labels\Sheath blight_1002.txt,UNIQUE_GROUP_013755,False,calibration
Sheath blight_1004.jpg,.jpg,Annotated images ( visual with labels)/Sheath blight/visuals/Sheath blight_1004.jpg,289504,True,1024,1024,1.0,RGB,3,JPEG,916a15551153d10d81f804baeb09bd0cc82798614dd5b4425fce056b6915bf4d,,Sheath blight,RiceLeafDiseaseBD,PRIMARY_DEVELOPMENT_DATASET,PRIMARY_006479,D:\BTech Final Year Project\RiceLeafDiseaseBD A Field-Based Annotated Smartpho\RiceLeafDiseaseBD A Field-Based Annotated Smartpho\RiceLeafDiseaseBD\RiceLeafDiseaseBD\Annotated images ( visual with labels)\Sheath blight\labels\Sheath blight_1004.txt,UNIQUE_GROUP_010163,False,calibration
Sheath blight_1007.jpg,.jpg,Annotated images ( visual with labels)/Sheath blight/visuals/Sheath blight_1007.jpg,312177,True,1024,1024,1.0,RGB,3,JPEG,2831571321616a0e95df9878be9de34cc10a2352ea09f86fa1fd21167915df9b,,Sheath blight,RiceLeafDiseaseBD,PRIMARY_DEVELOPMENT_DATASET,PRIMARY_006482,D:\BTech Final Year Project\RiceLeafDiseaseBD A Field-Based Annotated Smartpho\RiceLeafDiseaseBD A Field-Based Annotated Smartpho\RiceLeafDiseaseBD\RiceLeafDiseaseBD\Annotated images ( visual with labels)\Sheath blight\labels\Sheath blight_1007.txt,UNIQUE_GROUP_002812,False,calibration
Sheath blight_1037.jpg,.jpg,Annotated images ( visual with labels)/Sheath blight/visuals/Sheath blight_1037.jpg,304545,True,1024,1024,1.0,RGB,3,JPEG,70878961a52479391bd358e1971b44591ed8077830b0ff2c88c75a53863ea415,,Sheath blight,RiceLeafDiseaseBD,PRIMARY_DEVELOPMENT_DATASET,PRIMARY_006515,D:\BTech Final Year Project\RiceLeafDiseaseBD A Field-Based Annotated Smartpho\RiceLeafDiseaseBD A Field-Based Annotated Smartpho\RiceLeafDiseaseBD\RiceLeafDiseaseBD\Annotated images ( visual with labels)\Sheath blight\labels\Sheath blight_1037.txt,UNIQUE_GROUP_007850,False,calibration
Sheath blight_1041.jpg,.jpg,Annotated images ( visual with labels)/Sheath blight/visuals/Sheath blight_1041.jpg,305478,True,1024,1024,1.0,RGB,3,JPEG,d0d0b80c8ad333c3caa91fbadee7cb9b3d3f726efcf9064bda1912a5d3daf3b0,,Sheath blight,RiceLeafDiseaseBD,PRIMARY_DEVELOPMENT_DATASET,PRIMARY_006520,D:\BTech Final Year Project\RiceLeafDiseaseBD A Field-Based Annotated Smartpho\RiceLeafDiseaseBD A Field-Based Annotated Smartpho\RiceLeafDiseaseBD\RiceLeafDiseaseBD\Annotated images ( visual with labels)\Sheath blight\labels\Sheath blight_1041.txt,UNIQUE_GROUP_014605,False,calibration
Sheath blight_1046.jpg,.jpg,Annotated images ( visual with labels)/Sheath blight/visuals/Sheath blight_1046.jpg,255235,True,1024,1024,1.0,RGB,3,JPEG,c6240c069192164998c4e5e66f36c1bf0d7c98d36cd99530a76313353395ce4f,,Sheath blight,RiceLeafDiseaseBD,PRIMARY_DEVELOPMENT_DATASET,PRIMARY_006525,D:\BTech Final Year Project\RiceLeafDiseaseBD A Field-Based Annotated Smartpho\RiceLeafDiseaseBD A Field-Based Annotated Smartpho\RiceLeafDiseaseBD\RiceLeafDiseaseBD\Annotated images ( visual with labels)\Sheath blight\labels\Sheath blight_1046.txt,UNIQUE_GROUP_013868,False,calibration
Sheath blight_1086.jpg,.jpg,Annotated images ( visual with labels)/Sheath blight/visuals/Sheath blight_1086.jpg,318856,True,1024,1024,1.0,RGB,3,JPEG,efd4670aa6f0378690d453d49bfa51b76590a42f086c64f750ca1352540dc625,,Sheath blight,RiceLeafDiseaseBD,PRIMARY_DEVELOPMENT_DATASET,PRIMARY_006569,D:\BTech Final Year Project\RiceLeafDiseaseBD A Field-Based Annotated Smartpho\RiceLeafDiseaseBD A Field-Based Annotated Smartpho\RiceLeafDiseaseBD\RiceLeafDiseaseBD\Annotated images ( visual with labels)\Sheath blight\labels\Sheath blight_1086.txt,UNIQUE_GROUP_016709,False,calibration
Sheath blight_1114.jpg,.jpg,Annotated images ( visual with labels)/Sheath blight/visuals/Sheath blight_1114.jpg,281211,True,1024,1024,1.0,RGB,3,JPEG,5b177ea32041b1f46a289240864d6acbfe9dfb408f1a87f2d5fb53df68528558,,Sheath blight,RiceLeafDiseaseBD,PRIMARY_DEVELOPMENT_DATASET,PRIMARY_006601,D:\BTech Final Year Project\RiceLeafDiseaseBD A Field-Based Annotated Smartpho\RiceLeafDiseaseBD A Field-Based Annotated Smartpho\RiceLeafDiseaseBD\RiceLeafDiseaseBD\Annotated images ( visual with labels)\Sheath blight\labels\Sheath blight_1114.txt,UNIQUE_GROUP_006392,False,calibration
Sheath blight_1127.jpg,.jpg,Annotated images ( visual with labels)/Sheath blight/visuals/Sheath blight_1127.jpg,313373,True,1024,1024,1.0,RGB,3,JPEG,55c4c9963cebe4f60288bec96c6eb0d91855f76baccc471c7ae01bd9f2ac7e8d,,Sheath blight,RiceLeafDiseaseBD,PRIMARY_DEVELOPMENT_DATASET,PRIMARY_006615,D:\BTech Final Year Project\RiceLeafDiseaseBD A Field-Based Annotated Smartpho\RiceLeafDiseaseBD A Field-Based Annotated Smartpho\RiceLeafDiseaseBD\RiceLeafDiseaseBD\Annotated images ( visual with labels)\Sheath blight\labels\Sheath blight_1127.txt,UNIQUE_GROUP_006013,False,calibration
Sheath blight_1129.jpg,.jpg,Annotated images ( visual with labels)/Sheath blight/visuals/Sheath blight_1129.jpg,304802,True,1024,1024,1.0,RGB,3,JPEG,be37f480f7078284b33e91179e6549b41bbaa5933bdc3da7fb4222b1a48f6913,,Sheath blight,RiceLeafDiseaseBD,PRIMARY_DEVELOPMENT_DATASET,PRIMARY_006617,D:\BTech Final Year Project\RiceLeafDiseaseBD A Field-Based Annotated Smartpho\RiceLeafDiseaseBD A Field-Based Annotated Smartpho\RiceLeafDiseaseBD\RiceLeafDiseaseBD\Annotated images ( visual with labels)\Sheath blight\labels\Sheath blight_1129.txt,UNIQUE_GROUP_013297,False,calibration
Sheath blight_1147.jpg,.jpg,Annotated images ( visual with labels)/Sheath blight/visuals/Sheath blight_1147.jpg,279732,True,1024,1024,1.0,RGB,3,JPEG,1260fdf13642669030aa1d97a31bc6c4b0d97a72cfe4bc8f2e88e231aa1b843d,,Sheath blight,RiceLeafDiseaseBD,PRIMARY_DEVELOPMENT_DATASET,PRIMARY_006637,D:\BTech Final Year Project\RiceLeafDiseaseBD A Field-Based Annotated Smartpho\RiceLeafDiseaseBD A Field-Based Annotated Smartpho\RiceLeafDiseaseBD\RiceLeafDiseaseBD\Annotated images ( visual with labels)\Sheath blight\labels\Sheath blight_1147.txt,UNIQUE_GROUP_001265,False,calibration
Sheath blight_1165.jpg,.jpg,Annotated images ( visual with labels)/Sheath blight/visuals/Sheath blight_1165.jpg,310688,True,1024,1024,1.0,RGB,3,JPEG,f30328b854bf5f660efe559626a3305c817598f1a64cfba168b026ae0bd2cd1a,,Sheath blight,RiceLeafDiseaseBD,PRIMARY_DEVELOPMENT_DATASET,PRIMARY_006657,D:\BTech Final Year Project\RiceLeafDiseaseBD A Field-Based Annotated Smartpho\RiceLeafDiseaseBD A Field-Based Annotated Smartpho\RiceLeafDiseaseBD\RiceLeafDiseaseBD\Annotated images ( visual with labels)\Sheath blight\labels\Sheath blight_1165.txt,UNIQUE_GROUP_016913,False,calibration
Sheath blight_1177.jpg,.jpg,Annotated images ( visual with labels)/Sheath blight/visuals/Sheath blight_1177.jpg,338669,True,1024,1024,1.0,RGB,3,JPEG,20f11332d57cea573f412c3942a7c9da3a4783fe08fe801660c6bf50758c96a6,,Sheath blight,RiceLeafDiseaseBD,PRIMARY_DEVELOPMENT_DATASET,PRIMARY_006670,D:\BTech Final Year Project\RiceLeafDiseaseBD A Field-Based Annotated Smartpho\RiceLeafDiseaseBD A Field-Based Annotated Smartpho\RiceLeafDiseaseBD\RiceLeafDiseaseBD\Annotated images ( visual with labels)\Sheath blight\labels\Sheath blight_1177.txt,UNIQUE_GROUP_002309,False,calibration
Sheath blight_1179.jpg,.jpg,Annotated images ( visual with labels)/Sheath blight/visuals/Sheath blight_1179.jpg,311886,True,1024,1024,1.0,RGB,3,JPEG,16f1045455378d6fdb1dd0e9904167ad2f3ec6f8a1d020fa2a8856a6930c4fb0,,Sheath blight,RiceLeafDiseaseBD,PRIMARY_DEVELOPMENT_DATASET,PRIMARY_006672,D:\BTech Final Year Project\RiceLeafDiseaseBD A Field-Based Annotated Smartpho\RiceLeafDiseaseBD A Field-Based Annotated Smartpho\RiceLeafDiseaseBD\RiceLeafDiseaseBD\Annotated images ( visual with labels)\Sheath blight\labels\Sheath blight_1179.txt,UNIQUE_GROUP_001566,False,calibration
Sheath blight_1182.jpg,.jpg,Annotated images ( visual with labels)/Sheath blight/visuals/Sheath blight_1182.jpg,263326,True,1024,1024,1.0,RGB,3,JPEG,6dff34fce1f1e7e53e8a09b2c34f811cfae5759f611e70d52c64bd67b037a4dc,,Sheath blight,RiceLeafDiseaseBD,PRIMARY_DEVELOPMENT_DATASET,PRIMARY_006676,D:\BTech Final Year Project\RiceLeafDiseaseBD A Field-Based Annotated Smartpho\RiceLeafDiseaseBD A Field-Based Annotated Smartpho\RiceLeafDiseaseBD\RiceLeafDiseaseBD\Annotated images ( visual with labels)\Sheath blight\labels\Sheath blight_1182.txt,UNIQUE_GROUP_007676,False,calibration
Sheath blight_1185.jpg,.jpg,Annotated images ( visual with labels)/Sheath blight/visuals/Sheath blight_1185.jpg,289720,True,1024,1024,1.0,RGB,3,JPEG,a911259bce842ee5bc100b0c6c383cfbf48dd6e28c3a03c037e9aa1e901d4b14,,Sheath blight,RiceLeafDiseaseBD,PRIMARY_DEVELOPMENT_DATASET,PRIMARY_006679,D:\BTech Final Year Project\RiceLeafDiseaseBD A Field-Based Annotated Smartpho\RiceLeafDiseaseBD A Field-Based Annotated Smartpho\RiceLeafDiseaseBD\RiceLeafDiseaseBD\Annotated images ( visual with labels)\Sheath blight\labels\Sheath blight_1185.txt,UNIQUE_GROUP_011838,False,calibration
Sheath blight_1186.jpg,.jpg,Annotated images ( visual with labels)/Sheath blight/visuals/Sheath blight_1186.jpg,292410,True,1024,1024,1.0,RGB,3,JPEG,1975ec7cccc90859bd26f6546b5e9e8d3af763d8fab0bfd763fd1cbfca3dd5b8,,Sheath blight,RiceLeafDiseaseBD,PRIMARY_DEVELOPMENT_DATASET,PRIMARY_006680,D:\BTech Final Year Project\RiceLeafDiseaseBD A Field-Based Annotated Smartpho\RiceLeafDiseaseBD A Field-Based Annotated Smartpho\RiceLeafDiseaseBD\RiceLeafDiseaseBD\Annotated images ( visual with labels)\Sheath blight\labels\Sheath blight_1186.txt,UNIQUE_GROUP_001749,False,calibration
Sheath blight_1188.jpg,.jpg,Annotated images ( visual with labels)/Sheath blight/visuals/Sheath blight_1188.jpg,285218,True,1024,1024,1.0,RGB,3,JPEG,a1634bd353442d732119cc17c901f0b8daf96031501501dc34c8967ec0ba9bb0,,Sheath blight,RiceLeafDiseaseBD,PRIMARY_DEVELOPMENT_DATASET,PRIMARY_006682,D:\BTech Final Year Project\RiceLeafDiseaseBD A Field-Based Annotated Smartpho\RiceLeafDiseaseBD A Field-Based Annotated Smartpho\RiceLeafDiseaseBD\RiceLeafDiseaseBD\Annotated images ( visual with labels)\Sheath blight\labels\Sheath blight_1188.txt,UNIQUE_GROUP_011307,False,calibration
Sheath blight_1203.jpg,.jpg,Annotated images ( visual with labels)/Sheath blight/visuals/Sheath blight_1203.jpg,317164,True,1024,1024,1.0,RGB,3,JPEG,c2195e39c9df510451c1ab3e77db3c238008e2ff31dde8b7fb4c04bf7d1fae3b,,Sheath blight,RiceLeafDiseaseBD,PRIMARY_DEVELOPMENT_DATASET,PRIMARY_006700,D:\BTech Final Year Project\RiceLeafDiseaseBD A Field-Based Annotated Smartpho\RiceLeafDiseaseBD A Field-Based Annotated Smartpho\RiceLeafDiseaseBD\RiceLeafDiseaseBD\Annotated images ( visual with labels)\Sheath blight\labels\Sheath blight_1203.txt,UNIQUE_GROUP_013589,False,calibration
Sheath blight_1204.jpg,.jpg,Annotated images ( visual with labels)/Sheath blight/visuals/Sheath blight_1204.jpg,253238,True,1024,1024,1.0,RGB,3,JPEG,fae38bd8944f0da6c2031088cffe6e57e10d95995523e46f313ed80f2b563d65,,Sheath blight,RiceLeafDiseaseBD,PRIMARY_DEVELOPMENT_DATASET,PRIMARY_006701,D:\BTech Final Year Project\RiceLeafDiseaseBD A Field-Based Annotated Smartpho\RiceLeafDiseaseBD A Field-Based Annotated Smartpho\RiceLeafDiseaseBD\RiceLeafDiseaseBD\Annotated images ( visual with labels)\Sheath blight\labels\Sheath blight_1204.txt,UNIQUE_GROUP_017462,False,calibration
Sheath blight_1217.jpg,.jpg,Annotated images ( visual with labels)/Sheath blight/visuals/Sheath blight_1217.jpg,293953,True,1024,1024,1.0,RGB,3,JPEG,fec69e92bea5ca8f3e20fa91e352de3a527dd09566f79fd4f7d209631ef21d88,,Sheath blight,RiceLeafDiseaseBD,PRIMARY_DEVELOPMENT_DATASET,PRIMARY_006715,D:\BTech Final Year Project\RiceLeafDiseaseBD A Field-Based Annotated Smartpho\RiceLeafDiseaseBD A Field-Based Annotated Smartpho\RiceLeafDiseaseBD\RiceLeafDiseaseBD\Annotated images ( visual with labels)\Sheath blight\labels\Sheath blight_1217.txt,UNIQUE_GROUP_017714,False,calibration
Sheath blight_1230.jpg,.jpg,Annotated images ( visual with labels)/Sheath blight/visuals/Sheath blight_1230.jpg,284719,True,1024,1024,1.0,RGB,3,JPEG,7ea62e641d6e73444202041cc0f176d06ad1aeace4dc5a33a07d3e4a94048f8d,,Sheath blight,RiceLeafDiseaseBD,PRIMARY_DEVELOPMENT_DATASET,PRIMARY_006730,D:\BTech Final Year Project\RiceLeafDiseaseBD A Field-Based Annotated Smartpho\RiceLeafDiseaseBD A Field-Based Annotated Smartpho\RiceLeafDiseaseBD\RiceLeafDiseaseBD\Annotated images ( visual with labels)\Sheath blight\labels\Sheath blight_1230.txt,UNIQUE_GROUP_008853,False,calibration
Sheath blight_1246.jpg,.jpg,Annotated images ( visual with labels)/Sheath blight/visuals/Sheath blight_1246.jpg,282224,True,1024,1024,1.0,RGB,3,JPEG,d8aef49f446e02a505f6e4afbe26ee2536bf3648def60913eaec673566b18266,,Sheath blight,RiceLeafDiseaseBD,PRIMARY_DEVELOPMENT_DATASET,PRIMARY_006747,D:\BTech Final Year Project\RiceLeafDiseaseBD A Field-Based Annotated Smartpho\RiceLeafDiseaseBD A Field-Based Annotated Smartpho\RiceLeafDiseaseBD\RiceLeafDiseaseBD\Annotated images ( visual with labels)\Sheath blight\labels\Sheath blight_1246.txt,UNIQUE_GROUP_015157,False,calibration
Sheath blight_1249.jpg,.jpg,Annotated images ( visual with labels)/Sheath blight/visuals/Sheath blight_1249.jpg,304649,True,1024,1024,1.0,RGB,3,JPEG,5ef3e817a19eefdc70590b2c0f9db3e88d1be5c0a250b393af4bc949fe5962bb,,Sheath blight,RiceLeafDiseaseBD,PRIMARY_DEVELOPMENT_DATASET,PRIMARY_006750,D:\BTech Final Year Project\RiceLeafDiseaseBD A Field-Based Annotated Smartpho\RiceLeafDiseaseBD A Field-Based Annotated Smartpho\RiceLeafDiseaseBD\RiceLeafDiseaseBD\Annotated images ( visual with labels)\Sheath blight\labels\Sheath blight_1249.txt,UNIQUE_GROUP_006654,False,calibration
Sheath blight_1251.jpg,.jpg,Annotated images ( visual with labels)/Sheath blight/visuals/Sheath blight_1251.jpg,335929,True,1024,1024,1.0,RGB,3,JPEG,42fc7e0f5d83a0364abc492095cd03a2f565720e3d908af25fc3162db80fc871,,Sheath blight,RiceLeafDiseaseBD,PRIMARY_DEVELOPMENT_DATASET,PRIMARY_006753,D:\BTech Final Year Project\RiceLeafDiseaseBD A Field-Based Annotated Smartpho\RiceLeafDiseaseBD A Field-Based Annotated Smartpho\RiceLeafDiseaseBD\RiceLeafDiseaseBD\Annotated images ( visual with labels)\Sheath blight\labels\Sheath blight_1251.txt,UNIQUE_GROUP_004691,False,calibration
Sheath blight_1260.jpg,.jpg,Annotated images ( visual with labels)/Sheath blight/visuals/Sheath blight_1260.jpg,292588,True,1024,1024,1.0,RGB,3,JPEG,e6fc9b5b8504a792dd8dc32d120fbffba92596571a31f4c72f74ceedea275dc9,,Sheath blight,RiceLeafDiseaseBD,PRIMARY_DEVELOPMENT_DATASET,PRIMARY_006763,D:\BTech Final Year Project\RiceLeafDiseaseBD A Field-Based Annotated Smartpho\RiceLeafDiseaseBD A Field-Based Annotated Smartpho\RiceLeafDiseaseBD\RiceLeafDiseaseBD\Annotated images ( visual with labels)\Sheath blight\labels\Sheath blight_1260.txt,UNIQUE_GROUP_016121,False,calibration
Sheath blight_1270.jpg,.jpg,Annotated images ( visual with labels)/Sheath blight/visuals/Sheath blight_1270.jpg,388763,True,1024,1024,1.0,RGB,3,JPEG,405e8520c3efa57297d95e5ec1acb73101a4ed8677127b32de8a4361f34ef47e,,Sheath blight,RiceLeafDiseaseBD,PRIMARY_DEVELOPMENT_DATASET,PRIMARY_006774,D:\BTech Final Year Project\RiceLeafDiseaseBD A Field-Based Annotated Smartpho\RiceLeafDiseaseBD A Field-Based Annotated Smartpho\RiceLeafDiseaseBD\RiceLeafDiseaseBD\Annotated images ( visual with labels)\Sheath blight\labels\Sheath blight_1270.txt,UNIQUE_GROUP_004499,False,calibration
Sheath blight_128.jpg,.jpg,Annotated images ( visual with labels)/Sheath blight/visuals/Sheath blight_128.jpg,348034,True,1024,1024,1.0,RGB,3,JPEG,f9e22e7d215376d5ade8d0a3dc5efc1a59f3455c367d2f0036fcb35404a5b11a,,Sheath blight,RiceLeafDiseaseBD,PRIMARY_DEVELOPMENT_DATASET,PRIMARY_006784,D:\BTech Final Year Project\RiceLeafDiseaseBD A Field-Based Annotated Smartpho\RiceLeafDiseaseBD A Field-Based Annotated Smartpho\RiceLeafDiseaseBD\RiceLeafDiseaseBD\Annotated images ( visual with labels)\Sheath blight\labels\Sheath blight_128.txt,UNIQUE_GROUP_017404,False,calibration
Sheath blight_1293.jpg,.jpg,Annotated images ( visual with labels)/Sheath blight/visuals/Sheath blight_1293.jpg,364519,True,1024,1024,1.0,RGB,3,JPEG,beac08080848b0f82a67dd988372695ceae0470e52bc5a2bd281ee3eb47b6946,,Sheath blight,RiceLeafDiseaseBD,PRIMARY_DEVELOPMENT_DATASET,PRIMARY_006799,D:\BTech Final Year Project\RiceLeafDiseaseBD A Field-Based Annotated Smartpho\RiceLeafDiseaseBD A Field-Based Annotated Smartpho\RiceLeafDiseaseBD\RiceLeafDiseaseBD\Annotated images ( visual with labels)\Sheath blight\labels\Sheath blight_1293.txt,UNIQUE_GROUP_013328,False,calibration
Sheath blight_13.jpg,.jpg,Annotated images ( visual with labels)/Sheath blight/visuals/Sheath blight_13.jpg,240466,True,1024,1024,1.0,RGB,3,JPEG,6160fd1cf143c2804ba51f09ef7e122c38bd0251a6f6e41fbaec45cb266379a8,,Sheath blight,RiceLeafDiseaseBD,PRIMARY_DEVELOPMENT_DATASET,PRIMARY_006806,D:\BTech Final Year Project\RiceLeafDiseaseBD A Field-Based Annotated Smartpho\RiceLeafDiseaseBD A Field-Based Annotated Smartpho\RiceLeafDiseaseBD\RiceLeafDiseaseBD\Annotated images ( visual with labels)\Sheath blight\labels\Sheath blight_13.txt,UNIQUE_GROUP_006827,False,calibration
Sheath blight_1300.jpg,.jpg,Annotated images ( visual with labels)/Sheath blight/visuals/Sheath blight_1300.jpg,311527,True,1024,1024,1.0,RGB,3,JPEG,f1fffaba61ab2fb89240fd3ea84325c0367ae8d0a80de837805204cc6265aed1,,Sheath blight,RiceLeafDiseaseBD,PRIMARY_DEVELOPMENT_DATASET,PRIMARY_006808,D:\BTech Final Year Project\RiceLeafDiseaseBD A Field-Based Annotated Smartpho\RiceLeafDiseaseBD A Field-Based Annotated Smartpho\RiceLeafDiseaseBD\RiceLeafDiseaseBD\Annotated images ( visual with labels)\Sheath blight\labels\Sheath blight_1300.txt,UNIQUE_GROUP_016850,False,calibration
Sheath blight_1307.jpg,.jpg,Annotated images ( visual with labels)/Sheath blight/visuals/Sheath blight_1307.jpg,302072,True,1024,1024,1.0,RGB,3,JPEG,c9a3317be534ebfceb04e29024ea75de33c73ead0d5f6b047576996972bd62a4,,Sheath blight,RiceLeafDiseaseBD,PRIMARY_DEVELOPMENT_DATASET,PRIMARY_006815,D:\BTech Final Year Project\RiceLeafDiseaseBD A Field-Based Annotated Smartpho\RiceLeafDiseaseBD A Field-Based Annotated Smartpho\RiceLeafDiseaseBD\RiceLeafDiseaseBD\Annotated images ( visual with labels)\Sheath blight\labels\Sheath blight_1307.txt,UNIQUE_GROUP_014110,False,calibration
Sheath blight_1316.jpg,.jpg,Annotated images ( visual with labels)/Sheath blight/visuals/Sheath blight_1316.jpg,279741,True,1024,1024,1.0,RGB,3,JPEG,e0e3b1eb125d2a45972785d1457a13fde59edebd8a20d76a6fba8e1ac22c6be0,,Sheath blight,RiceLeafDiseaseBD,PRIMARY_DEVELOPMENT_DATASET,PRIMARY_006825,D:\BTech Final Year Project\RiceLeafDiseaseBD A Field-Based Annotated Smartpho\RiceLeafDiseaseBD A Field-Based Annotated Smartpho\RiceLeafDiseaseBD\RiceLeafDiseaseBD\Annotated images ( visual with labels)\Sheath blight\labels\Sheath blight_1316.txt,UNIQUE_GROUP_015696,False,calibration
Sheath blight_1330.jpg,.jpg,Annotated images ( visual with labels)/Sheath blight/visuals/Sheath blight_1330.jpg,343915,True,1024,1024,1.0,RGB,3,JPEG,1c3f3d1a1e2275a24f1f5f8876322b4f0c9cdfa6fb87e260935ae4ceea9336be,,Sheath blight,RiceLeafDiseaseBD,PRIMARY_DEVELOPMENT_DATASET,PRIMARY_006841,D:\BTech Final Year Project\RiceLeafDiseaseBD A Field-Based Annotated Smartpho\RiceLeafDiseaseBD A Field-Based Annotated Smartpho\RiceLeafDiseaseBD\RiceLeafDiseaseBD\Annotated images ( visual with labels)\Sheath blight\labels\Sheath blight_1330.txt,UNIQUE_GROUP_001971,False,calibration
Sheath blight_1338.jpg,.jpg,Annotated images ( visual with labels)/Sheath blight/visuals/Sheath blight_1338.jpg,303148,True,1024,1024,1.0,RGB,3,JPEG,927ab3612ae54422c34f09c212db5226e8e64112b92c0044825abeb25ab29d09,,Sheath blight,RiceLeafDiseaseBD,PRIMARY_DEVELOPMENT_DATASET,PRIMARY_006849,D:\BTech Final Year Project\RiceLeafDiseaseBD A Field-Based Annotated Smartpho\RiceLeafDiseaseBD A Field-Based Annotated Smartpho\RiceLeafDiseaseBD\RiceLeafDiseaseBD\Annotated images ( visual with labels)\Sheath blight\labels\Sheath blight_1338.txt,UNIQUE_GROUP_010246,False,calibration
Sheath blight_1342.jpg,.jpg,Annotated images ( visual with labels)/Sheath blight/visuals/Sheath blight_1342.jpg,276942,True,1024,1024,1.0,RGB,3,JPEG,a88dc2f1afede0a63d2283cb618ba2aec5880727ac8bb9984d0811c88b6dc798,,Sheath blight,RiceLeafDiseaseBD,PRIMARY_DEVELOPMENT_DATASET,PRIMARY_006854,D:\BTech Final Year Project\RiceLeafDiseaseBD A Field-Based Annotated Smartpho\RiceLeafDiseaseBD A Field-Based Annotated Smartpho\RiceLeafDiseaseBD\RiceLeafDiseaseBD\Annotated images ( visual with labels)\Sheath blight\labels\Sheath blight_1342.txt,UNIQUE_GROUP_011794,False,calibration
Sheath blight_1343.jpg,.jpg,Annotated images ( visual with labels)/Sheath blight/visuals/Sheath blight_1343.jpg,348584,True,1024,1024,1.0,RGB,3,JPEG,b412683e65adeb4ba649be61721c78aa1f1ec3cc55f9f1ae0ebde09100557c6c,,Sheath blight,RiceLeafDiseaseBD,PRIMARY_DEVELOPMENT_DATASET,PRIMARY_006855,D:\BTech Final Year Project\RiceLeafDiseaseBD A Field-Based Annotated Smartpho\RiceLeafDiseaseBD A Field-Based Annotated Smartpho\RiceLeafDiseaseBD\RiceLeafDiseaseBD\Annotated images ( visual with labels)\Sheath blight\labels\Sheath blight_1343.txt,UNIQUE_GROUP_012593,False,calibration
Sheath blight_1344.jpg,.jpg,Annotated images ( visual with labels)/Sheath blight/visuals/Sheath blight_1344.jpg,276816,True,1024,1024,1.0,RGB,3,JPEG,cd139e11953560d4b28c2dc458c04f3582f0e91b197caaf9674c5a96127466cf,,Sheath blight,RiceLeafDiseaseBD,PRIMARY_DEVELOPMENT_DATASET,PRIMARY_006856,D:\BTech Final Year Project\RiceLeafDiseaseBD A Field-Based Annotated Smartpho\RiceLeafDiseaseBD A Field-Based Annotated Smartpho\RiceLeafDiseaseBD\RiceLeafDiseaseBD\Annotated images ( visual with labels)\Sheath blight\labels\Sheath blight_1344.txt,UNIQUE_GROUP_014347,False,calibration
Sheath blight_1350.jpg,.jpg,Annotated images ( visual with labels)/Sheath blight/visuals/Sheath blight_1350.jpg,306637,True,1024,1024,1.0,RGB,3,JPEG,c400ad4a0ef143d767761de333dce2e8c48bf036fcc205d3714fa2c4cd14a144,,Sheath blight,RiceLeafDiseaseBD,PRIMARY_DEVELOPMENT_DATASET,PRIMARY_006863,D:\BTech Final Year Project\RiceLeafDiseaseBD A Field-Based Annotated Smartpho\RiceLeafDiseaseBD A Field-Based Annotated Smartpho\RiceLeafDiseaseBD\RiceLeafDiseaseBD\Annotated images ( visual with labels)\Sheath blight\labels\Sheath blight_1350.txt,UNIQUE_GROUP_013713,False,calibration
Sheath blight_1355.jpg,.jpg,Annotated images ( visual with labels)/Sheath blight/visuals/Sheath blight_1355.jpg,340694,True,1024,1024,1.0,RGB,3,JPEG,868a6f8d6cb11fcdbfa5c555dbfa6b2b977b4bf797421c175f4a08feb8244ea4,,Sheath blight,RiceLeafDiseaseBD,PRIMARY_DEVELOPMENT_DATASET,PRIMARY_006868,D:\BTech Final Year Project\RiceLeafDiseaseBD A Field-Based Annotated Smartpho\RiceLeafDiseaseBD A Field-Based Annotated Smartpho\RiceLeafDiseaseBD\RiceLeafDiseaseBD\Annotated images ( visual with labels)\Sheath blight\labels\Sheath blight_1355.txt,UNIQUE_GROUP_009391,False,calibration
Sheath blight_1359.jpg,.jpg,Annotated images ( visual with labels)/Sheath blight/visuals/Sheath blight_1359.jpg,266595,True,1024,1024,1.0,RGB,3,JPEG,a99fc217e131a4502c6cb6f6c091193e3de9ef075af289c02516dd1c057b9e6a,,Sheath blight,RiceLeafDiseaseBD,PRIMARY_DEVELOPMENT_DATASET,PRIMARY_006872,D:\BTech Final Year Project\RiceLeafDiseaseBD A Field-Based Annotated Smartpho\RiceLeafDiseaseBD A Field-Based Annotated Smartpho\RiceLeafDiseaseBD\RiceLeafDiseaseBD\Annotated images ( visual with labels)\Sheath blight\labels\Sheath blight_1359.txt,UNIQUE_GROUP_011877,False,calibration
Sheath blight_1360.jpg,.jpg,Annotated images ( visual with labels)/Sheath blight/visuals/Sheath blight_1360.jpg,300925,True,1024,1024,1.0,RGB,3,JPEG,ec5ee7086d63f5c1c641106b31049df57eacc6f3e53f19ae423bf5eb00fe1040,,Sheath blight,RiceLeafDiseaseBD,PRIMARY_DEVELOPMENT_DATASET,PRIMARY_006874,D:\BTech Final Year Project\RiceLeafDiseaseBD A Field-Based Annotated Smartpho\RiceLeafDiseaseBD A Field-Based Annotated Smartpho\RiceLeafDiseaseBD\RiceLeafDiseaseBD\Annotated images ( visual with labels)\Sheath blight\labels\Sheath blight_1360.txt,UNIQUE_GROUP_016470,False,calibration
Sheath blight_1363.jpg,.jpg,Annotated images ( visual with labels)/Sheath blight/visuals/Sheath blight_1363.jpg,331170,True,1024,1024,1.0,RGB,3,JPEG,5d28077e428d4c8f634fe8084f4d5154a648774061c0ddfa3ee87ed3112b63de,,Sheath blight,RiceLeafDiseaseBD,PRIMARY_DEVELOPMENT_DATASET,PRIMARY_006877,D:\BTech Final Year Project\RiceLeafDiseaseBD A Field-Based Annotated Smartpho\RiceLeafDiseaseBD A Field-Based Annotated Smartpho\RiceLeafDiseaseBD\RiceLeafDiseaseBD\Annotated images ( visual with labels)\Sheath blight\labels\Sheath blight_1363.txt,UNIQUE_GROUP_006520,False,calibration
Sheath blight_1364.jpg,.jpg,Annotated images ( visual with labels)/Sheath blight/visuals/Sheath blight_1364.jpg,349045,True,1024,1024,1.0,RGB,3,JPEG,11591f1d6a41ff9390e724d9d2b66e7c04447ffefbda665010a46174b99bbec2,,Sheath blight,RiceLeafDiseaseBD,PRIMARY_DEVELOPMENT_DATASET,PRIMARY_006878,D:\BTech Final Year Project\RiceLeafDiseaseBD A Field-Based Annotated Smartpho\RiceLeafDiseaseBD A Field-Based Annotated Smartpho\RiceLeafDiseaseBD\RiceLeafDiseaseBD\Annotated images ( visual with labels)\Sheath blight\labels\Sheath blight_1364.txt,UNIQUE_GROUP_001194,False,calibration
Sheath blight_1379.jpg,.jpg,Annotated images ( visual with labels)/Sheath blight/visuals/Sheath blight_1379.jpg,282585,True,1024,1024,1.0,RGB,3,JPEG,7a594615ffa38b6a74184b2b8d6aab94a7f3a9ae34d3c6a031d59145c06b30d4,,Sheath blight,RiceLeafDiseaseBD,PRIMARY_DEVELOPMENT_DATASET,PRIMARY_006894,D:\BTech Final Year Project\RiceLeafDiseaseBD A Field-Based Annotated Smartpho\RiceLeafDiseaseBD A Field-Based Annotated Smartpho\RiceLeafDiseaseBD\RiceLeafDiseaseBD\Annotated images ( visual with labels)\Sheath blight\labels\Sheath blight_1379.txt,UNIQUE_GROUP_008529,False,calibration
Sheath blight_1384.jpg,.jpg,Annotated images ( visual with labels)/Sheath blight/visuals/Sheath blight_1384.jpg,356074,True,1024,1024,1.0,RGB,3,JPEG,3053b9167de8349c82aed46b422420b23a6be666feefc67fc46a96eaffc583f8,,Sheath blight,RiceLeafDiseaseBD,PRIMARY_DEVELOPMENT_DATASET,PRIMARY_006900,D:\BTech Final Year Project\RiceLeafDiseaseBD A Field-Based Annotated Smartpho\RiceLeafDiseaseBD A Field-Based Annotated Smartpho\RiceLeafDiseaseBD\RiceLeafDiseaseBD\Annotated images ( visual with labels)\Sheath blight\labels\Sheath blight_1384.txt,UNIQUE_GROUP_003374,False,calibration
Sheath blight_1397.jpg,.jpg,Annotated images ( visual with labels)/Sheath blight/visuals/Sheath blight_1397.jpg,273089,True,1024,1024,1.0,RGB,3,JPEG,567932511092468dd6f612ede6ebe331405810376197357c3058207aefe05748,,Sheath blight,RiceLeafDiseaseBD,PRIMARY_DEVELOPMENT_DATASET,PRIMARY_006914,D:\BTech Final Year Project\RiceLeafDiseaseBD A Field-Based Annotated Smartpho\RiceLeafDiseaseBD A Field-Based Annotated Smartpho\RiceLeafDiseaseBD\RiceLeafDiseaseBD\Annotated images ( visual with labels)\Sheath blight\labels\Sheath blight_1397.txt,UNIQUE_GROUP_006052,False,calibration
Sheath blight_1421.jpg,.jpg,Annotated images ( visual with labels)/Sheath blight/visuals/Sheath blight_1421.jpg,311129,True,1024,1024,1.0,RGB,3,JPEG,18ba67424f8a34f976ce4dc924964dd24b89aba731e8057aa16c6c6c3b3f89cb,,Sheath blight,RiceLeafDiseaseBD,PRIMARY_DEVELOPMENT_DATASET,PRIMARY_006942,D:\BTech Final Year Project\RiceLeafDiseaseBD A Field-Based Annotated Smartpho\RiceLeafDiseaseBD A Field-Based Annotated Smartpho\RiceLeafDiseaseBD\RiceLeafDiseaseBD\Annotated images ( visual with labels)\Sheath blight\labels\Sheath blight_1421.txt,UNIQUE_GROUP_001686,False,calibration
Sheath blight_1424.jpg,.jpg,Annotated images ( visual with labels)/Sheath blight/visuals/Sheath blight_1424.jpg,363771,True,1024,1024,1.0,RGB,3,JPEG,91e75d55ffd7ea22d4ba16dc4b9b6036c1c79229e5fa04cbf7b42e6ebcbcb970,,Sheath blight,RiceLeafDiseaseBD,PRIMARY_DEVELOPMENT_DATASET,PRIMARY_006945,D:\BTech Final Year Project\RiceLeafDiseaseBD A Field-Based Annotated Smartpho\RiceLeafDiseaseBD A Field-Based Annotated Smartpho\RiceLeafDiseaseBD\RiceLeafDiseaseBD\Annotated images ( visual with labels)\Sheath blight\labels\Sheath blight_1424.txt,UNIQUE_GROUP_010197,False,calibration
Sheath blight_1456.jpg,.jpg,Annotated images ( visual with labels)/Sheath blight/visuals/Sheath blight_1456.jpg,322409,True,1024,1024,1.0,RGB,3,JPEG,316b4ed992bb4600f703c1e7be00a17769b3c2158f73452794ff9d02457c1d88,,Sheath blight,RiceLeafDiseaseBD,PRIMARY_DEVELOPMENT_DATASET,PRIMARY_006980,D:\BTech Final Year Project\RiceLeafDiseaseBD A Field-Based Annotated Smartpho\RiceLeafDiseaseBD A Field-Based Annotated Smartpho\RiceLeafDiseaseBD\RiceLeafDiseaseBD\Annotated images ( visual with labels)\Sheath blight\labels\Sheath blight_1456.txt,UNIQUE_GROUP_003458,False,calibration
Sheath blight_1480.jpg,.jpg,Annotated images ( visual with labels)/Sheath blight/visuals/Sheath blight_1480.jpg,323843,True,1024,1024,1.0,RGB,3,JPEG,7002fb01a44cae29634060554ca8afad31c8e98881255412e347505989bbffef,,Sheath blight,RiceLeafDiseaseBD,PRIMARY_DEVELOPMENT_DATASET,PRIMARY_007007,D:\BTech Final Year Project\RiceLeafDiseaseBD A Field-Based Annotated Smartpho\RiceLeafDiseaseBD A Field-Based Annotated Smartpho\RiceLeafDiseaseBD\RiceLeafDiseaseBD\Annotated images ( visual with labels)\Sheath blight\labels\Sheath blight_1480.txt,UNIQUE_GROUP_007816,False,calibration
Sheath blight_1489.jpg,.jpg,Annotated images ( visual with labels)/Sheath blight/visuals/Sheath blight_1489.jpg,287494,True,1024,1024,1.0,RGB,3,JPEG,83746e030dee6be661b03a4ff609d069c8b6a87ec81610d8829bdad16bfb5dae,,Sheath blight,RiceLeafDiseaseBD,PRIMARY_DEVELOPMENT_DATASET,PRIMARY_007016,D:\BTech Final Year Project\RiceLeafDiseaseBD A Field-Based Annotated Smartpho\RiceLeafDiseaseBD A Field-Based Annotated Smartpho\RiceLeafDiseaseBD\RiceLeafDiseaseBD\Annotated images ( visual with labels)\Sheath blight\labels\Sheath blight_1489.txt,UNIQUE_GROUP_009193,False,calibration
Sheath blight_1491.jpg,.jpg,Annotated images ( visual with labels)/Sheath blight/visuals/Sheath blight_1491.jpg,275800,True,1024,1024,1.0,RGB,3,JPEG,0de5d9a0ba5b601d05de15a6101e5b62cede79d7b73591f1aa3e66cd40c3c837,,Sheath blight,RiceLeafDiseaseBD,PRIMARY_DEVELOPMENT_DATASET,PRIMARY_007019,D:\BTech Final Year Project\RiceLeafDiseaseBD A Field-Based Annotated Smartpho\RiceLeafDiseaseBD A Field-Based Annotated Smartpho\RiceLeafDiseaseBD\RiceLeafDiseaseBD\Annotated images ( visual with labels)\Sheath blight\labels\Sheath blight_1491.txt,UNIQUE_GROUP_000963,False,calibration
Sheath blight_1496.jpg,.jpg,Annotated images ( visual with labels)/Sheath blight/visuals/Sheath blight_1496.jpg,291115,True,1024,1024,1.0,RGB,3,JPEG,ce7504891f718cf3fa183b1a4d17bba776455dde950059e619b528e227e86e44,,Sheath blight,RiceLeafDiseaseBD,PRIMARY_DEVELOPMENT_DATASET,PRIMARY_007024,D:\BTech Final Year Project\RiceLeafDiseaseBD A Field-Based Annotated Smartpho\RiceLeafDiseaseBD A Field-Based Annotated Smartpho\RiceLeafDiseaseBD\RiceLeafDiseaseBD\Annotated images ( visual with labels)\Sheath blight\labels\Sheath blight_1496.txt,UNIQUE_GROUP_014439,False,calibration
Sheath blight_1510.jpg,.jpg,Annotated images ( visual with labels)/Sheath blight/visuals/Sheath blight_1510.jpg,282510,True,1024,1024,1.0,RGB,3,JPEG,0e2a2b27210a1e7b67f3ed6c16e2e568fc74c1c899a361ddd14a785a480dc5c0,,Sheath blight,RiceLeafDiseaseBD,PRIMARY_DEVELOPMENT_DATASET,PRIMARY_007041,D:\BTech Final Year Project\RiceLeafDiseaseBD A Field-Based Annotated Smartpho\RiceLeafDiseaseBD A Field-Based Annotated Smartpho\RiceLeafDiseaseBD\RiceLeafDiseaseBD\Annotated images ( visual with labels)\Sheath blight\labels\Sheath blight_1510.txt,UNIQUE_GROUP_000983,False,calibration
Sheath blight_155.jpg,.jpg,Annotated images ( visual with labels)/Sheath blight/visuals/Sheath blight_155.jpg,283751,True,1024,1024,1.0,RGB,3,JPEG,78e3da69421e68231f7d3b27a571487487ce3e2a79d81b7af92cb084255de7ea,,Sheath blight,RiceLeafDiseaseBD,PRIMARY_DEVELOPMENT_DATASET,PRIMARY_007084,D:\BTech Final Year Project\RiceLeafDiseaseBD A Field-Based Annotated Smartpho\RiceLeafDiseaseBD A Field-Based Annotated Smartpho\RiceLeafDiseaseBD\RiceLeafDiseaseBD\Annotated images ( visual with labels)\Sheath blight\labels\Sheath blight_155.txt,UNIQUE_GROUP_008422,False,calibration
Sheath blight_1568.jpg,.jpg,Annotated images ( visual with labels)/Sheath blight/visuals/Sheath blight_1568.jpg,277485,True,1024,1024,1.0,RGB,3,JPEG,a79efec4b53b5135db4354404add2d01bc8f4f4988aee1677bd5d5680d31d2ef,,Sheath blight,RiceLeafDiseaseBD,PRIMARY_DEVELOPMENT_DATASET,PRIMARY_007104,D:\BTech Final Year Project\RiceLeafDiseaseBD A Field-Based Annotated Smartpho\RiceLeafDiseaseBD A Field-Based Annotated Smartpho\RiceLeafDiseaseBD\RiceLeafDiseaseBD\Annotated images ( visual with labels)\Sheath blight\labels\Sheath blight_1568.txt,UNIQUE_GROUP_011735,False,calibration
Sheath blight_1577.jpg,.jpg,Annotated images ( visual with labels)/Sheath blight/visuals/Sheath blight_1577.jpg,248180,True,1024,1024,1.0,RGB,3,JPEG,88d400e2448f522ca5a56fb08b960d9dc9a5815bd1b19caafae327da6a0ee932,,Sheath blight,RiceLeafDiseaseBD,PRIMARY_DEVELOPMENT_DATASET,PRIMARY_007114,D:\BTech Final Year Project\RiceLeafDiseaseBD A Field-Based Annotated Smartpho\RiceLeafDiseaseBD A Field-Based Annotated Smartpho\RiceLeafDiseaseBD\RiceLeafDiseaseBD\Annotated images ( visual with labels)\Sheath blight\labels\Sheath blight_1577.txt,UNIQUE_GROUP_009559,False,calibration
Sheath blight_1578.jpg,.jpg,Annotated images ( visual with labels)/Sheath blight/visuals/Sheath blight_1578.jpg,247520,True,1024,1024,1.0,RGB,3,JPEG,32ba6c65fdceac48808bbdde4b0d043156cc4d0101119f813f9e204b6b6503eb,,Sheath blight,RiceLeafDiseaseBD,PRIMARY_DEVELOPMENT_DATASET,PRIMARY_007115,D:\BTech Final Year Project\RiceLeafDiseaseBD A Field-Based Annotated Smartpho\RiceLeafDiseaseBD A Field-Based Annotated Smartpho\RiceLeafDiseaseBD\RiceLeafDiseaseBD\Annotated images ( visual with labels)\Sheath blight\labels\Sheath blight_1578.txt,UNIQUE_GROUP_003545,False,calibration
Sheath blight_1588.jpg,.jpg,Annotated images ( visual with labels)/Sheath blight/visuals/Sheath blight_1588.jpg,263557,True,1024,1024,1.0,RGB,3,JPEG,0c9ae85f47a6263b11a8220ff197ef047355aeba2fce6bb54cf25f440ca083f0,,Sheath blight,RiceLeafDiseaseBD,PRIMARY_DEVELOPMENT_DATASET,PRIMARY_007126,D:\BTech Final Year Project\RiceLeafDiseaseBD A Field-Based Annotated Smartpho\RiceLeafDiseaseBD A Field-Based Annotated Smartpho\RiceLeafDiseaseBD\RiceLeafDiseaseBD\Annotated images ( visual with labels)\Sheath blight\labels\Sheath blight_1588.txt,UNIQUE_GROUP_000860,False,calibration
Sheath blight_1594.jpg,.jpg,Annotated images ( visual with labels)/Sheath blight/visuals/Sheath blight_1594.jpg,293095,True,1024,1024,1.0,RGB,3,JPEG,3398fcc5b000686e2f66227353fb90efd6bd94003bc50d4e17f4e4cd441a6f21,,Sheath blight,RiceLeafDiseaseBD,PRIMARY_DEVELOPMENT_DATASET,PRIMARY_007133,D:\BTech Final Year Project\RiceLeafDiseaseBD A Field-Based Annotated Smartpho\RiceLeafDiseaseBD A Field-Based Annotated Smartpho\RiceLeafDiseaseBD\RiceLeafDiseaseBD\Annotated images ( visual with labels)\Sheath blight\labels\Sheath blight_1594.txt,UNIQUE_GROUP_003601,False,calibration
Sheath blight_1598.jpg,.jpg,Annotated images ( visual with labels)/Sheath blight/visuals/Sheath blight_1598.jpg,292289,True,1024,1024,1.0,RGB,3,JPEG,79986171c296d8ab3757a3e4b1037416544918adafc12fb21e470824c9e451dd,,Sheath blight,RiceLeafDiseaseBD,PRIMARY_DEVELOPMENT_DATASET,PRIMARY_007137,D:\BTech Final Year Project\RiceLeafDiseaseBD A Field-Based Annotated Smartpho\RiceLeafDiseaseBD A Field-Based Annotated Smartpho\RiceLeafDiseaseBD\RiceLeafDiseaseBD\Annotated images ( visual with labels)\Sheath blight\labels\Sheath blight_1598.txt,UNIQUE_GROUP_008476,False,calibration
Sheath blight_1600.jpg,.jpg,Annotated images ( visual with labels)/Sheath blight/visuals/Sheath blight_1600.jpg,270410,True,1024,1024,1.0,RGB,3,JPEG,84f2980bfb059f2b71e71497327ef421b5d4cc5fd01d34c080d0e6997434b8c0,,Sheath blight,RiceLeafDiseaseBD,PRIMARY_DEVELOPMENT_DATASET,PRIMARY_007141,D:\BTech Final Year Project\RiceLeafDiseaseBD A Field-Based Annotated Smartpho\RiceLeafDiseaseBD A Field-Based Annotated Smartpho\RiceLeafDiseaseBD\RiceLeafDiseaseBD\Annotated images ( visual with labels)\Sheath blight\labels\Sheath blight_1600.txt,UNIQUE_GROUP_009297,False,calibration
Sheath blight_1601.jpg,.jpg,Annotated images ( visual with labels)/Sheath blight/visuals/Sheath blight_1601.jpg,296301,True,1024,1024,1.0,RGB,3,JPEG,3dc3be6b2cda6094f7ef98c8b104a428c4bb52ac2e161a46118b9f7523a96dfc,,Sheath blight,RiceLeafDiseaseBD,PRIMARY_DEVELOPMENT_DATASET,PRIMARY_007142,D:\BTech Final Year Project\RiceLeafDiseaseBD A Field-Based Annotated Smartpho\RiceLeafDiseaseBD A Field-Based Annotated Smartpho\RiceLeafDiseaseBD\RiceLeafDiseaseBD\Annotated images ( visual with labels)\Sheath blight\labels\Sheath blight_1601.txt,UNIQUE_GROUP_004304,False,calibration
Sheath blight_1606.jpg,.jpg,Annotated images ( visual with labels)/Sheath blight/visuals/Sheath blight_1606.jpg,346272,True,1024,1024,1.0,RGB,3,JPEG,71972b0865504dc1ee891a69d00822f8582a3eb7f6f01c94b537b26ee9b75bbe,,Sheath blight,RiceLeafDiseaseBD,PRIMARY_DEVELOPMENT_DATASET,PRIMARY_007147,D:\BTech Final Year Project\RiceLeafDiseaseBD A Field-Based Annotated Smartpho\RiceLeafDiseaseBD A Field-Based Annotated Smartpho\RiceLeafDiseaseBD\RiceLeafDiseaseBD\Annotated images ( visual with labels)\Sheath blight\labels\Sheath blight_1606.txt,UNIQUE_GROUP_007938,False,calibration
Sheath blight_1616.jpg,.jpg,Annotated images ( visual with labels)/Sheath blight/visuals/Sheath blight_1616.jpg,240532,True,1024,1024,1.0,RGB,3,JPEG,ed8417f3c5d55ca704049264a3e41b448e4d583e2de47be880eb187a93a244c0,,Sheath blight,RiceLeafDiseaseBD,PRIMARY_DEVELOPMENT_DATASET,PRIMARY_007158,D:\BTech Final Year Project\RiceLeafDiseaseBD A Field-Based Annotated Smartpho\RiceLeafDiseaseBD A Field-Based Annotated Smartpho\RiceLeafDiseaseBD\RiceLeafDiseaseBD\Annotated images ( visual with labels)\Sheath blight\labels\Sheath blight_1616.txt,UNIQUE_GROUP_016557,False,calibration
Sheath blight_1619.jpg,.jpg,Annotated images ( visual with labels)/Sheath blight/visuals/Sheath blight_1619.jpg,246742,True,1024,1024,1.0,RGB,3,JPEG,d1f94b99717184242af124c613ac12322fdb2f967efb72687e478e3d23d7d312,,Sheath blight,RiceLeafDiseaseBD,PRIMARY_DEVELOPMENT_DATASET,PRIMARY_007161,D:\BTech Final Year Project\RiceLeafDiseaseBD A Field-Based Annotated Smartpho\RiceLeafDiseaseBD A Field-Based Annotated Smartpho\RiceLeafDiseaseBD\RiceLeafDiseaseBD\Annotated images ( visual with labels)\Sheath blight\labels\Sheath blight_1619.txt,UNIQUE_GROUP_014699,False,calibration
Sheath blight_162.jpg,.jpg,Annotated images ( visual with labels)/Sheath blight/visuals/Sheath blight_162.jpg,261305,True,1024,1024,1.0,RGB,3,JPEG,b90ef3c05adcfe65e351a43192f35cb0b78559e25e844b3bafd2f4dba0702e73,,Sheath blight,RiceLeafDiseaseBD,PRIMARY_DEVELOPMENT_DATASET,PRIMARY_007162,D:\BTech Final Year Project\RiceLeafDiseaseBD A Field-Based Annotated Smartpho\RiceLeafDiseaseBD A Field-Based Annotated Smartpho\RiceLeafDiseaseBD\RiceLeafDiseaseBD\Annotated images ( visual with labels)\Sheath blight\labels\Sheath blight_162.txt,UNIQUE_GROUP_012936,False,calibration
Sheath blight_1620.jpg,.jpg,Annotated images ( visual with labels)/Sheath blight/visuals/Sheath blight_1620.jpg,251005,True,1024,1024,1.0,RGB,3,JPEG,092cfa739a5a2d1eb938296d9f8356aeb7fd83ece86d801470291cc71136f38c,,Sheath blight,RiceLeafDiseaseBD,PRIMARY_DEVELOPMENT_DATASET,PRIMARY_007163,D:\BTech Final Year Project\RiceLeafDiseaseBD A Field-Based Annotated Smartpho\RiceLeafDiseaseBD A Field-Based Annotated Smartpho\RiceLeafDiseaseBD\RiceLeafDiseaseBD\Annotated images ( visual with labels)\Sheath blight\labels\Sheath blight_1620.txt,UNIQUE_GROUP_000611,False,calibration
Sheath blight_1655.jpg,.jpg,Annotated images ( visual with labels)/Sheath blight/visuals/Sheath blight_1655.jpg,250960,True,1024,1024,1.0,RGB,3,JPEG,490a87b6ce16b0272529c9e2ff368329718f470d8ce4e13b048ad4589ed3a046,,Sheath blight,RiceLeafDiseaseBD,PRIMARY_DEVELOPMENT_DATASET,PRIMARY_007201,D:\BTech Final Year Project\RiceLeafDiseaseBD A Field-Based Annotated Smartpho\RiceLeafDiseaseBD A Field-Based Annotated Smartpho\RiceLeafDiseaseBD\RiceLeafDiseaseBD\Annotated images ( visual with labels)\Sheath blight\labels\Sheath blight_1655.txt,UNIQUE_GROUP_005092,False,calibration
Sheath blight_1662.jpg,.jpg,Annotated images ( visual with labels)/Sheath blight/visuals/Sheath blight_1662.jpg,236859,True,1024,1024,1.0,RGB,3,JPEG,b022fa5372683ce101c301e767284dd96b09270431200a6ae46779c85b70946f,,Sheath blight,RiceLeafDiseaseBD,PRIMARY_DEVELOPMENT_DATASET,PRIMARY_007209,D:\BTech Final Year Project\RiceLeafDiseaseBD A Field-Based Annotated Smartpho\RiceLeafDiseaseBD A Field-Based Annotated Smartpho\RiceLeafDiseaseBD\RiceLeafDiseaseBD\Annotated images ( visual with labels)\Sheath blight\labels\Sheath blight_1662.txt,UNIQUE_GROUP_012311,False,calibration
Sheath blight_169.jpg,.jpg,Annotated images ( visual with labels)/Sheath blight/visuals/Sheath blight_169.jpg,250953,True,1024,1024,1.0,RGB,3,JPEG,195f003ef2fb33b049bc49e383ef3687e7755316882e77cfbde526f54ae35fdb,,Sheath blight,RiceLeafDiseaseBD,PRIMARY_DEVELOPMENT_DATASET,PRIMARY_007239,D:\BTech Final Year Project\RiceLeafDiseaseBD A Field-Based Annotated Smartpho\RiceLeafDiseaseBD A Field-Based Annotated Smartpho\RiceLeafDiseaseBD\RiceLeafDiseaseBD\Annotated images ( visual with labels)\Sheath blight\labels\Sheath blight_169.txt,UNIQUE_GROUP_001738,False,calibration
Sheath blight_1699.jpg,.jpg,Annotated images ( visual with labels)/Sheath blight/visuals/Sheath blight_1699.jpg,336428,True,1024,1024,1.0,RGB,3,JPEG,83dedf3329d105ac0f5afbeffdcd783be564e54606679e55fdc1a7ea8a2db9c4,,Sheath blight,RiceLeafDiseaseBD,PRIMARY_DEVELOPMENT_DATASET,PRIMARY_007249,D:\BTech Final Year Project\RiceLeafDiseaseBD A Field-Based Annotated Smartpho\RiceLeafDiseaseBD A Field-Based Annotated Smartpho\RiceLeafDiseaseBD\RiceLeafDiseaseBD\Annotated images ( visual with labels)\Sheath blight\labels\Sheath blight_1699.txt,UNIQUE_GROUP_009223,False,calibration
Sheath blight_1703.jpg,.jpg,Annotated images ( visual with labels)/Sheath blight/visuals/Sheath blight_1703.jpg,306957,True,1024,1024,1.0,RGB,3,JPEG,c77011fd5e2f984fe1cf98835838de2020cf487b0e064cc6a5630fb64292c6da,,Sheath blight,RiceLeafDiseaseBD,PRIMARY_DEVELOPMENT_DATASET,PRIMARY_007255,D:\BTech Final Year Project\RiceLeafDiseaseBD A Field-Based Annotated Smartpho\RiceLeafDiseaseBD A Field-Based Annotated Smartpho\RiceLeafDiseaseBD\RiceLeafDiseaseBD\Annotated images ( visual with labels)\Sheath blight\labels\Sheath blight_1703.txt,UNIQUE_GROUP_013954,False,calibration
Sheath blight_1707.jpg,.jpg,Annotated images ( visual with labels)/Sheath blight/visuals/Sheath blight_1707.jpg,310656,True,1024,1024,1.0,RGB,3,JPEG,0e114336cd13eff21ff3ab8894b6d4f34bd34141b6532cdc85f11da38e214593,,Sheath blight,RiceLeafDiseaseBD,PRIMARY_DEVELOPMENT_DATASET,PRIMARY_007259,D:\BTech Final Year Project\RiceLeafDiseaseBD A Field-Based Annotated Smartpho\RiceLeafDiseaseBD A Field-Based Annotated Smartpho\RiceLeafDiseaseBD\RiceLeafDiseaseBD\Annotated images ( visual with labels)\Sheath blight\labels\Sheath blight_1707.txt,UNIQUE_GROUP_000974,False,calibration
Sheath blight_1712.jpg,.jpg,Annotated images ( visual with labels)/Sheath blight/visuals/Sheath blight_1712.jpg,269945,True,1024,1024,1.0,RGB,3,JPEG,d6b46bf91b8ce40cdf8af3e14b3f4b5777248424f904a7a817aff0c2a33ce943,,Sheath blight,RiceLeafDiseaseBD,PRIMARY_DEVELOPMENT_DATASET,PRIMARY_007265,D:\BTech Final Year Project\RiceLeafDiseaseBD A Field-Based Annotated Smartpho\RiceLeafDiseaseBD A Field-Based Annotated Smartpho\RiceLeafDiseaseBD\RiceLeafDiseaseBD\Annotated images ( visual with labels)\Sheath blight\labels\Sheath blight_1712.txt,UNIQUE_GROUP_015020,False,calibration
Sheath blight_177.jpg,.jpg,Annotated images ( visual with labels)/Sheath blight/visuals/Sheath blight_177.jpg,279187,True,1024,1024,1.0,RGB,3,JPEG,97489115bf1f23b9c5375fddea7b3857cf2e0282ba21937d931b7bedf9a50aab,,Sheath blight,RiceLeafDiseaseBD,PRIMARY_DEVELOPMENT_DATASET,PRIMARY_007281,D:\BTech Final Year Project\RiceLeafDiseaseBD A Field-Based Annotated Smartpho\RiceLeafDiseaseBD A Field-Based Annotated Smartpho\RiceLeafDiseaseBD\RiceLeafDiseaseBD\Annotated images ( visual with labels)\Sheath blight\labels\Sheath blight_177.txt,UNIQUE_GROUP_010587,False,calibration
Sheath blight_184.jpg,.jpg,Annotated images ( visual with labels)/Sheath blight/visuals/Sheath blight_184.jpg,288790,True,1024,1024,1.0,RGB,3,JPEG,1a2fe2ef995f3ce79ce41d7694c93212fbcfdefb2afaca96bdb7203e2f38d3a4,,Sheath blight,RiceLeafDiseaseBD,PRIMARY_DEVELOPMENT_DATASET,PRIMARY_007289,D:\BTech Final Year Project\RiceLeafDiseaseBD A Field-Based Annotated Smartpho\RiceLeafDiseaseBD A Field-Based Annotated Smartpho\RiceLeafDiseaseBD\RiceLeafDiseaseBD\Annotated images ( visual with labels)\Sheath blight\labels\Sheath blight_184.txt,UNIQUE_GROUP_001801,False,calibration
Sheath blight_186.jpg,.jpg,Annotated images ( visual with labels)/Sheath blight/visuals/Sheath blight_186.jpg,265182,True,1024,1024,1.0,RGB,3,JPEG,d2cc78b401b2c8b43c9bbe652fe7e87a8c6609a069e0add0ddef00e3a71a930d,,Sheath blight,RiceLeafDiseaseBD,PRIMARY_DEVELOPMENT_DATASET,PRIMARY_007291,D:\BTech Final Year Project\RiceLeafDiseaseBD A Field-Based Annotated Smartpho\RiceLeafDiseaseBD A Field-Based Annotated Smartpho\RiceLeafDiseaseBD\RiceLeafDiseaseBD\Annotated images ( visual with labels)\Sheath blight\labels\Sheath blight_186.txt,UNIQUE_GROUP_014762,False,calibration
Sheath blight_191.jpg,.jpg,Annotated images ( visual with labels)/Sheath blight/visuals/Sheath blight_191.jpg,334423,True,1024,1024,1.0,RGB,3,JPEG,63ff63603d6e6f175386a69592af6b45c78e92b9c3a7eb0f3d3e070fbfecadf1,,Sheath blight,RiceLeafDiseaseBD,PRIMARY_DEVELOPMENT_DATASET,PRIMARY_007297,D:\BTech Final Year Project\RiceLeafDiseaseBD A Field-Based Annotated Smartpho\RiceLeafDiseaseBD A Field-Based Annotated Smartpho\RiceLeafDiseaseBD\RiceLeafDiseaseBD\Annotated images ( visual with labels)\Sheath blight\labels\Sheath blight_191.txt,UNIQUE_GROUP_007007,False,calibration
Sheath blight_20.jpg,.jpg,Annotated images ( visual with labels)/Sheath blight/visuals/Sheath blight_20.jpg,258653,True,1024,1024,1.0,RGB,3,JPEG,4fed3f13c480492d31bdbc0d2e6e1cf4f7e661f11b848fbb9f72d2fb08189dda,,Sheath blight,RiceLeafDiseaseBD,PRIMARY_DEVELOPMENT_DATASET,PRIMARY_007307,D:\BTech Final Year Project\RiceLeafDiseaseBD A Field-Based Annotated Smartpho\RiceLeafDiseaseBD A Field-Based Annotated Smartpho\RiceLeafDiseaseBD\RiceLeafDiseaseBD\Annotated images ( visual with labels)\Sheath blight\labels\Sheath blight_20.txt,UNIQUE_GROUP_005583,False,calibration
Sheath blight_206.jpg,.jpg,Annotated images ( visual with labels)/Sheath blight/visuals/Sheath blight_206.jpg,264888,True,1024,1024,1.0,RGB,3,JPEG,787e9e5f5191b8fcfe866192f6346c6a4cc144d81f90620879019911e778bb31,,Sheath blight,RiceLeafDiseaseBD,PRIMARY_DEVELOPMENT_DATASET,PRIMARY_007314,D:\BTech Final Year Project\RiceLeafDiseaseBD A Field-Based Annotated Smartpho\RiceLeafDiseaseBD A Field-Based Annotated Smartpho\RiceLeafDiseaseBD\RiceLeafDiseaseBD\Annotated images ( visual with labels)\Sheath blight\labels\Sheath blight_206.txt,UNIQUE_GROUP_008401,False,calibration
Sheath blight_209.jpg,.jpg,Annotated images ( visual with labels)/Sheath blight/visuals/Sheath blight_209.jpg,262853,True,1024,1024,1.0,RGB,3,JPEG,bda3e314216d0b7eaf02cbbcad8a6fb312ca78583ae83cb61ca46e1a4824adc5,,Sheath blight,RiceLeafDiseaseBD,PRIMARY_DEVELOPMENT_DATASET,PRIMARY_007317,D:\BTech Final Year Project\RiceLeafDiseaseBD A Field-Based Annotated Smartpho\RiceLeafDiseaseBD A Field-Based Annotated Smartpho\RiceLeafDiseaseBD\RiceLeafDiseaseBD\Annotated images ( visual with labels)\Sheath blight\labels\Sheath blight_209.txt,UNIQUE_GROUP_013255,False,calibration
Sheath blight_211.jpg,.jpg,Annotated images ( visual with labels)/Sheath blight/visuals/Sheath blight_211.jpg,269309,True,1024,1024,1.0,RGB,3,JPEG,85673c6e4aa660bc00aca78369be5e2e41b0fcbf7b8c8f6df3ab205cccf5ea0b,,Sheath blight,RiceLeafDiseaseBD,PRIMARY_DEVELOPMENT_DATASET,PRIMARY_007320,D:\BTech Final Year Project\RiceLeafDiseaseBD A Field-Based Annotated Smartpho\RiceLeafDiseaseBD A Field-Based Annotated Smartpho\RiceLeafDiseaseBD\RiceLeafDiseaseBD\Annotated images ( visual with labels)\Sheath blight\labels\Sheath blight_211.txt,UNIQUE_GROUP_009325,False,calibration
Sheath blight_217.jpg,.jpg,Annotated images ( visual with labels)/Sheath blight/visuals/Sheath blight_217.jpg,286902,True,1024,1024,1.0,RGB,3,JPEG,affc018ee68a60f81118b7d3d3378a2b1969e9b3b00181802e1cf2d8c65e6e7c,,Sheath blight,RiceLeafDiseaseBD,PRIMARY_DEVELOPMENT_DATASET,PRIMARY_007326,D:\BTech Final Year Project\RiceLeafDiseaseBD A Field-Based Annotated Smartpho\RiceLeafDiseaseBD A Field-Based Annotated Smartpho\RiceLeafDiseaseBD\RiceLeafDiseaseBD\Annotated images ( visual with labels)\Sheath blight\labels\Sheath blight_217.txt,UNIQUE_GROUP_012301,False,calibration
Sheath blight_223.jpg,.jpg,Annotated images ( visual with labels)/Sheath blight/visuals/Sheath blight_223.jpg,263654,True,1024,1024,1.0,RGB,3,JPEG,e82c08e4dddd9c5d41b8753889996e80eb8d568e2fc6085154f433989278c9a3,,Sheath blight,RiceLeafDiseaseBD,PRIMARY_DEVELOPMENT_DATASET,PRIMARY_007333,D:\BTech Final Year Project\RiceLeafDiseaseBD A Field-Based Annotated Smartpho\RiceLeafDiseaseBD A Field-Based Annotated Smartpho\RiceLeafDiseaseBD\RiceLeafDiseaseBD\Annotated images ( visual with labels)\Sheath blight\labels\Sheath blight_223.txt,UNIQUE_GROUP_016195,False,calibration
Sheath blight_226.jpg,.jpg,Annotated images ( visual with labels)/Sheath blight/visuals/Sheath blight_226.jpg,271708,True,1024,1024,1.0,RGB,3,JPEG,056daddf76357f467e33b521da4fb1545a2a434a7a5a1738fcece5440fc8fc0a,,Sheath blight,RiceLeafDiseaseBD,PRIMARY_DEVELOPMENT_DATASET,PRIMARY_007336,D:\BTech Final Year Project\RiceLeafDiseaseBD A Field-Based Annotated Smartpho\RiceLeafDiseaseBD A Field-Based Annotated Smartpho\RiceLeafDiseaseBD\RiceLeafDiseaseBD\Annotated images ( visual with labels)\Sheath blight\labels\Sheath blight_226.txt,UNIQUE_GROUP_000358,False,calibration
Sheath blight_235.jpg,.jpg,Annotated images ( visual with labels)/Sheath blight/visuals/Sheath blight_235.jpg,262794,True,1024,1024,1.0,RGB,3,JPEG,3fd8dc7140027885de69d516d297d3774fc092fc6bc87075f83eaad77c99a2a7,,Sheath blight,RiceLeafDiseaseBD,PRIMARY_DEVELOPMENT_DATASET,PRIMARY_007346,D:\BTech Final Year Project\RiceLeafDiseaseBD A Field-Based Annotated Smartpho\RiceLeafDiseaseBD A Field-Based Annotated Smartpho\RiceLeafDiseaseBD\RiceLeafDiseaseBD\Annotated images ( visual with labels)\Sheath blight\labels\Sheath blight_235.txt,UNIQUE_GROUP_004469,False,calibration
Sheath blight_243.jpg,.jpg,Annotated images ( visual with labels)/Sheath blight/visuals/Sheath blight_243.jpg,274410,True,1024,1024,1.0,RGB,3,JPEG,f231e88171b65f8ed29f7ac730db28ec5f576cb62e36c551cff9769d20ab47d0,,Sheath blight,RiceLeafDiseaseBD,PRIMARY_DEVELOPMENT_DATASET,PRIMARY_007355,D:\BTech Final Year Project\RiceLeafDiseaseBD A Field-Based Annotated Smartpho\RiceLeafDiseaseBD A Field-Based Annotated Smartpho\RiceLeafDiseaseBD\RiceLeafDiseaseBD\Annotated images ( visual with labels)\Sheath blight\labels\Sheath blight_243.txt,UNIQUE_GROUP_016868,False,calibration
Sheath blight_253.jpg,.jpg,Annotated images ( visual with labels)/Sheath blight/visuals/Sheath blight_253.jpg,273636,True,1024,1024,1.0,RGB,3,JPEG,11a5ef3cc764540ff1e342f285b31dc7312e49cfd5ab37939289d26f156df2e7,,Sheath blight,RiceLeafDiseaseBD,PRIMARY_DEVELOPMENT_DATASET,PRIMARY_007366,D:\BTech Final Year Project\RiceLeafDiseaseBD A Field-Based Annotated Smartpho\RiceLeafDiseaseBD A Field-Based Annotated Smartpho\RiceLeafDiseaseBD\RiceLeafDiseaseBD\Annotated images ( visual with labels)\Sheath blight\labels\Sheath blight_253.txt,UNIQUE_GROUP_001214,False,calibration
Sheath blight_26.jpg,.jpg,Annotated images ( visual with labels)/Sheath blight/visuals/Sheath blight_26.jpg,263093,True,1024,1024,1.0,RGB,3,JPEG,928cadf340727298c0f979c3860f88e5f2d4e670650c9681f4317eda0c1f2493,,Sheath blight,RiceLeafDiseaseBD,PRIMARY_DEVELOPMENT_DATASET,PRIMARY_007373,D:\BTech Final Year Project\RiceLeafDiseaseBD A Field-Based Annotated Smartpho\RiceLeafDiseaseBD A Field-Based Annotated Smartpho\RiceLeafDiseaseBD\RiceLeafDiseaseBD\Annotated images ( visual with labels)\Sheath blight\labels\Sheath blight_26.txt,UNIQUE_GROUP_010250,False,calibration
Sheath blight_27.jpg,.jpg,Annotated images ( visual with labels)/Sheath blight/visuals/Sheath blight_27.jpg,242308,True,1024,1024,1.0,RGB,3,JPEG,4dd5402568edf94706bdb535643b6018c2f0a121d1d3adfd79979f991ec31aa7,,Sheath blight,RiceLeafDiseaseBD,PRIMARY_DEVELOPMENT_DATASET,PRIMARY_007384,D:\BTech Final Year Project\RiceLeafDiseaseBD A Field-Based Annotated Smartpho\RiceLeafDiseaseBD A Field-Based Annotated Smartpho\RiceLeafDiseaseBD\RiceLeafDiseaseBD\Annotated images ( visual with labels)\Sheath blight\labels\Sheath blight_27.txt,UNIQUE_GROUP_005456,False,calibration
Sheath blight_272.jpg,.jpg,Annotated images ( visual with labels)/Sheath blight/visuals/Sheath blight_272.jpg,289239,True,1024,1024,1.0,RGB,3,JPEG,f599057560d108f364c01b506a008b98a004298f2586b3782045b86fa767c923,,Sheath blight,RiceLeafDiseaseBD,PRIMARY_DEVELOPMENT_DATASET,PRIMARY_007387,D:\BTech Final Year Project\RiceLeafDiseaseBD A Field-Based Annotated Smartpho\RiceLeafDiseaseBD A Field-Based Annotated Smartpho\RiceLeafDiseaseBD\RiceLeafDiseaseBD\Annotated images ( visual with labels)\Sheath blight\labels\Sheath blight_272.txt,UNIQUE_GROUP_017084,False,calibration
Sheath blight_276.jpg,.jpg,Annotated images ( visual with labels)/Sheath blight/visuals/Sheath blight_276.jpg,260063,True,1024,1024,1.0,RGB,3,JPEG,b3ba57bfa4c9d0744c4a01cc7aff3da7270fc4ea32dcc7b299c70ed5a1e03916,,Sheath blight,RiceLeafDiseaseBD,PRIMARY_DEVELOPMENT_DATASET,PRIMARY_007391,D:\BTech Final Year Project\RiceLeafDiseaseBD A Field-Based Annotated Smartpho\RiceLeafDiseaseBD A Field-Based Annotated Smartpho\RiceLeafDiseaseBD\RiceLeafDiseaseBD\Annotated images ( visual with labels)\Sheath blight\labels\Sheath blight_276.txt,UNIQUE_GROUP_012571,False,calibration
Sheath blight_277.jpg,.jpg,Annotated images ( visual with labels)/Sheath blight/visuals/Sheath blight_277.jpg,259874,True,1024,1024,1.0,RGB,3,JPEG,10c1ae9a9885310978dc752686378b9542b5914eeadf6b03aa5dcc55067edf35,,Sheath blight,RiceLeafDiseaseBD,PRIMARY_DEVELOPMENT_DATASET,PRIMARY_007392,D:\BTech Final Year Project\RiceLeafDiseaseBD A Field-Based Annotated Smartpho\RiceLeafDiseaseBD A Field-Based Annotated Smartpho\RiceLeafDiseaseBD\RiceLeafDiseaseBD\Annotated images ( visual with labels)\Sheath blight\labels\Sheath blight_277.txt,UNIQUE_GROUP_001149,False,calibration
Sheath blight_28.jpg,.jpg,Annotated images ( visual with labels)/Sheath blight/visuals/Sheath blight_28.jpg,288476,True,1024,1024,1.0,RGB,3,JPEG,575b0fd144b7f4ae2d593d59c01ffddfcda9e834b8cea492dbcf91344897e290,,Sheath blight,RiceLeafDiseaseBD,PRIMARY_DEVELOPMENT_DATASET,PRIMARY_007395,D:\BTech Final Year Project\RiceLeafDiseaseBD A Field-Based Annotated Smartpho\RiceLeafDiseaseBD A Field-Based Annotated Smartpho\RiceLeafDiseaseBD\RiceLeafDiseaseBD\Annotated images ( visual with labels)\Sheath blight\labels\Sheath blight_28.txt,UNIQUE_GROUP_006121,False,calibration
Sheath blight_29.jpg,.jpg,Annotated images ( visual with labels)/Sheath blight/visuals/Sheath blight_29.jpg,275270,True,1024,1024,1.0,RGB,3,JPEG,c1353ca9a75ab16a2f257aa286685826135510841dead4f8abc3e22d2e26548e,,Sheath blight,RiceLeafDiseaseBD,PRIMARY_DEVELOPMENT_DATASET,PRIMARY_007406,D:\BTech Final Year Project\RiceLeafDiseaseBD A Field-Based Annotated Smartpho\RiceLeafDiseaseBD A Field-Based Annotated Smartpho\RiceLeafDiseaseBD\RiceLeafDiseaseBD\Annotated images ( visual with labels)\Sheath blight\labels\Sheath blight_29.txt,UNIQUE_GROUP_013516,False,calibration
Sheath blight_293.jpg,.jpg,Annotated images ( visual with labels)/Sheath blight/visuals/Sheath blight_293.jpg,263440,True,1024,1024,1.0,RGB,3,JPEG,13db73817e1f28d43d9614232686072abd561d48a0f1d40e5376bef8a8c2159f,,Sheath blight,RiceLeafDiseaseBD,PRIMARY_DEVELOPMENT_DATASET,PRIMARY_007410,D:\BTech Final Year Project\RiceLeafDiseaseBD A Field-Based Annotated Smartpho\RiceLeafDiseaseBD A Field-Based Annotated Smartpho\RiceLeafDiseaseBD\RiceLeafDiseaseBD\Annotated images ( visual with labels)\Sheath blight\labels\Sheath blight_293.txt,UNIQUE_GROUP_001354,False,calibration
Sheath blight_296.jpg,.jpg,Annotated images ( visual with labels)/Sheath blight/visuals/Sheath blight_296.jpg,257780,True,1024,1024,1.0,RGB,3,JPEG,607082df6e9771df30759301b51c4e1930d4122a76de58d1611ca0c7fc308d8e,,Sheath blight,RiceLeafDiseaseBD,PRIMARY_DEVELOPMENT_DATASET,PRIMARY_007413,D:\BTech Final Year Project\RiceLeafDiseaseBD A Field-Based Annotated Smartpho\RiceLeafDiseaseBD A Field-Based Annotated Smartpho\RiceLeafDiseaseBD\RiceLeafDiseaseBD\Annotated images ( visual with labels)\Sheath blight\labels\Sheath blight_296.txt,UNIQUE_GROUP_006758,False,calibration
Sheath blight_308.jpg,.jpg,Annotated images ( visual with labels)/Sheath blight/visuals/Sheath blight_308.jpg,276281,True,1024,1024,1.0,RGB,3,JPEG,d6ad22495c264bd9ff7c12876bac702ba93d4f1fd00365ed3c4e413f0731c109,,Sheath blight,RiceLeafDiseaseBD,PRIMARY_DEVELOPMENT_DATASET,PRIMARY_007427,D:\BTech Final Year Project\RiceLeafDiseaseBD A Field-Based Annotated Smartpho\RiceLeafDiseaseBD A Field-Based Annotated Smartpho\RiceLeafDiseaseBD\RiceLeafDiseaseBD\Annotated images ( visual with labels)\Sheath blight\labels\Sheath blight_308.txt,UNIQUE_GROUP_015015,False,calibration
Sheath blight_310.jpg,.jpg,Annotated images ( visual with labels)/Sheath blight/visuals/Sheath blight_310.jpg,261442,True,1024,1024,1.0,RGB,3,JPEG,d457f24e3676481d7845a8d9ecbe93b2d18293698553c17949301f327d8c3821,,Sheath blight,RiceLeafDiseaseBD,PRIMARY_DEVELOPMENT_DATASET,PRIMARY_007430,D:\BTech Final Year Project\RiceLeafDiseaseBD A Field-Based Annotated Smartpho\RiceLeafDiseaseBD A Field-Based Annotated Smartpho\RiceLeafDiseaseBD\RiceLeafDiseaseBD\Annotated images ( visual with labels)\Sheath blight\labels\Sheath blight_310.txt,UNIQUE_GROUP_014867,False,calibration
Sheath blight_319.jpg,.jpg,Annotated images ( visual with labels)/Sheath blight/visuals/Sheath blight_319.jpg,262449,True,1024,1024,1.0,RGB,3,JPEG,a26fc3be62bf51e9e0384f48f09797982763aa915bdbe76de9f6a803e7e0b991,,Sheath blight,RiceLeafDiseaseBD,PRIMARY_DEVELOPMENT_DATASET,PRIMARY_007439,D:\BTech Final Year Project\RiceLeafDiseaseBD A Field-Based Annotated Smartpho\RiceLeafDiseaseBD A Field-Based Annotated Smartpho\RiceLeafDiseaseBD\RiceLeafDiseaseBD\Annotated images ( visual with labels)\Sheath blight\labels\Sheath blight_319.txt,UNIQUE_GROUP_011378,False,calibration
Sheath blight_32.jpg,.jpg,Annotated images ( visual with labels)/Sheath blight/visuals/Sheath blight_32.jpg,272209,True,1024,1024,1.0,RGB,3,JPEG,296bf8cb372402bde3d6f89dcdc45b109e4505d0b5963a6a41e28cc20a1e612e,,Sheath blight,RiceLeafDiseaseBD,PRIMARY_DEVELOPMENT_DATASET,PRIMARY_007440,D:\BTech Final Year Project\RiceLeafDiseaseBD A Field-Based Annotated Smartpho\RiceLeafDiseaseBD A Field-Based Annotated Smartpho\RiceLeafDiseaseBD\RiceLeafDiseaseBD\Annotated images ( visual with labels)\Sheath blight\labels\Sheath blight_32.txt,UNIQUE_GROUP_002899,False,calibration
Sheath blight_324.jpg,.jpg,Annotated images ( visual with labels)/Sheath blight/visuals/Sheath blight_324.jpg,300402,True,1024,1024,1.0,RGB,3,JPEG,e5e7c282f230b5b3686700159e9455f262cdf3f100d0cc6375bc6476d83b5cb1,,Sheath blight,RiceLeafDiseaseBD,PRIMARY_DEVELOPMENT_DATASET,PRIMARY_007445,D:\BTech Final Year Project\RiceLeafDiseaseBD A Field-Based Annotated Smartpho\RiceLeafDiseaseBD A Field-Based Annotated Smartpho\RiceLeafDiseaseBD\RiceLeafDiseaseBD\Annotated images ( visual with labels)\Sheath blight\labels\Sheath blight_324.txt,UNIQUE_GROUP_016043,False,calibration
Sheath blight_344.jpg,.jpg,Annotated images ( visual with labels)/Sheath blight/visuals/Sheath blight_344.jpg,237250,True,1024,1024,1.0,RGB,3,JPEG,b7c181325109c48ce0de6de435764e5969f7f1ba28053f9e48ca514382392b3b,,Sheath blight,RiceLeafDiseaseBD,PRIMARY_DEVELOPMENT_DATASET,PRIMARY_007467,D:\BTech Final Year Project\RiceLeafDiseaseBD A Field-Based Annotated Smartpho\RiceLeafDiseaseBD A Field-Based Annotated Smartpho\RiceLeafDiseaseBD\RiceLeafDiseaseBD\Annotated images ( visual with labels)\Sheath blight\labels\Sheath blight_344.txt,UNIQUE_GROUP_012834,False,calibration
Sheath blight_375.jpg,.jpg,Annotated images ( visual with labels)/Sheath blight/visuals/Sheath blight_375.jpg,296522,True,1024,1024,1.0,RGB,3,JPEG,2636d8d5ab8c8ebeb7c1a6398754231bf3ff27820adaa2eb96cab9d933fab5e2,,Sheath blight,RiceLeafDiseaseBD,PRIMARY_DEVELOPMENT_DATASET,PRIMARY_007501,D:\BTech Final Year Project\RiceLeafDiseaseBD A Field-Based Annotated Smartpho\RiceLeafDiseaseBD A Field-Based Annotated Smartpho\RiceLeafDiseaseBD\RiceLeafDiseaseBD\Annotated images ( visual with labels)\Sheath blight\labels\Sheath blight_375.txt,UNIQUE_GROUP_002685,False,calibration
Sheath blight_377.jpg,.jpg,Annotated images ( visual with labels)/Sheath blight/visuals/Sheath blight_377.jpg,279109,True,1024,1024,1.0,RGB,3,JPEG,c70c4c068353e86b6afe78cd769a85b7e0c4ba161c214b6e5cd11e3ee84ba63c,,Sheath blight,RiceLeafDiseaseBD,PRIMARY_DEVELOPMENT_DATASET,PRIMARY_007503,D:\BTech Final Year Project\RiceLeafDiseaseBD A Field-Based Annotated Smartpho\RiceLeafDiseaseBD A Field-Based Annotated Smartpho\RiceLeafDiseaseBD\RiceLeafDiseaseBD\Annotated images ( visual with labels)\Sheath blight\labels\Sheath blight_377.txt,UNIQUE_GROUP_013932,False,calibration
Sheath blight_393.jpg,.jpg,Annotated images ( visual with labels)/Sheath blight/visuals/Sheath blight_393.jpg,325155,True,1024,1024,1.0,RGB,3,JPEG,95edce2b827202fc7981d747f1cd982a1488d7e0e06854b145ab9317c5dca5ee,,Sheath blight,RiceLeafDiseaseBD,PRIMARY_DEVELOPMENT_DATASET,PRIMARY_007521,D:\BTech Final Year Project\RiceLeafDiseaseBD A Field-Based Annotated Smartpho\RiceLeafDiseaseBD A Field-Based Annotated Smartpho\RiceLeafDiseaseBD\RiceLeafDiseaseBD\Annotated images ( visual with labels)\Sheath blight\labels\Sheath blight_393.txt,UNIQUE_GROUP_010481,False,calibration
Sheath blight_394.jpg,.jpg,Annotated images ( visual with labels)/Sheath blight/visuals/Sheath blight_394.jpg,343080,True,1024,1024,1.0,RGB,3,JPEG,ae5586656eb335421e842d039b996e30226e66319d6b1e7c227c660c6490777a,,Sheath blight,RiceLeafDiseaseBD,PRIMARY_DEVELOPMENT_DATASET,PRIMARY_007522,D:\BTech Final Year Project\RiceLeafDiseaseBD A Field-Based Annotated Smartpho\RiceLeafDiseaseBD A Field-Based Annotated Smartpho\RiceLeafDiseaseBD\RiceLeafDiseaseBD\Annotated images ( visual with labels)\Sheath blight\labels\Sheath blight_394.txt,UNIQUE_GROUP_012197,False,calibration
Sheath blight_395.jpg,.jpg,Annotated images ( visual with labels)/Sheath blight/visuals/Sheath blight_395.jpg,274967,True,1024,1024,1.0,RGB,3,JPEG,a8f946de521eb179adc51f69ae7b7f99eaa4eade0f5be929aae7e2d011deeefc,,Sheath blight,RiceLeafDiseaseBD,PRIMARY_DEVELOPMENT_DATASET,PRIMARY_007523,D:\BTech Final Year Project\RiceLeafDiseaseBD A Field-Based Annotated Smartpho\RiceLeafDiseaseBD A Field-Based Annotated Smartpho\RiceLeafDiseaseBD\RiceLeafDiseaseBD\Annotated images ( visual with labels)\Sheath blight\labels\Sheath blight_395.txt,UNIQUE_GROUP_011832,False,calibration
Sheath blight_40.jpg,.jpg,Annotated images ( visual with labels)/Sheath blight/visuals/Sheath blight_40.jpg,313764,True,1024,1024,1.0,RGB,3,JPEG,722a581892008886292243d074b0181e2dbe971a4d4e91e27d184b50f60bd5c4,,Sheath blight,RiceLeafDiseaseBD,PRIMARY_DEVELOPMENT_DATASET,PRIMARY_007529,D:\BTech Final Year Project\RiceLeafDiseaseBD A Field-Based Annotated Smartpho\RiceLeafDiseaseBD A Field-Based Annotated Smartpho\RiceLeafDiseaseBD\RiceLeafDiseaseBD\Annotated images ( visual with labels)\Sheath blight\labels\Sheath blight_40.txt,UNIQUE_GROUP_007969,False,calibration
Sheath blight_403.jpg,.jpg,Annotated images ( visual with labels)/Sheath blight/visuals/Sheath blight_403.jpg,276404,True,1024,1024,1.0,RGB,3,JPEG,7ba96bc05eb15652034e319dd69b9be99d57b24dd912004d3f5f840be26623d1,,Sheath blight,RiceLeafDiseaseBD,PRIMARY_DEVELOPMENT_DATASET,PRIMARY_007533,D:\BTech Final Year Project\RiceLeafDiseaseBD A Field-Based Annotated Smartpho\RiceLeafDiseaseBD A Field-Based Annotated Smartpho\RiceLeafDiseaseBD\RiceLeafDiseaseBD\Annotated images ( visual with labels)\Sheath blight\labels\Sheath blight_403.txt,UNIQUE_GROUP_008623,False,calibration
Sheath blight_411.jpg,.jpg,Annotated images ( visual with labels)/Sheath blight/visuals/Sheath blight_411.jpg,316708,True,1024,1024,1.0,RGB,3,JPEG,a52bba155309109a81d50f16eabce1c2c86d315bd270ad21e6e5bf26ea9ac2a9,,Sheath blight,RiceLeafDiseaseBD,PRIMARY_DEVELOPMENT_DATASET,PRIMARY_007542,D:\BTech Final Year Project\RiceLeafDiseaseBD A Field-Based Annotated Smartpho\RiceLeafDiseaseBD A Field-Based Annotated Smartpho\RiceLeafDiseaseBD\RiceLeafDiseaseBD\Annotated images ( visual with labels)\Sheath blight\labels\Sheath blight_411.txt,UNIQUE_GROUP_011544,False,calibration
Sheath blight_413.jpg,.jpg,Annotated images ( visual with labels)/Sheath blight/visuals/Sheath blight_413.jpg,368529,True,1024,1024,1.0,RGB,3,JPEG,2ad1cc1151ca89b09b2247bc38a4601f4324c71747c7ad11b5468cbb2873bbf4,,Sheath blight,RiceLeafDiseaseBD,PRIMARY_DEVELOPMENT_DATASET,PRIMARY_007544,D:\BTech Final Year Project\RiceLeafDiseaseBD A Field-Based Annotated Smartpho\RiceLeafDiseaseBD A Field-Based Annotated Smartpho\RiceLeafDiseaseBD\RiceLeafDiseaseBD\Annotated images ( visual with labels)\Sheath blight\labels\Sheath blight_413.txt,UNIQUE_GROUP_002986,False,calibration
Sheath blight_436.jpg,.jpg,Annotated images ( visual with labels)/Sheath blight/visuals/Sheath blight_436.jpg,331797,True,1024,1024,1.0,RGB,3,JPEG,4c7503fef87d11616214f16241a19795512c140b45b766674aed038fb8dceb8d,,Sheath blight,RiceLeafDiseaseBD,PRIMARY_DEVELOPMENT_DATASET,PRIMARY_007569,D:\BTech Final Year Project\RiceLeafDiseaseBD A Field-Based Annotated Smartpho\RiceLeafDiseaseBD A Field-Based Annotated Smartpho\RiceLeafDiseaseBD\RiceLeafDiseaseBD\Annotated images ( visual with labels)\Sheath blight\labels\Sheath blight_436.txt,UNIQUE_GROUP_005349,False,calibration
Sheath blight_447.jpg,.jpg,Annotated images ( visual with labels)/Sheath blight/visuals/Sheath blight_447.jpg,301359,True,1024,1024,1.0,RGB,3,JPEG,0ca04dc712a6ca58be36aaa62158c8765009a53026ccf5b02f5a066bcdb5eed6,,Sheath blight,RiceLeafDiseaseBD,PRIMARY_DEVELOPMENT_DATASET,PRIMARY_007581,D:\BTech Final Year Project\RiceLeafDiseaseBD A Field-Based Annotated Smartpho\RiceLeafDiseaseBD A Field-Based Annotated Smartpho\RiceLeafDiseaseBD\RiceLeafDiseaseBD\Annotated images ( visual with labels)\Sheath blight\labels\Sheath blight_447.txt,UNIQUE_GROUP_000863,False,calibration
Sheath blight_449.jpg,.jpg,Annotated images ( visual with labels)/Sheath blight/visuals/Sheath blight_449.jpg,278634,True,1024,1024,1.0,RGB,3,JPEG,bf4dcede6dd07a0aee7d0085a698b999526395c3ae480be12bb8b58eba68dc0a,,Sheath blight,RiceLeafDiseaseBD,PRIMARY_DEVELOPMENT_DATASET,PRIMARY_007583,D:\BTech Final Year Project\RiceLeafDiseaseBD A Field-Based Annotated Smartpho\RiceLeafDiseaseBD A Field-Based Annotated Smartpho\RiceLeafDiseaseBD\RiceLeafDiseaseBD\Annotated images ( visual with labels)\Sheath blight\labels\Sheath blight_449.txt,UNIQUE_GROUP_013375,False,calibration
Sheath blight_461.jpg,.jpg,Annotated images ( visual with labels)/Sheath blight/visuals/Sheath blight_461.jpg,240775,True,1024,1024,1.0,RGB,3,JPEG,62f1b074c5d26f31331de4b833654784c4efe6972960627df496e91741ea9adc,,Sheath blight,RiceLeafDiseaseBD,PRIMARY_DEVELOPMENT_DATASET,PRIMARY_007597,D:\BTech Final Year Project\RiceLeafDiseaseBD A Field-Based Annotated Smartpho\RiceLeafDiseaseBD A Field-Based Annotated Smartpho\RiceLeafDiseaseBD\RiceLeafDiseaseBD\Annotated images ( visual with labels)\Sheath blight\labels\Sheath blight_461.txt,UNIQUE_GROUP_006924,False,calibration
Sheath blight_472.jpg,.jpg,Annotated images ( visual with labels)/Sheath blight/visuals/Sheath blight_472.jpg,297025,True,1024,1024,1.0,RGB,3,JPEG,6d720fbb40ba8520b9bd865fc4481a2eab226b0ae9b8dc98dece62f9e8a0da78,,Sheath blight,RiceLeafDiseaseBD,PRIMARY_DEVELOPMENT_DATASET,PRIMARY_007609,D:\BTech Final Year Project\RiceLeafDiseaseBD A Field-Based Annotated Smartpho\RiceLeafDiseaseBD A Field-Based Annotated Smartpho\RiceLeafDiseaseBD\RiceLeafDiseaseBD\Annotated images ( visual with labels)\Sheath blight\labels\Sheath blight_472.txt,UNIQUE_GROUP_007636,False,calibration
Sheath blight_476.jpg,.jpg,Annotated images ( visual with labels)/Sheath blight/visuals/Sheath blight_476.jpg,327247,True,1024,1024,1.0,RGB,3,JPEG,bbf7db91d195007387399c8c3d8cf32f3384c27ef68aa4e80c72489b082d781d,,Sheath blight,RiceLeafDiseaseBD,PRIMARY_DEVELOPMENT_DATASET,PRIMARY_007613,D:\BTech Final Year Project\RiceLeafDiseaseBD A Field-Based Annotated Smartpho\RiceLeafDiseaseBD A Field-Based Annotated Smartpho\RiceLeafDiseaseBD\RiceLeafDiseaseBD\Annotated images ( visual with labels)\Sheath blight\labels\Sheath blight_476.txt,UNIQUE_GROUP_013128,False,calibration
Sheath blight_496.jpg,.jpg,Annotated images ( visual with labels)/Sheath blight/visuals/Sheath blight_496.jpg,248660,True,1024,1024,1.0,RGB,3,JPEG,78f206b6abc96b2d0ec60e8cf288fa87974d987da5b1831abf780a3fb6a2663a,,Sheath blight,RiceLeafDiseaseBD,PRIMARY_DEVELOPMENT_DATASET,PRIMARY_007635,D:\BTech Final Year Project\RiceLeafDiseaseBD A Field-Based Annotated Smartpho\RiceLeafDiseaseBD A Field-Based Annotated Smartpho\RiceLeafDiseaseBD\RiceLeafDiseaseBD\Annotated images ( visual with labels)\Sheath blight\labels\Sheath blight_496.txt,UNIQUE_GROUP_008426,False,calibration
Sheath blight_498.jpg,.jpg,Annotated images ( visual with labels)/Sheath blight/visuals/Sheath blight_498.jpg,282924,True,1024,1024,1.0,RGB,3,JPEG,126ef0cdf63e0ae95faa4fb91b54265664dfb9ebe631c8c25a4736cd9aed12b5,,Sheath blight,RiceLeafDiseaseBD,PRIMARY_DEVELOPMENT_DATASET,PRIMARY_007637,D:\BTech Final Year Project\RiceLeafDiseaseBD A Field-Based Annotated Smartpho\RiceLeafDiseaseBD A Field-Based Annotated Smartpho\RiceLeafDiseaseBD\RiceLeafDiseaseBD\Annotated images ( visual with labels)\Sheath blight\labels\Sheath blight_498.txt,UNIQUE_GROUP_001270,False,calibration
Sheath blight_499.jpg,.jpg,Annotated images ( visual with labels)/Sheath blight/visuals/Sheath blight_499.jpg,296856,True,1024,1024,1.0,RGB,3,JPEG,52b8b47521fa179a54fcd7a6ddcd25bc3262647de9cb5368cb2409d6005ae396,,Sheath blight,RiceLeafDiseaseBD,PRIMARY_DEVELOPMENT_DATASET,PRIMARY_007638,D:\BTech Final Year Project\RiceLeafDiseaseBD A Field-Based Annotated Smartpho\RiceLeafDiseaseBD A Field-Based Annotated Smartpho\RiceLeafDiseaseBD\RiceLeafDiseaseBD\Annotated images ( visual with labels)\Sheath blight\labels\Sheath blight_499.txt,UNIQUE_GROUP_005796,False,calibration
Sheath blight_506.jpg,.jpg,Annotated images ( visual with labels)/Sheath blight/visuals/Sheath blight_506.jpg,259903,True,1024,1024,1.0,RGB,3,JPEG,4a8e8257f9482acec03bfaed0d55174fc18f8b001856d54aa4fd500128522584,,Sheath blight,RiceLeafDiseaseBD,PRIMARY_DEVELOPMENT_DATASET,PRIMARY_007647,D:\BTech Final Year Project\RiceLeafDiseaseBD A Field-Based Annotated Smartpho\RiceLeafDiseaseBD A Field-Based Annotated Smartpho\RiceLeafDiseaseBD\RiceLeafDiseaseBD\Annotated images ( visual with labels)\Sheath blight\labels\Sheath blight_506.txt,UNIQUE_GROUP_005211,False,calibration
Sheath blight_507.jpg,.jpg,Annotated images ( visual with labels)/Sheath blight/visuals/Sheath blight_507.jpg,236598,True,1024,1024,1.0,RGB,3,JPEG,5562bd8b3dba177b559bdd9b89cbcf6aa616c54e28a418a6eacad2f0c2d8b220,,Sheath blight,RiceLeafDiseaseBD,PRIMARY_DEVELOPMENT_DATASET,PRIMARY_007648,D:\BTech Final Year Project\RiceLeafDiseaseBD A Field-Based Annotated Smartpho\RiceLeafDiseaseBD A Field-Based Annotated Smartpho\RiceLeafDiseaseBD\RiceLeafDiseaseBD\Annotated images ( visual with labels)\Sheath blight\labels\Sheath blight_507.txt,UNIQUE_GROUP_005980,False,calibration
Sheath blight_518.jpg,.jpg,Annotated images ( visual with labels)/Sheath blight/visuals/Sheath blight_518.jpg,347445,True,1024,1024,1.0,RGB,3,JPEG,7c0e3e4bf366993afdacc049c22d9c229f51268841b21101f0f77ccc304541af,,Sheath blight,RiceLeafDiseaseBD,PRIMARY_DEVELOPMENT_DATASET,PRIMARY_007660,D:\BTech Final Year Project\RiceLeafDiseaseBD A Field-Based Annotated Smartpho\RiceLeafDiseaseBD A Field-Based Annotated Smartpho\RiceLeafDiseaseBD\RiceLeafDiseaseBD\Annotated images ( visual with labels)\Sheath blight\labels\Sheath blight_518.txt,UNIQUE_GROUP_008658,False,calibration
Sheath blight_529.jpg,.jpg,Annotated images ( visual with labels)/Sheath blight/visuals/Sheath blight_529.jpg,290354,True,1024,1024,1.0,RGB,3,JPEG,1b2460fbaea947af6373afe89ec9ba7d700659f4574f49a9e9ad1752e318ecec,,Sheath blight,RiceLeafDiseaseBD,PRIMARY_DEVELOPMENT_DATASET,PRIMARY_007672,D:\BTech Final Year Project\RiceLeafDiseaseBD A Field-Based Annotated Smartpho\RiceLeafDiseaseBD A Field-Based Annotated Smartpho\RiceLeafDiseaseBD\RiceLeafDiseaseBD\Annotated images ( visual with labels)\Sheath blight\labels\Sheath blight_529.txt,UNIQUE_GROUP_001901,False,calibration
Sheath blight_534.jpg,.jpg,Annotated images ( visual with labels)/Sheath blight/visuals/Sheath blight_534.jpg,298327,True,1024,1024,1.0,RGB,3,JPEG,d5381601f6380fbd5729082e47af4c2cca7ba942671b52512abeaec422ce19b0,,Sheath blight,RiceLeafDiseaseBD,PRIMARY_DEVELOPMENT_DATASET,PRIMARY_007678,D:\BTech Final Year Project\RiceLeafDiseaseBD A Field-Based Annotated Smartpho\RiceLeafDiseaseBD A Field-Based Annotated Smartpho\RiceLeafDiseaseBD\RiceLeafDiseaseBD\Annotated images ( visual with labels)\Sheath blight\labels\Sheath blight_534.txt,UNIQUE_GROUP_014925,False,calibration
Sheath blight_551.jpg,.jpg,Annotated images ( visual with labels)/Sheath blight/visuals/Sheath blight_551.jpg,317497,True,1024,1024,1.0,RGB,3,JPEG,2138d3cfdeccb876bd5e0975922adf797a7885aeb43660745b68064d9c2d7938,,Sheath blight,RiceLeafDiseaseBD,PRIMARY_DEVELOPMENT_DATASET,PRIMARY_007697,D:\BTech Final Year Project\RiceLeafDiseaseBD A Field-Based Annotated Smartpho\RiceLeafDiseaseBD A Field-Based Annotated Smartpho\RiceLeafDiseaseBD\RiceLeafDiseaseBD\Annotated images ( visual with labels)\Sheath blight\labels\Sheath blight_551.txt,UNIQUE_GROUP_002335,False,calibration
Sheath blight_558.jpg,.jpg,Annotated images ( visual with labels)/Sheath blight/visuals/Sheath blight_558.jpg,345107,True,1024,1024,1.0,RGB,3,JPEG,22f4c7c445f655de92c65b551399a80a841970906b718af5b09b96e7d317168d,,Sheath blight,RiceLeafDiseaseBD,PRIMARY_DEVELOPMENT_DATASET,PRIMARY_007704,D:\BTech Final Year Project\RiceLeafDiseaseBD A Field-Based Annotated Smartpho\RiceLeafDiseaseBD A Field-Based Annotated Smartpho\RiceLeafDiseaseBD\RiceLeafDiseaseBD\Annotated images ( visual with labels)\Sheath blight\labels\Sheath blight_558.txt,UNIQUE_GROUP_002461,False,calibration
Sheath blight_591.jpg,.jpg,Annotated images ( visual with labels)/Sheath blight/visuals/Sheath blight_591.jpg,395540,True,1024,1024,1.0,RGB,3,JPEG,e66bd2761411cbe7634a990c7574df6318b27b242698ad1090ef054cb781d3b8,,Sheath blight,RiceLeafDiseaseBD,PRIMARY_DEVELOPMENT_DATASET,PRIMARY_007741,D:\BTech Final Year Project\RiceLeafDiseaseBD A Field-Based Annotated Smartpho\RiceLeafDiseaseBD A Field-Based Annotated Smartpho\RiceLeafDiseaseBD\RiceLeafDiseaseBD\Annotated images ( visual with labels)\Sheath blight\labels\Sheath blight_591.txt,UNIQUE_GROUP_016073,False,calibration
Sheath blight_6.jpg,.jpg,Annotated images ( visual with labels)/Sheath blight/visuals/Sheath blight_6.jpg,265037,True,1024,1024,1.0,RGB,3,JPEG,9b3aac3c85c2687b00290e1db6e40c83ed5677e95470681c6c37f2011b9af582,,Sheath blight,RiceLeafDiseaseBD,PRIMARY_DEVELOPMENT_DATASET,PRIMARY_007750,D:\BTech Final Year Project\RiceLeafDiseaseBD A Field-Based Annotated Smartpho\RiceLeafDiseaseBD A Field-Based Annotated Smartpho\RiceLeafDiseaseBD\RiceLeafDiseaseBD\Annotated images ( visual with labels)\Sheath blight\labels\Sheath blight_6.txt,UNIQUE_GROUP_010870,False,calibration
Sheath blight_602.jpg,.jpg,Annotated images ( visual with labels)/Sheath blight/visuals/Sheath blight_602.jpg,316125,True,1024,1024,1.0,RGB,3,JPEG,74cb27c8fa0d79d154027b226efecf1df2a26815365ad02808422d6fecf47a22,,Sheath blight,RiceLeafDiseaseBD,PRIMARY_DEVELOPMENT_DATASET,PRIMARY_007754,D:\BTech Final Year Project\RiceLeafDiseaseBD A Field-Based Annotated Smartpho\RiceLeafDiseaseBD A Field-Based Annotated Smartpho\RiceLeafDiseaseBD\RiceLeafDiseaseBD\Annotated images ( visual with labels)\Sheath blight\labels\Sheath blight_602.txt,UNIQUE_GROUP_008150,False,calibration
Sheath blight_61.jpg,.jpg,Annotated images ( visual with labels)/Sheath blight/visuals/Sheath blight_61.jpg,299447,True,1024,1024,1.0,RGB,3,JPEG,128f3d703c1aa7eb6d910260ca3763191a7e1567a4d94e4ba77c923b0f486683,,Sheath blight,RiceLeafDiseaseBD,PRIMARY_DEVELOPMENT_DATASET,PRIMARY_007762,D:\BTech Final Year Project\RiceLeafDiseaseBD A Field-Based Annotated Smartpho\RiceLeafDiseaseBD A Field-Based Annotated Smartpho\RiceLeafDiseaseBD\RiceLeafDiseaseBD\Annotated images ( visual with labels)\Sheath blight\labels\Sheath blight_61.txt,UNIQUE_GROUP_001280,False,calibration
Sheath blight_62.jpg,.jpg,Annotated images ( visual with labels)/Sheath blight/visuals/Sheath blight_62.jpg,287959,True,1024,1024,1.0,RGB,3,JPEG,57fa84826daa6c3092853b6518339bfb5e212236b5ad46bdaaafd573c03bb65f,,Sheath blight,RiceLeafDiseaseBD,PRIMARY_DEVELOPMENT_DATASET,PRIMARY_007773,D:\BTech Final Year Project\RiceLeafDiseaseBD A Field-Based Annotated Smartpho\RiceLeafDiseaseBD A Field-Based Annotated Smartpho\RiceLeafDiseaseBD\RiceLeafDiseaseBD\Annotated images ( visual with labels)\Sheath blight\labels\Sheath blight_62.txt,UNIQUE_GROUP_006164,False,calibration
Sheath blight_625.jpg,.jpg,Annotated images ( visual with labels)/Sheath blight/visuals/Sheath blight_625.jpg,298014,True,1024,1024,1.0,RGB,3,JPEG,bf90fc4e4a22d91df75d8fbd1f050aa2702646ed1bc8a4fa5ef2d4d23cecb8ec,,Sheath blight,RiceLeafDiseaseBD,PRIMARY_DEVELOPMENT_DATASET,PRIMARY_007779,D:\BTech Final Year Project\RiceLeafDiseaseBD A Field-Based Annotated Smartpho\RiceLeafDiseaseBD A Field-Based Annotated Smartpho\RiceLeafDiseaseBD\RiceLeafDiseaseBD\Annotated images ( visual with labels)\Sheath blight\labels\Sheath blight_625.txt,UNIQUE_GROUP_013400,False,calibration
Sheath blight_627.jpg,.jpg,Annotated images ( visual with labels)/Sheath blight/visuals/Sheath blight_627.jpg,293018,True,1024,1024,1.0,RGB,3,JPEG,0f5d656ee5b621a135beb518bb6e5198c1648b50c3f67a3ca0d6ca8edb22dc3d,,Sheath blight,RiceLeafDiseaseBD,PRIMARY_DEVELOPMENT_DATASET,PRIMARY_007781,D:\BTech Final Year Project\RiceLeafDiseaseBD A Field-Based Annotated Smartpho\RiceLeafDiseaseBD A Field-Based Annotated Smartpho\RiceLeafDiseaseBD\RiceLeafDiseaseBD\Annotated images ( visual with labels)\Sheath blight\labels\Sheath blight_627.txt,UNIQUE_GROUP_001061,False,calibration
Sheath blight_628.jpg,.jpg,Annotated images ( visual with labels)/Sheath blight/visuals/Sheath blight_628.jpg,291436,True,1024,1024,1.0,RGB,3,JPEG,0b8c3b86030ca3996722b110861807c1aa6da8d243f19c7e6d88e902e287cefb,,Sheath blight,RiceLeafDiseaseBD,PRIMARY_DEVELOPMENT_DATASET,PRIMARY_007782,D:\BTech Final Year Project\RiceLeafDiseaseBD A Field-Based Annotated Smartpho\RiceLeafDiseaseBD A Field-Based Annotated Smartpho\RiceLeafDiseaseBD\RiceLeafDiseaseBD\Annotated images ( visual with labels)\Sheath blight\labels\Sheath blight_628.txt,UNIQUE_GROUP_000788,False,calibration
Sheath blight_635.jpg,.jpg,Annotated images ( visual with labels)/Sheath blight/visuals/Sheath blight_635.jpg,306601,True,1024,1024,1.0,RGB,3,JPEG,3f7a47d2212b695085767b9a992ddaa159723d99f414ed5a71c3b4bb4e986f24,,Sheath blight,RiceLeafDiseaseBD,PRIMARY_DEVELOPMENT_DATASET,PRIMARY_007790,D:\BTech Final Year Project\RiceLeafDiseaseBD A Field-Based Annotated Smartpho\RiceLeafDiseaseBD A Field-Based Annotated Smartpho\RiceLeafDiseaseBD\RiceLeafDiseaseBD\Annotated images ( visual with labels)\Sheath blight\labels\Sheath blight_635.txt,UNIQUE_GROUP_004442,False,calibration
Sheath blight_637.jpg,.jpg,Annotated images ( visual with labels)/Sheath blight/visuals/Sheath blight_637.jpg,311523,True,1024,1024,1.0,RGB,3,JPEG,d78801aa632a195c9af09ef1897af9e914059fbf55767fded8a1631f133559cd,,Sheath blight,RiceLeafDiseaseBD,PRIMARY_DEVELOPMENT_DATASET,PRIMARY_007792,D:\BTech Final Year Project\RiceLeafDiseaseBD A Field-Based Annotated Smartpho\RiceLeafDiseaseBD A Field-Based Annotated Smartpho\RiceLeafDiseaseBD\RiceLeafDiseaseBD\Annotated images ( visual with labels)\Sheath blight\labels\Sheath blight_637.txt,UNIQUE_GROUP_015076,False,calibration
Sheath blight_643.jpg,.jpg,Annotated images ( visual with labels)/Sheath blight/visuals/Sheath blight_643.jpg,308850,True,1024,1024,1.0,RGB,3,JPEG,6596f56620f24acebcb89740f09e4806c7edcfbe29a9bd7a796516c94d61391f,,Sheath blight,RiceLeafDiseaseBD,PRIMARY_DEVELOPMENT_DATASET,PRIMARY_007799,D:\BTech Final Year Project\RiceLeafDiseaseBD A Field-Based Annotated Smartpho\RiceLeafDiseaseBD A Field-Based Annotated Smartpho\RiceLeafDiseaseBD\RiceLeafDiseaseBD\Annotated images ( visual with labels)\Sheath blight\labels\Sheath blight_643.txt,UNIQUE_GROUP_007116,False,calibration
Sheath blight_650.jpg,.jpg,Annotated images ( visual with labels)/Sheath blight/visuals/Sheath blight_650.jpg,283015,True,1024,1024,1.0,RGB,3,JPEG,07460e1b2da0f270a1a50c0b8c162e4f8087d8a3acfb12a276c74f2068b1f3e5,,Sheath blight,RiceLeafDiseaseBD,PRIMARY_DEVELOPMENT_DATASET,PRIMARY_007807,D:\BTech Final Year Project\RiceLeafDiseaseBD A Field-Based Annotated Smartpho\RiceLeafDiseaseBD A Field-Based Annotated Smartpho\RiceLeafDiseaseBD\RiceLeafDiseaseBD\Annotated images ( visual with labels)\Sheath blight\labels\Sheath blight_650.txt,UNIQUE_GROUP_000489,False,calibration
Sheath blight_667.jpg,.jpg,Annotated images ( visual with labels)/Sheath blight/visuals/Sheath blight_667.jpg,267211,True,1024,1024,1.0,RGB,3,JPEG,035fd8cf2b619236d72b89dbc4be8b780e5b1a59d79976b9c9c6571b4d0c6eda,,Sheath blight,RiceLeafDiseaseBD,PRIMARY_DEVELOPMENT_DATASET,PRIMARY_007825,D:\BTech Final Year Project\RiceLeafDiseaseBD A Field-Based Annotated Smartpho\RiceLeafDiseaseBD A Field-Based Annotated Smartpho\RiceLeafDiseaseBD\RiceLeafDiseaseBD\Annotated images ( visual with labels)\Sheath blight\labels\Sheath blight_667.txt,UNIQUE_GROUP_000225,False,calibration
Sheath blight_670.jpg,.jpg,Annotated images ( visual with labels)/Sheath blight/visuals/Sheath blight_670.jpg,254346,True,1024,1024,1.0,RGB,3,JPEG,67d9dca461388b8a649123967695aeef661ff9c50c2b5eceddc72eaa615394c5,,Sheath blight,RiceLeafDiseaseBD,PRIMARY_DEVELOPMENT_DATASET,PRIMARY_007829,D:\BTech Final Year Project\RiceLeafDiseaseBD A Field-Based Annotated Smartpho\RiceLeafDiseaseBD A Field-Based Annotated Smartpho\RiceLeafDiseaseBD\RiceLeafDiseaseBD\Annotated images ( visual with labels)\Sheath blight\labels\Sheath blight_670.txt,UNIQUE_GROUP_007277,False,calibration
Sheath blight_678.jpg,.jpg,Annotated images ( visual with labels)/Sheath blight/visuals/Sheath blight_678.jpg,296684,True,1024,1024,1.0,RGB,3,JPEG,0f146e991ab9d806bfac6ff14da2302f98aee5007aed0d89c48705d9375a88f0,,Sheath blight,RiceLeafDiseaseBD,PRIMARY_DEVELOPMENT_DATASET,PRIMARY_007837,D:\BTech Final Year Project\RiceLeafDiseaseBD A Field-Based Annotated Smartpho\RiceLeafDiseaseBD A Field-Based Annotated Smartpho\RiceLeafDiseaseBD\RiceLeafDiseaseBD\Annotated images ( visual with labels)\Sheath blight\labels\Sheath blight_678.txt,UNIQUE_GROUP_001043,False,calibration
Sheath blight_69.jpg,.jpg,Annotated images ( visual with labels)/Sheath blight/visuals/Sheath blight_69.jpg,214149,True,1024,1024,1.0,RGB,3,JPEG,2e62acb0cc6b69796c1bfe13f9c23d08cd19cc60cd1138798e2afe03bb495366,,Sheath blight,RiceLeafDiseaseBD,PRIMARY_DEVELOPMENT_DATASET,PRIMARY_007850,D:\BTech Final Year Project\RiceLeafDiseaseBD A Field-Based Annotated Smartpho\RiceLeafDiseaseBD A Field-Based Annotated Smartpho\RiceLeafDiseaseBD\RiceLeafDiseaseBD\Annotated images ( visual with labels)\Sheath blight\labels\Sheath blight_69.txt,UNIQUE_GROUP_003248,False,calibration
Sheath blight_690.jpg,.jpg,Annotated images ( visual with labels)/Sheath blight/visuals/Sheath blight_690.jpg,366944,True,1024,1024,1.0,RGB,3,JPEG,75dae27d155a87bdbeee4c03a44c976efec12ba05f3eed8639050580287aba01,,Sheath blight,RiceLeafDiseaseBD,PRIMARY_DEVELOPMENT_DATASET,PRIMARY_007851,D:\BTech Final Year Project\RiceLeafDiseaseBD A Field-Based Annotated Smartpho\RiceLeafDiseaseBD A Field-Based Annotated Smartpho\RiceLeafDiseaseBD\RiceLeafDiseaseBD\Annotated images ( visual with labels)\Sheath blight\labels\Sheath blight_690.txt,UNIQUE_GROUP_008218,False,calibration
Sheath blight_699.jpg,.jpg,Annotated images ( visual with labels)/Sheath blight/visuals/Sheath blight_699.jpg,308927,True,1024,1024,1.0,RGB,3,JPEG,2f7f93a7a75690e7eca5d88adb716eec226c30c3a4509f3fdf27a5f3787baed1,,Sheath blight,RiceLeafDiseaseBD,PRIMARY_DEVELOPMENT_DATASET,PRIMARY_007860,D:\BTech Final Year Project\RiceLeafDiseaseBD A Field-Based Annotated Smartpho\RiceLeafDiseaseBD A Field-Based Annotated Smartpho\RiceLeafDiseaseBD\RiceLeafDiseaseBD\Annotated images ( visual with labels)\Sheath blight\labels\Sheath blight_699.txt,UNIQUE_GROUP_003327,False,calibration
Sheath blight_700.jpg,.jpg,Annotated images ( visual with labels)/Sheath blight/visuals/Sheath blight_700.jpg,336207,True,1024,1024,1.0,RGB,3,JPEG,7673574a5c4ac9721b16ecaef330943d16630d80f46cec28a8470eb4c290c8d0,,Sheath blight,RiceLeafDiseaseBD,PRIMARY_DEVELOPMENT_DATASET,PRIMARY_007863,D:\BTech Final Year Project\RiceLeafDiseaseBD A Field-Based Annotated Smartpho\RiceLeafDiseaseBD A Field-Based Annotated Smartpho\RiceLeafDiseaseBD\RiceLeafDiseaseBD\Annotated images ( visual with labels)\Sheath blight\labels\Sheath blight_700.txt,UNIQUE_GROUP_008252,False,calibration
Sheath blight_705.jpg,.jpg,Annotated images ( visual with labels)/Sheath blight/visuals/Sheath blight_705.jpg,345172,True,1024,1024,1.0,RGB,3,JPEG,1e8868cc5428dda53e42694a761b6f45c96a58a3035aa6954f85be680dbd0191,,Sheath blight,RiceLeafDiseaseBD,PRIMARY_DEVELOPMENT_DATASET,PRIMARY_007868,D:\BTech Final Year Project\RiceLeafDiseaseBD A Field-Based Annotated Smartpho\RiceLeafDiseaseBD A Field-Based Annotated Smartpho\RiceLeafDiseaseBD\RiceLeafDiseaseBD\Annotated images ( visual with labels)\Sheath blight\labels\Sheath blight_705.txt,UNIQUE_GROUP_002134,False,calibration
Sheath blight_706.jpg,.jpg,Annotated images ( visual with labels)/Sheath blight/visuals/Sheath blight_706.jpg,334350,True,1024,1024,1.0,RGB,3,JPEG,217da29836b8b3adf358988ce43ee09fdc39bdd86bb749070944548ad2713d47,,Sheath blight,RiceLeafDiseaseBD,PRIMARY_DEVELOPMENT_DATASET,PRIMARY_007869,D:\BTech Final Year Project\RiceLeafDiseaseBD A Field-Based Annotated Smartpho\RiceLeafDiseaseBD A Field-Based Annotated Smartpho\RiceLeafDiseaseBD\RiceLeafDiseaseBD\Annotated images ( visual with labels)\Sheath blight\labels\Sheath blight_706.txt,UNIQUE_GROUP_002353,False,calibration
Sheath blight_715.jpg,.jpg,Annotated images ( visual with labels)/Sheath blight/visuals/Sheath blight_715.jpg,294809,True,1024,1024,1.0,RGB,3,JPEG,caf5267a4bad06f9931da25f8fc3b40b6c663ddd72ab2d781339daa968ff92b3,,Sheath blight,RiceLeafDiseaseBD,PRIMARY_DEVELOPMENT_DATASET,PRIMARY_007879,D:\BTech Final Year Project\RiceLeafDiseaseBD A Field-Based Annotated Smartpho\RiceLeafDiseaseBD A Field-Based Annotated Smartpho\RiceLeafDiseaseBD\RiceLeafDiseaseBD\Annotated images ( visual with labels)\Sheath blight\labels\Sheath blight_715.txt,UNIQUE_GROUP_014200,False,calibration
Sheath blight_72.jpg,.jpg,Annotated images ( visual with labels)/Sheath blight/visuals/Sheath blight_72.jpg,316139,True,1024,1024,1.0,RGB,3,JPEG,253321fdc9f2256d795b856f54d4963fbeff82a8c56237363dbaf0b3448b1935,,Sheath blight,RiceLeafDiseaseBD,PRIMARY_DEVELOPMENT_DATASET,PRIMARY_007884,D:\BTech Final Year Project\RiceLeafDiseaseBD A Field-Based Annotated Smartpho\RiceLeafDiseaseBD A Field-Based Annotated Smartpho\RiceLeafDiseaseBD\RiceLeafDiseaseBD\Annotated images ( visual with labels)\Sheath blight\labels\Sheath blight_72.txt,UNIQUE_GROUP_002602,False,calibration
Sheath blight_732.jpg,.jpg,Annotated images ( visual with labels)/Sheath blight/visuals/Sheath blight_732.jpg,292221,True,1024,1024,1.0,RGB,3,JPEG,4990bbae3642bbdf3dec7c7e607b78bab5a586092517994b28287a77b96b1895,,Sheath blight,RiceLeafDiseaseBD,PRIMARY_DEVELOPMENT_DATASET,PRIMARY_007898,D:\BTech Final Year Project\RiceLeafDiseaseBD A Field-Based Annotated Smartpho\RiceLeafDiseaseBD A Field-Based Annotated Smartpho\RiceLeafDiseaseBD\RiceLeafDiseaseBD\Annotated images ( visual with labels)\Sheath blight\labels\Sheath blight_732.txt,UNIQUE_GROUP_005125,False,calibration
Sheath blight_733.jpg,.jpg,Annotated images ( visual with labels)/Sheath blight/visuals/Sheath blight_733.jpg,303561,True,1024,1024,1.0,RGB,3,JPEG,26060238960f88042dfa97e0f02af4c40c38274d7fb0b6b3452253d6da9704a9,,Sheath blight,RiceLeafDiseaseBD,PRIMARY_DEVELOPMENT_DATASET,PRIMARY_007899,D:\BTech Final Year Project\RiceLeafDiseaseBD A Field-Based Annotated Smartpho\RiceLeafDiseaseBD A Field-Based Annotated Smartpho\RiceLeafDiseaseBD\RiceLeafDiseaseBD\Annotated images ( visual with labels)\Sheath blight\labels\Sheath blight_733.txt,UNIQUE_GROUP_002666,False,calibration
Sheath blight_755.jpg,.jpg,Annotated images ( visual with labels)/Sheath blight/visuals/Sheath blight_755.jpg,270443,True,1024,1024,1.0,RGB,3,JPEG,fe7a4380f76b415fa9e45666dd1414f99af8b22e109efdf169c7d8105c69ec0c,,Sheath blight,RiceLeafDiseaseBD,PRIMARY_DEVELOPMENT_DATASET,PRIMARY_007923,D:\BTech Final Year Project\RiceLeafDiseaseBD A Field-Based Annotated Smartpho\RiceLeafDiseaseBD A Field-Based Annotated Smartpho\RiceLeafDiseaseBD\RiceLeafDiseaseBD\Annotated images ( visual with labels)\Sheath blight\labels\Sheath blight_755.txt,UNIQUE_GROUP_017696,False,calibration
Sheath blight_758.jpg,.jpg,Annotated images ( visual with labels)/Sheath blight/visuals/Sheath blight_758.jpg,284220,True,1024,1024,1.0,RGB,3,JPEG,d5a15417b26a751da23672fe49ba4014faf7949281ff56b013c09ce1012ec3bd,,Sheath blight,RiceLeafDiseaseBD,PRIMARY_DEVELOPMENT_DATASET,PRIMARY_007926,D:\BTech Final Year Project\RiceLeafDiseaseBD A Field-Based Annotated Smartpho\RiceLeafDiseaseBD A Field-Based Annotated Smartpho\RiceLeafDiseaseBD\RiceLeafDiseaseBD\Annotated images ( visual with labels)\Sheath blight\labels\Sheath blight_758.txt,UNIQUE_GROUP_014946,False,calibration
Sheath blight_781.jpg,.jpg,Annotated images ( visual with labels)/Sheath blight/visuals/Sheath blight_781.jpg,287225,True,1024,1024,1.0,RGB,3,JPEG,1be92fc271c7c5389378ab4901d3fda2b39cacaeb4ee18dbbc1423dd19d802ca,,Sheath blight,RiceLeafDiseaseBD,PRIMARY_DEVELOPMENT_DATASET,PRIMARY_007952,D:\BTech Final Year Project\RiceLeafDiseaseBD A Field-Based Annotated Smartpho\RiceLeafDiseaseBD A Field-Based Annotated Smartpho\RiceLeafDiseaseBD\RiceLeafDiseaseBD\Annotated images ( visual with labels)\Sheath blight\labels\Sheath blight_781.txt,UNIQUE_GROUP_001950,False,calibration
Sheath blight_814.jpg,.jpg,Annotated images ( visual with labels)/Sheath blight/visuals/Sheath blight_814.jpg,322078,True,1024,1024,1.0,RGB,3,JPEG,c6f8718b7b3c92a69c5507e20ad53fffbf9d655e4ee65c9415dd65d5bbc2dc9c,,Sheath blight,RiceLeafDiseaseBD,PRIMARY_DEVELOPMENT_DATASET,PRIMARY_007989,D:\BTech Final Year Project\RiceLeafDiseaseBD A Field-Based Annotated Smartpho\RiceLeafDiseaseBD A Field-Based Annotated Smartpho\RiceLeafDiseaseBD\RiceLeafDiseaseBD\Annotated images ( visual with labels)\Sheath blight\labels\Sheath blight_814.txt,UNIQUE_GROUP_013926,False,calibration
Sheath blight_821.jpg,.jpg,Annotated images ( visual with labels)/Sheath blight/visuals/Sheath blight_821.jpg,334505,True,1024,1024,1.0,RGB,3,JPEG,2ef2db43b750963b6b22d80055541c9114df11279e7791bfa0da00d905295fd6,,Sheath blight,RiceLeafDiseaseBD,PRIMARY_DEVELOPMENT_DATASET,PRIMARY_007997,D:\BTech Final Year Project\RiceLeafDiseaseBD A Field-Based Annotated Smartpho\RiceLeafDiseaseBD A Field-Based Annotated Smartpho\RiceLeafDiseaseBD\RiceLeafDiseaseBD\Annotated images ( visual with labels)\Sheath blight\labels\Sheath blight_821.txt,UNIQUE_GROUP_003292,False,calibration
Sheath blight_822.jpg,.jpg,Annotated images ( visual with labels)/Sheath blight/visuals/Sheath blight_822.jpg,281234,True,1024,1024,1.0,RGB,3,JPEG,b19020f05c8bdfcc124c716d7cd718fe33e0411cbc181e59a88602df0295f850,,Sheath blight,RiceLeafDiseaseBD,PRIMARY_DEVELOPMENT_DATASET,PRIMARY_007998,D:\BTech Final Year Project\RiceLeafDiseaseBD A Field-Based Annotated Smartpho\RiceLeafDiseaseBD A Field-Based Annotated Smartpho\RiceLeafDiseaseBD\RiceLeafDiseaseBD\Annotated images ( visual with labels)\Sheath blight\labels\Sheath blight_822.txt,UNIQUE_GROUP_012422,False,calibration
Sheath blight_826.jpg,.jpg,Annotated images ( visual with labels)/Sheath blight/visuals/Sheath blight_826.jpg,322464,True,1024,1024,1.0,RGB,3,JPEG,644b25e4580355c44d47245415128d4381934d22fd6686e43eb31edd165791f5,,Sheath blight,RiceLeafDiseaseBD,PRIMARY_DEVELOPMENT_DATASET,PRIMARY_008002,D:\BTech Final Year Project\RiceLeafDiseaseBD A Field-Based Annotated Smartpho\RiceLeafDiseaseBD A Field-Based Annotated Smartpho\RiceLeafDiseaseBD\RiceLeafDiseaseBD\Annotated images ( visual with labels)\Sheath blight\labels\Sheath blight_826.txt,UNIQUE_GROUP_007031,False,calibration
Sheath blight_853.jpg,.jpg,Annotated images ( visual with labels)/Sheath blight/visuals/Sheath blight_853.jpg,312071,True,1024,1024,1.0,RGB,3,JPEG,5d4911712a9d6c95e5a780ca325062e392d5bb3c90270115f568d14354ac89d2,,Sheath blight,RiceLeafDiseaseBD,PRIMARY_DEVELOPMENT_DATASET,PRIMARY_008032,D:\BTech Final Year Project\RiceLeafDiseaseBD A Field-Based Annotated Smartpho\RiceLeafDiseaseBD A Field-Based Annotated Smartpho\RiceLeafDiseaseBD\RiceLeafDiseaseBD\Annotated images ( visual with labels)\Sheath blight\labels\Sheath blight_853.txt,UNIQUE_GROUP_006529,False,calibration
Sheath blight_857.jpg,.jpg,Annotated images ( visual with labels)/Sheath blight/visuals/Sheath blight_857.jpg,287717,True,1024,1024,1.0,RGB,3,JPEG,6aded31c47fb17b4f0a39df1634f8e96e9362af5d53f0b402c92a14e961fb7bb,,Sheath blight,RiceLeafDiseaseBD,PRIMARY_DEVELOPMENT_DATASET,PRIMARY_008036,D:\BTech Final Year Project\RiceLeafDiseaseBD A Field-Based Annotated Smartpho\RiceLeafDiseaseBD A Field-Based Annotated Smartpho\RiceLeafDiseaseBD\RiceLeafDiseaseBD\Annotated images ( visual with labels)\Sheath blight\labels\Sheath blight_857.txt,UNIQUE_GROUP_007473,False,calibration
Sheath blight_867.jpg,.jpg,Annotated images ( visual with labels)/Sheath blight/visuals/Sheath blight_867.jpg,367145,True,1024,1024,1.0,RGB,3,JPEG,17039c4f990569f8281c082cc682851ff634717489e56277eb5f9eab32121382,,Sheath blight,RiceLeafDiseaseBD,PRIMARY_DEVELOPMENT_DATASET,PRIMARY_008047,D:\BTech Final Year Project\RiceLeafDiseaseBD A Field-Based Annotated Smartpho\RiceLeafDiseaseBD A Field-Based Annotated Smartpho\RiceLeafDiseaseBD\RiceLeafDiseaseBD\Annotated images ( visual with labels)\Sheath blight\labels\Sheath blight_867.txt,UNIQUE_GROUP_001571,False,calibration
Sheath blight_900.jpg,.jpg,Annotated images ( visual with labels)/Sheath blight/visuals/Sheath blight_900.jpg,318496,True,1024,1024,1.0,RGB,3,JPEG,523ebf4fb47bff217f021dfe761e7e091256e535329023ee217b52f423b80c48,,Sheath blight,RiceLeafDiseaseBD,PRIMARY_DEVELOPMENT_DATASET,PRIMARY_008085,D:\BTech Final Year Project\RiceLeafDiseaseBD A Field-Based Annotated Smartpho\RiceLeafDiseaseBD A Field-Based Annotated Smartpho\RiceLeafDiseaseBD\RiceLeafDiseaseBD\Annotated images ( visual with labels)\Sheath blight\labels\Sheath blight_900.txt,UNIQUE_GROUP_005755,False,calibration
Sheath blight_930.jpg,.jpg,Annotated images ( visual with labels)/Sheath blight/visuals/Sheath blight_930.jpg,372512,True,1024,1024,1.0,RGB,3,JPEG,8d716fa65d81d466be7b5cca7f0c92ab384f8f899312690c2836cd85fd0b42f7,,Sheath blight,RiceLeafDiseaseBD,PRIMARY_DEVELOPMENT_DATASET,PRIMARY_008118,D:\BTech Final Year Project\RiceLeafDiseaseBD A Field-Based Annotated Smartpho\RiceLeafDiseaseBD A Field-Based Annotated Smartpho\RiceLeafDiseaseBD\RiceLeafDiseaseBD\Annotated images ( visual with labels)\Sheath blight\labels\Sheath blight_930.txt,UNIQUE_GROUP_009915,False,calibration
Sheath blight_938.jpg,.jpg,Annotated images ( visual with labels)/Sheath blight/visuals/Sheath blight_938.jpg,319640,True,1024,1024,1.0,RGB,3,JPEG,8cb4f0edcb828839d6a4ebe74a491c57394cb954716b574fb349d65e53639cc0,,Sheath blight,RiceLeafDiseaseBD,PRIMARY_DEVELOPMENT_DATASET,PRIMARY_008126,D:\BTech Final Year Project\RiceLeafDiseaseBD A Field-Based Annotated Smartpho\RiceLeafDiseaseBD A Field-Based Annotated Smartpho\RiceLeafDiseaseBD\RiceLeafDiseaseBD\Annotated images ( visual with labels)\Sheath blight\labels\Sheath blight_938.txt,UNIQUE_GROUP_009860,False,calibration
Sheath blight_939.jpg,.jpg,Annotated images ( visual with labels)/Sheath blight/visuals/Sheath blight_939.jpg,321102,True,1024,1024,1.0,RGB,3,JPEG,e797313bac1c6dfbe6aedbda5b6ac3dd2fcb7ebc2eccefbf5e1565ff842c60fb,,Sheath blight,RiceLeafDiseaseBD,PRIMARY_DEVELOPMENT_DATASET,PRIMARY_008127,D:\BTech Final Year Project\RiceLeafDiseaseBD A Field-Based Annotated Smartpho\RiceLeafDiseaseBD A Field-Based Annotated Smartpho\RiceLeafDiseaseBD\RiceLeafDiseaseBD\Annotated images ( visual with labels)\Sheath blight\labels\Sheath blight_939.txt,UNIQUE_GROUP_016149,False,calibration
Sheath blight_95.jpg,.jpg,Annotated images ( visual with labels)/Sheath blight/visuals/Sheath blight_95.jpg,309785,True,1024,1024,1.0,RGB,3,JPEG,1c86b862a985339105f59f36d01da9e52edc650ec24603e2d3da5299e8deb7be,,Sheath blight,RiceLeafDiseaseBD,PRIMARY_DEVELOPMENT_DATASET,PRIMARY_008139,D:\BTech Final Year Project\RiceLeafDiseaseBD A Field-Based Annotated Smartpho\RiceLeafDiseaseBD A Field-Based Annotated Smartpho\RiceLeafDiseaseBD\RiceLeafDiseaseBD\Annotated images ( visual with labels)\Sheath blight\labels\Sheath blight_95.txt,UNIQUE_GROUP_001988,False,calibration
Sheath blight_951.jpg,.jpg,Annotated images ( visual with labels)/Sheath blight/visuals/Sheath blight_951.jpg,273843,True,1024,1024,1.0,RGB,3,JPEG,f02ceec107839b0d4e2e373e2973f54038cde24fc1de03dec6a63582b3dd5431,,Sheath blight,RiceLeafDiseaseBD,PRIMARY_DEVELOPMENT_DATASET,PRIMARY_008141,D:\BTech Final Year Project\RiceLeafDiseaseBD A Field-Based Annotated Smartpho\RiceLeafDiseaseBD A Field-Based Annotated Smartpho\RiceLeafDiseaseBD\RiceLeafDiseaseBD\Annotated images ( visual with labels)\Sheath blight\labels\Sheath blight_951.txt,UNIQUE_GROUP_016730,False,calibration
Sheath blight_961.jpg,.jpg,Annotated images ( visual with labels)/Sheath blight/visuals/Sheath blight_961.jpg,278349,True,1024,1024,1.0,RGB,3,JPEG,f223d6e720c97bf6b6cf70493f2f4f8b8416c3c43f08d4bd425d5ad95ebb9783,,Sheath blight,RiceLeafDiseaseBD,PRIMARY_DEVELOPMENT_DATASET,PRIMARY_008152,D:\BTech Final Year Project\RiceLeafDiseaseBD A Field-Based Annotated Smartpho\RiceLeafDiseaseBD A Field-Based Annotated Smartpho\RiceLeafDiseaseBD\RiceLeafDiseaseBD\Annotated images ( visual with labels)\Sheath blight\labels\Sheath blight_961.txt,UNIQUE_GROUP_016862,False,calibration
Sheath blight_989.jpg,.jpg,Annotated images ( visual with labels)/Sheath blight/visuals/Sheath blight_989.jpg,277267,True,1024,1024,1.0,RGB,3,JPEG,26b49c695ec20e907e300e176ab0c4cf051cf5e769a90eb001fb9c27cbb10d68,,Sheath blight,RiceLeafDiseaseBD,PRIMARY_DEVELOPMENT_DATASET,PRIMARY_008182,D:\BTech Final Year Project\RiceLeafDiseaseBD A Field-Based Annotated Smartpho\RiceLeafDiseaseBD A Field-Based Annotated Smartpho\RiceLeafDiseaseBD\RiceLeafDiseaseBD\Annotated images ( visual with labels)\Sheath blight\labels\Sheath blight_989.txt,UNIQUE_GROUP_002712,False,calibration
Sheath blight_997.jpg,.jpg,Annotated images ( visual with labels)/Sheath blight/visuals/Sheath blight_997.jpg,320749,True,1024,1024,1.0,RGB,3,JPEG,51877db797fcb27cf8c0b0bbc2d6c1f8b37018f6c4453f7ec6bc1903881941aa,,Sheath blight,RiceLeafDiseaseBD,PRIMARY_DEVELOPMENT_DATASET,PRIMARY_008191,D:\BTech Final Year Project\RiceLeafDiseaseBD A Field-Based Annotated Smartpho\RiceLeafDiseaseBD A Field-Based Annotated Smartpho\RiceLeafDiseaseBD\RiceLeafDiseaseBD\Annotated images ( visual with labels)\Sheath blight\labels\Sheath blight_997.txt,UNIQUE_GROUP_005692,False,calibration
blast_100.jpg,.jpg,Original images/Blast/blast_100.jpg,454757,True,1024,1024,1.0,RGB,3,JPEG,b77c77ba29af703a573444fb4111cc0e64d46f1645e4dd1407a12bdda400d3eb,,Blast,RiceLeafDiseaseBD,PRIMARY_DEVELOPMENT_DATASET,PRIMARY_008196,D:\BTech Final Year Project\RiceLeafDiseaseBD A Field-Based Annotated Smartpho\RiceLeafDiseaseBD A Field-Based Annotated Smartpho\RiceLeafDiseaseBD\RiceLeafDiseaseBD\Annotated images ( visual with labels)\Blast\labels\blast_100.txt,UNIQUE_GROUP_012819,False,calibration
blast_1008.jpg,.jpg,Original images/Blast/blast_1008.jpg,371204,True,1024,1024,1.0,RGB,3,JPEG,5a623b9b1ccd9b08bcdce6877ea905af77c42ced85db9f44921f4f6f19e16848,,Blast,RiceLeafDiseaseBD,PRIMARY_DEVELOPMENT_DATASET,PRIMARY_008205,D:\BTech Final Year Project\RiceLeafDiseaseBD A Field-Based Annotated Smartpho\RiceLeafDiseaseBD A Field-Based Annotated Smartpho\RiceLeafDiseaseBD\RiceLeafDiseaseBD\Annotated images ( visual with labels)\Blast\labels\blast_1008.txt,UNIQUE_GROUP_006333,False,calibration
blast_1014.jpg,.jpg,Original images/Blast/blast_1014.jpg,366107,True,1024,1024,1.0,RGB,3,JPEG,1a09723de247488fdde90fb533bd44aa606c8fab26a4a572330995c338466d5d,,Blast,RiceLeafDiseaseBD,PRIMARY_DEVELOPMENT_DATASET,PRIMARY_008212,D:\BTech Final Year Project\RiceLeafDiseaseBD A Field-Based Annotated Smartpho\RiceLeafDiseaseBD A Field-Based Annotated Smartpho\RiceLeafDiseaseBD\RiceLeafDiseaseBD\Annotated images ( visual with labels)\Blast\labels\blast_1014.txt,UNIQUE_GROUP_001791,False,calibration
blast_1037.jpg,.jpg,Original images/Blast/blast_1037.jpg,385129,True,1024,1024,1.0,RGB,3,JPEG,f1c667979b37615185724edb08860cf2f542b05f5511cf545049b29c565099a0,,Blast,RiceLeafDiseaseBD,PRIMARY_DEVELOPMENT_DATASET,PRIMARY_008237,D:\BTech Final Year Project\RiceLeafDiseaseBD A Field-Based Annotated Smartpho\RiceLeafDiseaseBD A Field-Based Annotated Smartpho\RiceLeafDiseaseBD\RiceLeafDiseaseBD\Annotated images ( visual with labels)\Blast\labels\blast_1037.txt,UNIQUE_GROUP_016828,False,calibration
blast_104.jpg,.jpg,Original images/Blast/blast_104.jpg,334195,True,1024,1024,1.0,RGB,3,JPEG,1dea192e0f3851995ce457aca9393d7fde556afbe1a80c54139e2752be6eb6e1,,Blast,RiceLeafDiseaseBD,PRIMARY_DEVELOPMENT_DATASET,PRIMARY_008240,D:\BTech Final Year Project\RiceLeafDiseaseBD A Field-Based Annotated Smartpho\RiceLeafDiseaseBD A Field-Based Annotated Smartpho\RiceLeafDiseaseBD\RiceLeafDiseaseBD\Annotated images ( visual with labels)\Blast\labels\blast_104.txt,UNIQUE_GROUP_002086,False,calibration
blast_1089.jpg,.jpg,Original images/Blast/blast_1089.jpg,366942,True,1024,1024,1.0,RGB,3,JPEG,26d3bf37361da5294fe9319a85c139df4c092aeec94122d47dc3b99b6590dcbb,,Blast,RiceLeafDiseaseBD,PRIMARY_DEVELOPMENT_DATASET,PRIMARY_008294,D:\BTech Final Year Project\RiceLeafDiseaseBD A Field-Based Annotated Smartpho\RiceLeafDiseaseBD A Field-Based Annotated Smartpho\RiceLeafDiseaseBD\RiceLeafDiseaseBD\Annotated images ( visual with labels)\Blast\labels\blast_1089.txt,UNIQUE_GROUP_002720,False,calibration
blast_1094.jpg,.jpg,Original images/Blast/blast_1094.jpg,370277,True,1024,1024,1.0,RGB,3,JPEG,196d92d95c40cbfa5ab7bf27c0cb101fa41d5d2190a562d50193bff9f1cb5908,,Blast,RiceLeafDiseaseBD,PRIMARY_DEVELOPMENT_DATASET,PRIMARY_008300,D:\BTech Final Year Project\RiceLeafDiseaseBD A Field-Based Annotated Smartpho\RiceLeafDiseaseBD A Field-Based Annotated Smartpho\RiceLeafDiseaseBD\RiceLeafDiseaseBD\Annotated images ( visual with labels)\Blast\labels\blast_1094.txt,UNIQUE_GROUP_001747,False,calibration
blast_1099.jpg,.jpg,Original images/Blast/blast_1099.jpg,357476,True,1024,1024,1.0,RGB,3,JPEG,d6790edc95cbfe537586c016bd8e447c95c5f2b9ca6337be2d8cc3f4a25ff150,,Blast,RiceLeafDiseaseBD,PRIMARY_DEVELOPMENT_DATASET,PRIMARY_008305,D:\BTech Final Year Project\RiceLeafDiseaseBD A Field-Based Annotated Smartpho\RiceLeafDiseaseBD A Field-Based Annotated Smartpho\RiceLeafDiseaseBD\RiceLeafDiseaseBD\Annotated images ( visual with labels)\Blast\labels\blast_1099.txt,UNIQUE_GROUP_015004,False,calibration
blast_1105.jpg,.jpg,Original images/Blast/blast_1105.jpg,350641,True,1024,1024,1.0,RGB,3,JPEG,426f562029ab6a318822bc031357ceb484994c5a4d12f9148a285899c20a93aa,,Blast,RiceLeafDiseaseBD,PRIMARY_DEVELOPMENT_DATASET,PRIMARY_008313,D:\BTech Final Year Project\RiceLeafDiseaseBD A Field-Based Annotated Smartpho\RiceLeafDiseaseBD A Field-Based Annotated Smartpho\RiceLeafDiseaseBD\RiceLeafDiseaseBD\Annotated images ( visual with labels)\Blast\labels\blast_1105.txt,UNIQUE_GROUP_004646,False,calibration
blast_1106.jpg,.jpg,Original images/Blast/blast_1106.jpg,346013,True,1024,1024,1.0,RGB,3,JPEG,4f13660a578da733054459843a8d2c128c04bafd7c40c907745576a9e41668c4,,Blast,RiceLeafDiseaseBD,PRIMARY_DEVELOPMENT_DATASET,PRIMARY_008314,D:\BTech Final Year Project\RiceLeafDiseaseBD A Field-Based Annotated Smartpho\RiceLeafDiseaseBD A Field-Based Annotated Smartpho\RiceLeafDiseaseBD\RiceLeafDiseaseBD\Annotated images ( visual with labels)\Blast\labels\blast_1106.txt,UNIQUE_GROUP_005528,False,calibration
blast_1113.jpg,.jpg,Original images/Blast/blast_1113.jpg,310604,True,1024,1024,1.0,RGB,3,JPEG,6c9ba4e2ce46701936778c40f1a5a88f24567b79f688a739d3b643a1c3ee734d,,Blast,RiceLeafDiseaseBD,PRIMARY_DEVELOPMENT_DATASET,PRIMARY_008322,D:\BTech Final Year Project\RiceLeafDiseaseBD A Field-Based Annotated Smartpho\RiceLeafDiseaseBD A Field-Based Annotated Smartpho\RiceLeafDiseaseBD\RiceLeafDiseaseBD\Annotated images ( visual with labels)\Blast\labels\blast_1113.txt,UNIQUE_GROUP_007578,False,calibration
blast_1121.jpg,.jpg,Original images/Blast/blast_1121.jpg,351576,True,1024,1024,1.0,RGB,3,JPEG,59adc6e00c1caedfbf396ce362343471e3c5504f779efd7738cb141cfc36bf16,,Blast,RiceLeafDiseaseBD,PRIMARY_DEVELOPMENT_DATASET,PRIMARY_008331,D:\BTech Final Year Project\RiceLeafDiseaseBD A Field-Based Annotated Smartpho\RiceLeafDiseaseBD A Field-Based Annotated Smartpho\RiceLeafDiseaseBD\RiceLeafDiseaseBD\Annotated images ( visual with labels)\Blast\labels\blast_1121.txt,UNIQUE_GROUP_006280,False,calibration
blast_1127.jpg,.jpg,Original images/Blast/blast_1127.jpg,348084,True,1024,1024,1.0,RGB,3,JPEG,2fabfc49e8d87dd993ee0894fcd51b3e2fd398d447ed0c94abde3c3323d42b5e,,Blast,RiceLeafDiseaseBD,PRIMARY_DEVELOPMENT_DATASET,PRIMARY_008337,D:\BTech Final Year Project\RiceLeafDiseaseBD A Field-Based Annotated Smartpho\RiceLeafDiseaseBD A Field-Based Annotated Smartpho\RiceLeafDiseaseBD\RiceLeafDiseaseBD\Annotated images ( visual with labels)\Blast\labels\blast_1127.txt,UNIQUE_GROUP_003337,False,calibration
blast_1130.jpg,.jpg,Original images/Blast/blast_1130.jpg,317368,True,1024,1024,1.0,RGB,3,JPEG,0833ad38046bfa090867fc1b14dbf30360cbedfd4aee7c9b1a3db7d48dd3e4d6,,Blast,RiceLeafDiseaseBD,PRIMARY_DEVELOPMENT_DATASET,PRIMARY_008341,D:\BTech Final Year Project\RiceLeafDiseaseBD A Field-Based Annotated Smartpho\RiceLeafDiseaseBD A Field-Based Annotated Smartpho\RiceLeafDiseaseBD\RiceLeafDiseaseBD\Annotated images ( visual with labels)\Blast\labels\blast_1130.txt,UNIQUE_GROUP_000542,False,calibration
blast_1164.jpg,.jpg,Original images/Blast/blast_1164.jpg,338056,True,1024,1024,1.0,RGB,3,JPEG,c97568033dc2102a96ad13b35f9c5264330cf0dcd5ca4720b2e4289860df506e,,Blast,RiceLeafDiseaseBD,PRIMARY_DEVELOPMENT_DATASET,PRIMARY_008378,D:\BTech Final Year Project\RiceLeafDiseaseBD A Field-Based Annotated Smartpho\RiceLeafDiseaseBD A Field-Based Annotated Smartpho\RiceLeafDiseaseBD\RiceLeafDiseaseBD\Annotated images ( visual with labels)\Blast\labels\blast_1164.txt,UNIQUE_GROUP_014103,False,calibration
blast_1174.jpg,.jpg,Original images/Blast/blast_1174.jpg,387285,True,1024,1024,1.0,RGB,3,JPEG,279aa906b3a1982e0ea9780ef5bf77e73e5ada37c0b11651ca35f5fe86703ec9,,Blast,RiceLeafDiseaseBD,PRIMARY_DEVELOPMENT_DATASET,PRIMARY_008389,D:\BTech Final Year Project\RiceLeafDiseaseBD A Field-Based Annotated Smartpho\RiceLeafDiseaseBD A Field-Based Annotated Smartpho\RiceLeafDiseaseBD\RiceLeafDiseaseBD\Annotated images ( visual with labels)\Blast\labels\blast_1174.txt,UNIQUE_GROUP_002770,False,calibration
blast_1178.jpg,.jpg,Original images/Blast/blast_1178.jpg,381341,True,1024,1024,1.0,RGB,3,JPEG,2fea240989274528edfb72a1acf3b9319425dd30a6e88e097d1c281e6b929148,,Blast,RiceLeafDiseaseBD,PRIMARY_DEVELOPMENT_DATASET,PRIMARY_008393,D:\BTech Final Year Project\RiceLeafDiseaseBD A Field-Based Annotated Smartpho\RiceLeafDiseaseBD A Field-Based Annotated Smartpho\RiceLeafDiseaseBD\RiceLeafDiseaseBD\Annotated images ( visual with labels)\Blast\labels\blast_1178.txt,UNIQUE_GROUP_003346,False,calibration
blast_1179.jpg,.jpg,Original images/Blast/blast_1179.jpg,388083,True,1024,1024,1.0,RGB,3,JPEG,8ef212d483d2582a332a33d168753e0f8b98277ef714f22310f1cda53aee1359,,Blast,RiceLeafDiseaseBD,PRIMARY_DEVELOPMENT_DATASET,PRIMARY_008394,D:\BTech Final Year Project\RiceLeafDiseaseBD A Field-Based Annotated Smartpho\RiceLeafDiseaseBD A Field-Based Annotated Smartpho\RiceLeafDiseaseBD\RiceLeafDiseaseBD\Annotated images ( visual with labels)\Blast\labels\blast_1179.txt,UNIQUE_GROUP_010007,False,calibration
blast_1180.jpg,.jpg,Original images/Blast/blast_1180.jpg,320919,True,1024,1024,1.0,RGB,3,JPEG,ede99ff6217ffaf0c122a996c96dc5f5bebd2e55a2dbba781d12a704bf3ce07c,,Blast,RiceLeafDiseaseBD,PRIMARY_DEVELOPMENT_DATASET,PRIMARY_008396,D:\BTech Final Year Project\RiceLeafDiseaseBD A Field-Based Annotated Smartpho\RiceLeafDiseaseBD A Field-Based Annotated Smartpho\RiceLeafDiseaseBD\RiceLeafDiseaseBD\Annotated images ( visual with labels)\Blast\labels\blast_1180.txt,UNIQUE_GROUP_016584,False,calibration
blast_120.jpg,.jpg,Original images/Blast/blast_120.jpg,307562,True,1024,1024,1.0,RGB,3,JPEG,121d32550c3708205e471ba8446d9351dcfb1a14df219212733f43328770f384,,Blast,RiceLeafDiseaseBD,PRIMARY_DEVELOPMENT_DATASET,PRIMARY_008418,D:\BTech Final Year Project\RiceLeafDiseaseBD A Field-Based Annotated Smartpho\RiceLeafDiseaseBD A Field-Based Annotated Smartpho\RiceLeafDiseaseBD\RiceLeafDiseaseBD\Annotated images ( visual with labels)\Blast\labels\blast_120.txt,UNIQUE_GROUP_001248,False,calibration
blast_1213.jpg,.jpg,Original images/Blast/blast_1213.jpg,315710,True,1024,1024,1.0,RGB,3,JPEG,8f2d3de12068adf3add780b654ecbe86f95d4032abcc957a6f84c67da46cbf8b,,Blast,RiceLeafDiseaseBD,PRIMARY_DEVELOPMENT_DATASET,PRIMARY_008433,D:\BTech Final Year Project\RiceLeafDiseaseBD A Field-Based Annotated Smartpho\RiceLeafDiseaseBD A Field-Based Annotated Smartpho\RiceLeafDiseaseBD\RiceLeafDiseaseBD\Annotated images ( visual with labels)\Blast\labels\blast_1213.txt,UNIQUE_GROUP_010024,False,calibration
blast_1216.jpg,.jpg,Original images/Blast/blast_1216.jpg,310855,True,1024,1024,1.0,RGB,3,JPEG,a53b7258ec8529c6a103ac6bd53b54c88b44c588c4695c0b13468eaad247fece,,Blast,RiceLeafDiseaseBD,PRIMARY_DEVELOPMENT_DATASET,PRIMARY_008436,D:\BTech Final Year Project\RiceLeafDiseaseBD A Field-Based Annotated Smartpho\RiceLeafDiseaseBD A Field-Based Annotated Smartpho\RiceLeafDiseaseBD\RiceLeafDiseaseBD\Annotated images ( visual with labels)\Blast\labels\blast_1216.txt,UNIQUE_GROUP_011548,False,calibration
blast_1220.jpg,.jpg,Original images/Blast/blast_1220.jpg,314621,True,1024,1024,1.0,RGB,3,JPEG,aa91a944debfd3b3e6b1545f391bae2f4414a42d1b9f844cdb89350e24a8bd1d,,Blast,RiceLeafDiseaseBD,PRIMARY_DEVELOPMENT_DATASET,PRIMARY_008441,D:\BTech Final Year Project\RiceLeafDiseaseBD A Field-Based Annotated Smartpho\RiceLeafDiseaseBD A Field-Based Annotated Smartpho\RiceLeafDiseaseBD\RiceLeafDiseaseBD\Annotated images ( visual with labels)\Blast\labels\blast_1220.txt,UNIQUE_GROUP_011952,False,calibration
blast_1223.jpg,.jpg,Original images/Blast/blast_1223.jpg,314919,True,1024,1024,1.0,RGB,3,JPEG,668b0a6b431c97c3fa78c803c98982351badec6d077a5ff47f7151bb0f457309,,Blast,RiceLeafDiseaseBD,PRIMARY_DEVELOPMENT_DATASET,PRIMARY_008444,D:\BTech Final Year Project\RiceLeafDiseaseBD A Field-Based Annotated Smartpho\RiceLeafDiseaseBD A Field-Based Annotated Smartpho\RiceLeafDiseaseBD\RiceLeafDiseaseBD\Annotated images ( visual with labels)\Blast\labels\blast_1223.txt,UNIQUE_GROUP_007179,False,calibration
blast_1252.jpg,.jpg,Original images/Blast/blast_1252.jpg,318688,True,1024,1024,1.0,RGB,3,JPEG,fcf8f2f0831823f87de1d67bfd091716949fdec8081ab8f893153f090e69fd9c,,Blast,RiceLeafDiseaseBD,PRIMARY_DEVELOPMENT_DATASET,PRIMARY_008476,D:\BTech Final Year Project\RiceLeafDiseaseBD A Field-Based Annotated Smartpho\RiceLeafDiseaseBD A Field-Based Annotated Smartpho\RiceLeafDiseaseBD\RiceLeafDiseaseBD\Annotated images ( visual with labels)\Blast\labels\blast_1252.txt,UNIQUE_GROUP_017578,False,calibration
blast_1255.jpg,.jpg,Original images/Blast/blast_1255.jpg,359617,True,1024,1024,1.0,RGB,3,JPEG,21138319f677931c0f3fa8c84b21cff97fe672b39c1c5e9860bd5ad3c2af5a27,,Blast,RiceLeafDiseaseBD,PRIMARY_DEVELOPMENT_DATASET,PRIMARY_008479,D:\BTech Final Year Project\RiceLeafDiseaseBD A Field-Based Annotated Smartpho\RiceLeafDiseaseBD A Field-Based Annotated Smartpho\RiceLeafDiseaseBD\RiceLeafDiseaseBD\Annotated images ( visual with labels)\Blast\labels\blast_1255.txt,UNIQUE_GROUP_002325,False,calibration
blast_1258.jpg,.jpg,Original images/Blast/blast_1258.jpg,340033,True,1024,1024,1.0,RGB,3,JPEG,0a13826eee262ab769e7951ca924f4308474ccc19d955d8f8c266ac7d1e473c0,,Blast,RiceLeafDiseaseBD,PRIMARY_DEVELOPMENT_DATASET,PRIMARY_008482,D:\BTech Final Year Project\RiceLeafDiseaseBD A Field-Based Annotated Smartpho\RiceLeafDiseaseBD A Field-Based Annotated Smartpho\RiceLeafDiseaseBD\RiceLeafDiseaseBD\Annotated images ( visual with labels)\Blast\labels\blast_1258.txt,UNIQUE_GROUP_000682,False,calibration
blast_1265.jpg,.jpg,Original images/Blast/blast_1265.jpg,330145,True,1024,1024,1.0,RGB,3,JPEG,fdaa0f3e35769754c326e60193121c338b6389528ed9a54469b465b519112e49,,Blast,RiceLeafDiseaseBD,PRIMARY_DEVELOPMENT_DATASET,PRIMARY_008490,D:\BTech Final Year Project\RiceLeafDiseaseBD A Field-Based Annotated Smartpho\RiceLeafDiseaseBD A Field-Based Annotated Smartpho\RiceLeafDiseaseBD\RiceLeafDiseaseBD\Annotated images ( visual with labels)\Blast\labels\blast_1265.txt,UNIQUE_GROUP_017635,False,calibration
blast_1286.jpg,.jpg,Original images/Blast/blast_1286.jpg,422836,True,1024,1024,1.0,RGB,3,JPEG,0668f7eb04213c47bee934647ffc97018bae1936efe80c0d137cabb1bc58fa3c,,Blast,RiceLeafDiseaseBD,PRIMARY_DEVELOPMENT_DATASET,PRIMARY_008513,D:\BTech Final Year Project\RiceLeafDiseaseBD A Field-Based Annotated Smartpho\RiceLeafDiseaseBD A Field-Based Annotated Smartpho\RiceLeafDiseaseBD\RiceLeafDiseaseBD\Annotated images ( visual with labels)\Blast\labels\blast_1286.txt,UNIQUE_GROUP_000425,False,calibration
blast_1291.jpg,.jpg,Original images/Blast/blast_1291.jpg,344282,True,1024,1024,1.0,RGB,3,JPEG,c7e6e2e1ac48731331291a40492b905266d2d2d40651deb7191a52dac885af14,,Blast,RiceLeafDiseaseBD,PRIMARY_DEVELOPMENT_DATASET,PRIMARY_008519,D:\BTech Final Year Project\RiceLeafDiseaseBD A Field-Based Annotated Smartpho\RiceLeafDiseaseBD A Field-Based Annotated Smartpho\RiceLeafDiseaseBD\RiceLeafDiseaseBD\Annotated images ( visual with labels)\Blast\labels\blast_1291.txt,UNIQUE_GROUP_013991,False,calibration
blast_1295.jpg,.jpg,Original images/Blast/blast_1295.jpg,214200,True,1024,1024,1.0,RGB,3,JPEG,00b1b72ca8143fe4f4a150d73fa85e6d465ca74f04fed2ea8f88dd3deb82c469,,Blast,RiceLeafDiseaseBD,PRIMARY_DEVELOPMENT_DATASET,PRIMARY_008523,D:\BTech Final Year Project\RiceLeafDiseaseBD A Field-Based Annotated Smartpho\RiceLeafDiseaseBD A Field-Based Annotated Smartpho\RiceLeafDiseaseBD\RiceLeafDiseaseBD\Annotated images ( visual with labels)\Blast\labels\blast_1295.txt,UNIQUE_GROUP_000051,False,calibration
blast_1299.jpg,.jpg,Original images/Blast/blast_1299.jpg,282663,True,1024,1024,1.0,RGB,3,JPEG,c1fa3414124948fe6cfefa034e516ae5dce1672d19fb0c12901697b451808758,,Blast,RiceLeafDiseaseBD,PRIMARY_DEVELOPMENT_DATASET,PRIMARY_008527,D:\BTech Final Year Project\RiceLeafDiseaseBD A Field-Based Annotated Smartpho\RiceLeafDiseaseBD A Field-Based Annotated Smartpho\RiceLeafDiseaseBD\RiceLeafDiseaseBD\Annotated images ( visual with labels)\Blast\labels\blast_1299.txt,UNIQUE_GROUP_013577,False,calibration
blast_1311.jpg,.jpg,Original images/Blast/blast_1311.jpg,322832,True,1024,1024,1.0,RGB,3,JPEG,38666976dead95b1bb0bfc725f9c70400248ee1f794ec690d1d93a58da8e8a0b,,Blast,RiceLeafDiseaseBD,PRIMARY_DEVELOPMENT_DATASET,PRIMARY_008542,D:\BTech Final Year Project\RiceLeafDiseaseBD A Field-Based Annotated Smartpho\RiceLeafDiseaseBD A Field-Based Annotated Smartpho\RiceLeafDiseaseBD\RiceLeafDiseaseBD\Annotated images ( visual with labels)\Blast\labels\blast_1311.txt,UNIQUE_GROUP_003939,False,calibration
blast_1322.jpg,.jpg,Original images/Blast/blast_1322.jpg,561536,True,1024,1024,1.0,RGB,3,JPEG,9fbe19a78108d98b675c83805d2429085db67b640d6a5af97fa193c879463630,,Blast,RiceLeafDiseaseBD,PRIMARY_DEVELOPMENT_DATASET,PRIMARY_008554,D:\BTech Final Year Project\RiceLeafDiseaseBD A Field-Based Annotated Smartpho\RiceLeafDiseaseBD A Field-Based Annotated Smartpho\RiceLeafDiseaseBD\RiceLeafDiseaseBD\Annotated images ( visual with labels)\Blast\labels\blast_1322.txt,UNIQUE_GROUP_011186,False,calibration
blast_1325.jpg,.jpg,Original images/Blast/blast_1325.jpg,221775,True,1024,1024,1.0,RGB,3,JPEG,b03169e1219e3e66631988a99fed12cfefc8dad40c0af73a6cf4c07cac05505a,,Blast,RiceLeafDiseaseBD,PRIMARY_DEVELOPMENT_DATASET,PRIMARY_008557,D:\BTech Final Year Project\RiceLeafDiseaseBD A Field-Based Annotated Smartpho\RiceLeafDiseaseBD A Field-Based Annotated Smartpho\RiceLeafDiseaseBD\RiceLeafDiseaseBD\Annotated images ( visual with labels)\Blast\labels\blast_1325.txt,UNIQUE_GROUP_012317,False,calibration
blast_157.jpg,.jpg,Original images/Blast/blast_157.jpg,347152,True,1024,1024,1.0,RGB,3,JPEG,d19f0c06889c00bbfc1e22a1a765f81c9d19e15c432f83f9f5cb29f6203f3818,,Blast,RiceLeafDiseaseBD,PRIMARY_DEVELOPMENT_DATASET,PRIMARY_008585,D:\BTech Final Year Project\RiceLeafDiseaseBD A Field-Based Annotated Smartpho\RiceLeafDiseaseBD A Field-Based Annotated Smartpho\RiceLeafDiseaseBD\RiceLeafDiseaseBD\Annotated images ( visual with labels)\Blast\labels\blast_157.txt,UNIQUE_GROUP_014669,False,calibration
blast_160.jpg,.jpg,Original images/Blast/blast_160.jpg,352346,True,1024,1024,1.0,RGB,3,JPEG,51af8d579e721db1a4f2f643d1f900a1560900c79a279f206e58ea0b0baa5b47,,Blast,RiceLeafDiseaseBD,PRIMARY_DEVELOPMENT_DATASET,PRIMARY_008589,D:\BTech Final Year Project\RiceLeafDiseaseBD A Field-Based Annotated Smartpho\RiceLeafDiseaseBD A Field-Based Annotated Smartpho\RiceLeafDiseaseBD\RiceLeafDiseaseBD\Annotated images ( visual with labels)\Blast\labels\blast_160.txt,UNIQUE_GROUP_005707,False,calibration
blast_163.jpg,.jpg,Original images/Blast/blast_163.jpg,318432,True,1024,1024,1.0,RGB,3,JPEG,34ab355df313abbd6007c868f4f82577f8441b209af23fd77d1400e168a16612,,Blast,RiceLeafDiseaseBD,PRIMARY_DEVELOPMENT_DATASET,PRIMARY_008592,D:\BTech Final Year Project\RiceLeafDiseaseBD A Field-Based Annotated Smartpho\RiceLeafDiseaseBD A Field-Based Annotated Smartpho\RiceLeafDiseaseBD\RiceLeafDiseaseBD\Annotated images ( visual with labels)\Blast\labels\blast_163.txt,UNIQUE_GROUP_003685,False,calibration
blast_165.jpg,.jpg,Original images/Blast/blast_165.jpg,280323,True,1024,1024,1.0,RGB,3,JPEG,0898ef084a5647dcec7b291b39d409a4277611dfcaecf82114454daff7c8c685,,Blast,RiceLeafDiseaseBD,PRIMARY_DEVELOPMENT_DATASET,PRIMARY_008594,D:\BTech Final Year Project\RiceLeafDiseaseBD A Field-Based Annotated Smartpho\RiceLeafDiseaseBD A Field-Based Annotated Smartpho\RiceLeafDiseaseBD\RiceLeafDiseaseBD\Annotated images ( visual with labels)\Blast\labels\blast_165.txt,UNIQUE_GROUP_000570,False,calibration
blast_166.jpg,.jpg,Original images/Blast/blast_166.jpg,350931,True,1024,1024,1.0,RGB,3,JPEG,9e90a5a4a19c6c1913438fa37645744a08d4ee6ca2a8c871ffabc2c240af2f0f,,Blast,RiceLeafDiseaseBD,PRIMARY_DEVELOPMENT_DATASET,PRIMARY_008595,D:\BTech Final Year Project\RiceLeafDiseaseBD A Field-Based Annotated Smartpho\RiceLeafDiseaseBD A Field-Based Annotated Smartpho\RiceLeafDiseaseBD\RiceLeafDiseaseBD\Annotated images ( visual with labels)\Blast\labels\blast_166.txt,UNIQUE_GROUP_011112,False,calibration
blast_169.jpg,.jpg,Original images/Blast/blast_169.jpg,293472,True,1024,1024,1.0,RGB,3,JPEG,6370ccdbef2683f9780dd4bffb5c8126f3e741fc8fdb525dd7f013da95073bc0,,Blast,RiceLeafDiseaseBD,PRIMARY_DEVELOPMENT_DATASET,PRIMARY_008598,D:\BTech Final Year Project\RiceLeafDiseaseBD A Field-Based Annotated Smartpho\RiceLeafDiseaseBD A Field-Based Annotated Smartpho\RiceLeafDiseaseBD\RiceLeafDiseaseBD\Annotated images ( visual with labels)\Blast\labels\blast_169.txt,UNIQUE_GROUP_006967,False,calibration
blast_170.jpg,.jpg,Original images/Blast/blast_170.jpg,305706,True,1024,1024,1.0,RGB,3,JPEG,4d540adfd2b94900ac61dd379a842ae2e9d96edc8dfc64b11ee6f3c293ebe740,,Blast,RiceLeafDiseaseBD,PRIMARY_DEVELOPMENT_DATASET,PRIMARY_008600,D:\BTech Final Year Project\RiceLeafDiseaseBD A Field-Based Annotated Smartpho\RiceLeafDiseaseBD A Field-Based Annotated Smartpho\RiceLeafDiseaseBD\RiceLeafDiseaseBD\Annotated images ( visual with labels)\Blast\labels\blast_170.txt,UNIQUE_GROUP_005423,False,calibration
blast_19.jpg,.jpg,Original images/Blast/blast_19.jpg,323051,True,1024,1024,1.0,RGB,3,JPEG,2106f50182718064c76c99885ea75495606de606662d315c4e14860639ac2e4d,,Blast,RiceLeafDiseaseBD,PRIMARY_DEVELOPMENT_DATASET,PRIMARY_008621,D:\BTech Final Year Project\RiceLeafDiseaseBD A Field-Based Annotated Smartpho\RiceLeafDiseaseBD A Field-Based Annotated Smartpho\RiceLeafDiseaseBD\RiceLeafDiseaseBD\Annotated images ( visual with labels)\Blast\labels\blast_19.txt,UNIQUE_GROUP_002320,False,calibration
blast_193.jpg,.jpg,Original images/Blast/blast_193.jpg,284658,True,1024,1024,1.0,RGB,3,JPEG,f6974f0289506f0bad82eeca65c073fca0f4c6fa3fbb52c0b290dca73e69625d,,Blast,RiceLeafDiseaseBD,PRIMARY_DEVELOPMENT_DATASET,PRIMARY_008625,D:\BTech Final Year Project\RiceLeafDiseaseBD A Field-Based Annotated Smartpho\RiceLeafDiseaseBD A Field-Based Annotated Smartpho\RiceLeafDiseaseBD\RiceLeafDiseaseBD\Annotated images ( visual with labels)\Blast\labels\blast_193.txt,UNIQUE_GROUP_017152,False,calibration
blast_194.jpg,.jpg,Original images/Blast/blast_194.jpg,324102,True,1024,1024,1.0,RGB,3,JPEG,715108a6a6ad3c3e5015a32703fcc9e5426001499b7fb27d46024587ac13889b,,Blast,RiceLeafDiseaseBD,PRIMARY_DEVELOPMENT_DATASET,PRIMARY_008626,D:\BTech Final Year Project\RiceLeafDiseaseBD A Field-Based Annotated Smartpho\RiceLeafDiseaseBD A Field-Based Annotated Smartpho\RiceLeafDiseaseBD\RiceLeafDiseaseBD\Annotated images ( visual with labels)\Blast\labels\blast_194.txt,UNIQUE_GROUP_007916,False,calibration
blast_195.jpg,.jpg,Original images/Blast/blast_195.jpg,309653,True,1024,1024,1.0,RGB,3,JPEG,b7b00f422f47866ee97d4839d4ebbef979fc8f71b26d91b7292ffab5a9213a74,,Blast,RiceLeafDiseaseBD,PRIMARY_DEVELOPMENT_DATASET,PRIMARY_008627,D:\BTech Final Year Project\RiceLeafDiseaseBD A Field-Based Annotated Smartpho\RiceLeafDiseaseBD A Field-Based Annotated Smartpho\RiceLeafDiseaseBD\RiceLeafDiseaseBD\Annotated images ( visual with labels)\Blast\labels\blast_195.txt,UNIQUE_GROUP_012828,False,calibration
blast_198.jpg,.jpg,Original images/Blast/blast_198.jpg,304927,True,1024,1024,1.0,RGB,3,JPEG,a7afe752925c316dc01b6e3604cbcb093aa350dadaf89c2ba4e0187ba5c6b770,,Blast,RiceLeafDiseaseBD,PRIMARY_DEVELOPMENT_DATASET,PRIMARY_008630,D:\BTech Final Year Project\RiceLeafDiseaseBD A Field-Based Annotated Smartpho\RiceLeafDiseaseBD A Field-Based Annotated Smartpho\RiceLeafDiseaseBD\RiceLeafDiseaseBD\Annotated images ( visual with labels)\Blast\labels\blast_198.txt,UNIQUE_GROUP_011739,False,calibration
blast_199.jpg,.jpg,Original images/Blast/blast_199.jpg,304278,True,1024,1024,1.0,RGB,3,JPEG,dbc7ab29631ef20003a97b2217dd8f56afbd49f0c6a1c0c794ebb580cac7c325,,Blast,RiceLeafDiseaseBD,PRIMARY_DEVELOPMENT_DATASET,PRIMARY_008631,D:\BTech Final Year Project\RiceLeafDiseaseBD A Field-Based Annotated Smartpho\RiceLeafDiseaseBD A Field-Based Annotated Smartpho\RiceLeafDiseaseBD\RiceLeafDiseaseBD\Annotated images ( visual with labels)\Blast\labels\blast_199.txt,UNIQUE_GROUP_015362,False,calibration
blast_207.jpg,.jpg,Original images/Blast/blast_207.jpg,358112,True,1024,1024,1.0,RGB,3,JPEG,fd56dfc9c7b2c7d00a7c2b1786030a5698621e6df9ee013faae0e3b4265aa0a7,,Blast,RiceLeafDiseaseBD,PRIMARY_DEVELOPMENT_DATASET,PRIMARY_008641,D:\BTech Final Year Project\RiceLeafDiseaseBD A Field-Based Annotated Smartpho\RiceLeafDiseaseBD A Field-Based Annotated Smartpho\RiceLeafDiseaseBD\RiceLeafDiseaseBD\Annotated images ( visual with labels)\Blast\labels\blast_207.txt,UNIQUE_GROUP_017612,False,calibration
blast_244.jpg,.jpg,Original images/Blast/blast_244.jpg,365951,True,1024,1024,1.0,RGB,3,JPEG,f585bb03ac1d0ac06b4ea9038bc42c1147b0f6e233c23ed23bd738d111754f2e,,Blast,RiceLeafDiseaseBD,PRIMARY_DEVELOPMENT_DATASET,PRIMARY_008682,D:\BTech Final Year Project\RiceLeafDiseaseBD A Field-Based Annotated Smartpho\RiceLeafDiseaseBD A Field-Based Annotated Smartpho\RiceLeafDiseaseBD\RiceLeafDiseaseBD\Annotated images ( visual with labels)\Blast\labels\blast_244.txt,UNIQUE_GROUP_017080,False,calibration
blast_247.jpg,.jpg,Original images/Blast/blast_247.jpg,314628,True,1024,1024,1.0,RGB,3,JPEG,009c76a0071d070d80160b989892b2016789c6656a4c50e75fd7685e14ea496c,,Blast,RiceLeafDiseaseBD,PRIMARY_DEVELOPMENT_DATASET,PRIMARY_008685,D:\BTech Final Year Project\RiceLeafDiseaseBD A Field-Based Annotated Smartpho\RiceLeafDiseaseBD A Field-Based Annotated Smartpho\RiceLeafDiseaseBD\RiceLeafDiseaseBD\Annotated images ( visual with labels)\Blast\labels\blast_247.txt,UNIQUE_GROUP_000043,False,calibration
blast_248.jpg,.jpg,Original images/Blast/blast_248.jpg,301897,True,1024,1024,1.0,RGB,3,JPEG,e71c14dee786ad7114a575216079d68f448af1b32a8d1634165c92be4ec00905,,Blast,RiceLeafDiseaseBD,PRIMARY_DEVELOPMENT_DATASET,PRIMARY_008686,D:\BTech Final Year Project\RiceLeafDiseaseBD A Field-Based Annotated Smartpho\RiceLeafDiseaseBD A Field-Based Annotated Smartpho\RiceLeafDiseaseBD\RiceLeafDiseaseBD\Annotated images ( visual with labels)\Blast\labels\blast_248.txt,UNIQUE_GROUP_016126,False,calibration
blast_254.jpg,.jpg,Original images/Blast/blast_254.jpg,339026,True,1024,1024,1.0,RGB,3,JPEG,a671e28274dd9232a09020c7d41d7da03c0eed2e45fa520d8b51df293b0cf9d7,,Blast,RiceLeafDiseaseBD,PRIMARY_DEVELOPMENT_DATASET,PRIMARY_008693,D:\BTech Final Year Project\RiceLeafDiseaseBD A Field-Based Annotated Smartpho\RiceLeafDiseaseBD A Field-Based Annotated Smartpho\RiceLeafDiseaseBD\RiceLeafDiseaseBD\Annotated images ( visual with labels)\Blast\labels\blast_254.txt,UNIQUE_GROUP_011637,False,calibration
blast_259.jpg,.jpg,Original images/Blast/blast_259.jpg,353450,True,1024,1024,1.0,RGB,3,JPEG,f384627e1cbbc42829747056042c70129ca2c2427c95e926aa2431e059716c2d,,Blast,RiceLeafDiseaseBD,PRIMARY_DEVELOPMENT_DATASET,PRIMARY_008698,D:\BTech Final Year Project\RiceLeafDiseaseBD A Field-Based Annotated Smartpho\RiceLeafDiseaseBD A Field-Based Annotated Smartpho\RiceLeafDiseaseBD\RiceLeafDiseaseBD\Annotated images ( visual with labels)\Blast\labels\blast_259.txt,UNIQUE_GROUP_016940,False,calibration
blast_266.jpg,.jpg,Original images/Blast/blast_266.jpg,383252,True,1024,1024,1.0,RGB,3,JPEG,a6c62a233a3ba7b7877a17a61c5261caa760ecae72ee4bea94eee87b59193671,,Blast,RiceLeafDiseaseBD,PRIMARY_DEVELOPMENT_DATASET,PRIMARY_008706,D:\BTech Final Year Project\RiceLeafDiseaseBD A Field-Based Annotated Smartpho\RiceLeafDiseaseBD A Field-Based Annotated Smartpho\RiceLeafDiseaseBD\RiceLeafDiseaseBD\Annotated images ( visual with labels)\Blast\labels\blast_266.txt,UNIQUE_GROUP_011663,False,calibration
blast_271.jpg,.jpg,Original images/Blast/blast_271.jpg,334974,True,1024,1024,1.0,RGB,3,JPEG,827b58de6fc6101d6ef20dbe0c063884da5b33691a89aff2011386e9e7edcde9,,Blast,RiceLeafDiseaseBD,PRIMARY_DEVELOPMENT_DATASET,PRIMARY_008712,D:\BTech Final Year Project\RiceLeafDiseaseBD A Field-Based Annotated Smartpho\RiceLeafDiseaseBD A Field-Based Annotated Smartpho\RiceLeafDiseaseBD\RiceLeafDiseaseBD\Annotated images ( visual with labels)\Blast\labels\blast_271.txt,UNIQUE_GROUP_009121,False,calibration
blast_278.jpg,.jpg,Original images/Blast/blast_278.jpg,301974,True,1024,1024,1.0,RGB,3,JPEG,4c4b33a4b79873f54a5b43ae204ed59973bb30acbdfc3aad476702228fba9726,,Blast,RiceLeafDiseaseBD,PRIMARY_DEVELOPMENT_DATASET,PRIMARY_008719,D:\BTech Final Year Project\RiceLeafDiseaseBD A Field-Based Annotated Smartpho\RiceLeafDiseaseBD A Field-Based Annotated Smartpho\RiceLeafDiseaseBD\RiceLeafDiseaseBD\Annotated images ( visual with labels)\Blast\labels\blast_278.txt,UNIQUE_GROUP_005337,False,calibration
blast_287.jpg,.jpg,Original images/Blast/blast_287.jpg,344029,True,1024,1024,1.0,RGB,3,JPEG,2f557a15409e7893c4b59f10da4f16ebc57913e621d4dc9999c9b42fe131f50b,,Blast,RiceLeafDiseaseBD,PRIMARY_DEVELOPMENT_DATASET,PRIMARY_008729,D:\BTech Final Year Project\RiceLeafDiseaseBD A Field-Based Annotated Smartpho\RiceLeafDiseaseBD A Field-Based Annotated Smartpho\RiceLeafDiseaseBD\RiceLeafDiseaseBD\Annotated images ( visual with labels)\Blast\labels\blast_287.txt,UNIQUE_GROUP_003317,False,calibration
blast_301.jpg,.jpg,Original images/Blast/blast_301.jpg,341471,True,1024,1024,1.0,RGB,3,JPEG,64d6ce4e7a080659a8aedfa56d6e7503634e2575f84cafb988cbdd3537e47703,,Blast,RiceLeafDiseaseBD,PRIMARY_DEVELOPMENT_DATASET,PRIMARY_008746,D:\BTech Final Year Project\RiceLeafDiseaseBD A Field-Based Annotated Smartpho\RiceLeafDiseaseBD A Field-Based Annotated Smartpho\RiceLeafDiseaseBD\RiceLeafDiseaseBD\Annotated images ( visual with labels)\Blast\labels\blast_301.txt,UNIQUE_GROUP_007066,False,calibration
blast_312.jpg,.jpg,Original images/Blast/blast_312.jpg,329524,True,1024,1024,1.0,RGB,3,JPEG,2476fca02e654fff37cad290277b584bcb878d4f653ae2f74a581a64a56adcc2,,Blast,RiceLeafDiseaseBD,PRIMARY_DEVELOPMENT_DATASET,PRIMARY_008758,D:\BTech Final Year Project\RiceLeafDiseaseBD A Field-Based Annotated Smartpho\RiceLeafDiseaseBD A Field-Based Annotated Smartpho\RiceLeafDiseaseBD\RiceLeafDiseaseBD\Annotated images ( visual with labels)\Blast\labels\blast_312.txt,UNIQUE_GROUP_002565,False,calibration
blast_317.jpg,.jpg,Original images/Blast/blast_317.jpg,313501,True,1024,1024,1.0,RGB,3,JPEG,5edd62cd0664a7962fde7a6c309c098f9b4df5a280c218c4269e3c816d73bca0,,Blast,RiceLeafDiseaseBD,PRIMARY_DEVELOPMENT_DATASET,PRIMARY_008763,D:\BTech Final Year Project\RiceLeafDiseaseBD A Field-Based Annotated Smartpho\RiceLeafDiseaseBD A Field-Based Annotated Smartpho\RiceLeafDiseaseBD\RiceLeafDiseaseBD\Annotated images ( visual with labels)\Blast\labels\blast_317.txt,UNIQUE_GROUP_006648,False,calibration
blast_325.jpg,.jpg,Original images/Blast/blast_325.jpg,280133,True,1024,1024,1.0,RGB,3,JPEG,a2f3e6327f23cd456f7e30d366ad2a01921840b974fc7f47300ee11796aa5ae6,,Blast,RiceLeafDiseaseBD,PRIMARY_DEVELOPMENT_DATASET,PRIMARY_008772,D:\BTech Final Year Project\RiceLeafDiseaseBD A Field-Based Annotated Smartpho\RiceLeafDiseaseBD A Field-Based Annotated Smartpho\RiceLeafDiseaseBD\RiceLeafDiseaseBD\Annotated images ( visual with labels)\Blast\labels\blast_325.txt,UNIQUE_GROUP_011416,False,calibration
blast_333.jpg,.jpg,Original images/Blast/blast_333.jpg,305871,True,1024,1024,1.0,RGB,3,JPEG,b71443d95715a3395832815cb083b85464ca8ef8417d73565444dc4b244e98dd,,Blast,RiceLeafDiseaseBD,PRIMARY_DEVELOPMENT_DATASET,PRIMARY_008781,D:\BTech Final Year Project\RiceLeafDiseaseBD A Field-Based Annotated Smartpho\RiceLeafDiseaseBD A Field-Based Annotated Smartpho\RiceLeafDiseaseBD\RiceLeafDiseaseBD\Annotated images ( visual with labels)\Blast\labels\blast_333.txt,UNIQUE_GROUP_012798,False,calibration
blast_351.jpg,.jpg,Original images/Blast/blast_351.jpg,328045,True,1024,1024,1.0,RGB,3,JPEG,21aa5e5b2545e07896230c6ad04e33a53862df27e955bf905adaafe1755e8403,,Blast,RiceLeafDiseaseBD,PRIMARY_DEVELOPMENT_DATASET,PRIMARY_008801,D:\BTech Final Year Project\RiceLeafDiseaseBD A Field-Based Annotated Smartpho\RiceLeafDiseaseBD A Field-Based Annotated Smartpho\RiceLeafDiseaseBD\RiceLeafDiseaseBD\Annotated images ( visual with labels)\Blast\labels\blast_351.txt,UNIQUE_GROUP_002361,False,calibration
blast_370.jpg,.jpg,Original images/Blast/blast_370.jpg,342577,True,1024,1024,1.0,RGB,3,JPEG,014f911992d50f95927ecdd95078fe2a25229d9b6e63b12f006e21dbba2aa213,,Blast,RiceLeafDiseaseBD,PRIMARY_DEVELOPMENT_DATASET,PRIMARY_008822,D:\BTech Final Year Project\RiceLeafDiseaseBD A Field-Based Annotated Smartpho\RiceLeafDiseaseBD A Field-Based Annotated Smartpho\RiceLeafDiseaseBD\RiceLeafDiseaseBD\Annotated images ( visual with labels)\Blast\labels\blast_370.txt,UNIQUE_GROUP_000085,False,calibration
blast_372.jpg,.jpg,Original images/Blast/blast_372.jpg,370002,True,1024,1024,1.0,RGB,3,JPEG,6a7793203e8341f087752d6227138c7998828385d27e5721a74806dc52872cc1,,Blast,RiceLeafDiseaseBD,PRIMARY_DEVELOPMENT_DATASET,PRIMARY_008824,D:\BTech Final Year Project\RiceLeafDiseaseBD A Field-Based Annotated Smartpho\RiceLeafDiseaseBD A Field-Based Annotated Smartpho\RiceLeafDiseaseBD\RiceLeafDiseaseBD\Annotated images ( visual with labels)\Blast\labels\blast_372.txt,UNIQUE_GROUP_007445,False,calibration
blast_376.jpg,.jpg,Original images/Blast/blast_376.jpg,295990,True,1024,1024,1.0,RGB,3,JPEG,675466f622ad2fada197e452d39f04f16a9e62cb5ee8055b647ad84730f8135d,,Blast,RiceLeafDiseaseBD,PRIMARY_DEVELOPMENT_DATASET,PRIMARY_008828,D:\BTech Final Year Project\RiceLeafDiseaseBD A Field-Based Annotated Smartpho\RiceLeafDiseaseBD A Field-Based Annotated Smartpho\RiceLeafDiseaseBD\RiceLeafDiseaseBD\Annotated images ( visual with labels)\Blast\labels\blast_376.txt,UNIQUE_GROUP_007236,False,calibration
blast_385.jpg,.jpg,Original images/Blast/blast_385.jpg,339074,True,1024,1024,1.0,RGB,3,JPEG,a1afcafd66d7ae7ac82f8dad100aa3259821364bcd0cfc2b3dad254a82a2d2d3,,Blast,RiceLeafDiseaseBD,PRIMARY_DEVELOPMENT_DATASET,PRIMARY_008838,D:\BTech Final Year Project\RiceLeafDiseaseBD A Field-Based Annotated Smartpho\RiceLeafDiseaseBD A Field-Based Annotated Smartpho\RiceLeafDiseaseBD\RiceLeafDiseaseBD\Annotated images ( visual with labels)\Blast\labels\blast_385.txt,UNIQUE_GROUP_011326,False,calibration
blast_386.jpg,.jpg,Original images/Blast/blast_386.jpg,321368,True,1024,1024,1.0,RGB,3,JPEG,98fb6517a214fc40eec613a133e7e67f6c23e3bfdc7d1348ddd793b4fe46c19c,,Blast,RiceLeafDiseaseBD,PRIMARY_DEVELOPMENT_DATASET,PRIMARY_008839,D:\BTech Final Year Project\RiceLeafDiseaseBD A Field-Based Annotated Smartpho\RiceLeafDiseaseBD A Field-Based Annotated Smartpho\RiceLeafDiseaseBD\RiceLeafDiseaseBD\Annotated images ( visual with labels)\Blast\labels\blast_386.txt,UNIQUE_GROUP_010689,False,calibration
blast_40.jpg,.jpg,Original images/Blast/blast_40.jpg,407846,True,1024,1024,1.0,RGB,3,JPEG,078b0cc727bf7536b77d4b4bf9136e95d76c9f0288c1b7f4285b29bf4a37874a,,Blast,RiceLeafDiseaseBD,PRIMARY_DEVELOPMENT_DATASET,PRIMARY_008855,D:\BTech Final Year Project\RiceLeafDiseaseBD A Field-Based Annotated Smartpho\RiceLeafDiseaseBD A Field-Based Annotated Smartpho\RiceLeafDiseaseBD\RiceLeafDiseaseBD\Annotated images ( visual with labels)\Blast\labels\blast_40.txt,UNIQUE_GROUP_000511,False,calibration
blast_405.jpg,.jpg,Original images/Blast/blast_405.jpg,375534,True,1024,1024,1.0,RGB,3,JPEG,2b3cdc31eb1eba4d46c88db3b1cdfa78f0d88767e7bbd3a0cc3495ca0e8010ea,,Blast,RiceLeafDiseaseBD,PRIMARY_DEVELOPMENT_DATASET,PRIMARY_008861,D:\BTech Final Year Project\RiceLeafDiseaseBD A Field-Based Annotated Smartpho\RiceLeafDiseaseBD A Field-Based Annotated Smartpho\RiceLeafDiseaseBD\RiceLeafDiseaseBD\Annotated images ( visual with labels)\Blast\labels\blast_405.txt,UNIQUE_GROUP_003024,False,calibration
blast_42.jpg,.jpg,Original images/Blast/blast_42.jpg,370451,True,1024,1024,1.0,RGB,3,JPEG,55860c94152d06f54b9f97b9661034981227d3e0bdc23a68821cb5ef1f2036da,,Blast,RiceLeafDiseaseBD,PRIMARY_DEVELOPMENT_DATASET,PRIMARY_008877,D:\BTech Final Year Project\RiceLeafDiseaseBD A Field-Based Annotated Smartpho\RiceLeafDiseaseBD A Field-Based Annotated Smartpho\RiceLeafDiseaseBD\RiceLeafDiseaseBD\Annotated images ( visual with labels)\Blast\labels\blast_42.txt,UNIQUE_GROUP_005992,False,calibration
blast_421.jpg,.jpg,Original images/Blast/blast_421.jpg,325537,True,1024,1024,1.0,RGB,3,JPEG,d9cd3d658ee42a0bb82f9cd4055566aac877e48695d7fc8efa9b38e8afa42d06,,Blast,RiceLeafDiseaseBD,PRIMARY_DEVELOPMENT_DATASET,PRIMARY_008879,D:\BTech Final Year Project\RiceLeafDiseaseBD A Field-Based Annotated Smartpho\RiceLeafDiseaseBD A Field-Based Annotated Smartpho\RiceLeafDiseaseBD\RiceLeafDiseaseBD\Annotated images ( visual with labels)\Blast\labels\blast_421.txt,UNIQUE_GROUP_015238,False,calibration
blast_427.jpg,.jpg,Original images/Blast/blast_427.jpg,317419,True,1024,1024,1.0,RGB,3,JPEG,e5396ddb7ed30e87889c61ae1823cc695f7fb71d529adf5c62526b96243fd217,,Blast,RiceLeafDiseaseBD,PRIMARY_DEVELOPMENT_DATASET,PRIMARY_008885,D:\BTech Final Year Project\RiceLeafDiseaseBD A Field-Based Annotated Smartpho\RiceLeafDiseaseBD A Field-Based Annotated Smartpho\RiceLeafDiseaseBD\RiceLeafDiseaseBD\Annotated images ( visual with labels)\Blast\labels\blast_427.txt,UNIQUE_GROUP_015991,False,calibration
blast_432.jpg,.jpg,Original images/Blast/blast_432.jpg,316614,True,1024,1024,1.0,RGB,3,JPEG,59bb9a4d4e83a04d294ddec59a0bbaa534659d369162ddf692352a951808830a,,Blast,RiceLeafDiseaseBD,PRIMARY_DEVELOPMENT_DATASET,PRIMARY_008891,D:\BTech Final Year Project\RiceLeafDiseaseBD A Field-Based Annotated Smartpho\RiceLeafDiseaseBD A Field-Based Annotated Smartpho\RiceLeafDiseaseBD\RiceLeafDiseaseBD\Annotated images ( visual with labels)\Blast\labels\blast_432.txt,UNIQUE_GROUP_006281,False,calibration
blast_435.jpg,.jpg,Original images/Blast/blast_435.jpg,334995,True,1024,1024,1.0,RGB,3,JPEG,d9f8cd8320c921fb239cac3a32aaf3e5437019c7b412ea61b5212bf5ea248914,,Blast,RiceLeafDiseaseBD,PRIMARY_DEVELOPMENT_DATASET,PRIMARY_008894,D:\BTech Final Year Project\RiceLeafDiseaseBD A Field-Based Annotated Smartpho\RiceLeafDiseaseBD A Field-Based Annotated Smartpho\RiceLeafDiseaseBD\RiceLeafDiseaseBD\Annotated images ( visual with labels)\Blast\labels\blast_435.txt,UNIQUE_GROUP_015249,False,calibration
blast_479.jpg,.jpg,Original images/Blast/blast_479.jpg,324431,True,1024,1024,1.0,RGB,3,JPEG,2723436837d08646b4b6636db24517c792d69ecf813ff9f72b07b4bb6b9a764a,,Blast,RiceLeafDiseaseBD,PRIMARY_DEVELOPMENT_DATASET,PRIMARY_008942,D:\BTech Final Year Project\RiceLeafDiseaseBD A Field-Based Annotated Smartpho\RiceLeafDiseaseBD A Field-Based Annotated Smartpho\RiceLeafDiseaseBD\RiceLeafDiseaseBD\Annotated images ( visual with labels)\Blast\labels\blast_479.txt,UNIQUE_GROUP_002736,False,calibration
blast_497.jpg,.jpg,Original images/Blast/blast_497.jpg,350631,True,1024,1024,1.0,RGB,3,JPEG,73e85c5b09ea79b5af90e4e95197d7ed7bed384177e68f62f5fabed98b7b0755,,Blast,RiceLeafDiseaseBD,PRIMARY_DEVELOPMENT_DATASET,PRIMARY_008962,D:\BTech Final Year Project\RiceLeafDiseaseBD A Field-Based Annotated Smartpho\RiceLeafDiseaseBD A Field-Based Annotated Smartpho\RiceLeafDiseaseBD\RiceLeafDiseaseBD\Annotated images ( visual with labels)\Blast\labels\blast_497.txt,UNIQUE_GROUP_008082,False,calibration
blast_507.jpg,.jpg,Original images/Blast/blast_507.jpg,339184,True,1024,1024,1.0,RGB,3,JPEG,94254e8d7884452c3c7cad1f9e110897576ba479f486b7193aa9cfbc452b47e6,,Blast,RiceLeafDiseaseBD,PRIMARY_DEVELOPMENT_DATASET,PRIMARY_008974,D:\BTech Final Year Project\RiceLeafDiseaseBD A Field-Based Annotated Smartpho\RiceLeafDiseaseBD A Field-Based Annotated Smartpho\RiceLeafDiseaseBD\RiceLeafDiseaseBD\Annotated images ( visual with labels)\Blast\labels\blast_507.txt,UNIQUE_GROUP_010358,False,calibration
blast_524.jpg,.jpg,Original images/Blast/blast_524.jpg,355630,True,1024,1024,1.0,RGB,3,JPEG,7ba63e1d60d8dc3a29ddddbf68908d7760431c19f6db6523e0f94f702ef97135,,Blast,RiceLeafDiseaseBD,PRIMARY_DEVELOPMENT_DATASET,PRIMARY_008993,D:\BTech Final Year Project\RiceLeafDiseaseBD A Field-Based Annotated Smartpho\RiceLeafDiseaseBD A Field-Based Annotated Smartpho\RiceLeafDiseaseBD\RiceLeafDiseaseBD\Annotated images ( visual with labels)\Blast\labels\blast_524.txt,UNIQUE_GROUP_008618,False,calibration
blast_529.jpg,.jpg,Original images/Blast/blast_529.jpg,346020,True,1024,1024,1.0,RGB,3,JPEG,103f06cc753e528683ba6460e69db569c59b740114c71f94a8ae67d2fa1ff44b,,Blast,RiceLeafDiseaseBD,PRIMARY_DEVELOPMENT_DATASET,PRIMARY_008998,D:\BTech Final Year Project\RiceLeafDiseaseBD A Field-Based Annotated Smartpho\RiceLeafDiseaseBD A Field-Based Annotated Smartpho\RiceLeafDiseaseBD\RiceLeafDiseaseBD\Annotated images ( visual with labels)\Blast\labels\blast_529.txt,UNIQUE_GROUP_001119,False,calibration
blast_534.jpg,.jpg,Original images/Blast/blast_534.jpg,342937,True,1024,1024,1.0,RGB,3,JPEG,2c53f4c21449343e097f9efeb3875357194a708ddc53ab6a0c6edc9bf616bbf5,,Blast,RiceLeafDiseaseBD,PRIMARY_DEVELOPMENT_DATASET,PRIMARY_009004,D:\BTech Final Year Project\RiceLeafDiseaseBD A Field-Based Annotated Smartpho\RiceLeafDiseaseBD A Field-Based Annotated Smartpho\RiceLeafDiseaseBD\RiceLeafDiseaseBD\Annotated images ( visual with labels)\Blast\labels\blast_534.txt,UNIQUE_GROUP_003087,False,calibration
blast_55.jpg,.jpg,Original images/Blast/blast_55.jpg,360282,True,1024,1024,1.0,RGB,3,JPEG,a699a6aa5a30ec873511cee6ade637e5bf706faafdecda6b52e8c639ccb51d9b,,Blast,RiceLeafDiseaseBD,PRIMARY_DEVELOPMENT_DATASET,PRIMARY_009021,D:\BTech Final Year Project\RiceLeafDiseaseBD A Field-Based Annotated Smartpho\RiceLeafDiseaseBD A Field-Based Annotated Smartpho\RiceLeafDiseaseBD\RiceLeafDiseaseBD\Annotated images ( visual with labels)\Blast\labels\blast_55.txt,DUPLICATE_GROUP_0039,True,calibration
blast_56.jpg,.jpg,Original images/Blast/blast_56.jpg,360282,True,1024,1024,1.0,RGB,3,JPEG,a699a6aa5a30ec873511cee6ade637e5bf706faafdecda6b52e8c639ccb51d9b,,Blast,RiceLeafDiseaseBD,PRIMARY_DEVELOPMENT_DATASET,PRIMARY_009032,D:\BTech Final Year Project\RiceLeafDiseaseBD A Field-Based Annotated Smartpho\RiceLeafDiseaseBD A Field-Based Annotated Smartpho\RiceLeafDiseaseBD\RiceLeafDiseaseBD\Annotated images ( visual with labels)\Blast\labels\blast_56.txt,DUPLICATE_GROUP_0039,True,calibration
blast_572.jpg,.jpg,Original images/Blast/blast_572.jpg,368510,True,1024,1024,1.0,RGB,3,JPEG,0984d9f0ba86a8784a78ee2f47fc6c0afe43aa3fc795dc603dd9b06039843fbd,,Blast,RiceLeafDiseaseBD,PRIMARY_DEVELOPMENT_DATASET,PRIMARY_009046,D:\BTech Final Year Project\RiceLeafDiseaseBD A Field-Based Annotated Smartpho\RiceLeafDiseaseBD A Field-Based Annotated Smartpho\RiceLeafDiseaseBD\RiceLeafDiseaseBD\Annotated images ( visual with labels)\Blast\labels\blast_572.txt,UNIQUE_GROUP_000642,False,calibration
blast_573.jpg,.jpg,Original images/Blast/blast_573.jpg,363212,True,1024,1024,1.0,RGB,3,JPEG,cabcbaf71bf8d0b2a1a873fd0ae3884af932f73cc333adcaf6f8a358f67f7fcc,,Blast,RiceLeafDiseaseBD,PRIMARY_DEVELOPMENT_DATASET,PRIMARY_009047,D:\BTech Final Year Project\RiceLeafDiseaseBD A Field-Based Annotated Smartpho\RiceLeafDiseaseBD A Field-Based Annotated Smartpho\RiceLeafDiseaseBD\RiceLeafDiseaseBD\Annotated images ( visual with labels)\Blast\labels\blast_573.txt,UNIQUE_GROUP_014184,False,calibration
blast_574.jpg,.jpg,Original images/Blast/blast_574.jpg,366353,True,1024,1024,1.0,RGB,3,JPEG,c3299adb809edfcb5f7df7073b3fb28f882e34c9aa2a9f731039dc287ec4c1de,,Blast,RiceLeafDiseaseBD,PRIMARY_DEVELOPMENT_DATASET,PRIMARY_009048,D:\BTech Final Year Project\RiceLeafDiseaseBD A Field-Based Annotated Smartpho\RiceLeafDiseaseBD A Field-Based Annotated Smartpho\RiceLeafDiseaseBD\RiceLeafDiseaseBD\Annotated images ( visual with labels)\Blast\labels\blast_574.txt,UNIQUE_GROUP_013661,False,calibration
blast_577.jpg,.jpg,Original images/Blast/blast_577.jpg,367575,True,1024,1024,1.0,RGB,3,JPEG,1bd46b404777c1c5b78da0ec7d184b1e5a9813e3c5e2402ad58f674fbf3e0a64,,Blast,RiceLeafDiseaseBD,PRIMARY_DEVELOPMENT_DATASET,PRIMARY_009051,D:\BTech Final Year Project\RiceLeafDiseaseBD A Field-Based Annotated Smartpho\RiceLeafDiseaseBD A Field-Based Annotated Smartpho\RiceLeafDiseaseBD\RiceLeafDiseaseBD\Annotated images ( visual with labels)\Blast\labels\blast_577.txt,UNIQUE_GROUP_001945,False,calibration
blast_590.jpg,.jpg,Original images/Blast/blast_590.jpg,353117,True,1024,1024,1.0,RGB,3,JPEG,9638e122b5851d5567c2b863d42d3e2477c785c1f294171a56e6c98285527de4,,Blast,RiceLeafDiseaseBD,PRIMARY_DEVELOPMENT_DATASET,PRIMARY_009066,D:\BTech Final Year Project\RiceLeafDiseaseBD A Field-Based Annotated Smartpho\RiceLeafDiseaseBD A Field-Based Annotated Smartpho\RiceLeafDiseaseBD\RiceLeafDiseaseBD\Annotated images ( visual with labels)\Blast\labels\blast_590.txt,UNIQUE_GROUP_010510,False,calibration
blast_617.jpg,.jpg,Original images/Blast/blast_617.jpg,335961,True,1024,1024,1.0,RGB,3,JPEG,6b1ab1ff9c619199f880a4c646e16d34a3c298c71168dbf6498b02ffefc4e517,,Blast,RiceLeafDiseaseBD,PRIMARY_DEVELOPMENT_DATASET,PRIMARY_009096,D:\BTech Final Year Project\RiceLeafDiseaseBD A Field-Based Annotated Smartpho\RiceLeafDiseaseBD A Field-Based Annotated Smartpho\RiceLeafDiseaseBD\RiceLeafDiseaseBD\Annotated images ( visual with labels)\Blast\labels\blast_617.txt,UNIQUE_GROUP_007488,False,calibration
blast_648.jpg,.jpg,Original images/Blast/blast_648.jpg,332523,True,1024,1024,1.0,RGB,3,JPEG,0bf1786f4ec24fa9d5f40c6c1444dd196b00d843aff4517850bbe0631d22826b,,Blast,RiceLeafDiseaseBD,PRIMARY_DEVELOPMENT_DATASET,PRIMARY_009130,D:\BTech Final Year Project\RiceLeafDiseaseBD A Field-Based Annotated Smartpho\RiceLeafDiseaseBD A Field-Based Annotated Smartpho\RiceLeafDiseaseBD\RiceLeafDiseaseBD\Annotated images ( visual with labels)\Blast\labels\blast_648.txt,UNIQUE_GROUP_000812,False,calibration
blast_649.jpg,.jpg,Original images/Blast/blast_649.jpg,329525,True,1024,1024,1.0,RGB,3,JPEG,71b9cb22a0909c9680c09ca91b579399297e1c0e170ea552bda2c76c08e8bc50,,Blast,RiceLeafDiseaseBD,PRIMARY_DEVELOPMENT_DATASET,PRIMARY_009131,D:\BTech Final Year Project\RiceLeafDiseaseBD A Field-Based Annotated Smartpho\RiceLeafDiseaseBD A Field-Based Annotated Smartpho\RiceLeafDiseaseBD\RiceLeafDiseaseBD\Annotated images ( visual with labels)\Blast\labels\blast_649.txt,UNIQUE_GROUP_007946,False,calibration
blast_651.jpg,.jpg,Original images/Blast/blast_651.jpg,344740,True,1024,1024,1.0,RGB,3,JPEG,288dbf6a6bdce894b506cbf53bf822156c132541c18fbc792d5ee38b26cb61a3,,Blast,RiceLeafDiseaseBD,PRIMARY_DEVELOPMENT_DATASET,PRIMARY_009134,D:\BTech Final Year Project\RiceLeafDiseaseBD A Field-Based Annotated Smartpho\RiceLeafDiseaseBD A Field-Based Annotated Smartpho\RiceLeafDiseaseBD\RiceLeafDiseaseBD\Annotated images ( visual with labels)\Blast\labels\blast_651.txt,UNIQUE_GROUP_002834,False,calibration
blast_652.jpg,.jpg,Original images/Blast/blast_652.jpg,337759,True,1024,1024,1.0,RGB,3,JPEG,524d18309041dc6a02b8531dfc75c9582059b82daaaf62fa221d2990bbba8c16,,Blast,RiceLeafDiseaseBD,PRIMARY_DEVELOPMENT_DATASET,PRIMARY_009135,D:\BTech Final Year Project\RiceLeafDiseaseBD A Field-Based Annotated Smartpho\RiceLeafDiseaseBD A Field-Based Annotated Smartpho\RiceLeafDiseaseBD\RiceLeafDiseaseBD\Annotated images ( visual with labels)\Blast\labels\blast_652.txt,UNIQUE_GROUP_005758,False,calibration
blast_659.jpg,.jpg,Original images/Blast/blast_659.jpg,398696,True,1024,1024,1.0,RGB,3,JPEG,0fd41be3821036bab1a71a7edf7b5f276cfe1f745fe219c1c8b15f49459b69bc,,Blast,RiceLeafDiseaseBD,PRIMARY_DEVELOPMENT_DATASET,PRIMARY_009142,D:\BTech Final Year Project\RiceLeafDiseaseBD A Field-Based Annotated Smartpho\RiceLeafDiseaseBD A Field-Based Annotated Smartpho\RiceLeafDiseaseBD\RiceLeafDiseaseBD\Annotated images ( visual with labels)\Blast\labels\blast_659.txt,UNIQUE_GROUP_001087,False,calibration
blast_671.jpg,.jpg,Original images/Blast/blast_671.jpg,403323,True,1024,1024,1.0,RGB,3,JPEG,cc04bf09511da6700fbe588f1d4b56d932d019a534617b3b88b076f945c46e32,,Blast,RiceLeafDiseaseBD,PRIMARY_DEVELOPMENT_DATASET,PRIMARY_009156,D:\BTech Final Year Project\RiceLeafDiseaseBD A Field-Based Annotated Smartpho\RiceLeafDiseaseBD A Field-Based Annotated Smartpho\RiceLeafDiseaseBD\RiceLeafDiseaseBD\Annotated images ( visual with labels)\Blast\labels\blast_671.txt,UNIQUE_GROUP_014277,False,calibration
blast_698.jpg,.jpg,Original images/Blast/blast_698.jpg,335354,True,1024,1024,1.0,RGB,3,JPEG,196ff62d5a0a24d8af4335ba2590e9a8445ad128ee5c232b96e95381b9805024,,Blast,RiceLeafDiseaseBD,PRIMARY_DEVELOPMENT_DATASET,PRIMARY_009185,D:\BTech Final Year Project\RiceLeafDiseaseBD A Field-Based Annotated Smartpho\RiceLeafDiseaseBD A Field-Based Annotated Smartpho\RiceLeafDiseaseBD\RiceLeafDiseaseBD\Annotated images ( visual with labels)\Blast\labels\blast_698.txt,UNIQUE_GROUP_001748,False,calibration
blast_711.jpg,.jpg,Original images/Blast/blast_711.jpg,407457,True,1024,1024,1.0,RGB,3,JPEG,010a557ecfb488a3ee856e0e3c999f5222884a8b854465181d21c6fa8c76e108,,Blast,RiceLeafDiseaseBD,PRIMARY_DEVELOPMENT_DATASET,PRIMARY_009201,D:\BTech Final Year Project\RiceLeafDiseaseBD A Field-Based Annotated Smartpho\RiceLeafDiseaseBD A Field-Based Annotated Smartpho\RiceLeafDiseaseBD\RiceLeafDiseaseBD\Annotated images ( visual with labels)\Blast\labels\blast_711.txt,UNIQUE_GROUP_000069,False,calibration
blast_719.jpg,.jpg,Original images/Blast/blast_719.jpg,321741,True,1024,1024,1.0,RGB,3,JPEG,3c028db9bdc2df67157585f7a183649a3a136bb7908ff56e768987ea14cfa54f,,Blast,RiceLeafDiseaseBD,PRIMARY_DEVELOPMENT_DATASET,PRIMARY_009209,D:\BTech Final Year Project\RiceLeafDiseaseBD A Field-Based Annotated Smartpho\RiceLeafDiseaseBD A Field-Based Annotated Smartpho\RiceLeafDiseaseBD\RiceLeafDiseaseBD\Annotated images ( visual with labels)\Blast\labels\blast_719.txt,UNIQUE_GROUP_004200,False,calibration
blast_737.jpg,.jpg,Original images/Blast/blast_737.jpg,317887,True,1024,1024,1.0,RGB,3,JPEG,1cfe606ecf6db9079403b9eb03332b665069a445d73909c878bc032864abe1bf,,Blast,RiceLeafDiseaseBD,PRIMARY_DEVELOPMENT_DATASET,PRIMARY_009229,D:\BTech Final Year Project\RiceLeafDiseaseBD A Field-Based Annotated Smartpho\RiceLeafDiseaseBD A Field-Based Annotated Smartpho\RiceLeafDiseaseBD\RiceLeafDiseaseBD\Annotated images ( visual with labels)\Blast\labels\blast_737.txt,UNIQUE_GROUP_002016,False,calibration
blast_740.jpg,.jpg,Original images/Blast/blast_740.jpg,300948,True,1024,1024,1.0,RGB,3,JPEG,2b552cf114a0a3a3a6fe19d0763ebef2194f59d8778ecb4fbf82076eaa765a86,,Blast,RiceLeafDiseaseBD,PRIMARY_DEVELOPMENT_DATASET,PRIMARY_009233,D:\BTech Final Year Project\RiceLeafDiseaseBD A Field-Based Annotated Smartpho\RiceLeafDiseaseBD A Field-Based Annotated Smartpho\RiceLeafDiseaseBD\RiceLeafDiseaseBD\Annotated images ( visual with labels)\Blast\labels\blast_740.txt,UNIQUE_GROUP_003034,False,calibration
blast_773.jpg,.jpg,Original images/Blast/blast_773.jpg,341877,True,1024,1024,1.0,RGB,3,JPEG,df6af4467330aa2a8cf2efe772d7ec4cbe59ce5509ebdb21fa7a3f9bbeb2c3f6,,Blast,RiceLeafDiseaseBD,PRIMARY_DEVELOPMENT_DATASET,PRIMARY_009269,D:\BTech Final Year Project\RiceLeafDiseaseBD A Field-Based Annotated Smartpho\RiceLeafDiseaseBD A Field-Based Annotated Smartpho\RiceLeafDiseaseBD\RiceLeafDiseaseBD\Annotated images ( visual with labels)\Blast\labels\blast_773.txt,UNIQUE_GROUP_015608,False,calibration
blast_790.jpg,.jpg,Original images/Blast/blast_790.jpg,325577,True,1024,1024,1.0,RGB,3,JPEG,669abef5534d03083418880f61821f6aa9ed7f992921ea5a6c419625fc8c8a47,,Blast,RiceLeafDiseaseBD,PRIMARY_DEVELOPMENT_DATASET,PRIMARY_009288,D:\BTech Final Year Project\RiceLeafDiseaseBD A Field-Based Annotated Smartpho\RiceLeafDiseaseBD A Field-Based Annotated Smartpho\RiceLeafDiseaseBD\RiceLeafDiseaseBD\Annotated images ( visual with labels)\Blast\labels\blast_790.txt,UNIQUE_GROUP_007182,False,calibration
blast_80.jpg,.jpg,Original images/Blast/blast_80.jpg,461636,True,1024,1024,1.0,RGB,3,JPEG,d1625ac6a14617b32ae807fbcc5f138ea7db7d9a3a28c4693a364eff3800f46b,,Blast,RiceLeafDiseaseBD,PRIMARY_DEVELOPMENT_DATASET,PRIMARY_009299,D:\BTech Final Year Project\RiceLeafDiseaseBD A Field-Based Annotated Smartpho\RiceLeafDiseaseBD A Field-Based Annotated Smartpho\RiceLeafDiseaseBD\RiceLeafDiseaseBD\Annotated images ( visual with labels)\Blast\labels\blast_80.txt,UNIQUE_GROUP_014649,False,calibration
blast_805.jpg,.jpg,Original images/Blast/blast_805.jpg,324640,True,1024,1024,1.0,RGB,3,JPEG,ade943fdc44d5245b61e5f49e12483ac468ef52ee3a8c758ce8f3ea40c9082c2,,Blast,RiceLeafDiseaseBD,PRIMARY_DEVELOPMENT_DATASET,PRIMARY_009305,D:\BTech Final Year Project\RiceLeafDiseaseBD A Field-Based Annotated Smartpho\RiceLeafDiseaseBD A Field-Based Annotated Smartpho\RiceLeafDiseaseBD\RiceLeafDiseaseBD\Annotated images ( visual with labels)\Blast\labels\blast_805.txt,UNIQUE_GROUP_012160,False,calibration
blast_860.jpg,.jpg,Original images/Blast/blast_860.jpg,278698,True,1024,1024,1.0,RGB,3,JPEG,9b25cf2a20de4cc36264daefffe57b686507ebeec86031fc7f069a226be54b48,,Blast,RiceLeafDiseaseBD,PRIMARY_DEVELOPMENT_DATASET,PRIMARY_009366,D:\BTech Final Year Project\RiceLeafDiseaseBD A Field-Based Annotated Smartpho\RiceLeafDiseaseBD A Field-Based Annotated Smartpho\RiceLeafDiseaseBD\RiceLeafDiseaseBD\Annotated images ( visual with labels)\Blast\labels\blast_860.txt,UNIQUE_GROUP_010859,False,calibration
blast_862.jpg,.jpg,Original images/Blast/blast_862.jpg,304787,True,1024,1024,1.0,RGB,3,JPEG,ad41b165229044ff149241f2d24dc67116b8899ed1d8d80ffda299f609601380,,Blast,RiceLeafDiseaseBD,PRIMARY_DEVELOPMENT_DATASET,PRIMARY_009368,D:\BTech Final Year Project\RiceLeafDiseaseBD A Field-Based Annotated Smartpho\RiceLeafDiseaseBD A Field-Based Annotated Smartpho\RiceLeafDiseaseBD\RiceLeafDiseaseBD\Annotated images ( visual with labels)\Blast\labels\blast_862.txt,UNIQUE_GROUP_012130,False,calibration
blast_869.jpg,.jpg,Original images/Blast/blast_869.jpg,415326,True,1024,1024,1.0,RGB,3,JPEG,e8c55e66fd5d8d19e3e6d6eb2a3233a4629dce350c128e0f09ae78476fa6edd7,,Blast,RiceLeafDiseaseBD,PRIMARY_DEVELOPMENT_DATASET,PRIMARY_009375,D:\BTech Final Year Project\RiceLeafDiseaseBD A Field-Based Annotated Smartpho\RiceLeafDiseaseBD A Field-Based Annotated Smartpho\RiceLeafDiseaseBD\RiceLeafDiseaseBD\Annotated images ( visual with labels)\Blast\labels\blast_869.txt,UNIQUE_GROUP_016232,False,calibration
blast_87.jpg,.jpg,Original images/Blast/blast_87.jpg,452763,True,1024,1024,1.0,RGB,3,JPEG,4c4e6950cbf099b19c5e6b073fc191dc21a540b6492d4d3c4525d19380f1818e,,Blast,RiceLeafDiseaseBD,PRIMARY_DEVELOPMENT_DATASET,PRIMARY_009376,D:\BTech Final Year Project\RiceLeafDiseaseBD A Field-Based Annotated Smartpho\RiceLeafDiseaseBD A Field-Based Annotated Smartpho\RiceLeafDiseaseBD\RiceLeafDiseaseBD\Annotated images ( visual with labels)\Blast\labels\blast_87.txt,UNIQUE_GROUP_005339,False,calibration
blast_876.jpg,.jpg,Original images/Blast/blast_876.jpg,328652,True,1024,1024,1.0,RGB,3,JPEG,1a3098026355d7869ee3a6c452c07ff6c0ebe151927b3b469f2c51175c9e3263,,Blast,RiceLeafDiseaseBD,PRIMARY_DEVELOPMENT_DATASET,PRIMARY_009383,D:\BTech Final Year Project\RiceLeafDiseaseBD A Field-Based Annotated Smartpho\RiceLeafDiseaseBD A Field-Based Annotated Smartpho\RiceLeafDiseaseBD\RiceLeafDiseaseBD\Annotated images ( visual with labels)\Blast\labels\blast_876.txt,UNIQUE_GROUP_001802,False,calibration
blast_886.jpg,.jpg,Original images/Blast/blast_886.jpg,301852,True,1024,1024,1.0,RGB,3,JPEG,f783ddf0a3be3907d5beb7138b197238f3c00de8c8f0d68cfea6a2c3f7d36335,,Blast,RiceLeafDiseaseBD,PRIMARY_DEVELOPMENT_DATASET,PRIMARY_009394,D:\BTech Final Year Project\RiceLeafDiseaseBD A Field-Based Annotated Smartpho\RiceLeafDiseaseBD A Field-Based Annotated Smartpho\RiceLeafDiseaseBD\RiceLeafDiseaseBD\Annotated images ( visual with labels)\Blast\labels\blast_886.txt,UNIQUE_GROUP_017230,False,calibration
blast_891.jpg,.jpg,Original images/Blast/blast_891.jpg,308799,True,1024,1024,1.0,RGB,3,JPEG,30971fb5001899b96b8f7a27bdca04d3a27415a8f97a7d2fb875c6828b4ea99b,,Blast,RiceLeafDiseaseBD,PRIMARY_DEVELOPMENT_DATASET,PRIMARY_009400,D:\BTech Final Year Project\RiceLeafDiseaseBD A Field-Based Annotated Smartpho\RiceLeafDiseaseBD A Field-Based Annotated Smartpho\RiceLeafDiseaseBD\RiceLeafDiseaseBD\Annotated images ( visual with labels)\Blast\labels\blast_891.txt,UNIQUE_GROUP_003399,False,calibration
blast_899.jpg,.jpg,Original images/Blast/blast_899.jpg,316718,True,1024,1024,1.0,RGB,3,JPEG,96a5fc7a117151afee2d2a31159987f3e9cd5b014ea8de70ccaa2b1ae1ebe3b5,,Blast,RiceLeafDiseaseBD,PRIMARY_DEVELOPMENT_DATASET,PRIMARY_009408,D:\BTech Final Year Project\RiceLeafDiseaseBD A Field-Based Annotated Smartpho\RiceLeafDiseaseBD A Field-Based Annotated Smartpho\RiceLeafDiseaseBD\RiceLeafDiseaseBD\Annotated images ( visual with labels)\Blast\labels\blast_899.txt,UNIQUE_GROUP_010543,False,calibration
blast_9.jpg,.jpg,Original images/Blast/blast_9.jpg,365792,True,1024,1024,1.0,RGB,3,JPEG,d7930c1cf389a3c79b19997fd8eb6906bebb49c81150d4f3ab6a14491f31dada,,Blast,RiceLeafDiseaseBD,PRIMARY_DEVELOPMENT_DATASET,PRIMARY_009409,D:\BTech Final Year Project\RiceLeafDiseaseBD A Field-Based Annotated Smartpho\RiceLeafDiseaseBD A Field-Based Annotated Smartpho\RiceLeafDiseaseBD\RiceLeafDiseaseBD\Annotated images ( visual with labels)\Blast\labels\blast_9.txt,UNIQUE_GROUP_015079,False,calibration
blast_908.jpg,.jpg,Original images/Blast/blast_908.jpg,332659,True,1024,1024,1.0,RGB,3,JPEG,e11cdd0abe86dc5a5f329c4a63bd98f34ff3624fa904d7b061640733e6348d7a,,Blast,RiceLeafDiseaseBD,PRIMARY_DEVELOPMENT_DATASET,PRIMARY_009419,D:\BTech Final Year Project\RiceLeafDiseaseBD A Field-Based Annotated Smartpho\RiceLeafDiseaseBD A Field-Based Annotated Smartpho\RiceLeafDiseaseBD\RiceLeafDiseaseBD\Annotated images ( visual with labels)\Blast\labels\blast_908.txt,UNIQUE_GROUP_015711,False,calibration
blast_91.jpg,.jpg,Original images/Blast/blast_91.jpg,459440,True,1024,1024,1.0,RGB,3,JPEG,44de3513c89ca97ed761654f81a60fb45249c158ff851f7de276dde006728ca5,,Blast,RiceLeafDiseaseBD,PRIMARY_DEVELOPMENT_DATASET,PRIMARY_009421,D:\BTech Final Year Project\RiceLeafDiseaseBD A Field-Based Annotated Smartpho\RiceLeafDiseaseBD A Field-Based Annotated Smartpho\RiceLeafDiseaseBD\RiceLeafDiseaseBD\Annotated images ( visual with labels)\Blast\labels\blast_91.txt,UNIQUE_GROUP_004808,False,calibration
blast_917.jpg,.jpg,Original images/Blast/blast_917.jpg,353639,True,1024,1024,1.0,RGB,3,JPEG,e85732712fe722754f5ee18874043003b9671a0101f45d3dc16aa89ea2233039,,Blast,RiceLeafDiseaseBD,PRIMARY_DEVELOPMENT_DATASET,PRIMARY_009429,D:\BTech Final Year Project\RiceLeafDiseaseBD A Field-Based Annotated Smartpho\RiceLeafDiseaseBD A Field-Based Annotated Smartpho\RiceLeafDiseaseBD\RiceLeafDiseaseBD\Annotated images ( visual with labels)\Blast\labels\blast_917.txt,UNIQUE_GROUP_016202,False,calibration
blast_92.jpg,.jpg,Original images/Blast/blast_92.jpg,431381,True,1024,1024,1.0,RGB,3,JPEG,c618780ae6056f9f2a5c3f5d77910225dc95412982ed58aee821ab8002ccbff9,,Blast,RiceLeafDiseaseBD,PRIMARY_DEVELOPMENT_DATASET,PRIMARY_009432,D:\BTech Final Year Project\RiceLeafDiseaseBD A Field-Based Annotated Smartpho\RiceLeafDiseaseBD A Field-Based Annotated Smartpho\RiceLeafDiseaseBD\RiceLeafDiseaseBD\Annotated images ( visual with labels)\Blast\labels\blast_92.txt,UNIQUE_GROUP_013864,False,calibration
blast_926.jpg,.jpg,Original images/Blast/blast_926.jpg,401149,True,1024,1024,1.0,RGB,3,JPEG,caee0270cd3a2b97c570503794e2765f8eb049f59d8f6759bd0e554432c0c18d,,Blast,RiceLeafDiseaseBD,PRIMARY_DEVELOPMENT_DATASET,PRIMARY_009439,D:\BTech Final Year Project\RiceLeafDiseaseBD A Field-Based Annotated Smartpho\RiceLeafDiseaseBD A Field-Based Annotated Smartpho\RiceLeafDiseaseBD\RiceLeafDiseaseBD\Annotated images ( visual with labels)\Blast\labels\blast_926.txt,UNIQUE_GROUP_014197,False,calibration
blast_931.jpg,.jpg,Original images/Blast/blast_931.jpg,346900,True,1024,1024,1.0,RGB,3,JPEG,7c587f6772b88a66f09c625bfa889885721feb50feb5527ef891dbfb125a45e1,,Blast,RiceLeafDiseaseBD,PRIMARY_DEVELOPMENT_DATASET,PRIMARY_009445,D:\BTech Final Year Project\RiceLeafDiseaseBD A Field-Based Annotated Smartpho\RiceLeafDiseaseBD A Field-Based Annotated Smartpho\RiceLeafDiseaseBD\RiceLeafDiseaseBD\Annotated images ( visual with labels)\Blast\labels\blast_931.txt,UNIQUE_GROUP_008680,False,calibration
blast_939.jpg,.jpg,Original images/Blast/blast_939.jpg,266167,True,1024,1024,1.0,RGB,3,JPEG,8299ed7800ac43a592fa77cc089f5361a057790527de01e2e8fb9e0bbfcee0c9,,Blast,RiceLeafDiseaseBD,PRIMARY_DEVELOPMENT_DATASET,PRIMARY_009453,D:\BTech Final Year Project\RiceLeafDiseaseBD A Field-Based Annotated Smartpho\RiceLeafDiseaseBD A Field-Based Annotated Smartpho\RiceLeafDiseaseBD\RiceLeafDiseaseBD\Annotated images ( visual with labels)\Blast\labels\blast_939.txt,UNIQUE_GROUP_009129,False,calibration
blast_940.jpg,.jpg,Original images/Blast/blast_940.jpg,266306,True,1024,1024,1.0,RGB,3,JPEG,1848b4cafe091e5b0000a38a0ed83e2a1f333207580441dc000515dfa6225995,,Blast,RiceLeafDiseaseBD,PRIMARY_DEVELOPMENT_DATASET,PRIMARY_009455,D:\BTech Final Year Project\RiceLeafDiseaseBD A Field-Based Annotated Smartpho\RiceLeafDiseaseBD A Field-Based Annotated Smartpho\RiceLeafDiseaseBD\RiceLeafDiseaseBD\Annotated images ( visual with labels)\Blast\labels\blast_940.txt,UNIQUE_GROUP_001655,False,calibration
blast_960.jpg,.jpg,Original images/Blast/blast_960.jpg,339340,True,1024,1024,1.0,RGB,3,JPEG,72dff3e3b0ac4688b2a03c0f480d254fb1f32e75d3689f0d090bd6e7852634f9,,Blast,RiceLeafDiseaseBD,PRIMARY_DEVELOPMENT_DATASET,PRIMARY_009477,D:\BTech Final Year Project\RiceLeafDiseaseBD A Field-Based Annotated Smartpho\RiceLeafDiseaseBD A Field-Based Annotated Smartpho\RiceLeafDiseaseBD\RiceLeafDiseaseBD\Annotated images ( visual with labels)\Blast\labels\blast_960.txt,UNIQUE_GROUP_008025,False,calibration
blast_962.jpg,.jpg,Original images/Blast/blast_962.jpg,342013,True,1024,1024,1.0,RGB,3,JPEG,f6e70b87014a4a69086c4665622eb4227b88adf51173166137c6b1effbf2f832,,Blast,RiceLeafDiseaseBD,PRIMARY_DEVELOPMENT_DATASET,PRIMARY_009479,D:\BTech Final Year Project\RiceLeafDiseaseBD A Field-Based Annotated Smartpho\RiceLeafDiseaseBD A Field-Based Annotated Smartpho\RiceLeafDiseaseBD\RiceLeafDiseaseBD\Annotated images ( visual with labels)\Blast\labels\blast_962.txt,UNIQUE_GROUP_017183,False,calibration
blast_967.jpg,.jpg,Original images/Blast/blast_967.jpg,362908,True,1024,1024,1.0,RGB,3,JPEG,9c1c53e70ed0c6b2740d0a98f0de76a84531f4924e9c05e3c7d725135c9e6ce2,,Blast,RiceLeafDiseaseBD,PRIMARY_DEVELOPMENT_DATASET,PRIMARY_009484,D:\BTech Final Year Project\RiceLeafDiseaseBD A Field-Based Annotated Smartpho\RiceLeafDiseaseBD A Field-Based Annotated Smartpho\RiceLeafDiseaseBD\RiceLeafDiseaseBD\Annotated images ( visual with labels)\Blast\labels\blast_967.txt,UNIQUE_GROUP_010937,False,calibration
blast_978.jpg,.jpg,Original images/Blast/blast_978.jpg,415786,True,1024,1024,1.0,RGB,3,JPEG,94c1908ba3b1a5f99ae61042ac978ca04d7b8ce09e19ce6613344993eb4e5c6b,,Blast,RiceLeafDiseaseBD,PRIMARY_DEVELOPMENT_DATASET,PRIMARY_009496,D:\BTech Final Year Project\RiceLeafDiseaseBD A Field-Based Annotated Smartpho\RiceLeafDiseaseBD A Field-Based Annotated Smartpho\RiceLeafDiseaseBD\RiceLeafDiseaseBD\Annotated images ( visual with labels)\Blast\labels\blast_978.txt,UNIQUE_GROUP_010398,False,calibration
blast_993.jpg,.jpg,Original images/Blast/blast_993.jpg,374836,True,1024,1024,1.0,RGB,3,JPEG,7ccdc45787a3162618aac7ec10b7725bb2ef211abf2325da30ac8fd298f104f8,,Blast,RiceLeafDiseaseBD,PRIMARY_DEVELOPMENT_DATASET,PRIMARY_009513,D:\BTech Final Year Project\RiceLeafDiseaseBD A Field-Based Annotated Smartpho\RiceLeafDiseaseBD A Field-Based Annotated Smartpho\RiceLeafDiseaseBD\RiceLeafDiseaseBD\Annotated images ( visual with labels)\Blast\labels\blast_993.txt,UNIQUE_GROUP_008719,False,calibration
blast_996.jpg,.jpg,Original images/Blast/blast_996.jpg,402689,True,1024,1024,1.0,RGB,3,JPEG,de2beee5684f46e55b85c02efc5d6b47f818464549a2484478ba52016455f8ab,,Blast,RiceLeafDiseaseBD,PRIMARY_DEVELOPMENT_DATASET,PRIMARY_009516,D:\BTech Final Year Project\RiceLeafDiseaseBD A Field-Based Annotated Smartpho\RiceLeafDiseaseBD A Field-Based Annotated Smartpho\RiceLeafDiseaseBD\RiceLeafDiseaseBD\Annotated images ( visual with labels)\Blast\labels\blast_996.txt,UNIQUE_GROUP_015539,False,calibration
blast_997.jpg,.jpg,Original images/Blast/blast_997.jpg,308989,True,1024,1024,1.0,RGB,3,JPEG,4054b02583f0881bc75ec212aeedbf784ce4bfd3207ae8377e6c9c3de499a6fa,,Blast,RiceLeafDiseaseBD,PRIMARY_DEVELOPMENT_DATASET,PRIMARY_009517,D:\BTech Final Year Project\RiceLeafDiseaseBD A Field-Based Annotated Smartpho\RiceLeafDiseaseBD A Field-Based Annotated Smartpho\RiceLeafDiseaseBD\RiceLeafDiseaseBD\Annotated images ( visual with labels)\Blast\labels\blast_997.txt,UNIQUE_GROUP_004498,False,calibration
brown spot_102.jpg,.jpg,Original images/Brown spot/brown spot_102.jpg,300816,True,1024,1024,1.0,RGB,3,JPEG,e55f99f0c20e3c3523a28d8776ce4ff3e6ae48d45c81e6aeaa49c4506654a573,,Brown spot,RiceLeafDiseaseBD,PRIMARY_DEVELOPMENT_DATASET,PRIMARY_009544,D:\BTech Final Year Project\RiceLeafDiseaseBD A Field-Based Annotated Smartpho\RiceLeafDiseaseBD A Field-Based Annotated Smartpho\RiceLeafDiseaseBD\RiceLeafDiseaseBD\Annotated images ( visual with labels)\Brown spot\labels\brown spot_102.txt,UNIQUE_GROUP_016003,False,calibration
brown spot_1020.jpg,.jpg,Original images/Brown spot/brown spot_1020.jpg,368733,True,1024,1024,1.0,RGB,3,JPEG,5e728b0915590d1bea6699bd5acfea53bf3785b5cb088e344129b0de8137fa04,,Brown spot,RiceLeafDiseaseBD,PRIMARY_DEVELOPMENT_DATASET,PRIMARY_009545,D:\BTech Final Year Project\RiceLeafDiseaseBD A Field-Based Annotated Smartpho\RiceLeafDiseaseBD A Field-Based Annotated Smartpho\RiceLeafDiseaseBD\RiceLeafDiseaseBD\Annotated images ( visual with labels)\Brown spot\labels\brown spot_1020.txt,UNIQUE_GROUP_006607,False,calibration
brown spot_1028.jpg,.jpg,Original images/Brown spot/brown spot_1028.jpg,321477,True,1024,1024,1.0,RGB,3,JPEG,4f1a8d4c34f55215edb7edafa6b4bd12cad0a635973849f9ce22e0933b178734,,Brown spot,RiceLeafDiseaseBD,PRIMARY_DEVELOPMENT_DATASET,PRIMARY_009553,D:\BTech Final Year Project\RiceLeafDiseaseBD A Field-Based Annotated Smartpho\RiceLeafDiseaseBD A Field-Based Annotated Smartpho\RiceLeafDiseaseBD\RiceLeafDiseaseBD\Annotated images ( visual with labels)\Brown spot\labels\brown spot_1028.txt,UNIQUE_GROUP_005531,False,calibration
brown spot_1031.jpg,.jpg,Original images/Brown spot/brown spot_1031.jpg,333535,True,1024,1024,1.0,RGB,3,JPEG,e805692027074f2fbcb98870b5c364ae902a6d11a00d736caf6253b89ce255b4,,Brown spot,RiceLeafDiseaseBD,PRIMARY_DEVELOPMENT_DATASET,PRIMARY_009557,D:\BTech Final Year Project\RiceLeafDiseaseBD A Field-Based Annotated Smartpho\RiceLeafDiseaseBD A Field-Based Annotated Smartpho\RiceLeafDiseaseBD\RiceLeafDiseaseBD\Annotated images ( visual with labels)\Brown spot\labels\brown spot_1031.txt,UNIQUE_GROUP_016183,False,calibration
brown spot_1050.jpg,.jpg,Original images/Brown spot/brown spot_1050.jpg,349712,True,1024,1024,1.0,RGB,3,JPEG,1117b6da492b10a1fefe5c40e51c69a1f207bf43a710f15543a4ce03f11cdb97,,Brown spot,RiceLeafDiseaseBD,PRIMARY_DEVELOPMENT_DATASET,PRIMARY_009578,D:\BTech Final Year Project\RiceLeafDiseaseBD A Field-Based Annotated Smartpho\RiceLeafDiseaseBD A Field-Based Annotated Smartpho\RiceLeafDiseaseBD\RiceLeafDiseaseBD\Annotated images ( visual with labels)\Brown spot\labels\brown spot_1050.txt,UNIQUE_GROUP_001170,False,calibration
brown spot_1055.jpg,.jpg,Original images/Brown spot/brown spot_1055.jpg,330933,True,1024,1024,1.0,RGB,3,JPEG,bc0829c247c6d5caca1d9a809cc9ea9ce3bfd98b9d9249e553114e53103c620a,,Brown spot,RiceLeafDiseaseBD,PRIMARY_DEVELOPMENT_DATASET,PRIMARY_009583,D:\BTech Final Year Project\RiceLeafDiseaseBD A Field-Based Annotated Smartpho\RiceLeafDiseaseBD A Field-Based Annotated Smartpho\RiceLeafDiseaseBD\RiceLeafDiseaseBD\Annotated images ( visual with labels)\Brown spot\labels\brown spot_1055.txt,UNIQUE_GROUP_013134,False,calibration
brown spot_1056.jpg,.jpg,Original images/Brown spot/brown spot_1056.jpg,327607,True,1024,1024,1.0,RGB,3,JPEG,91841b2a5f230b6132132dc6f38d6312174c25a2de90c80f664aacd607eca089,,Brown spot,RiceLeafDiseaseBD,PRIMARY_DEVELOPMENT_DATASET,PRIMARY_009584,D:\BTech Final Year Project\RiceLeafDiseaseBD A Field-Based Annotated Smartpho\RiceLeafDiseaseBD A Field-Based Annotated Smartpho\RiceLeafDiseaseBD\RiceLeafDiseaseBD\Annotated images ( visual with labels)\Brown spot\labels\brown spot_1056.txt,UNIQUE_GROUP_010170,False,calibration
brown spot_1060.jpg,.jpg,Original images/Brown spot/brown spot_1060.jpg,371846,True,1024,1024,1.0,RGB,3,JPEG,e8013d76700878f454c1564b884ceb2ddc0b6c8d08f06d325a360754c2acfa73,,Brown spot,RiceLeafDiseaseBD,PRIMARY_DEVELOPMENT_DATASET,PRIMARY_009589,D:\BTech Final Year Project\RiceLeafDiseaseBD A Field-Based Annotated Smartpho\RiceLeafDiseaseBD A Field-Based Annotated Smartpho\RiceLeafDiseaseBD\RiceLeafDiseaseBD\Annotated images ( visual with labels)\Brown spot\labels\brown spot_1060.txt,UNIQUE_GROUP_016182,False,calibration
brown spot_1066.jpg,.jpg,Original images/Brown spot/brown spot_1066.jpg,381045,True,1024,1024,1.0,RGB,3,JPEG,9b4eba859fa83376affbc09f4012fab020151a4724f91703801c5d5e3017af86,,Brown spot,RiceLeafDiseaseBD,PRIMARY_DEVELOPMENT_DATASET,PRIMARY_009595,D:\BTech Final Year Project\RiceLeafDiseaseBD A Field-Based Annotated Smartpho\RiceLeafDiseaseBD A Field-Based Annotated Smartpho\RiceLeafDiseaseBD\RiceLeafDiseaseBD\Annotated images ( visual with labels)\Brown spot\labels\brown spot_1066.txt,UNIQUE_GROUP_010874,False,calibration
brown spot_1067.jpg,.jpg,Original images/Brown spot/brown spot_1067.jpg,442682,True,1024,1024,1.0,RGB,3,JPEG,9e5edf6edc741181765b683a8f1179070c787522b85227f3d222f6b7e7dd3baa,,Brown spot,RiceLeafDiseaseBD,PRIMARY_DEVELOPMENT_DATASET,PRIMARY_009596,D:\BTech Final Year Project\RiceLeafDiseaseBD A Field-Based Annotated Smartpho\RiceLeafDiseaseBD A Field-Based Annotated Smartpho\RiceLeafDiseaseBD\RiceLeafDiseaseBD\Annotated images ( visual with labels)\Brown spot\labels\brown spot_1067.txt,UNIQUE_GROUP_011105,False,calibration
brown spot_1075.jpg,.jpg,Original images/Brown spot/brown spot_1075.jpg,377975,True,1024,1024,1.0,RGB,3,JPEG,a2881004b5c6f3f7a727f6785eb97c2e5041fae024ba04cab30e6005f48f8452,,Brown spot,RiceLeafDiseaseBD,PRIMARY_DEVELOPMENT_DATASET,PRIMARY_009605,D:\BTech Final Year Project\RiceLeafDiseaseBD A Field-Based Annotated Smartpho\RiceLeafDiseaseBD A Field-Based Annotated Smartpho\RiceLeafDiseaseBD\RiceLeafDiseaseBD\Annotated images ( visual with labels)\Brown spot\labels\brown spot_1075.txt,UNIQUE_GROUP_011386,False,calibration
brown spot_1089.jpg,.jpg,Original images/Brown spot/brown spot_1089.jpg,338744,True,1024,1024,1.0,RGB,3,JPEG,cbe02c097d3786cc6c7e68cb52b5a2bcfee49c6f81691c74b6da2a1f44aee964,,Brown spot,RiceLeafDiseaseBD,PRIMARY_DEVELOPMENT_DATASET,PRIMARY_009620,D:\BTech Final Year Project\RiceLeafDiseaseBD A Field-Based Annotated Smartpho\RiceLeafDiseaseBD A Field-Based Annotated Smartpho\RiceLeafDiseaseBD\RiceLeafDiseaseBD\Annotated images ( visual with labels)\Brown spot\labels\brown spot_1089.txt,UNIQUE_GROUP_014269,False,calibration
brown spot_1092.jpg,.jpg,Original images/Brown spot/brown spot_1092.jpg,343516,True,1024,1024,1.0,RGB,3,JPEG,4577d517a027c23a9e4c4ce637685476d220ad58ced943ebb0694146b6f17c83,,Brown spot,RiceLeafDiseaseBD,PRIMARY_DEVELOPMENT_DATASET,PRIMARY_009624,D:\BTech Final Year Project\RiceLeafDiseaseBD A Field-Based Annotated Smartpho\RiceLeafDiseaseBD A Field-Based Annotated Smartpho\RiceLeafDiseaseBD\RiceLeafDiseaseBD\Annotated images ( visual with labels)\Brown spot\labels\brown spot_1092.txt,UNIQUE_GROUP_004855,False,calibration
brown spot_110.jpg,.jpg,Original images/Brown spot/brown spot_110.jpg,291568,True,1024,1024,1.0,RGB,3,JPEG,fb780a662abfdc495cfd47972f7cf291b34e041527913d61ae7ed398c6d4185c,,Brown spot,RiceLeafDiseaseBD,PRIMARY_DEVELOPMENT_DATASET,PRIMARY_009633,D:\BTech Final Year Project\RiceLeafDiseaseBD A Field-Based Annotated Smartpho\RiceLeafDiseaseBD A Field-Based Annotated Smartpho\RiceLeafDiseaseBD\RiceLeafDiseaseBD\Annotated images ( visual with labels)\Brown spot\labels\brown spot_110.txt,UNIQUE_GROUP_017506,False,calibration
brown spot_1106.jpg,.jpg,Original images/Brown spot/brown spot_1106.jpg,357233,True,1024,1024,1.0,RGB,3,JPEG,b1d2016f50830f532a01208b1f3ddf50a85ea327e4261ce0018fe918d3f9181a,,Brown spot,RiceLeafDiseaseBD,PRIMARY_DEVELOPMENT_DATASET,PRIMARY_009640,D:\BTech Final Year Project\RiceLeafDiseaseBD A Field-Based Annotated Smartpho\RiceLeafDiseaseBD A Field-Based Annotated Smartpho\RiceLeafDiseaseBD\RiceLeafDiseaseBD\Annotated images ( visual with labels)\Brown spot\labels\brown spot_1106.txt,UNIQUE_GROUP_012442,False,calibration
brown spot_1111.jpg,.jpg,Original images/Brown spot/brown spot_1111.jpg,354492,True,1024,1024,1.0,RGB,3,JPEG,abf15b22a5970ed65679ae277aa89b76eab9ed6c8a81e122fee666e596183b39,,Brown spot,RiceLeafDiseaseBD,PRIMARY_DEVELOPMENT_DATASET,PRIMARY_009646,D:\BTech Final Year Project\RiceLeafDiseaseBD A Field-Based Annotated Smartpho\RiceLeafDiseaseBD A Field-Based Annotated Smartpho\RiceLeafDiseaseBD\RiceLeafDiseaseBD\Annotated images ( visual with labels)\Brown spot\labels\brown spot_1111.txt,UNIQUE_GROUP_012035,False,calibration
brown spot_1129.jpg,.jpg,Original images/Brown spot/brown spot_1129.jpg,304146,True,1024,1024,1.0,RGB,3,JPEG,7bb025644f592d6bd4dcc7d4e76029a7ceea6fd6006ae4f88acb36bc3794365d,,Brown spot,RiceLeafDiseaseBD,PRIMARY_DEVELOPMENT_DATASET,PRIMARY_009665,D:\BTech Final Year Project\RiceLeafDiseaseBD A Field-Based Annotated Smartpho\RiceLeafDiseaseBD A Field-Based Annotated Smartpho\RiceLeafDiseaseBD\RiceLeafDiseaseBD\Annotated images ( visual with labels)\Brown spot\labels\brown spot_1129.txt,UNIQUE_GROUP_008626,False,calibration
brown spot_1139.jpg,.jpg,Original images/Brown spot/brown spot_1139.jpg,331307,True,1024,1024,1.0,RGB,3,JPEG,318dba749cdd936a361041b12aba1362909c8c80fa2e365057c5e1128e850c76,,Brown spot,RiceLeafDiseaseBD,PRIMARY_DEVELOPMENT_DATASET,PRIMARY_009676,D:\BTech Final Year Project\RiceLeafDiseaseBD A Field-Based Annotated Smartpho\RiceLeafDiseaseBD A Field-Based Annotated Smartpho\RiceLeafDiseaseBD\RiceLeafDiseaseBD\Annotated images ( visual with labels)\Brown spot\labels\brown spot_1139.txt,UNIQUE_GROUP_003471,False,calibration
brown spot_1140.jpg,.jpg,Original images/Brown spot/brown spot_1140.jpg,326520,True,1024,1024,1.0,RGB,3,JPEG,442f407d14c15606f28d740e28bf31db8ec4f58dbb39310cf0e1d1521377f9fe,,Brown spot,RiceLeafDiseaseBD,PRIMARY_DEVELOPMENT_DATASET,PRIMARY_009678,D:\BTech Final Year Project\RiceLeafDiseaseBD A Field-Based Annotated Smartpho\RiceLeafDiseaseBD A Field-Based Annotated Smartpho\RiceLeafDiseaseBD\RiceLeafDiseaseBD\Annotated images ( visual with labels)\Brown spot\labels\brown spot_1140.txt,UNIQUE_GROUP_004765,False,calibration
brown spot_115.jpg,.jpg,Original images/Brown spot/brown spot_115.jpg,314912,True,1024,1024,1.0,RGB,3,JPEG,810da50c6ed840f481d6dae586c46e241236a8eb112f24743e9de25fb9bbd389,,Brown spot,RiceLeafDiseaseBD,PRIMARY_DEVELOPMENT_DATASET,PRIMARY_009688,D:\BTech Final Year Project\RiceLeafDiseaseBD A Field-Based Annotated Smartpho\RiceLeafDiseaseBD A Field-Based Annotated Smartpho\RiceLeafDiseaseBD\RiceLeafDiseaseBD\Annotated images ( visual with labels)\Brown spot\labels\brown spot_115.txt,UNIQUE_GROUP_009020,False,calibration
brown spot_1177.jpg,.jpg,Original images/Brown spot/brown spot_1177.jpg,317496,True,1024,1024,1.0,RGB,3,JPEG,02e8d7d3b6eb37016857dafc70157ed11a265093d12d547242e45103f5d124d7,,Brown spot,RiceLeafDiseaseBD,PRIMARY_DEVELOPMENT_DATASET,PRIMARY_009718,D:\BTech Final Year Project\RiceLeafDiseaseBD A Field-Based Annotated Smartpho\RiceLeafDiseaseBD A Field-Based Annotated Smartpho\RiceLeafDiseaseBD\RiceLeafDiseaseBD\Annotated images ( visual with labels)\Brown spot\labels\brown spot_1177.txt,UNIQUE_GROUP_000189,False,calibration
brown spot_119.jpg,.jpg,Original images/Brown spot/brown spot_119.jpg,354690,True,1024,1024,1.0,RGB,3,JPEG,280185e0a1848eaee871f47659a1992f8f998eed8f8fa1aedf479a53c61c6769,,Brown spot,RiceLeafDiseaseBD,PRIMARY_DEVELOPMENT_DATASET,PRIMARY_009732,D:\BTech Final Year Project\RiceLeafDiseaseBD A Field-Based Annotated Smartpho\RiceLeafDiseaseBD A Field-Based Annotated Smartpho\RiceLeafDiseaseBD\RiceLeafDiseaseBD\Annotated images ( visual with labels)\Brown spot\labels\brown spot_119.txt,UNIQUE_GROUP_002800,False,calibration
brown spot_1195.jpg,.jpg,Original images/Brown spot/brown spot_1195.jpg,332876,True,1024,1024,1.0,RGB,3,JPEG,498a1959c095338f0eca0a72bba2b20fabfb2a59e0c7f305f31e7fcf3c690384,,Brown spot,RiceLeafDiseaseBD,PRIMARY_DEVELOPMENT_DATASET,PRIMARY_009738,D:\BTech Final Year Project\RiceLeafDiseaseBD A Field-Based Annotated Smartpho\RiceLeafDiseaseBD A Field-Based Annotated Smartpho\RiceLeafDiseaseBD\RiceLeafDiseaseBD\Annotated images ( visual with labels)\Brown spot\labels\brown spot_1195.txt,UNIQUE_GROUP_005124,False,calibration
brown spot_1218.jpg,.jpg,Original images/Brown spot/brown spot_1218.jpg,349673,True,1024,1024,1.0,RGB,3,JPEG,d4cfd404b431f2c892bc3549e957ab47cc91070633802129fb476e2b6705fd2e,,Brown spot,RiceLeafDiseaseBD,PRIMARY_DEVELOPMENT_DATASET,PRIMARY_009764,D:\BTech Final Year Project\RiceLeafDiseaseBD A Field-Based Annotated Smartpho\RiceLeafDiseaseBD A Field-Based Annotated Smartpho\RiceLeafDiseaseBD\RiceLeafDiseaseBD\Annotated images ( visual with labels)\Brown spot\labels\brown spot_1218.txt,UNIQUE_GROUP_014901,False,calibration
brown spot_122.jpg,.jpg,Original images/Brown spot/brown spot_122.jpg,355095,True,1024,1024,1.0,RGB,3,JPEG,a45003ad8f49ab258abef00ddcf7199e9a49fb05ec0a35f7d9a17bdb36276d84,,Brown spot,RiceLeafDiseaseBD,PRIMARY_DEVELOPMENT_DATASET,PRIMARY_009766,D:\BTech Final Year Project\RiceLeafDiseaseBD A Field-Based Annotated Smartpho\RiceLeafDiseaseBD A Field-Based Annotated Smartpho\RiceLeafDiseaseBD\RiceLeafDiseaseBD\Annotated images ( visual with labels)\Brown spot\labels\brown spot_122.txt,UNIQUE_GROUP_011501,False,calibration
brown spot_1225.jpg,.jpg,Original images/Brown spot/brown spot_1225.jpg,332714,True,1024,1024,1.0,RGB,3,JPEG,4ac3d12f0b610854c4ed0d21d7b991275b449ef472b8fe8835d499f8512e9fde,,Brown spot,RiceLeafDiseaseBD,PRIMARY_DEVELOPMENT_DATASET,PRIMARY_009772,D:\BTech Final Year Project\RiceLeafDiseaseBD A Field-Based Annotated Smartpho\RiceLeafDiseaseBD A Field-Based Annotated Smartpho\RiceLeafDiseaseBD\RiceLeafDiseaseBD\Annotated images ( visual with labels)\Brown spot\labels\brown spot_1225.txt,UNIQUE_GROUP_005229,False,calibration
brown spot_1226.jpg,.jpg,Original images/Brown spot/brown spot_1226.jpg,339191,True,1024,1024,1.0,RGB,3,JPEG,7bdd5146a93985bda83a088436b9d0caa23d6b120fcaad8b7a7e5a44085d63c8,,Brown spot,RiceLeafDiseaseBD,PRIMARY_DEVELOPMENT_DATASET,PRIMARY_009773,D:\BTech Final Year Project\RiceLeafDiseaseBD A Field-Based Annotated Smartpho\RiceLeafDiseaseBD A Field-Based Annotated Smartpho\RiceLeafDiseaseBD\RiceLeafDiseaseBD\Annotated images ( visual with labels)\Brown spot\labels\brown spot_1226.txt,UNIQUE_GROUP_008642,False,calibration
brown spot_1228.jpg,.jpg,Original images/Brown spot/brown spot_1228.jpg,356334,True,1024,1024,1.0,RGB,3,JPEG,103db2f0c393cce2605993fa7d7a30f3c3bc014f7c2c25e82b84f012b5d7eaf2,,Brown spot,RiceLeafDiseaseBD,PRIMARY_DEVELOPMENT_DATASET,PRIMARY_009775,D:\BTech Final Year Project\RiceLeafDiseaseBD A Field-Based Annotated Smartpho\RiceLeafDiseaseBD A Field-Based Annotated Smartpho\RiceLeafDiseaseBD\RiceLeafDiseaseBD\Annotated images ( visual with labels)\Brown spot\labels\brown spot_1228.txt,UNIQUE_GROUP_001118,False,calibration
brown spot_1233.jpg,.jpg,Original images/Brown spot/brown spot_1233.jpg,358772,True,1024,1024,1.0,RGB,3,JPEG,99d4e89d79aeca5170ce1c08adb988903709229be781649938125885f9397a22,,Brown spot,RiceLeafDiseaseBD,PRIMARY_DEVELOPMENT_DATASET,PRIMARY_009781,D:\BTech Final Year Project\RiceLeafDiseaseBD A Field-Based Annotated Smartpho\RiceLeafDiseaseBD A Field-Based Annotated Smartpho\RiceLeafDiseaseBD\RiceLeafDiseaseBD\Annotated images ( visual with labels)\Brown spot\labels\brown spot_1233.txt,UNIQUE_GROUP_010761,False,calibration
brown spot_1238.jpg,.jpg,Original images/Brown spot/brown spot_1238.jpg,355850,True,1024,1024,1.0,RGB,3,JPEG,4f9cb7b0b00826c21d4f2a9ff73586e6ec53e383c64bb42a274596d65925ab4f,,Brown spot,RiceLeafDiseaseBD,PRIMARY_DEVELOPMENT_DATASET,PRIMARY_009786,D:\BTech Final Year Project\RiceLeafDiseaseBD A Field-Based Annotated Smartpho\RiceLeafDiseaseBD A Field-Based Annotated Smartpho\RiceLeafDiseaseBD\RiceLeafDiseaseBD\Annotated images ( visual with labels)\Brown spot\labels\brown spot_1238.txt,UNIQUE_GROUP_005558,False,calibration
brown spot_1240.jpg,.jpg,Original images/Brown spot/brown spot_1240.jpg,353581,True,1024,1024,1.0,RGB,3,JPEG,374496118c517fa4281113c3cd15dd3d7e9de17fcaee49b4474f63bef3e387b2,,Brown spot,RiceLeafDiseaseBD,PRIMARY_DEVELOPMENT_DATASET,PRIMARY_009789,D:\BTech Final Year Project\RiceLeafDiseaseBD A Field-Based Annotated Smartpho\RiceLeafDiseaseBD A Field-Based Annotated Smartpho\RiceLeafDiseaseBD\RiceLeafDiseaseBD\Annotated images ( visual with labels)\Brown spot\labels\brown spot_1240.txt,UNIQUE_GROUP_003839,False,calibration
brown spot_1252.jpg,.jpg,Original images/Brown spot/brown spot_1252.jpg,310822,True,1024,1024,1.0,RGB,3,JPEG,07667856238ca2bbf83c36b3a26cd34e97c04e1562159d29af2332b1e5eb8ccd,,Brown spot,RiceLeafDiseaseBD,PRIMARY_DEVELOPMENT_DATASET,PRIMARY_009802,D:\BTech Final Year Project\RiceLeafDiseaseBD A Field-Based Annotated Smartpho\RiceLeafDiseaseBD A Field-Based Annotated Smartpho\RiceLeafDiseaseBD\RiceLeafDiseaseBD\Annotated images ( visual with labels)\Brown spot\labels\brown spot_1252.txt,UNIQUE_GROUP_000501,False,calibration
brown spot_1253.jpg,.jpg,Original images/Brown spot/brown spot_1253.jpg,306791,True,1024,1024,1.0,RGB,3,JPEG,bc2893aa909438f3e3be29e7bb2ccac7a6a930a288a27caee157d0a45cb240f4,,Brown spot,RiceLeafDiseaseBD,PRIMARY_DEVELOPMENT_DATASET,PRIMARY_009803,D:\BTech Final Year Project\RiceLeafDiseaseBD A Field-Based Annotated Smartpho\RiceLeafDiseaseBD A Field-Based Annotated Smartpho\RiceLeafDiseaseBD\RiceLeafDiseaseBD\Annotated images ( visual with labels)\Brown spot\labels\brown spot_1253.txt,UNIQUE_GROUP_013140,False,calibration
brown spot_1254.jpg,.jpg,Original images/Brown spot/brown spot_1254.jpg,371535,True,1024,1024,1.0,RGB,3,JPEG,d8aad65d7b288d706a4a723d2294f8915647c0843a3deff3d776ca024d34c577,,Brown spot,RiceLeafDiseaseBD,PRIMARY_DEVELOPMENT_DATASET,PRIMARY_009804,D:\BTech Final Year Project\RiceLeafDiseaseBD A Field-Based Annotated Smartpho\RiceLeafDiseaseBD A Field-Based Annotated Smartpho\RiceLeafDiseaseBD\RiceLeafDiseaseBD\Annotated images ( visual with labels)\Brown spot\labels\brown spot_1254.txt,UNIQUE_GROUP_015155,False,calibration
brown spot_1261.jpg,.jpg,Original images/Brown spot/brown spot_1261.jpg,349567,True,1024,1024,1.0,RGB,3,JPEG,63d805e9b20b465a8666364763be5eef75f61ecb6a87e9ab497f9f101f6b2287,,Brown spot,RiceLeafDiseaseBD,PRIMARY_DEVELOPMENT_DATASET,PRIMARY_009812,D:\BTech Final Year Project\RiceLeafDiseaseBD A Field-Based Annotated Smartpho\RiceLeafDiseaseBD A Field-Based Annotated Smartpho\RiceLeafDiseaseBD\RiceLeafDiseaseBD\Annotated images ( visual with labels)\Brown spot\labels\brown spot_1261.txt,UNIQUE_GROUP_006999,False,calibration
brown spot_1267.jpg,.jpg,Original images/Brown spot/brown spot_1267.jpg,329121,True,1024,1024,1.0,RGB,3,JPEG,5c53499041929d262e66030d110c2ab56930b66b035e110728956c3b1f3b0c6c,,Brown spot,RiceLeafDiseaseBD,PRIMARY_DEVELOPMENT_DATASET,PRIMARY_009818,D:\BTech Final Year Project\RiceLeafDiseaseBD A Field-Based Annotated Smartpho\RiceLeafDiseaseBD A Field-Based Annotated Smartpho\RiceLeafDiseaseBD\RiceLeafDiseaseBD\Annotated images ( visual with labels)\Brown spot\labels\brown spot_1267.txt,UNIQUE_GROUP_006467,False,calibration
brown spot_1273.jpg,.jpg,Original images/Brown spot/brown spot_1273.jpg,351405,True,1024,1024,1.0,RGB,3,JPEG,bad02ded79ab9c1fb56cb44e81a3177fa9e339f26693d3ea34fefeccc5203d3d,,Brown spot,RiceLeafDiseaseBD,PRIMARY_DEVELOPMENT_DATASET,PRIMARY_009825,D:\BTech Final Year Project\RiceLeafDiseaseBD A Field-Based Annotated Smartpho\RiceLeafDiseaseBD A Field-Based Annotated Smartpho\RiceLeafDiseaseBD\RiceLeafDiseaseBD\Annotated images ( visual with labels)\Brown spot\labels\brown spot_1273.txt,UNIQUE_GROUP_013057,False,calibration
brown spot_1275.jpg,.jpg,Original images/Brown spot/brown spot_1275.jpg,350355,True,1024,1024,1.0,RGB,3,JPEG,c99dc0c1f1f6bb43dabf500f61ad923ba1a39de16f24f2b8cec75b5d42ec2ba7,,Brown spot,RiceLeafDiseaseBD,PRIMARY_DEVELOPMENT_DATASET,PRIMARY_009827,D:\BTech Final Year Project\RiceLeafDiseaseBD A Field-Based Annotated Smartpho\RiceLeafDiseaseBD A Field-Based Annotated Smartpho\RiceLeafDiseaseBD\RiceLeafDiseaseBD\Annotated images ( visual with labels)\Brown spot\labels\brown spot_1275.txt,UNIQUE_GROUP_014109,False,calibration
brown spot_1291.jpg,.jpg,Original images/Brown spot/brown spot_1291.jpg,319558,True,1024,1024,1.0,RGB,3,JPEG,9a7b1ff5d7f4f8acb349f2b69ce0769bdae1a9ab5a6a3bdbf6f4115e1434fc1a,,Brown spot,RiceLeafDiseaseBD,PRIMARY_DEVELOPMENT_DATASET,PRIMARY_009845,D:\BTech Final Year Project\RiceLeafDiseaseBD A Field-Based Annotated Smartpho\RiceLeafDiseaseBD A Field-Based Annotated Smartpho\RiceLeafDiseaseBD\RiceLeafDiseaseBD\Annotated images ( visual with labels)\Brown spot\labels\brown spot_1291.txt,UNIQUE_GROUP_010807,False,calibration
brown spot_1297.jpg,.jpg,Original images/Brown spot/brown spot_1297.jpg,374357,True,1024,1024,1.0,RGB,3,JPEG,d526498972297c0d58c5e7940b77da2bdb8496f29944458940dfaa104918bf47,,Brown spot,RiceLeafDiseaseBD,PRIMARY_DEVELOPMENT_DATASET,PRIMARY_009851,D:\BTech Final Year Project\RiceLeafDiseaseBD A Field-Based Annotated Smartpho\RiceLeafDiseaseBD A Field-Based Annotated Smartpho\RiceLeafDiseaseBD\RiceLeafDiseaseBD\Annotated images ( visual with labels)\Brown spot\labels\brown spot_1297.txt,UNIQUE_GROUP_014919,False,calibration
brown spot_1311.jpg,.jpg,Original images/Brown spot/brown spot_1311.jpg,332168,True,1024,1024,1.0,RGB,3,JPEG,ef7616c93ef43931595e73fee8958f2856b22693f385b31825c2f0b38d03de76,,Brown spot,RiceLeafDiseaseBD,PRIMARY_DEVELOPMENT_DATASET,PRIMARY_009868,D:\BTech Final Year Project\RiceLeafDiseaseBD A Field-Based Annotated Smartpho\RiceLeafDiseaseBD A Field-Based Annotated Smartpho\RiceLeafDiseaseBD\RiceLeafDiseaseBD\Annotated images ( visual with labels)\Brown spot\labels\brown spot_1311.txt,UNIQUE_GROUP_016681,False,calibration
brown spot_1343.jpg,.jpg,Original images/Brown spot/brown spot_1343.jpg,442615,True,1024,1024,1.0,RGB,3,JPEG,2d846e1899d7191d95447dd0a066ff17d837fa1e0ec3e118a28a846639609515,,Brown spot,RiceLeafDiseaseBD,PRIMARY_DEVELOPMENT_DATASET,PRIMARY_009903,D:\BTech Final Year Project\RiceLeafDiseaseBD A Field-Based Annotated Smartpho\RiceLeafDiseaseBD A Field-Based Annotated Smartpho\RiceLeafDiseaseBD\RiceLeafDiseaseBD\Annotated images ( visual with labels)\Brown spot\labels\brown spot_1343.txt,UNIQUE_GROUP_003190,False,calibration
brown spot_1355.jpg,.jpg,Original images/Brown spot/brown spot_1355.jpg,393251,True,1024,1024,1.0,RGB,3,JPEG,3629a8f2466d970905689942d3ffe51000b7f0a15b03a2b0ec85be8f801ff3bf,,Brown spot,RiceLeafDiseaseBD,PRIMARY_DEVELOPMENT_DATASET,PRIMARY_009916,D:\BTech Final Year Project\RiceLeafDiseaseBD A Field-Based Annotated Smartpho\RiceLeafDiseaseBD A Field-Based Annotated Smartpho\RiceLeafDiseaseBD\RiceLeafDiseaseBD\Annotated images ( visual with labels)\Brown spot\labels\brown spot_1355.txt,UNIQUE_GROUP_003772,False,calibration
brown spot_1362.jpg,.jpg,Original images/Brown spot/brown spot_1362.jpg,384346,True,1024,1024,1.0,RGB,3,JPEG,72475aef74f28e5ea167c16dd7cfaa0fc0d9c60ac05de9fefb084f5a384c5acb,,Brown spot,RiceLeafDiseaseBD,PRIMARY_DEVELOPMENT_DATASET,PRIMARY_009924,D:\BTech Final Year Project\RiceLeafDiseaseBD A Field-Based Annotated Smartpho\RiceLeafDiseaseBD A Field-Based Annotated Smartpho\RiceLeafDiseaseBD\RiceLeafDiseaseBD\Annotated images ( visual with labels)\Brown spot\labels\brown spot_1362.txt,UNIQUE_GROUP_007979,False,calibration
brown spot_1365.jpg,.jpg,Original images/Brown spot/brown spot_1365.jpg,366581,True,1024,1024,1.0,RGB,3,JPEG,be65bf0016f71793c631169b59e7a3410dcb8dffcaf1416698560474a7f8712a,,Brown spot,RiceLeafDiseaseBD,PRIMARY_DEVELOPMENT_DATASET,PRIMARY_009927,D:\BTech Final Year Project\RiceLeafDiseaseBD A Field-Based Annotated Smartpho\RiceLeafDiseaseBD A Field-Based Annotated Smartpho\RiceLeafDiseaseBD\RiceLeafDiseaseBD\Annotated images ( visual with labels)\Brown spot\labels\brown spot_1365.txt,UNIQUE_GROUP_013308,False,calibration
brown spot_1376.jpg,.jpg,Original images/Brown spot/brown spot_1376.jpg,354937,True,1024,1024,1.0,RGB,3,JPEG,fe7ad788f18a333ab7d577038e5c5a5762d074de9397cfff61e23a51786ea7ea,,Brown spot,RiceLeafDiseaseBD,PRIMARY_DEVELOPMENT_DATASET,PRIMARY_009939,D:\BTech Final Year Project\RiceLeafDiseaseBD A Field-Based Annotated Smartpho\RiceLeafDiseaseBD A Field-Based Annotated Smartpho\RiceLeafDiseaseBD\RiceLeafDiseaseBD\Annotated images ( visual with labels)\Brown spot\labels\brown spot_1376.txt,UNIQUE_GROUP_017697,False,calibration
brown spot_1381.jpg,.jpg,Original images/Brown spot/brown spot_1381.jpg,389657,True,1024,1024,1.0,RGB,3,JPEG,695d8f8041cba7a0a669e35b4525a5856b2233e1da92c6f86fae16ddd17490c9,,Brown spot,RiceLeafDiseaseBD,PRIMARY_DEVELOPMENT_DATASET,PRIMARY_009945,D:\BTech Final Year Project\RiceLeafDiseaseBD A Field-Based Annotated Smartpho\RiceLeafDiseaseBD A Field-Based Annotated Smartpho\RiceLeafDiseaseBD\RiceLeafDiseaseBD\Annotated images ( visual with labels)\Brown spot\labels\brown spot_1381.txt,UNIQUE_GROUP_007372,False,calibration
brown spot_1387.jpg,.jpg,Original images/Brown spot/brown spot_1387.jpg,392941,True,1024,1024,1.0,RGB,3,JPEG,dd71470ae043d9d71023b6e55d59b687b55d37e40f4bcba2555a748e84f86d2b,,Brown spot,RiceLeafDiseaseBD,PRIMARY_DEVELOPMENT_DATASET,PRIMARY_009951,D:\BTech Final Year Project\RiceLeafDiseaseBD A Field-Based Annotated Smartpho\RiceLeafDiseaseBD A Field-Based Annotated Smartpho\RiceLeafDiseaseBD\RiceLeafDiseaseBD\Annotated images ( visual with labels)\Brown spot\labels\brown spot_1387.txt,UNIQUE_GROUP_015469,False,calibration
brown spot_1388.jpg,.jpg,Original images/Brown spot/brown spot_1388.jpg,383282,True,1024,1024,1.0,RGB,3,JPEG,261bfb18a2e4e5799e3bdf3078b987781bcf354211c27496a1607666ab7aafb8,,Brown spot,RiceLeafDiseaseBD,PRIMARY_DEVELOPMENT_DATASET,PRIMARY_009952,D:\BTech Final Year Project\RiceLeafDiseaseBD A Field-Based Annotated Smartpho\RiceLeafDiseaseBD A Field-Based Annotated Smartpho\RiceLeafDiseaseBD\RiceLeafDiseaseBD\Annotated images ( visual with labels)\Brown spot\labels\brown spot_1388.txt,UNIQUE_GROUP_002674,False,calibration
brown spot_1390.jpg,.jpg,Original images/Brown spot/brown spot_1390.jpg,382858,True,1024,1024,1.0,RGB,3,JPEG,3c5489c4bcb36b497e94540693aec21b1e83fb5e56ca2453a30dafbf89371327,,Brown spot,RiceLeafDiseaseBD,PRIMARY_DEVELOPMENT_DATASET,PRIMARY_009955,D:\BTech Final Year Project\RiceLeafDiseaseBD A Field-Based Annotated Smartpho\RiceLeafDiseaseBD A Field-Based Annotated Smartpho\RiceLeafDiseaseBD\RiceLeafDiseaseBD\Annotated images ( visual with labels)\Brown spot\labels\brown spot_1390.txt,UNIQUE_GROUP_004217,False,calibration
brown spot_1397.jpg,.jpg,Original images/Brown spot/brown spot_1397.jpg,330894,True,1024,1024,1.0,RGB,3,JPEG,c37f4905ea985e9ff9a48a6df778a81a81a062184602f14dc30fcc1efb1d1150,,Brown spot,RiceLeafDiseaseBD,PRIMARY_DEVELOPMENT_DATASET,PRIMARY_009962,D:\BTech Final Year Project\RiceLeafDiseaseBD A Field-Based Annotated Smartpho\RiceLeafDiseaseBD A Field-Based Annotated Smartpho\RiceLeafDiseaseBD\RiceLeafDiseaseBD\Annotated images ( visual with labels)\Brown spot\labels\brown spot_1397.txt,UNIQUE_GROUP_013676,False,calibration
brown spot_1410.jpg,.jpg,Original images/Brown spot/brown spot_1410.jpg,351922,True,1024,1024,1.0,RGB,3,JPEG,cb909f033bc6daa8997307ffa3f3526c8064c44bbe41fa43fdbe41b50b5b7722,,Brown spot,RiceLeafDiseaseBD,PRIMARY_DEVELOPMENT_DATASET,PRIMARY_009978,D:\BTech Final Year Project\RiceLeafDiseaseBD A Field-Based Annotated Smartpho\RiceLeafDiseaseBD A Field-Based Annotated Smartpho\RiceLeafDiseaseBD\RiceLeafDiseaseBD\Annotated images ( visual with labels)\Brown spot\labels\brown spot_1410.txt,UNIQUE_GROUP_014245,False,calibration
brown spot_1424.jpg,.jpg,Original images/Brown spot/brown spot_1424.jpg,316306,True,1024,1024,1.0,RGB,3,JPEG,f5ab678d6503238debe9099281b0c88fb861e2a602c3a51f9716981c6faf68ca,,Brown spot,RiceLeafDiseaseBD,PRIMARY_DEVELOPMENT_DATASET,PRIMARY_009993,D:\BTech Final Year Project\RiceLeafDiseaseBD A Field-Based Annotated Smartpho\RiceLeafDiseaseBD A Field-Based Annotated Smartpho\RiceLeafDiseaseBD\RiceLeafDiseaseBD\Annotated images ( visual with labels)\Brown spot\labels\brown spot_1424.txt,UNIQUE_GROUP_017093,False,calibration
brown spot_1444.jpg,.jpg,Original images/Brown spot/brown spot_1444.jpg,355466,True,1024,1024,1.0,RGB,3,JPEG,6d59ad2c0db95777bb8af1e7244c67c927298e214f78e9160b4ec5b9e9653b1b,,Brown spot,RiceLeafDiseaseBD,PRIMARY_DEVELOPMENT_DATASET,PRIMARY_010015,D:\BTech Final Year Project\RiceLeafDiseaseBD A Field-Based Annotated Smartpho\RiceLeafDiseaseBD A Field-Based Annotated Smartpho\RiceLeafDiseaseBD\RiceLeafDiseaseBD\Annotated images ( visual with labels)\Brown spot\labels\brown spot_1444.txt,UNIQUE_GROUP_007627,False,calibration
brown spot_1446.jpg,.jpg,Original images/Brown spot/brown spot_1446.jpg,354240,True,1024,1024,1.0,RGB,3,JPEG,7257ba800b14cca85c20888ce290c91df1d16e66d9c31697e0a1a3afd5114926,,Brown spot,RiceLeafDiseaseBD,PRIMARY_DEVELOPMENT_DATASET,PRIMARY_010017,D:\BTech Final Year Project\RiceLeafDiseaseBD A Field-Based Annotated Smartpho\RiceLeafDiseaseBD A Field-Based Annotated Smartpho\RiceLeafDiseaseBD\RiceLeafDiseaseBD\Annotated images ( visual with labels)\Brown spot\labels\brown spot_1446.txt,UNIQUE_GROUP_007986,False,calibration
brown spot_1449.jpg,.jpg,Original images/Brown spot/brown spot_1449.jpg,353972,True,1024,1024,1.0,RGB,3,JPEG,d976bf387d16d5ea9ccd92e3ee4a45e8c87b01da8c862a3b2b310c094a60b86e,,Brown spot,RiceLeafDiseaseBD,PRIMARY_DEVELOPMENT_DATASET,PRIMARY_010020,D:\BTech Final Year Project\RiceLeafDiseaseBD A Field-Based Annotated Smartpho\RiceLeafDiseaseBD A Field-Based Annotated Smartpho\RiceLeafDiseaseBD\RiceLeafDiseaseBD\Annotated images ( visual with labels)\Brown spot\labels\brown spot_1449.txt,UNIQUE_GROUP_015211,False,calibration
brown spot_146.jpg,.jpg,Original images/Brown spot/brown spot_146.jpg,319056,True,1024,1024,1.0,RGB,3,JPEG,ba8bdf5dda7485a561e5b89909c63e4c81c6f6c1ebb62a5af407037bff94a8d8,,Brown spot,RiceLeafDiseaseBD,PRIMARY_DEVELOPMENT_DATASET,PRIMARY_010032,D:\BTech Final Year Project\RiceLeafDiseaseBD A Field-Based Annotated Smartpho\RiceLeafDiseaseBD A Field-Based Annotated Smartpho\RiceLeafDiseaseBD\RiceLeafDiseaseBD\Annotated images ( visual with labels)\Brown spot\labels\brown spot_146.txt,UNIQUE_GROUP_013039,False,calibration
brown spot_1460.jpg,.jpg,Original images/Brown spot/brown spot_1460.jpg,363075,True,1024,1024,1.0,RGB,3,JPEG,279c7212b2ec449e53b64b5d3c60158ce1b2da1d172369c4b34fb19721cfc8c5,,Brown spot,RiceLeafDiseaseBD,PRIMARY_DEVELOPMENT_DATASET,PRIMARY_010033,D:\BTech Final Year Project\RiceLeafDiseaseBD A Field-Based Annotated Smartpho\RiceLeafDiseaseBD A Field-Based Annotated Smartpho\RiceLeafDiseaseBD\RiceLeafDiseaseBD\Annotated images ( visual with labels)\Brown spot\labels\brown spot_1460.txt,UNIQUE_GROUP_002771,False,calibration
brown spot_1470.jpg,.jpg,Original images/Brown spot/brown spot_1470.jpg,435353,True,1024,1024,1.0,RGB,3,JPEG,adb50b05dc4f2fc9022ee9611dcdc8c6245238f9809af1fca8267b309007a453,,Brown spot,RiceLeafDiseaseBD,PRIMARY_DEVELOPMENT_DATASET,PRIMARY_010044,D:\BTech Final Year Project\RiceLeafDiseaseBD A Field-Based Annotated Smartpho\RiceLeafDiseaseBD A Field-Based Annotated Smartpho\RiceLeafDiseaseBD\RiceLeafDiseaseBD\Annotated images ( visual with labels)\Brown spot\labels\brown spot_1470.txt,UNIQUE_GROUP_012155,False,calibration
brown spot_148.jpg,.jpg,Original images/Brown spot/brown spot_148.jpg,307085,True,1024,1024,1.0,RGB,3,JPEG,f93bed577075e9e521e40affafbf5c142b7f3a2a0ee1b69ce189261f17214edd,,Brown spot,RiceLeafDiseaseBD,PRIMARY_DEVELOPMENT_DATASET,PRIMARY_010054,D:\BTech Final Year Project\RiceLeafDiseaseBD A Field-Based Annotated Smartpho\RiceLeafDiseaseBD A Field-Based Annotated Smartpho\RiceLeafDiseaseBD\RiceLeafDiseaseBD\Annotated images ( visual with labels)\Brown spot\labels\brown spot_148.txt,UNIQUE_GROUP_017360,False,calibration
brown spot_1482.jpg,.jpg,Original images/Brown spot/brown spot_1482.jpg,362992,True,1024,1024,1.0,RGB,3,JPEG,7f96e06a101274e4745912c6aad2fe8d6c4982f75d2a542beeb38b6dfd32359e,,Brown spot,RiceLeafDiseaseBD,PRIMARY_DEVELOPMENT_DATASET,PRIMARY_010057,D:\BTech Final Year Project\RiceLeafDiseaseBD A Field-Based Annotated Smartpho\RiceLeafDiseaseBD A Field-Based Annotated Smartpho\RiceLeafDiseaseBD\RiceLeafDiseaseBD\Annotated images ( visual with labels)\Brown spot\labels\brown spot_1482.txt,UNIQUE_GROUP_008916,False,calibration
brown spot_1491.jpg,.jpg,Original images/Brown spot/brown spot_1491.jpg,347936,True,1024,1024,1.0,RGB,3,JPEG,4b6a782db320e76aa02451a8880abe379accaf231bc89f6b2ac06db6740ec0cc,,Brown spot,RiceLeafDiseaseBD,PRIMARY_DEVELOPMENT_DATASET,PRIMARY_010067,D:\BTech Final Year Project\RiceLeafDiseaseBD A Field-Based Annotated Smartpho\RiceLeafDiseaseBD A Field-Based Annotated Smartpho\RiceLeafDiseaseBD\RiceLeafDiseaseBD\Annotated images ( visual with labels)\Brown spot\labels\brown spot_1491.txt,UNIQUE_GROUP_005276,False,calibration
brown spot_1502.jpg,.jpg,Original images/Brown spot/brown spot_1502.jpg,387154,True,1024,1024,1.0,RGB,3,JPEG,aa01666fcbde6fcad7568f3536f93c117a5dad626731c382b0c73b8307b5689c,,Brown spot,RiceLeafDiseaseBD,PRIMARY_DEVELOPMENT_DATASET,PRIMARY_010080,D:\BTech Final Year Project\RiceLeafDiseaseBD A Field-Based Annotated Smartpho\RiceLeafDiseaseBD A Field-Based Annotated Smartpho\RiceLeafDiseaseBD\RiceLeafDiseaseBD\Annotated images ( visual with labels)\Brown spot\labels\brown spot_1502.txt,UNIQUE_GROUP_011908,False,calibration
brown spot_1508.jpg,.jpg,Original images/Brown spot/brown spot_1508.jpg,426506,True,1024,1024,1.0,RGB,3,JPEG,d289994639ebd7b2c7b9e325f6f4e2b598190d6bc06aed15cb41b67e9e8fee6c,,Brown spot,RiceLeafDiseaseBD,PRIMARY_DEVELOPMENT_DATASET,PRIMARY_010086,D:\BTech Final Year Project\RiceLeafDiseaseBD A Field-Based Annotated Smartpho\RiceLeafDiseaseBD A Field-Based Annotated Smartpho\RiceLeafDiseaseBD\RiceLeafDiseaseBD\Annotated images ( visual with labels)\Brown spot\labels\brown spot_1508.txt,UNIQUE_GROUP_014746,False,calibration
brown spot_1518.jpg,.jpg,Original images/Brown spot/brown spot_1518.jpg,430578,True,1024,1024,1.0,RGB,3,JPEG,9e825945b99ccdfcf0718a054c16838a1ce959a77ff03c518679939d281c61e9,,Brown spot,RiceLeafDiseaseBD,PRIMARY_DEVELOPMENT_DATASET,PRIMARY_010097,D:\BTech Final Year Project\RiceLeafDiseaseBD A Field-Based Annotated Smartpho\RiceLeafDiseaseBD A Field-Based Annotated Smartpho\RiceLeafDiseaseBD\RiceLeafDiseaseBD\Annotated images ( visual with labels)\Brown spot\labels\brown spot_1518.txt,UNIQUE_GROUP_011111,False,calibration
brown spot_1528.jpg,.jpg,Original images/Brown spot/brown spot_1528.jpg,371388,True,1024,1024,1.0,RGB,3,JPEG,d1d6ff39f302dd1e7330ad99d9c28605fa1b279351d936d6082fa3ba9b186c3e,,Brown spot,RiceLeafDiseaseBD,PRIMARY_DEVELOPMENT_DATASET,PRIMARY_010108,D:\BTech Final Year Project\RiceLeafDiseaseBD A Field-Based Annotated Smartpho\RiceLeafDiseaseBD A Field-Based Annotated Smartpho\RiceLeafDiseaseBD\RiceLeafDiseaseBD\Annotated images ( visual with labels)\Brown spot\labels\brown spot_1528.txt,UNIQUE_GROUP_014687,False,calibration
brown spot_1579.jpg,.jpg,Original images/Brown spot/brown spot_1579.jpg,371294,True,1024,1024,1.0,RGB,3,JPEG,7709b71ab16176795069e66c48b8e16287feda19a85516dc7fe5d2c88437fc88,,Brown spot,RiceLeafDiseaseBD,PRIMARY_DEVELOPMENT_DATASET,PRIMARY_010164,D:\BTech Final Year Project\RiceLeafDiseaseBD A Field-Based Annotated Smartpho\RiceLeafDiseaseBD A Field-Based Annotated Smartpho\RiceLeafDiseaseBD\RiceLeafDiseaseBD\Annotated images ( visual with labels)\Brown spot\labels\brown spot_1579.txt,UNIQUE_GROUP_008301,False,calibration
brown spot_1615.jpg,.jpg,Original images/Brown spot/brown spot_1615.jpg,357643,True,1024,1024,1.0,RGB,3,JPEG,fd227831a4b0d51f5ea9cbad63b8b57487081e8d05ea8bf9ac9e584481d70e47,,Brown spot,RiceLeafDiseaseBD,PRIMARY_DEVELOPMENT_DATASET,PRIMARY_010205,D:\BTech Final Year Project\RiceLeafDiseaseBD A Field-Based Annotated Smartpho\RiceLeafDiseaseBD A Field-Based Annotated Smartpho\RiceLeafDiseaseBD\RiceLeafDiseaseBD\Annotated images ( visual with labels)\Brown spot\labels\brown spot_1615.txt,UNIQUE_GROUP_017596,False,calibration
brown spot_1616.jpg,.jpg,Original images/Brown spot/brown spot_1616.jpg,370848,True,1024,1024,1.0,RGB,3,JPEG,fd126300f35eec861164c2d85bdf0e5d65910bb2a26a9f933a5219d53c45ab61,,Brown spot,RiceLeafDiseaseBD,PRIMARY_DEVELOPMENT_DATASET,PRIMARY_010206,D:\BTech Final Year Project\RiceLeafDiseaseBD A Field-Based Annotated Smartpho\RiceLeafDiseaseBD A Field-Based Annotated Smartpho\RiceLeafDiseaseBD\RiceLeafDiseaseBD\Annotated images ( visual with labels)\Brown spot\labels\brown spot_1616.txt,UNIQUE_GROUP_017587,False,calibration
brown spot_1640.jpg,.jpg,Original images/Brown spot/brown spot_1640.jpg,371454,True,1024,1024,1.0,RGB,3,JPEG,11047888eabd8dfd89d76a51fd5aeb7e33f59efef67c8e66e684abbb79dd8448,,Brown spot,RiceLeafDiseaseBD,PRIMARY_DEVELOPMENT_DATASET,PRIMARY_010233,D:\BTech Final Year Project\RiceLeafDiseaseBD A Field-Based Annotated Smartpho\RiceLeafDiseaseBD A Field-Based Annotated Smartpho\RiceLeafDiseaseBD\RiceLeafDiseaseBD\Annotated images ( visual with labels)\Brown spot\labels\brown spot_1640.txt,UNIQUE_GROUP_001167,False,calibration
brown spot_1643.jpg,.jpg,Original images/Brown spot/brown spot_1643.jpg,338397,True,1024,1024,1.0,RGB,3,JPEG,0f768bec36c036a3994a0f10d73134b600d45f8de4f52579b0b135b6e114577a,,Brown spot,RiceLeafDiseaseBD,PRIMARY_DEVELOPMENT_DATASET,PRIMARY_010236,D:\BTech Final Year Project\RiceLeafDiseaseBD A Field-Based Annotated Smartpho\RiceLeafDiseaseBD A Field-Based Annotated Smartpho\RiceLeafDiseaseBD\RiceLeafDiseaseBD\Annotated images ( visual with labels)\Brown spot\labels\brown spot_1643.txt,UNIQUE_GROUP_001067,False,calibration
brown spot_1660.jpg,.jpg,Original images/Brown spot/brown spot_1660.jpg,366113,True,1024,1024,1.0,RGB,3,JPEG,ece825771545dc04b08fe5535890e11d33db0e0b471beaa87cf335b51b74102f,,Brown spot,RiceLeafDiseaseBD,PRIMARY_DEVELOPMENT_DATASET,PRIMARY_010255,D:\BTech Final Year Project\RiceLeafDiseaseBD A Field-Based Annotated Smartpho\RiceLeafDiseaseBD A Field-Based Annotated Smartpho\RiceLeafDiseaseBD\RiceLeafDiseaseBD\Annotated images ( visual with labels)\Brown spot\labels\brown spot_1660.txt,UNIQUE_GROUP_016515,False,calibration
brown spot_1669.jpg,.jpg,Original images/Brown spot/brown spot_1669.jpg,351583,True,1024,1024,1.0,RGB,3,JPEG,66a4956998baad4a2e8d6de8ad1e027fadfdc8a7d5526a1b8803d334520144cb,,Brown spot,RiceLeafDiseaseBD,PRIMARY_DEVELOPMENT_DATASET,PRIMARY_010264,D:\BTech Final Year Project\RiceLeafDiseaseBD A Field-Based Annotated Smartpho\RiceLeafDiseaseBD A Field-Based Annotated Smartpho\RiceLeafDiseaseBD\RiceLeafDiseaseBD\Annotated images ( visual with labels)\Brown spot\labels\brown spot_1669.txt,UNIQUE_GROUP_007184,False,calibration
brown spot_1688.jpg,.jpg,Original images/Brown spot/brown spot_1688.jpg,303323,True,1024,1024,1.0,RGB,3,JPEG,cbab9784aa7134b7efb1d9fceffb5f81439b5814d8a00e3fb331712332b36629,,Brown spot,RiceLeafDiseaseBD,PRIMARY_DEVELOPMENT_DATASET,PRIMARY_010285,D:\BTech Final Year Project\RiceLeafDiseaseBD A Field-Based Annotated Smartpho\RiceLeafDiseaseBD A Field-Based Annotated Smartpho\RiceLeafDiseaseBD\RiceLeafDiseaseBD\Annotated images ( visual with labels)\Brown spot\labels\brown spot_1688.txt,UNIQUE_GROUP_014255,False,calibration
brown spot_1693.jpg,.jpg,Original images/Brown spot/brown spot_1693.jpg,308662,True,1024,1024,1.0,RGB,3,JPEG,dddfa5f06f90016213462f8ca59f6a813b98a12425b61d908ccf5ec79275dac7,,Brown spot,RiceLeafDiseaseBD,PRIMARY_DEVELOPMENT_DATASET,PRIMARY_010291,D:\BTech Final Year Project\RiceLeafDiseaseBD A Field-Based Annotated Smartpho\RiceLeafDiseaseBD A Field-Based Annotated Smartpho\RiceLeafDiseaseBD\RiceLeafDiseaseBD\Annotated images ( visual with labels)\Brown spot\labels\brown spot_1693.txt,UNIQUE_GROUP_015513,False,calibration
brown spot_1694.jpg,.jpg,Original images/Brown spot/brown spot_1694.jpg,304983,True,1024,1024,1.0,RGB,3,JPEG,064f42625bbe5f6b1739efbb6128a236cb984dd25c8c73ed44f52b65c8686c4f,,Brown spot,RiceLeafDiseaseBD,PRIMARY_DEVELOPMENT_DATASET,PRIMARY_010292,D:\BTech Final Year Project\RiceLeafDiseaseBD A Field-Based Annotated Smartpho\RiceLeafDiseaseBD A Field-Based Annotated Smartpho\RiceLeafDiseaseBD\RiceLeafDiseaseBD\Annotated images ( visual with labels)\Brown spot\labels\brown spot_1694.txt,UNIQUE_GROUP_000418,False,calibration
brown spot_1698.jpg,.jpg,Original images/Brown spot/brown spot_1698.jpg,324788,True,1024,1024,1.0,RGB,3,JPEG,85142873d8330d673f25dc8f516d42e3edbb2b3886db25b3a0022df2097bee33,,Brown spot,RiceLeafDiseaseBD,PRIMARY_DEVELOPMENT_DATASET,PRIMARY_010296,D:\BTech Final Year Project\RiceLeafDiseaseBD A Field-Based Annotated Smartpho\RiceLeafDiseaseBD A Field-Based Annotated Smartpho\RiceLeafDiseaseBD\RiceLeafDiseaseBD\Annotated images ( visual with labels)\Brown spot\labels\brown spot_1698.txt,UNIQUE_GROUP_009308,False,calibration
brown spot_17.jpg,.jpg,Original images/Brown spot/brown spot_17.jpg,469359,True,1024,1024,1.0,RGB,3,JPEG,ed328300f57fea25db41e6e995d15f0ffb65b03178857f279794aecacaeefd41,,Brown spot,RiceLeafDiseaseBD,PRIMARY_DEVELOPMENT_DATASET,PRIMARY_010298,D:\BTech Final Year Project\RiceLeafDiseaseBD A Field-Based Annotated Smartpho\RiceLeafDiseaseBD A Field-Based Annotated Smartpho\RiceLeafDiseaseBD\RiceLeafDiseaseBD\Annotated images ( visual with labels)\Brown spot\labels\brown spot_17.txt,UNIQUE_GROUP_016534,False,calibration
brown spot_1703.jpg,.jpg,Original images/Brown spot/brown spot_1703.jpg,306154,True,1024,1024,1.0,RGB,3,JPEG,9cc5e18e72d263b6781c76f21c0f638525579e325d66f029364ee0b5b7422820,,Brown spot,RiceLeafDiseaseBD,PRIMARY_DEVELOPMENT_DATASET,PRIMARY_010303,D:\BTech Final Year Project\RiceLeafDiseaseBD A Field-Based Annotated Smartpho\RiceLeafDiseaseBD A Field-Based Annotated Smartpho\RiceLeafDiseaseBD\RiceLeafDiseaseBD\Annotated images ( visual with labels)\Brown spot\labels\brown spot_1703.txt,UNIQUE_GROUP_010980,False,calibration
brown spot_1705.jpg,.jpg,Original images/Brown spot/brown spot_1705.jpg,296612,True,1024,1024,1.0,RGB,3,JPEG,b7e571a7c49fb8d9b39fb1cfde04cfd87fbe69726b9256f8482eb63cd9a218c4,,Brown spot,RiceLeafDiseaseBD,PRIMARY_DEVELOPMENT_DATASET,PRIMARY_010305,D:\BTech Final Year Project\RiceLeafDiseaseBD A Field-Based Annotated Smartpho\RiceLeafDiseaseBD A Field-Based Annotated Smartpho\RiceLeafDiseaseBD\RiceLeafDiseaseBD\Annotated images ( visual with labels)\Brown spot\labels\brown spot_1705.txt,UNIQUE_GROUP_012853,False,calibration
brown spot_1708.jpg,.jpg,Original images/Brown spot/brown spot_1708.jpg,299967,True,1024,1024,1.0,RGB,3,JPEG,2c9906a4571854cfbef8b7fbcabeac1f5a2e744556f0b3b1562e665b54893ba1,,Brown spot,RiceLeafDiseaseBD,PRIMARY_DEVELOPMENT_DATASET,PRIMARY_010308,D:\BTech Final Year Project\RiceLeafDiseaseBD A Field-Based Annotated Smartpho\RiceLeafDiseaseBD A Field-Based Annotated Smartpho\RiceLeafDiseaseBD\RiceLeafDiseaseBD\Annotated images ( visual with labels)\Brown spot\labels\brown spot_1708.txt,UNIQUE_GROUP_003118,False,calibration
brown spot_1714.jpg,.jpg,Original images/Brown spot/brown spot_1714.jpg,351684,True,1024,1024,1.0,RGB,3,JPEG,47473e2d5980ddb02cdfe098634fd8671e6c4e6640211bf85c67d1dd04980f00,,Brown spot,RiceLeafDiseaseBD,PRIMARY_DEVELOPMENT_DATASET,PRIMARY_010315,D:\BTech Final Year Project\RiceLeafDiseaseBD A Field-Based Annotated Smartpho\RiceLeafDiseaseBD A Field-Based Annotated Smartpho\RiceLeafDiseaseBD\RiceLeafDiseaseBD\Annotated images ( visual with labels)\Brown spot\labels\brown spot_1714.txt,UNIQUE_GROUP_004963,False,calibration
brown spot_1718.jpg,.jpg,Original images/Brown spot/brown spot_1718.jpg,344679,True,1024,1024,1.0,RGB,3,JPEG,9e4d13fe1cec4ad66e5310dddf775768067dc4ff914312d74af69fc6daaa412a,,Brown spot,RiceLeafDiseaseBD,PRIMARY_DEVELOPMENT_DATASET,PRIMARY_010319,D:\BTech Final Year Project\RiceLeafDiseaseBD A Field-Based Annotated Smartpho\RiceLeafDiseaseBD A Field-Based Annotated Smartpho\RiceLeafDiseaseBD\RiceLeafDiseaseBD\Annotated images ( visual with labels)\Brown spot\labels\brown spot_1718.txt,UNIQUE_GROUP_011098,False,calibration
brown spot_1733.jpg,.jpg,Original images/Brown spot/brown spot_1733.jpg,357961,True,1024,1024,1.0,RGB,3,JPEG,c2fba5bc5fc0e3d31fe5bd64526ff118bdfb0dbed1e38f1ab2809722ac7476f0,,Brown spot,RiceLeafDiseaseBD,PRIMARY_DEVELOPMENT_DATASET,PRIMARY_010336,D:\BTech Final Year Project\RiceLeafDiseaseBD A Field-Based Annotated Smartpho\RiceLeafDiseaseBD A Field-Based Annotated Smartpho\RiceLeafDiseaseBD\RiceLeafDiseaseBD\Annotated images ( visual with labels)\Brown spot\labels\brown spot_1733.txt,UNIQUE_GROUP_013652,False,calibration
brown spot_174.jpg,.jpg,Original images/Brown spot/brown spot_174.jpg,312467,True,1024,1024,1.0,RGB,3,JPEG,6d2b8db89617ca93d56c8cff43b1e90bb2551468958c80fcb0c23345c7c35d3a,,Brown spot,RiceLeafDiseaseBD,PRIMARY_DEVELOPMENT_DATASET,PRIMARY_010343,D:\BTech Final Year Project\RiceLeafDiseaseBD A Field-Based Annotated Smartpho\RiceLeafDiseaseBD A Field-Based Annotated Smartpho\RiceLeafDiseaseBD\RiceLeafDiseaseBD\Annotated images ( visual with labels)\Brown spot\labels\brown spot_174.txt,UNIQUE_GROUP_007614,False,calibration
brown spot_1754.jpg,.jpg,Original images/Brown spot/brown spot_1754.jpg,377257,True,1024,1024,1.0,RGB,3,JPEG,917f7dc75ba91e2e0c7fac055de7a20a4b41cf3c726edf7e8ea3c6c773ec4392,,Brown spot,RiceLeafDiseaseBD,PRIMARY_DEVELOPMENT_DATASET,PRIMARY_010359,D:\BTech Final Year Project\RiceLeafDiseaseBD A Field-Based Annotated Smartpho\RiceLeafDiseaseBD A Field-Based Annotated Smartpho\RiceLeafDiseaseBD\RiceLeafDiseaseBD\Annotated images ( visual with labels)\Brown spot\labels\brown spot_1754.txt,UNIQUE_GROUP_010168,False,calibration
brown spot_1757.jpg,.jpg,Original images/Brown spot/brown spot_1757.jpg,367369,True,1024,1024,1.0,RGB,3,JPEG,23a4b32d271bdb6d35fc3f756edb291923192be6dc1dfe09380d3d02673dc679,,Brown spot,RiceLeafDiseaseBD,PRIMARY_DEVELOPMENT_DATASET,PRIMARY_010362,D:\BTech Final Year Project\RiceLeafDiseaseBD A Field-Based Annotated Smartpho\RiceLeafDiseaseBD A Field-Based Annotated Smartpho\RiceLeafDiseaseBD\RiceLeafDiseaseBD\Annotated images ( visual with labels)\Brown spot\labels\brown spot_1757.txt,UNIQUE_GROUP_002504,False,calibration
brown spot_1766.jpg,.jpg,Original images/Brown spot/brown spot_1766.jpg,287803,True,1024,1024,1.0,RGB,3,JPEG,4fb243edbf0ad7013d3668103e8c566c33ed5b8b02d4c5cf57ebaf92821b11ac,,Brown spot,RiceLeafDiseaseBD,PRIMARY_DEVELOPMENT_DATASET,PRIMARY_010372,D:\BTech Final Year Project\RiceLeafDiseaseBD A Field-Based Annotated Smartpho\RiceLeafDiseaseBD A Field-Based Annotated Smartpho\RiceLeafDiseaseBD\RiceLeafDiseaseBD\Annotated images ( visual with labels)\Brown spot\labels\brown spot_1766.txt,UNIQUE_GROUP_005563,False,calibration
brown spot_1770.jpg,.jpg,Original images/Brown spot/brown spot_1770.jpg,278979,True,1024,1024,1.0,RGB,3,JPEG,52a13f409567ea459d893bb7093e7c21d5b2f6d5b645e67bdd450343db43647c,,Brown spot,RiceLeafDiseaseBD,PRIMARY_DEVELOPMENT_DATASET,PRIMARY_010377,D:\BTech Final Year Project\RiceLeafDiseaseBD A Field-Based Annotated Smartpho\RiceLeafDiseaseBD A Field-Based Annotated Smartpho\RiceLeafDiseaseBD\RiceLeafDiseaseBD\Annotated images ( visual with labels)\Brown spot\labels\brown spot_1770.txt,UNIQUE_GROUP_005787,False,calibration
brown spot_1771.jpg,.jpg,Original images/Brown spot/brown spot_1771.jpg,275889,True,1024,1024,1.0,RGB,3,JPEG,ca3d68e8057156f5f5b55a4c2a77b99226e79be80a6831d84e4c1178a742f59a,,Brown spot,RiceLeafDiseaseBD,PRIMARY_DEVELOPMENT_DATASET,PRIMARY_010378,D:\BTech Final Year Project\RiceLeafDiseaseBD A Field-Based Annotated Smartpho\RiceLeafDiseaseBD A Field-Based Annotated Smartpho\RiceLeafDiseaseBD\RiceLeafDiseaseBD\Annotated images ( visual with labels)\Brown spot\labels\brown spot_1771.txt,UNIQUE_GROUP_014146,False,calibration
brown spot_1773.jpg,.jpg,Original images/Brown spot/brown spot_1773.jpg,290318,True,1024,1024,1.0,RGB,3,JPEG,305c54633798659dd5729e9fb13856a3194e294fd2a53e0790db56e5abb2e877,,Brown spot,RiceLeafDiseaseBD,PRIMARY_DEVELOPMENT_DATASET,PRIMARY_010380,D:\BTech Final Year Project\RiceLeafDiseaseBD A Field-Based Annotated Smartpho\RiceLeafDiseaseBD A Field-Based Annotated Smartpho\RiceLeafDiseaseBD\RiceLeafDiseaseBD\Annotated images ( visual with labels)\Brown spot\labels\brown spot_1773.txt,UNIQUE_GROUP_003377,False,calibration
brown spot_1779.jpg,.jpg,Original images/Brown spot/brown spot_1779.jpg,362431,True,1024,1024,1.0,RGB,3,JPEG,3efa201016e2e6539e5a013f75a54e49cfef1d95cd2004fc0b6131effb0c3c26,,Brown spot,RiceLeafDiseaseBD,PRIMARY_DEVELOPMENT_DATASET,PRIMARY_010386,D:\BTech Final Year Project\RiceLeafDiseaseBD A Field-Based Annotated Smartpho\RiceLeafDiseaseBD A Field-Based Annotated Smartpho\RiceLeafDiseaseBD\RiceLeafDiseaseBD\Annotated images ( visual with labels)\Brown spot\labels\brown spot_1779.txt,UNIQUE_GROUP_004405,False,calibration
brown spot_1786.jpg,.jpg,Original images/Brown spot/brown spot_1786.jpg,386235,True,1024,1024,1.0,RGB,3,JPEG,e2a795259fc470094e266da572079209ca2abf8f05bb0effee6e313632ecbd3c,,Brown spot,RiceLeafDiseaseBD,PRIMARY_DEVELOPMENT_DATASET,PRIMARY_010394,D:\BTech Final Year Project\RiceLeafDiseaseBD A Field-Based Annotated Smartpho\RiceLeafDiseaseBD A Field-Based Annotated Smartpho\RiceLeafDiseaseBD\RiceLeafDiseaseBD\Annotated images ( visual with labels)\Brown spot\labels\brown spot_1786.txt,UNIQUE_GROUP_015834,False,calibration
brown spot_179.jpg,.jpg,Original images/Brown spot/brown spot_179.jpg,343114,True,1024,1024,1.0,RGB,3,JPEG,f516b850e822f230b423c328ccd03f8e87aa8f46593a43f3a26810e583f12d06,,Brown spot,RiceLeafDiseaseBD,PRIMARY_DEVELOPMENT_DATASET,PRIMARY_010398,D:\BTech Final Year Project\RiceLeafDiseaseBD A Field-Based Annotated Smartpho\RiceLeafDiseaseBD A Field-Based Annotated Smartpho\RiceLeafDiseaseBD\RiceLeafDiseaseBD\Annotated images ( visual with labels)\Brown spot\labels\brown spot_179.txt,UNIQUE_GROUP_017051,False,calibration
brown spot_1790.jpg,.jpg,Original images/Brown spot/brown spot_1790.jpg,354890,True,1024,1024,1.0,RGB,3,JPEG,6731a0feed377f3f737f88be3971deb75273c203b45c69f82c5750d163927e43,,Brown spot,RiceLeafDiseaseBD,PRIMARY_DEVELOPMENT_DATASET,PRIMARY_010399,D:\BTech Final Year Project\RiceLeafDiseaseBD A Field-Based Annotated Smartpho\RiceLeafDiseaseBD A Field-Based Annotated Smartpho\RiceLeafDiseaseBD\RiceLeafDiseaseBD\Annotated images ( visual with labels)\Brown spot\labels\brown spot_1790.txt,UNIQUE_GROUP_007228,False,calibration
brown spot_1795.jpg,.jpg,Original images/Brown spot/brown spot_1795.jpg,330395,True,1024,1024,1.0,RGB,3,JPEG,c4d9f7c07a7d8be60de17ed1a4c7827661cf6ecc6b430f43965f51daedbbd3f5,,Brown spot,RiceLeafDiseaseBD,PRIMARY_DEVELOPMENT_DATASET,PRIMARY_010404,D:\BTech Final Year Project\RiceLeafDiseaseBD A Field-Based Annotated Smartpho\RiceLeafDiseaseBD A Field-Based Annotated Smartpho\RiceLeafDiseaseBD\RiceLeafDiseaseBD\Annotated images ( visual with labels)\Brown spot\labels\brown spot_1795.txt,UNIQUE_GROUP_013781,False,calibration
brown spot_18.jpg,.jpg,Original images/Brown spot/brown spot_18.jpg,394452,True,1024,1024,1.0,RGB,3,JPEG,998b6d3134de55c6eb8ef88f8a2dd78b4aad1940977f32c87f28d2eff6bacee1,,Brown spot,RiceLeafDiseaseBD,PRIMARY_DEVELOPMENT_DATASET,PRIMARY_010409,D:\BTech Final Year Project\RiceLeafDiseaseBD A Field-Based Annotated Smartpho\RiceLeafDiseaseBD A Field-Based Annotated Smartpho\RiceLeafDiseaseBD\RiceLeafDiseaseBD\Annotated images ( visual with labels)\Brown spot\labels\brown spot_18.txt,UNIQUE_GROUP_010737,False,calibration
brown spot_1807.jpg,.jpg,Original images/Brown spot/brown spot_1807.jpg,332310,True,1024,1024,1.0,RGB,3,JPEG,0c9e847e0dc263e2893aa48d1fa579e192c71eb42c78bbdf30f53bb412db82e0,,Brown spot,RiceLeafDiseaseBD,PRIMARY_DEVELOPMENT_DATASET,PRIMARY_010418,D:\BTech Final Year Project\RiceLeafDiseaseBD A Field-Based Annotated Smartpho\RiceLeafDiseaseBD A Field-Based Annotated Smartpho\RiceLeafDiseaseBD\RiceLeafDiseaseBD\Annotated images ( visual with labels)\Brown spot\labels\brown spot_1807.txt,UNIQUE_GROUP_000861,False,calibration
brown spot_1814.jpg,.jpg,Original images/Brown spot/brown spot_1814.jpg,345989,True,1024,1024,1.0,RGB,3,JPEG,b64da64077d248897b61e8fa738361ba2c8950cd468d0ab73258ec996cb6e5f6,,Brown spot,RiceLeafDiseaseBD,PRIMARY_DEVELOPMENT_DATASET,PRIMARY_010426,D:\BTech Final Year Project\RiceLeafDiseaseBD A Field-Based Annotated Smartpho\RiceLeafDiseaseBD A Field-Based Annotated Smartpho\RiceLeafDiseaseBD\RiceLeafDiseaseBD\Annotated images ( visual with labels)\Brown spot\labels\brown spot_1814.txt,UNIQUE_GROUP_012747,False,calibration
brown spot_1816.jpg,.jpg,Original images/Brown spot/brown spot_1816.jpg,342821,True,1024,1024,1.0,RGB,3,JPEG,50d46a539148660d283f74a69067ef1b62949c31db6450a2ad6bc12d3a692d1c,,Brown spot,RiceLeafDiseaseBD,PRIMARY_DEVELOPMENT_DATASET,PRIMARY_010428,D:\BTech Final Year Project\RiceLeafDiseaseBD A Field-Based Annotated Smartpho\RiceLeafDiseaseBD A Field-Based Annotated Smartpho\RiceLeafDiseaseBD\RiceLeafDiseaseBD\Annotated images ( visual with labels)\Brown spot\labels\brown spot_1816.txt,UNIQUE_GROUP_005648,False,calibration
brown spot_183.jpg,.jpg,Original images/Brown spot/brown spot_183.jpg,342182,True,1024,1024,1.0,RGB,3,JPEG,86cfdbcaffbb1e93d9de8af3779fe283cd7edc2285c64a5b36ec8e33a8a9df9c,,Brown spot,RiceLeafDiseaseBD,PRIMARY_DEVELOPMENT_DATASET,PRIMARY_010443,D:\BTech Final Year Project\RiceLeafDiseaseBD A Field-Based Annotated Smartpho\RiceLeafDiseaseBD A Field-Based Annotated Smartpho\RiceLeafDiseaseBD\RiceLeafDiseaseBD\Annotated images ( visual with labels)\Brown spot\labels\brown spot_183.txt,UNIQUE_GROUP_009412,False,calibration
brown spot_186.jpg,.jpg,Original images/Brown spot/brown spot_186.jpg,303322,True,1024,1024,1.0,RGB,3,JPEG,e1ec439e75aab3705f918c1468a949a1f6fe39715f1ef0caf1885407fb774e0b,,Brown spot,RiceLeafDiseaseBD,PRIMARY_DEVELOPMENT_DATASET,PRIMARY_010476,D:\BTech Final Year Project\RiceLeafDiseaseBD A Field-Based Annotated Smartpho\RiceLeafDiseaseBD A Field-Based Annotated Smartpho\RiceLeafDiseaseBD\RiceLeafDiseaseBD\Annotated images ( visual with labels)\Brown spot\labels\brown spot_186.txt,UNIQUE_GROUP_015782,False,calibration
brown spot_1872.jpg,.jpg,Original images/Brown spot/brown spot_1872.jpg,329947,True,1024,1024,1.0,RGB,3,JPEG,4d071c5f4fc934feb457e6707170dfcca4e95bc3d694e91342ef78b356c1c706,,Brown spot,RiceLeafDiseaseBD,PRIMARY_DEVELOPMENT_DATASET,PRIMARY_010490,D:\BTech Final Year Project\RiceLeafDiseaseBD A Field-Based Annotated Smartpho\RiceLeafDiseaseBD A Field-Based Annotated Smartpho\RiceLeafDiseaseBD\RiceLeafDiseaseBD\Annotated images ( visual with labels)\Brown spot\labels\brown spot_1872.txt,UNIQUE_GROUP_005401,False,calibration
brown spot_1889.jpg,.jpg,Original images/Brown spot/brown spot_1889.jpg,297378,True,1024,1024,1.0,RGB,3,JPEG,ac2594552082d272b441c1c4f502334597b1d29224f8f8673705b8c51c4f23a3,,Brown spot,RiceLeafDiseaseBD,PRIMARY_DEVELOPMENT_DATASET,PRIMARY_010508,D:\BTech Final Year Project\RiceLeafDiseaseBD A Field-Based Annotated Smartpho\RiceLeafDiseaseBD A Field-Based Annotated Smartpho\RiceLeafDiseaseBD\RiceLeafDiseaseBD\Annotated images ( visual with labels)\Brown spot\labels\brown spot_1889.txt,UNIQUE_GROUP_012051,False,calibration
brown spot_1896.jpg,.jpg,Original images/Brown spot/brown spot_1896.jpg,350878,True,1024,1024,1.0,RGB,3,JPEG,a69a6c51fae187964085654e1c6f1cc4f7be7d1c05cf66a3c4010f3402540b24,,Brown spot,RiceLeafDiseaseBD,PRIMARY_DEVELOPMENT_DATASET,PRIMARY_010516,D:\BTech Final Year Project\RiceLeafDiseaseBD A Field-Based Annotated Smartpho\RiceLeafDiseaseBD A Field-Based Annotated Smartpho\RiceLeafDiseaseBD\RiceLeafDiseaseBD\Annotated images ( visual with labels)\Brown spot\labels\brown spot_1896.txt,UNIQUE_GROUP_011647,False,calibration
brown spot_1902.jpg,.jpg,Original images/Brown spot/brown spot_1902.jpg,343529,True,1024,1024,1.0,RGB,3,JPEG,83dadc961785118463472cf6c4a28ee1e20cf8efd11282d49f2f54e682ba8453,,Brown spot,RiceLeafDiseaseBD,PRIMARY_DEVELOPMENT_DATASET,PRIMARY_010524,D:\BTech Final Year Project\RiceLeafDiseaseBD A Field-Based Annotated Smartpho\RiceLeafDiseaseBD A Field-Based Annotated Smartpho\RiceLeafDiseaseBD\RiceLeafDiseaseBD\Annotated images ( visual with labels)\Brown spot\labels\brown spot_1902.txt,UNIQUE_GROUP_009221,False,calibration
brown spot_1909.jpg,.jpg,Original images/Brown spot/brown spot_1909.jpg,281521,True,1024,1024,1.0,RGB,3,JPEG,6e6ab79f800ff10883d9909a7b164cfa03772093a6990c912dedb61ed2ac192b,,Brown spot,RiceLeafDiseaseBD,PRIMARY_DEVELOPMENT_DATASET,PRIMARY_010531,D:\BTech Final Year Project\RiceLeafDiseaseBD A Field-Based Annotated Smartpho\RiceLeafDiseaseBD A Field-Based Annotated Smartpho\RiceLeafDiseaseBD\RiceLeafDiseaseBD\Annotated images ( visual with labels)\Brown spot\labels\brown spot_1909.txt,UNIQUE_GROUP_007708,False,calibration
brown spot_1910.jpg,.jpg,Original images/Brown spot/brown spot_1910.jpg,234998,True,1024,1024,1.0,RGB,3,JPEG,6ab554ae623bce19517ae1a9143b976db94a40812553db671e704afd2c6effe5,,Brown spot,RiceLeafDiseaseBD,PRIMARY_DEVELOPMENT_DATASET,PRIMARY_010533,D:\BTech Final Year Project\RiceLeafDiseaseBD A Field-Based Annotated Smartpho\RiceLeafDiseaseBD A Field-Based Annotated Smartpho\RiceLeafDiseaseBD\RiceLeafDiseaseBD\Annotated images ( visual with labels)\Brown spot\labels\brown spot_1910.txt,UNIQUE_GROUP_007460,False,calibration
brown spot_1911.jpg,.jpg,Original images/Brown spot/brown spot_1911.jpg,235373,True,1024,1024,1.0,RGB,3,JPEG,2e2e5ce7b1a362ce6655d0cfa2375a6663d02cdb6f69dfe1fcd13ea3aa9df085,,Brown spot,RiceLeafDiseaseBD,PRIMARY_DEVELOPMENT_DATASET,PRIMARY_010534,D:\BTech Final Year Project\RiceLeafDiseaseBD A Field-Based Annotated Smartpho\RiceLeafDiseaseBD A Field-Based Annotated Smartpho\RiceLeafDiseaseBD\RiceLeafDiseaseBD\Annotated images ( visual with labels)\Brown spot\labels\brown spot_1911.txt,UNIQUE_GROUP_003231,False,calibration
brown spot_1917.jpg,.jpg,Original images/Brown spot/brown spot_1917.jpg,386232,True,1024,1024,1.0,RGB,3,JPEG,6ee694cc975fd550445927f40b61dda1a16c80de23d78740946c9a407649bad9,,Brown spot,RiceLeafDiseaseBD,PRIMARY_DEVELOPMENT_DATASET,PRIMARY_010540,D:\BTech Final Year Project\RiceLeafDiseaseBD A Field-Based Annotated Smartpho\RiceLeafDiseaseBD A Field-Based Annotated Smartpho\RiceLeafDiseaseBD\RiceLeafDiseaseBD\Annotated images ( visual with labels)\Brown spot\labels\brown spot_1917.txt,UNIQUE_GROUP_007741,False,calibration
brown spot_1936.jpg,.jpg,Original images/Brown spot/brown spot_1936.jpg,317522,True,1024,1024,1.0,RGB,3,JPEG,443de690e65e562e477b3d056631ebd15c5e2519fbb46105fab998706403e4db,,Brown spot,RiceLeafDiseaseBD,PRIMARY_DEVELOPMENT_DATASET,PRIMARY_010561,D:\BTech Final Year Project\RiceLeafDiseaseBD A Field-Based Annotated Smartpho\RiceLeafDiseaseBD A Field-Based Annotated Smartpho\RiceLeafDiseaseBD\RiceLeafDiseaseBD\Annotated images ( visual with labels)\Brown spot\labels\brown spot_1936.txt,UNIQUE_GROUP_004769,False,calibration
brown spot_1938.jpg,.jpg,Original images/Brown spot/brown spot_1938.jpg,298211,True,1024,1024,1.0,RGB,3,JPEG,3b28ab8ff6aaddf6d18dd3dadd303a5b16836662c15156c02776649e50c25e73,,Brown spot,RiceLeafDiseaseBD,PRIMARY_DEVELOPMENT_DATASET,PRIMARY_010563,D:\BTech Final Year Project\RiceLeafDiseaseBD A Field-Based Annotated Smartpho\RiceLeafDiseaseBD A Field-Based Annotated Smartpho\RiceLeafDiseaseBD\RiceLeafDiseaseBD\Annotated images ( visual with labels)\Brown spot\labels\brown spot_1938.txt,UNIQUE_GROUP_004146,False,calibration
brown spot_1955.jpg,.jpg,Original images/Brown spot/brown spot_1955.jpg,358429,True,1024,1024,1.0,RGB,3,JPEG,a0b7ffd3247275658430e624bfef9da12de7836f9ecb01b336620c351d85ce0b,,Brown spot,RiceLeafDiseaseBD,PRIMARY_DEVELOPMENT_DATASET,PRIMARY_010582,D:\BTech Final Year Project\RiceLeafDiseaseBD A Field-Based Annotated Smartpho\RiceLeafDiseaseBD A Field-Based Annotated Smartpho\RiceLeafDiseaseBD\RiceLeafDiseaseBD\Annotated images ( visual with labels)\Brown spot\labels\brown spot_1955.txt,UNIQUE_GROUP_011256,False,calibration
brown spot_1959.jpg,.jpg,Original images/Brown spot/brown spot_1959.jpg,276799,True,1024,1024,1.0,RGB,3,JPEG,b7cfe2352dd5b25f8ab96d0fda6d817b56e90ff587ec00cfa8cbd6ce35ecb366,,Brown spot,RiceLeafDiseaseBD,PRIMARY_DEVELOPMENT_DATASET,PRIMARY_010586,D:\BTech Final Year Project\RiceLeafDiseaseBD A Field-Based Annotated Smartpho\RiceLeafDiseaseBD A Field-Based Annotated Smartpho\RiceLeafDiseaseBD\RiceLeafDiseaseBD\Annotated images ( visual with labels)\Brown spot\labels\brown spot_1959.txt,UNIQUE_GROUP_012840,False,calibration
brown spot_1969.jpg,.jpg,Original images/Brown spot/brown spot_1969.jpg,305311,True,1024,1024,1.0,RGB,3,JPEG,df85af58729b2d0aeea514680e171ead63fe79b2358a2783f078b2f43201682c,,Brown spot,RiceLeafDiseaseBD,PRIMARY_DEVELOPMENT_DATASET,PRIMARY_010597,D:\BTech Final Year Project\RiceLeafDiseaseBD A Field-Based Annotated Smartpho\RiceLeafDiseaseBD A Field-Based Annotated Smartpho\RiceLeafDiseaseBD\RiceLeafDiseaseBD\Annotated images ( visual with labels)\Brown spot\labels\brown spot_1969.txt,UNIQUE_GROUP_015620,False,calibration
brown spot_1975.jpg,.jpg,Original images/Brown spot/brown spot_1975.jpg,288562,True,1024,1024,1.0,RGB,3,JPEG,d332adbb4b7aa22eb14c2a28a8c8ced27950ac89b3c023951014cd2f921c315c,,Brown spot,RiceLeafDiseaseBD,PRIMARY_DEVELOPMENT_DATASET,PRIMARY_010604,D:\BTech Final Year Project\RiceLeafDiseaseBD A Field-Based Annotated Smartpho\RiceLeafDiseaseBD A Field-Based Annotated Smartpho\RiceLeafDiseaseBD\RiceLeafDiseaseBD\Annotated images ( visual with labels)\Brown spot\labels\brown spot_1975.txt,UNIQUE_GROUP_014789,False,calibration
brown spot_1976.jpg,.jpg,Original images/Brown spot/brown spot_1976.jpg,292899,True,1024,1024,1.0,RGB,3,JPEG,f64bb40e128294466fdc9ac555d6b4bbd07f70a67c2e915ccb1138092cc17145,,Brown spot,RiceLeafDiseaseBD,PRIMARY_DEVELOPMENT_DATASET,PRIMARY_010605,D:\BTech Final Year Project\RiceLeafDiseaseBD A Field-Based Annotated Smartpho\RiceLeafDiseaseBD A Field-Based Annotated Smartpho\RiceLeafDiseaseBD\RiceLeafDiseaseBD\Annotated images ( visual with labels)\Brown spot\labels\brown spot_1976.txt,UNIQUE_GROUP_017135,False,calibration
brown spot_1986.jpg,.jpg,Original images/Brown spot/brown spot_1986.jpg,313410,True,1024,1024,1.0,RGB,3,JPEG,b644c211a85953fa830fd7fd6d0650bb3ba09bc7d5a7f54367150cc75cf2e954,,Brown spot,RiceLeafDiseaseBD,PRIMARY_DEVELOPMENT_DATASET,PRIMARY_010616,D:\BTech Final Year Project\RiceLeafDiseaseBD A Field-Based Annotated Smartpho\RiceLeafDiseaseBD A Field-Based Annotated Smartpho\RiceLeafDiseaseBD\RiceLeafDiseaseBD\Annotated images ( visual with labels)\Brown spot\labels\brown spot_1986.txt,UNIQUE_GROUP_012745,False,calibration
brown spot_199.jpg,.jpg,Original images/Brown spot/brown spot_199.jpg,299612,True,1024,1024,1.0,RGB,3,JPEG,76eb97027a05e0b196d69cb15afc92e84652c7248875f0c598a0cc1bd22056f2,,Brown spot,RiceLeafDiseaseBD,PRIMARY_DEVELOPMENT_DATASET,PRIMARY_010620,D:\BTech Final Year Project\RiceLeafDiseaseBD A Field-Based Annotated Smartpho\RiceLeafDiseaseBD A Field-Based Annotated Smartpho\RiceLeafDiseaseBD\RiceLeafDiseaseBD\Annotated images ( visual with labels)\Brown spot\labels\brown spot_199.txt,UNIQUE_GROUP_008293,False,calibration
brown spot_1996.jpg,.jpg,Original images/Brown spot/brown spot_1996.jpg,315042,True,1024,1024,1.0,RGB,3,JPEG,9acb2059befa01d9de7ce5c4ef883adde31c6a97da72d9bbfd7f34deeb14a4c9,,Brown spot,RiceLeafDiseaseBD,PRIMARY_DEVELOPMENT_DATASET,PRIMARY_010627,D:\BTech Final Year Project\RiceLeafDiseaseBD A Field-Based Annotated Smartpho\RiceLeafDiseaseBD A Field-Based Annotated Smartpho\RiceLeafDiseaseBD\RiceLeafDiseaseBD\Annotated images ( visual with labels)\Brown spot\labels\brown spot_1996.txt,UNIQUE_GROUP_010831,False,calibration
brown spot_2000.jpg,.jpg,Original images/Brown spot/brown spot_2000.jpg,326940,True,1024,1024,1.0,RGB,3,JPEG,c7fa19787ce4cda70b45ee7b6329cdb95ad1b63d3b72ce5a1a7f2a3202c1b92b,,Brown spot,RiceLeafDiseaseBD,PRIMARY_DEVELOPMENT_DATASET,PRIMARY_010634,D:\BTech Final Year Project\RiceLeafDiseaseBD A Field-Based Annotated Smartpho\RiceLeafDiseaseBD A Field-Based Annotated Smartpho\RiceLeafDiseaseBD\RiceLeafDiseaseBD\Annotated images ( visual with labels)\Brown spot\labels\brown spot_2000.txt,UNIQUE_GROUP_013996,False,calibration
brown spot_2007.jpg,.jpg,Original images/Brown spot/brown spot_2007.jpg,401556,True,1024,1024,1.0,RGB,3,JPEG,8a47173c34e1bf0f288538055ccaa90b2c8470b438a723dd817f555ee0159c60,,Brown spot,RiceLeafDiseaseBD,PRIMARY_DEVELOPMENT_DATASET,PRIMARY_010641,D:\BTech Final Year Project\RiceLeafDiseaseBD A Field-Based Annotated Smartpho\RiceLeafDiseaseBD A Field-Based Annotated Smartpho\RiceLeafDiseaseBD\RiceLeafDiseaseBD\Annotated images ( visual with labels)\Brown spot\labels\brown spot_2007.txt,UNIQUE_GROUP_009662,False,calibration
brown spot_2010.jpg,.jpg,Original images/Brown spot/brown spot_2010.jpg,319492,True,1024,1024,1.0,RGB,3,JPEG,431d5a882b59c58540463a76c08893697c19f011e3594dbb149822ffa92bedb6,,Brown spot,RiceLeafDiseaseBD,PRIMARY_DEVELOPMENT_DATASET,PRIMARY_010645,D:\BTech Final Year Project\RiceLeafDiseaseBD A Field-Based Annotated Smartpho\RiceLeafDiseaseBD A Field-Based Annotated Smartpho\RiceLeafDiseaseBD\RiceLeafDiseaseBD\Annotated images ( visual with labels)\Brown spot\labels\brown spot_2010.txt,UNIQUE_GROUP_004698,False,calibration
brown spot_2018.jpg,.jpg,Original images/Brown spot/brown spot_2018.jpg,224771,True,1024,1024,1.0,RGB,3,JPEG,ef3f0930794a991c40bdf9ce060558a21ea13cdd45b3d1927cade202f51b8f74,,Brown spot,RiceLeafDiseaseBD,PRIMARY_DEVELOPMENT_DATASET,PRIMARY_010653,D:\BTech Final Year Project\RiceLeafDiseaseBD A Field-Based Annotated Smartpho\RiceLeafDiseaseBD A Field-Based Annotated Smartpho\RiceLeafDiseaseBD\RiceLeafDiseaseBD\Annotated images ( visual with labels)\Brown spot\labels\brown spot_2018.txt,UNIQUE_GROUP_016671,False,calibration
brown spot_2032.jpg,.jpg,Original images/Brown spot/brown spot_2032.jpg,315607,True,1024,1024,1.0,RGB,3,JPEG,f9301b3bc631191d1c4a4370ce5651aec82f6f14b311a1b737118b1bd8708745,,Brown spot,RiceLeafDiseaseBD,PRIMARY_DEVELOPMENT_DATASET,PRIMARY_010669,D:\BTech Final Year Project\RiceLeafDiseaseBD A Field-Based Annotated Smartpho\RiceLeafDiseaseBD A Field-Based Annotated Smartpho\RiceLeafDiseaseBD\RiceLeafDiseaseBD\Annotated images ( visual with labels)\Brown spot\labels\brown spot_2032.txt,UNIQUE_GROUP_017356,False,calibration
brown spot_2039.jpg,.jpg,Original images/Brown spot/brown spot_2039.jpg,316907,True,1024,1024,1.0,RGB,3,JPEG,be5fd35dcf2d7dc611d8762d97a627861b0329198f5d5816d371c2eba45bebd7,,Brown spot,RiceLeafDiseaseBD,PRIMARY_DEVELOPMENT_DATASET,PRIMARY_010676,D:\BTech Final Year Project\RiceLeafDiseaseBD A Field-Based Annotated Smartpho\RiceLeafDiseaseBD A Field-Based Annotated Smartpho\RiceLeafDiseaseBD\RiceLeafDiseaseBD\Annotated images ( visual with labels)\Brown spot\labels\brown spot_2039.txt,UNIQUE_GROUP_013307,False,calibration
brown spot_2065.jpg,.jpg,Original images/Brown spot/brown spot_2065.jpg,327574,True,1024,1024,1.0,RGB,3,JPEG,783e04056e2fc5968e8520d03804858be6e6b74d9f84d46a0b98b6eaa4cfaff5,,Brown spot,RiceLeafDiseaseBD,PRIMARY_DEVELOPMENT_DATASET,PRIMARY_010705,D:\BTech Final Year Project\RiceLeafDiseaseBD A Field-Based Annotated Smartpho\RiceLeafDiseaseBD A Field-Based Annotated Smartpho\RiceLeafDiseaseBD\RiceLeafDiseaseBD\Annotated images ( visual with labels)\Brown spot\labels\brown spot_2065.txt,UNIQUE_GROUP_008391,False,calibration
brown spot_209.jpg,.jpg,Original images/Brown spot/brown spot_209.jpg,290319,True,1024,1024,1.0,RGB,3,JPEG,8849a925eedda567abfb2933347a634541834e4c2e1d370d9dea2692d5a528af,,Brown spot,RiceLeafDiseaseBD,PRIMARY_DEVELOPMENT_DATASET,PRIMARY_010732,D:\BTech Final Year Project\RiceLeafDiseaseBD A Field-Based Annotated Smartpho\RiceLeafDiseaseBD A Field-Based Annotated Smartpho\RiceLeafDiseaseBD\RiceLeafDiseaseBD\Annotated images ( visual with labels)\Brown spot\labels\brown spot_209.txt,UNIQUE_GROUP_009515,False,calibration
brown spot_2104.jpg,.jpg,Original images/Brown spot/brown spot_2104.jpg,374172,True,1024,1024,1.0,RGB,3,JPEG,a06d1533e2db7792846fba577ef76ed7e0f808004122f2e1d1eb7446edb18c16,,Brown spot,RiceLeafDiseaseBD,PRIMARY_DEVELOPMENT_DATASET,PRIMARY_010749,D:\BTech Final Year Project\RiceLeafDiseaseBD A Field-Based Annotated Smartpho\RiceLeafDiseaseBD A Field-Based Annotated Smartpho\RiceLeafDiseaseBD\RiceLeafDiseaseBD\Annotated images ( visual with labels)\Brown spot\labels\brown spot_2104.txt,UNIQUE_GROUP_011228,False,calibration
brown spot_2117.jpg,.jpg,Original images/Brown spot/brown spot_2117.jpg,348825,True,1024,1024,1.0,RGB,3,JPEG,e0fe99fa5f005475c9df323ec0ec6868c3adfa182a0ff23feafd4af7faac9f71,,Brown spot,RiceLeafDiseaseBD,PRIMARY_DEVELOPMENT_DATASET,PRIMARY_010763,D:\BTech Final Year Project\RiceLeafDiseaseBD A Field-Based Annotated Smartpho\RiceLeafDiseaseBD A Field-Based Annotated Smartpho\RiceLeafDiseaseBD\RiceLeafDiseaseBD\Annotated images ( visual with labels)\Brown spot\labels\brown spot_2117.txt,UNIQUE_GROUP_015705,False,calibration
brown spot_2122.jpg,.jpg,Original images/Brown spot/brown spot_2122.jpg,350072,True,1024,1024,1.0,RGB,3,JPEG,d5e3dfa6fb226579da4bb67b2d58f3e1bec6787084aad6dd1775df349e308248,,Brown spot,RiceLeafDiseaseBD,PRIMARY_DEVELOPMENT_DATASET,PRIMARY_010769,D:\BTech Final Year Project\RiceLeafDiseaseBD A Field-Based Annotated Smartpho\RiceLeafDiseaseBD A Field-Based Annotated Smartpho\RiceLeafDiseaseBD\RiceLeafDiseaseBD\Annotated images ( visual with labels)\Brown spot\labels\brown spot_2122.txt,UNIQUE_GROUP_014963,False,calibration
brown spot_2123.jpg,.jpg,Original images/Brown spot/brown spot_2123.jpg,352281,True,1024,1024,1.0,RGB,3,JPEG,2623ca379f09888ca522e7151c66e8ec9a26776a1348963b0141f36d2f33c611,,Brown spot,RiceLeafDiseaseBD,PRIMARY_DEVELOPMENT_DATASET,PRIMARY_010770,D:\BTech Final Year Project\RiceLeafDiseaseBD A Field-Based Annotated Smartpho\RiceLeafDiseaseBD A Field-Based Annotated Smartpho\RiceLeafDiseaseBD\RiceLeafDiseaseBD\Annotated images ( visual with labels)\Brown spot\labels\brown spot_2123.txt,UNIQUE_GROUP_002677,False,calibration
brown spot_2131.jpg,.jpg,Original images/Brown spot/brown spot_2131.jpg,343720,True,1024,1024,1.0,RGB,3,JPEG,a65c262e637a48148aca0dcef45e7dd7a6d6b960953a07101747a64976fa16b0,,Brown spot,RiceLeafDiseaseBD,PRIMARY_DEVELOPMENT_DATASET,PRIMARY_010779,D:\BTech Final Year Project\RiceLeafDiseaseBD A Field-Based Annotated Smartpho\RiceLeafDiseaseBD A Field-Based Annotated Smartpho\RiceLeafDiseaseBD\RiceLeafDiseaseBD\Annotated images ( visual with labels)\Brown spot\labels\brown spot_2131.txt,UNIQUE_GROUP_011632,False,calibration
brown spot_2142.jpg,.jpg,Original images/Brown spot/brown spot_2142.jpg,325115,True,1024,1024,1.0,RGB,3,JPEG,a709280f7ed97de2ad48199c160c92fac523e582ad55a0da29efb0adc05a216f,,Brown spot,RiceLeafDiseaseBD,PRIMARY_DEVELOPMENT_DATASET,PRIMARY_010791,D:\BTech Final Year Project\RiceLeafDiseaseBD A Field-Based Annotated Smartpho\RiceLeafDiseaseBD A Field-Based Annotated Smartpho\RiceLeafDiseaseBD\RiceLeafDiseaseBD\Annotated images ( visual with labels)\Brown spot\labels\brown spot_2142.txt,UNIQUE_GROUP_011689,False,calibration
brown spot_2154.jpg,.jpg,Original images/Brown spot/brown spot_2154.jpg,413250,True,1024,1024,1.0,RGB,3,JPEG,425ed5b98fbec7e78664c79aa2a6e263501d8f4a11baafa05b7f23dda8090220,,Brown spot,RiceLeafDiseaseBD,PRIMARY_DEVELOPMENT_DATASET,PRIMARY_010804,D:\BTech Final Year Project\RiceLeafDiseaseBD A Field-Based Annotated Smartpho\RiceLeafDiseaseBD A Field-Based Annotated Smartpho\RiceLeafDiseaseBD\RiceLeafDiseaseBD\Annotated images ( visual with labels)\Brown spot\labels\brown spot_2154.txt,UNIQUE_GROUP_004641,False,calibration
brown spot_2156.jpg,.jpg,Original images/Brown spot/brown spot_2156.jpg,336172,True,1024,1024,1.0,RGB,3,JPEG,1908dfea5f8a0a46fba82afefa4ecc19fef95ea236fc91c0b953f8dcf5bd26f4,,Brown spot,RiceLeafDiseaseBD,PRIMARY_DEVELOPMENT_DATASET,PRIMARY_010806,D:\BTech Final Year Project\RiceLeafDiseaseBD A Field-Based Annotated Smartpho\RiceLeafDiseaseBD A Field-Based Annotated Smartpho\RiceLeafDiseaseBD\RiceLeafDiseaseBD\Annotated images ( visual with labels)\Brown spot\labels\brown spot_2156.txt,UNIQUE_GROUP_001711,False,calibration
brown spot_216.jpg,.jpg,Original images/Brown spot/brown spot_216.jpg,359282,True,1024,1024,1.0,RGB,3,JPEG,8a8f65fe85c6f63ae712288105593853000f133b0720df831169158e1c7b6678,,Brown spot,RiceLeafDiseaseBD,PRIMARY_DEVELOPMENT_DATASET,PRIMARY_010810,D:\BTech Final Year Project\RiceLeafDiseaseBD A Field-Based Annotated Smartpho\RiceLeafDiseaseBD A Field-Based Annotated Smartpho\RiceLeafDiseaseBD\RiceLeafDiseaseBD\Annotated images ( visual with labels)\Brown spot\labels\brown spot_216.txt,UNIQUE_GROUP_009681,False,calibration
brown spot_2161.jpg,.jpg,Original images/Brown spot/brown spot_2161.jpg,267330,True,1024,1024,1.0,RGB,3,JPEG,f8aa76878563f2b562e7c0554f9d571c7f84894690d0f77a296b626b63160270,,Brown spot,RiceLeafDiseaseBD,PRIMARY_DEVELOPMENT_DATASET,PRIMARY_010812,D:\BTech Final Year Project\RiceLeafDiseaseBD A Field-Based Annotated Smartpho\RiceLeafDiseaseBD A Field-Based Annotated Smartpho\RiceLeafDiseaseBD\RiceLeafDiseaseBD\Annotated images ( visual with labels)\Brown spot\labels\brown spot_2161.txt,UNIQUE_GROUP_017323,False,calibration
brown spot_2162.jpg,.jpg,Original images/Brown spot/brown spot_2162.jpg,334026,True,1024,1024,1.0,RGB,3,JPEG,40e1dfa2354dd554682299cdbfc9e40e4519739c722d38968c3c34f869624ad1,,Brown spot,RiceLeafDiseaseBD,PRIMARY_DEVELOPMENT_DATASET,PRIMARY_010813,D:\BTech Final Year Project\RiceLeafDiseaseBD A Field-Based Annotated Smartpho\RiceLeafDiseaseBD A Field-Based Annotated Smartpho\RiceLeafDiseaseBD\RiceLeafDiseaseBD\Annotated images ( visual with labels)\Brown spot\labels\brown spot_2162.txt,UNIQUE_GROUP_004539,False,calibration
brown spot_2171.jpg,.jpg,Original images/Brown spot/brown spot_2171.jpg,378857,True,1024,1024,1.0,RGB,3,JPEG,25b983674c21d4129c7eb60b284d3e5ec68ea958898a8521701686000701e712,,Brown spot,RiceLeafDiseaseBD,PRIMARY_DEVELOPMENT_DATASET,PRIMARY_010823,D:\BTech Final Year Project\RiceLeafDiseaseBD A Field-Based Annotated Smartpho\RiceLeafDiseaseBD A Field-Based Annotated Smartpho\RiceLeafDiseaseBD\RiceLeafDiseaseBD\Annotated images ( visual with labels)\Brown spot\labels\brown spot_2171.txt,UNIQUE_GROUP_002637,False,calibration
brown spot_225.jpg,.jpg,Original images/Brown spot/brown spot_225.jpg,366728,True,1024,1024,1.0,RGB,3,JPEG,aa819ad388d5eb76d4956cf284646905c817b6a9c9598e6f25699e04b4188614,,Brown spot,RiceLeafDiseaseBD,PRIMARY_DEVELOPMENT_DATASET,PRIMARY_010839,D:\BTech Final Year Project\RiceLeafDiseaseBD A Field-Based Annotated Smartpho\RiceLeafDiseaseBD A Field-Based Annotated Smartpho\RiceLeafDiseaseBD\RiceLeafDiseaseBD\Annotated images ( visual with labels)\Brown spot\labels\brown spot_225.txt,UNIQUE_GROUP_011948,False,calibration
brown spot_233.jpg,.jpg,Original images/Brown spot/brown spot_233.jpg,300587,True,1024,1024,1.0,RGB,3,JPEG,47011ce49132cfc779cd678de5a9d77e22d060badac7dcdfb1dc1ee6b6eedf18,,Brown spot,RiceLeafDiseaseBD,PRIMARY_DEVELOPMENT_DATASET,PRIMARY_010848,D:\BTech Final Year Project\RiceLeafDiseaseBD A Field-Based Annotated Smartpho\RiceLeafDiseaseBD A Field-Based Annotated Smartpho\RiceLeafDiseaseBD\RiceLeafDiseaseBD\Annotated images ( visual with labels)\Brown spot\labels\brown spot_233.txt,UNIQUE_GROUP_004941,False,calibration
brown spot_240.jpg,.jpg,Original images/Brown spot/brown spot_240.jpg,319010,True,1024,1024,1.0,RGB,3,JPEG,95954065bfa1d7404559e47a5d8fd3f55658afba8aecbdaee9191d8699fa400e,,Brown spot,RiceLeafDiseaseBD,PRIMARY_DEVELOPMENT_DATASET,PRIMARY_010856,D:\BTech Final Year Project\RiceLeafDiseaseBD A Field-Based Annotated Smartpho\RiceLeafDiseaseBD A Field-Based Annotated Smartpho\RiceLeafDiseaseBD\RiceLeafDiseaseBD\Annotated images ( visual with labels)\Brown spot\labels\brown spot_240.txt,UNIQUE_GROUP_010445,False,calibration
brown spot_254.jpg,.jpg,Original images/Brown spot/brown spot_254.jpg,289375,True,1024,1024,1.0,RGB,3,JPEG,10f0b2cd8d71c999c8661c8e3d76c7ca5d6f8ca881fea768f5f36d3147e982e6,,Brown spot,RiceLeafDiseaseBD,PRIMARY_DEVELOPMENT_DATASET,PRIMARY_010871,D:\BTech Final Year Project\RiceLeafDiseaseBD A Field-Based Annotated Smartpho\RiceLeafDiseaseBD A Field-Based Annotated Smartpho\RiceLeafDiseaseBD\RiceLeafDiseaseBD\Annotated images ( visual with labels)\Brown spot\labels\brown spot_254.txt,UNIQUE_GROUP_001161,False,calibration
brown spot_257.jpg,.jpg,Original images/Brown spot/brown spot_257.jpg,315208,True,1024,1024,1.0,RGB,3,JPEG,b8bcdc026a3961a7f73e1ee4bdff5198e1eb0d1c7b1ca95d27b8a2ea0ab73b4d,,Brown spot,RiceLeafDiseaseBD,PRIMARY_DEVELOPMENT_DATASET,PRIMARY_010874,D:\BTech Final Year Project\RiceLeafDiseaseBD A Field-Based Annotated Smartpho\RiceLeafDiseaseBD A Field-Based Annotated Smartpho\RiceLeafDiseaseBD\RiceLeafDiseaseBD\Annotated images ( visual with labels)\Brown spot\labels\brown spot_257.txt,UNIQUE_GROUP_012909,False,calibration
brown spot_260.jpg,.jpg,Original images/Brown spot/brown spot_260.jpg,328372,True,1024,1024,1.0,RGB,3,JPEG,70bdc6ba9f1b72e0bfff3656a58b9028666d1b86e1078f938834c84093cf19a5,,Brown spot,RiceLeafDiseaseBD,PRIMARY_DEVELOPMENT_DATASET,PRIMARY_010878,D:\BTech Final Year Project\RiceLeafDiseaseBD A Field-Based Annotated Smartpho\RiceLeafDiseaseBD A Field-Based Annotated Smartpho\RiceLeafDiseaseBD\RiceLeafDiseaseBD\Annotated images ( visual with labels)\Brown spot\labels\brown spot_260.txt,UNIQUE_GROUP_007864,False,calibration
brown spot_275.jpg,.jpg,Original images/Brown spot/brown spot_275.jpg,341635,True,1024,1024,1.0,RGB,3,JPEG,0b63918ebb33e2e1201cd80a07032fef6d7f001dd73be508eb077502664f1731,,Brown spot,RiceLeafDiseaseBD,PRIMARY_DEVELOPMENT_DATASET,PRIMARY_010894,D:\BTech Final Year Project\RiceLeafDiseaseBD A Field-Based Annotated Smartpho\RiceLeafDiseaseBD A Field-Based Annotated Smartpho\RiceLeafDiseaseBD\RiceLeafDiseaseBD\Annotated images ( visual with labels)\Brown spot\labels\brown spot_275.txt,UNIQUE_GROUP_000775,False,calibration
brown spot_278.jpg,.jpg,Original images/Brown spot/brown spot_278.jpg,300043,True,1024,1024,1.0,RGB,3,JPEG,b2a56ac95b8343ecf06d11758569dc8f250d21c4bc899b7f12ca32ba4c99d95c,,Brown spot,RiceLeafDiseaseBD,PRIMARY_DEVELOPMENT_DATASET,PRIMARY_010897,D:\BTech Final Year Project\RiceLeafDiseaseBD A Field-Based Annotated Smartpho\RiceLeafDiseaseBD A Field-Based Annotated Smartpho\RiceLeafDiseaseBD\RiceLeafDiseaseBD\Annotated images ( visual with labels)\Brown spot\labels\brown spot_278.txt,UNIQUE_GROUP_012498,False,calibration
brown spot_296.jpg,.jpg,Original images/Brown spot/brown spot_296.jpg,342809,True,1024,1024,1.0,RGB,3,JPEG,fe2e947e46c9329a9f0f7cf365575524f65017d78c2144427f5f1c085a63d0ad,,Brown spot,RiceLeafDiseaseBD,PRIMARY_DEVELOPMENT_DATASET,PRIMARY_010917,D:\BTech Final Year Project\RiceLeafDiseaseBD A Field-Based Annotated Smartpho\RiceLeafDiseaseBD A Field-Based Annotated Smartpho\RiceLeafDiseaseBD\RiceLeafDiseaseBD\Annotated images ( visual with labels)\Brown spot\labels\brown spot_296.txt,UNIQUE_GROUP_017683,False,calibration
brown spot_325.jpg,.jpg,Original images/Brown spot/brown spot_325.jpg,312218,True,1024,1024,1.0,RGB,3,JPEG,39f4b41b0d3f76b25cf0fc09df09f8aa2035b66d12df289ebc35e135365434db,,Brown spot,RiceLeafDiseaseBD,PRIMARY_DEVELOPMENT_DATASET,PRIMARY_010950,D:\BTech Final Year Project\RiceLeafDiseaseBD A Field-Based Annotated Smartpho\RiceLeafDiseaseBD A Field-Based Annotated Smartpho\RiceLeafDiseaseBD\RiceLeafDiseaseBD\Annotated images ( visual with labels)\Brown spot\labels\brown spot_325.txt,UNIQUE_GROUP_004060,False,calibration
brown spot_347.jpg,.jpg,Original images/Brown spot/brown spot_347.jpg,332836,True,1024,1024,1.0,RGB,3,JPEG,0e1190b12bba2d3817b566fb4a16bfa73f71d933971807622acb865cb11e96f3,,Brown spot,RiceLeafDiseaseBD,PRIMARY_DEVELOPMENT_DATASET,PRIMARY_010974,D:\BTech Final Year Project\RiceLeafDiseaseBD A Field-Based Annotated Smartpho\RiceLeafDiseaseBD A Field-Based Annotated Smartpho\RiceLeafDiseaseBD\RiceLeafDiseaseBD\Annotated images ( visual with labels)\Brown spot\labels\brown spot_347.txt,UNIQUE_GROUP_000975,False,calibration
brown spot_353.jpg,.jpg,Original images/Brown spot/brown spot_353.jpg,315965,True,1024,1024,1.0,RGB,3,JPEG,38436a828919e3ed8513706f70b8952321495d43c1439659e4cd0e407949f862,,Brown spot,RiceLeafDiseaseBD,PRIMARY_DEVELOPMENT_DATASET,PRIMARY_010981,D:\BTech Final Year Project\RiceLeafDiseaseBD A Field-Based Annotated Smartpho\RiceLeafDiseaseBD A Field-Based Annotated Smartpho\RiceLeafDiseaseBD\RiceLeafDiseaseBD\Annotated images ( visual with labels)\Brown spot\labels\brown spot_353.txt,UNIQUE_GROUP_003930,False,calibration
brown spot_375.jpg,.jpg,Original images/Brown spot/brown spot_375.jpg,355003,True,1024,1024,1.0,RGB,3,JPEG,7767dd9eabec6f034a26388e1df29b1c35dfa22a3eb4b82589377da010c0bf38,,Brown spot,RiceLeafDiseaseBD,PRIMARY_DEVELOPMENT_DATASET,PRIMARY_011005,D:\BTech Final Year Project\RiceLeafDiseaseBD A Field-Based Annotated Smartpho\RiceLeafDiseaseBD A Field-Based Annotated Smartpho\RiceLeafDiseaseBD\RiceLeafDiseaseBD\Annotated images ( visual with labels)\Brown spot\labels\brown spot_375.txt,UNIQUE_GROUP_008325,False,calibration
brown spot_383.jpg,.jpg,Original images/Brown spot/brown spot_383.jpg,350897,True,1024,1024,1.0,RGB,3,JPEG,bfee76a0b005227d09692852491e22782c8de30918b5ce494086cc66e83f41d1,,Brown spot,RiceLeafDiseaseBD,PRIMARY_DEVELOPMENT_DATASET,PRIMARY_011014,D:\BTech Final Year Project\RiceLeafDiseaseBD A Field-Based Annotated Smartpho\RiceLeafDiseaseBD A Field-Based Annotated Smartpho\RiceLeafDiseaseBD\RiceLeafDiseaseBD\Annotated images ( visual with labels)\Brown spot\labels\brown spot_383.txt,UNIQUE_GROUP_013426,False,calibration
brown spot_401.jpg,.jpg,Original images/Brown spot/brown spot_401.jpg,298005,True,1024,1024,1.0,RGB,3,JPEG,15742ecc49bb6e45ee3b3cb517f7116c27f082eca136faecbd17d3cbd1dd858d,,Brown spot,RiceLeafDiseaseBD,PRIMARY_DEVELOPMENT_DATASET,PRIMARY_011035,D:\BTech Final Year Project\RiceLeafDiseaseBD A Field-Based Annotated Smartpho\RiceLeafDiseaseBD A Field-Based Annotated Smartpho\RiceLeafDiseaseBD\RiceLeafDiseaseBD\Annotated images ( visual with labels)\Brown spot\labels\brown spot_401.txt,UNIQUE_GROUP_001463,False,calibration
brown spot_411.jpg,.jpg,Original images/Brown spot/brown spot_411.jpg,345101,True,1024,1024,1.0,RGB,3,JPEG,76d3164c722d1ae3f5ae973a4c0b68eb273c3ece732e18621fd20bf4b748ad4a,,Brown spot,RiceLeafDiseaseBD,PRIMARY_DEVELOPMENT_DATASET,PRIMARY_011046,D:\BTech Final Year Project\RiceLeafDiseaseBD A Field-Based Annotated Smartpho\RiceLeafDiseaseBD A Field-Based Annotated Smartpho\RiceLeafDiseaseBD\RiceLeafDiseaseBD\Annotated images ( visual with labels)\Brown spot\labels\brown spot_411.txt,UNIQUE_GROUP_008282,False,calibration
brown spot_415.jpg,.jpg,Original images/Brown spot/brown spot_415.jpg,373998,True,1024,1024,1.0,RGB,3,JPEG,5667b80492907d86fc7b48476800750ebbe12b945e203107459981cb3a000f18,,Brown spot,RiceLeafDiseaseBD,PRIMARY_DEVELOPMENT_DATASET,PRIMARY_011050,D:\BTech Final Year Project\RiceLeafDiseaseBD A Field-Based Annotated Smartpho\RiceLeafDiseaseBD A Field-Based Annotated Smartpho\RiceLeafDiseaseBD\RiceLeafDiseaseBD\Annotated images ( visual with labels)\Brown spot\labels\brown spot_415.txt,UNIQUE_GROUP_006050,False,calibration
brown spot_434.jpg,.jpg,Original images/Brown spot/brown spot_434.jpg,323745,True,1024,1024,1.0,RGB,3,JPEG,38c7cc22a30d148dbbf1dd1b6d1847c459627218b99b5fe28148bfb3d0b1124d,,Brown spot,RiceLeafDiseaseBD,PRIMARY_DEVELOPMENT_DATASET,PRIMARY_011071,D:\BTech Final Year Project\RiceLeafDiseaseBD A Field-Based Annotated Smartpho\RiceLeafDiseaseBD A Field-Based Annotated Smartpho\RiceLeafDiseaseBD\RiceLeafDiseaseBD\Annotated images ( visual with labels)\Brown spot\labels\brown spot_434.txt,UNIQUE_GROUP_003970,False,calibration
brown spot_438.jpg,.jpg,Original images/Brown spot/brown spot_438.jpg,316202,True,1024,1024,1.0,RGB,3,JPEG,8c58467213495aba2759d345e9fd7490ae17b86431672104d58c85afbeb140bf,,Brown spot,RiceLeafDiseaseBD,PRIMARY_DEVELOPMENT_DATASET,PRIMARY_011075,D:\BTech Final Year Project\RiceLeafDiseaseBD A Field-Based Annotated Smartpho\RiceLeafDiseaseBD A Field-Based Annotated Smartpho\RiceLeafDiseaseBD\RiceLeafDiseaseBD\Annotated images ( visual with labels)\Brown spot\labels\brown spot_438.txt,UNIQUE_GROUP_009824,False,calibration
brown spot_453.jpg,.jpg,Original images/Brown spot/brown spot_453.jpg,321485,True,1024,1024,1.0,RGB,3,JPEG,699473c69312fd6e3c6f77bf127098751e781a86459f5efdc1494567db4365c6,,Brown spot,RiceLeafDiseaseBD,PRIMARY_DEVELOPMENT_DATASET,PRIMARY_011092,D:\BTech Final Year Project\RiceLeafDiseaseBD A Field-Based Annotated Smartpho\RiceLeafDiseaseBD A Field-Based Annotated Smartpho\RiceLeafDiseaseBD\RiceLeafDiseaseBD\Annotated images ( visual with labels)\Brown spot\labels\brown spot_453.txt,UNIQUE_GROUP_007384,False,calibration
brown spot_515.jpg,.jpg,Original images/Brown spot/brown spot_515.jpg,305427,True,1024,1024,1.0,RGB,3,JPEG,e149ac5f88d7d7a95ce75030913d48279ac6a52395ed445b23a59a1c90aa7704,,Brown spot,RiceLeafDiseaseBD,PRIMARY_DEVELOPMENT_DATASET,PRIMARY_011161,D:\BTech Final Year Project\RiceLeafDiseaseBD A Field-Based Annotated Smartpho\RiceLeafDiseaseBD A Field-Based Annotated Smartpho\RiceLeafDiseaseBD\RiceLeafDiseaseBD\Annotated images ( visual with labels)\Brown spot\labels\brown spot_515.txt,UNIQUE_GROUP_015727,False,calibration
brown spot_520.jpg,.jpg,Original images/Brown spot/brown spot_520.jpg,361653,True,1024,1024,1.0,RGB,3,JPEG,3dc905072928305743d09b5e0fe1b48220e5dcc33af44ad2b35697af3857cf7f,,Brown spot,RiceLeafDiseaseBD,PRIMARY_DEVELOPMENT_DATASET,PRIMARY_011167,D:\BTech Final Year Project\RiceLeafDiseaseBD A Field-Based Annotated Smartpho\RiceLeafDiseaseBD A Field-Based Annotated Smartpho\RiceLeafDiseaseBD\RiceLeafDiseaseBD\Annotated images ( visual with labels)\Brown spot\labels\brown spot_520.txt,UNIQUE_GROUP_004307,False,calibration
brown spot_522.jpg,.jpg,Original images/Brown spot/brown spot_522.jpg,347734,True,1024,1024,1.0,RGB,3,JPEG,8247693c65aa4e2582f598ddddfdf3b720da309e1e86e81a9cbc8ae68b056c80,,Brown spot,RiceLeafDiseaseBD,PRIMARY_DEVELOPMENT_DATASET,PRIMARY_011169,D:\BTech Final Year Project\RiceLeafDiseaseBD A Field-Based Annotated Smartpho\RiceLeafDiseaseBD A Field-Based Annotated Smartpho\RiceLeafDiseaseBD\RiceLeafDiseaseBD\Annotated images ( visual with labels)\Brown spot\labels\brown spot_522.txt,UNIQUE_GROUP_009104,False,calibration
brown spot_536.jpg,.jpg,Original images/Brown spot/brown spot_536.jpg,347037,True,1024,1024,1.0,RGB,3,JPEG,2c828a3b923bf21c8d199b30485e6589c659c4c12a2a9dea5e669ca21c37477b,,Brown spot,RiceLeafDiseaseBD,PRIMARY_DEVELOPMENT_DATASET,PRIMARY_011184,D:\BTech Final Year Project\RiceLeafDiseaseBD A Field-Based Annotated Smartpho\RiceLeafDiseaseBD A Field-Based Annotated Smartpho\RiceLeafDiseaseBD\RiceLeafDiseaseBD\Annotated images ( visual with labels)\Brown spot\labels\brown spot_536.txt,UNIQUE_GROUP_003108,False,calibration
brown spot_538.jpg,.jpg,Original images/Brown spot/brown spot_538.jpg,339693,True,1024,1024,1.0,RGB,3,JPEG,b1fd44d8d787c78f195475d5d00f5b27995e04f4900d61e8e338277acb82c378,,Brown spot,RiceLeafDiseaseBD,PRIMARY_DEVELOPMENT_DATASET,PRIMARY_011186,D:\BTech Final Year Project\RiceLeafDiseaseBD A Field-Based Annotated Smartpho\RiceLeafDiseaseBD A Field-Based Annotated Smartpho\RiceLeafDiseaseBD\RiceLeafDiseaseBD\Annotated images ( visual with labels)\Brown spot\labels\brown spot_538.txt,UNIQUE_GROUP_012452,False,calibration
brown spot_540.jpg,.jpg,Original images/Brown spot/brown spot_540.jpg,348674,True,1024,1024,1.0,RGB,3,JPEG,46704a78c1f3db08e6d6c06726271606f4bf19b81534eaeafdccc8c1caf89cef,,Brown spot,RiceLeafDiseaseBD,PRIMARY_DEVELOPMENT_DATASET,PRIMARY_011189,D:\BTech Final Year Project\RiceLeafDiseaseBD A Field-Based Annotated Smartpho\RiceLeafDiseaseBD A Field-Based Annotated Smartpho\RiceLeafDiseaseBD\RiceLeafDiseaseBD\Annotated images ( visual with labels)\Brown spot\labels\brown spot_540.txt,UNIQUE_GROUP_004918,False,calibration
brown spot_549.jpg,.jpg,Original images/Brown spot/brown spot_549.jpg,337668,True,1024,1024,1.0,RGB,3,JPEG,3a051c7d13ebdbf631751f8b2108b142ede66e9bd68f59fa5010e64e2cf49a66,,Brown spot,RiceLeafDiseaseBD,PRIMARY_DEVELOPMENT_DATASET,PRIMARY_011198,D:\BTech Final Year Project\RiceLeafDiseaseBD A Field-Based Annotated Smartpho\RiceLeafDiseaseBD A Field-Based Annotated Smartpho\RiceLeafDiseaseBD\RiceLeafDiseaseBD\Annotated images ( visual with labels)\Brown spot\labels\brown spot_549.txt,UNIQUE_GROUP_004066,False,calibration
brown spot_562.jpg,.jpg,Original images/Brown spot/brown spot_562.jpg,375263,True,1024,1024,1.0,RGB,3,JPEG,a26eb36d4aebf7dbd3f9d4f13f11142510f73a3898fa0983651fabd63224a459,,Brown spot,RiceLeafDiseaseBD,PRIMARY_DEVELOPMENT_DATASET,PRIMARY_011213,D:\BTech Final Year Project\RiceLeafDiseaseBD A Field-Based Annotated Smartpho\RiceLeafDiseaseBD A Field-Based Annotated Smartpho\RiceLeafDiseaseBD\RiceLeafDiseaseBD\Annotated images ( visual with labels)\Brown spot\labels\brown spot_562.txt,UNIQUE_GROUP_011377,False,calibration
brown spot_565.jpg,.jpg,Original images/Brown spot/brown spot_565.jpg,333561,True,1024,1024,1.0,RGB,3,JPEG,32fcd92af613912b7a341d2a99d732f92f9b91217cb98012ac7cdb21ee3ad717,,Brown spot,RiceLeafDiseaseBD,PRIMARY_DEVELOPMENT_DATASET,PRIMARY_011216,D:\BTech Final Year Project\RiceLeafDiseaseBD A Field-Based Annotated Smartpho\RiceLeafDiseaseBD A Field-Based Annotated Smartpho\RiceLeafDiseaseBD\RiceLeafDiseaseBD\Annotated images ( visual with labels)\Brown spot\labels\brown spot_565.txt,UNIQUE_GROUP_003566,False,calibration
brown spot_57.jpg,.jpg,Original images/Brown spot/brown spot_57.jpg,323293,True,1024,1024,1.0,RGB,3,JPEG,a282017e258f9883e92c05253ae9ce57a2b77b96ac188c1fec71451b8cc3ef43,,Brown spot,RiceLeafDiseaseBD,PRIMARY_DEVELOPMENT_DATASET,PRIMARY_011221,D:\BTech Final Year Project\RiceLeafDiseaseBD A Field-Based Annotated Smartpho\RiceLeafDiseaseBD A Field-Based Annotated Smartpho\RiceLeafDiseaseBD\RiceLeafDiseaseBD\Annotated images ( visual with labels)\Brown spot\labels\brown spot_57.txt,UNIQUE_GROUP_011384,False,calibration
brown spot_577.jpg,.jpg,Original images/Brown spot/brown spot_577.jpg,363206,True,1024,1024,1.0,RGB,3,JPEG,2a18f2f77ce61a384f3c035a2837ed69a277953a6aa8a0276e50a1bba7628dae,,Brown spot,RiceLeafDiseaseBD,PRIMARY_DEVELOPMENT_DATASET,PRIMARY_011229,D:\BTech Final Year Project\RiceLeafDiseaseBD A Field-Based Annotated Smartpho\RiceLeafDiseaseBD A Field-Based Annotated Smartpho\RiceLeafDiseaseBD\RiceLeafDiseaseBD\Annotated images ( visual with labels)\Brown spot\labels\brown spot_577.txt,UNIQUE_GROUP_002934,False,calibration
brown spot_579.jpg,.jpg,Original images/Brown spot/brown spot_579.jpg,345370,True,1024,1024,1.0,RGB,3,JPEG,a06ba0b8d97557e21927cb5f5a4c27675881025b8040a7c9c41882c9c7537e89,,Brown spot,RiceLeafDiseaseBD,PRIMARY_DEVELOPMENT_DATASET,PRIMARY_011231,D:\BTech Final Year Project\RiceLeafDiseaseBD A Field-Based Annotated Smartpho\RiceLeafDiseaseBD A Field-Based Annotated Smartpho\RiceLeafDiseaseBD\RiceLeafDiseaseBD\Annotated images ( visual with labels)\Brown spot\labels\brown spot_579.txt,UNIQUE_GROUP_011226,False,calibration
brown spot_580.jpg,.jpg,Original images/Brown spot/brown spot_580.jpg,320485,True,1024,1024,1.0,RGB,3,JPEG,8a7e185cfc04ed98ca5709035b1819b4598405dbde76b68c879d4c815c3be6d6,,Brown spot,RiceLeafDiseaseBD,PRIMARY_DEVELOPMENT_DATASET,PRIMARY_011233,D:\BTech Final Year Project\RiceLeafDiseaseBD A Field-Based Annotated Smartpho\RiceLeafDiseaseBD A Field-Based Annotated Smartpho\RiceLeafDiseaseBD\RiceLeafDiseaseBD\Annotated images ( visual with labels)\Brown spot\labels\brown spot_580.txt,UNIQUE_GROUP_009677,False,calibration
brown spot_590.jpg,.jpg,Original images/Brown spot/brown spot_590.jpg,307940,True,1024,1024,1.0,RGB,3,JPEG,c85e733ccfc659fe2d3e7455e7c5f2b116854d76353c4e08957b29101b460f04,,Brown spot,RiceLeafDiseaseBD,PRIMARY_DEVELOPMENT_DATASET,PRIMARY_011244,D:\BTech Final Year Project\RiceLeafDiseaseBD A Field-Based Annotated Smartpho\RiceLeafDiseaseBD A Field-Based Annotated Smartpho\RiceLeafDiseaseBD\RiceLeafDiseaseBD\Annotated images ( visual with labels)\Brown spot\labels\brown spot_590.txt,UNIQUE_GROUP_014024,False,calibration
brown spot_604.jpg,.jpg,Original images/Brown spot/brown spot_604.jpg,320160,True,1024,1024,1.0,RGB,3,JPEG,f7be7be2b7aa45bce4c10b2965e25d95ea98beab4693270774a5780a270b83ec,,Brown spot,RiceLeafDiseaseBD,PRIMARY_DEVELOPMENT_DATASET,PRIMARY_011260,D:\BTech Final Year Project\RiceLeafDiseaseBD A Field-Based Annotated Smartpho\RiceLeafDiseaseBD A Field-Based Annotated Smartpho\RiceLeafDiseaseBD\RiceLeafDiseaseBD\Annotated images ( visual with labels)\Brown spot\labels\brown spot_604.txt,UNIQUE_GROUP_017253,False,calibration
brown spot_619.jpg,.jpg,Original images/Brown spot/brown spot_619.jpg,360759,True,1024,1024,1.0,RGB,3,JPEG,38f0a25cc0f2c2d92091923fdbeaa5592afd0a45e67ffc0c2698fad50f2db772,,Brown spot,RiceLeafDiseaseBD,PRIMARY_DEVELOPMENT_DATASET,PRIMARY_011276,D:\BTech Final Year Project\RiceLeafDiseaseBD A Field-Based Annotated Smartpho\RiceLeafDiseaseBD A Field-Based Annotated Smartpho\RiceLeafDiseaseBD\RiceLeafDiseaseBD\Annotated images ( visual with labels)\Brown spot\labels\brown spot_619.txt,UNIQUE_GROUP_003985,False,calibration
brown spot_633.jpg,.jpg,Original images/Brown spot/brown spot_633.jpg,323604,True,1024,1024,1.0,RGB,3,JPEG,2618ec3580c7b7d2a08d7622cece4fab4793200dd234c957114ff235b36db7e4,,Brown spot,RiceLeafDiseaseBD,PRIMARY_DEVELOPMENT_DATASET,PRIMARY_011292,D:\BTech Final Year Project\RiceLeafDiseaseBD A Field-Based Annotated Smartpho\RiceLeafDiseaseBD A Field-Based Annotated Smartpho\RiceLeafDiseaseBD\RiceLeafDiseaseBD\Annotated images ( visual with labels)\Brown spot\labels\brown spot_633.txt,UNIQUE_GROUP_002672,False,calibration
brown spot_641.jpg,.jpg,Original images/Brown spot/brown spot_641.jpg,322085,True,1024,1024,1.0,RGB,3,JPEG,2ccac6e7f7fa655ba448d4457e15cf15165237eb54771229a18ba1f3abdb088f,,Brown spot,RiceLeafDiseaseBD,PRIMARY_DEVELOPMENT_DATASET,PRIMARY_011301,D:\BTech Final Year Project\RiceLeafDiseaseBD A Field-Based Annotated Smartpho\RiceLeafDiseaseBD A Field-Based Annotated Smartpho\RiceLeafDiseaseBD\RiceLeafDiseaseBD\Annotated images ( visual with labels)\Brown spot\labels\brown spot_641.txt,UNIQUE_GROUP_003135,False,calibration
brown spot_656.jpg,.jpg,Original images/Brown spot/brown spot_656.jpg,334851,True,1024,1024,1.0,RGB,3,JPEG,4c58a58d7cbcba20dd9e89ab9cb4274acc9ef253926554cd2ee5ea781db217f5,,Brown spot,RiceLeafDiseaseBD,PRIMARY_DEVELOPMENT_DATASET,PRIMARY_011317,D:\BTech Final Year Project\RiceLeafDiseaseBD A Field-Based Annotated Smartpho\RiceLeafDiseaseBD A Field-Based Annotated Smartpho\RiceLeafDiseaseBD\RiceLeafDiseaseBD\Annotated images ( visual with labels)\Brown spot\labels\brown spot_656.txt,UNIQUE_GROUP_005344,False,calibration
brown spot_657.jpg,.jpg,Original images/Brown spot/brown spot_657.jpg,331515,True,1024,1024,1.0,RGB,3,JPEG,a606e2062712b054d765b87349cbb03004f8a4160983005f6d069dd43d9ddf17,,Brown spot,RiceLeafDiseaseBD,PRIMARY_DEVELOPMENT_DATASET,PRIMARY_011318,D:\BTech Final Year Project\RiceLeafDiseaseBD A Field-Based Annotated Smartpho\RiceLeafDiseaseBD A Field-Based Annotated Smartpho\RiceLeafDiseaseBD\RiceLeafDiseaseBD\Annotated images ( visual with labels)\Brown spot\labels\brown spot_657.txt,UNIQUE_GROUP_011605,False,calibration
brown spot_66.jpg,.jpg,Original images/Brown spot/brown spot_66.jpg,296617,True,1024,1024,1.0,RGB,3,JPEG,e417f190e54b5b86fb4328024740298debbabbb112ec2cb1b628448b1360f130,,Brown spot,RiceLeafDiseaseBD,PRIMARY_DEVELOPMENT_DATASET,PRIMARY_011321,D:\BTech Final Year Project\RiceLeafDiseaseBD A Field-Based Annotated Smartpho\RiceLeafDiseaseBD A Field-Based Annotated Smartpho\RiceLeafDiseaseBD\RiceLeafDiseaseBD\Annotated images ( visual with labels)\Brown spot\labels\brown spot_66.txt,UNIQUE_GROUP_015918,False,calibration
brown spot_675.jpg,.jpg,Original images/Brown spot/brown spot_675.jpg,336415,True,1024,1024,1.0,RGB,3,JPEG,4a103132e94113954edf7e8229e0b4c75df1402c9496fdd0faa4f901c0b50761,,Brown spot,RiceLeafDiseaseBD,PRIMARY_DEVELOPMENT_DATASET,PRIMARY_011338,D:\BTech Final Year Project\RiceLeafDiseaseBD A Field-Based Annotated Smartpho\RiceLeafDiseaseBD A Field-Based Annotated Smartpho\RiceLeafDiseaseBD\RiceLeafDiseaseBD\Annotated images ( visual with labels)\Brown spot\labels\brown spot_675.txt,UNIQUE_GROUP_005174,False,calibration
brown spot_69.jpg,.jpg,Original images/Brown spot/brown spot_69.jpg,293721,True,1024,1024,1.0,RGB,3,JPEG,d3974fea5ea4f42fbf90aceb3018a9e931620f68f1718f08e5ff3b775b23b3be,,Brown spot,RiceLeafDiseaseBD,PRIMARY_DEVELOPMENT_DATASET,PRIMARY_011354,D:\BTech Final Year Project\RiceLeafDiseaseBD A Field-Based Annotated Smartpho\RiceLeafDiseaseBD A Field-Based Annotated Smartpho\RiceLeafDiseaseBD\RiceLeafDiseaseBD\Annotated images ( visual with labels)\Brown spot\labels\brown spot_69.txt,UNIQUE_GROUP_014818,False,calibration
brown spot_701.jpg,.jpg,Original images/Brown spot/brown spot_701.jpg,397447,True,1024,1024,1.0,RGB,3,JPEG,663c01875eb244b6e38eb4f66870055a80645cd79fff5938273a7dbcd37f73c5,,Brown spot,RiceLeafDiseaseBD,PRIMARY_DEVELOPMENT_DATASET,PRIMARY_011368,D:\BTech Final Year Project\RiceLeafDiseaseBD A Field-Based Annotated Smartpho\RiceLeafDiseaseBD A Field-Based Annotated Smartpho\RiceLeafDiseaseBD\RiceLeafDiseaseBD\Annotated images ( visual with labels)\Brown spot\labels\brown spot_701.txt,UNIQUE_GROUP_007156,False,calibration
brown spot_716.jpg,.jpg,Original images/Brown spot/brown spot_716.jpg,323068,True,1024,1024,1.0,RGB,3,JPEG,780345aad5bf563d31547aa9a6c49603587e023bdb93876100d4de051d566119,,Brown spot,RiceLeafDiseaseBD,PRIMARY_DEVELOPMENT_DATASET,PRIMARY_011384,D:\BTech Final Year Project\RiceLeafDiseaseBD A Field-Based Annotated Smartpho\RiceLeafDiseaseBD A Field-Based Annotated Smartpho\RiceLeafDiseaseBD\RiceLeafDiseaseBD\Annotated images ( visual with labels)\Brown spot\labels\brown spot_716.txt,UNIQUE_GROUP_008376,False,calibration
brown spot_720.jpg,.jpg,Original images/Brown spot/brown spot_720.jpg,343455,True,1024,1024,1.0,RGB,3,JPEG,189062f71fe2cc2656e3d6c7240bcbb7cd7c35cd64fbb047023ef4291f8006d7,,Brown spot,RiceLeafDiseaseBD,PRIMARY_DEVELOPMENT_DATASET,PRIMARY_011389,D:\BTech Final Year Project\RiceLeafDiseaseBD A Field-Based Annotated Smartpho\RiceLeafDiseaseBD A Field-Based Annotated Smartpho\RiceLeafDiseaseBD\RiceLeafDiseaseBD\Annotated images ( visual with labels)\Brown spot\labels\brown spot_720.txt,UNIQUE_GROUP_001673,False,calibration
brown spot_725.jpg,.jpg,Original images/Brown spot/brown spot_725.jpg,362723,True,1024,1024,1.0,RGB,3,JPEG,1f1dd3dfa35f868b2fd7f43cdefdccaa795a9e9bf958e7b92ee8bccf16f66865,,Brown spot,RiceLeafDiseaseBD,PRIMARY_DEVELOPMENT_DATASET,PRIMARY_011394,D:\BTech Final Year Project\RiceLeafDiseaseBD A Field-Based Annotated Smartpho\RiceLeafDiseaseBD A Field-Based Annotated Smartpho\RiceLeafDiseaseBD\RiceLeafDiseaseBD\Annotated images ( visual with labels)\Brown spot\labels\brown spot_725.txt,UNIQUE_GROUP_002178,False,calibration
brown spot_733.jpg,.jpg,Original images/Brown spot/brown spot_733.jpg,420144,True,1024,1024,1.0,RGB,3,JPEG,40856deb65eb700e792a487c40ebb0a152d2462f250e1fd5cf77838e37ba2466,,Brown spot,RiceLeafDiseaseBD,PRIMARY_DEVELOPMENT_DATASET,PRIMARY_011403,D:\BTech Final Year Project\RiceLeafDiseaseBD A Field-Based Annotated Smartpho\RiceLeafDiseaseBD A Field-Based Annotated Smartpho\RiceLeafDiseaseBD\RiceLeafDiseaseBD\Annotated images ( visual with labels)\Brown spot\labels\brown spot_733.txt,UNIQUE_GROUP_004514,False,calibration
brown spot_737.jpg,.jpg,Original images/Brown spot/brown spot_737.jpg,294343,True,1024,1024,1.0,RGB,3,JPEG,411280eb14238edbf336aadf32e9c55eb6131f29a95a4f8b1133bb772883de90,,Brown spot,RiceLeafDiseaseBD,PRIMARY_DEVELOPMENT_DATASET,PRIMARY_011407,D:\BTech Final Year Project\RiceLeafDiseaseBD A Field-Based Annotated Smartpho\RiceLeafDiseaseBD A Field-Based Annotated Smartpho\RiceLeafDiseaseBD\RiceLeafDiseaseBD\Annotated images ( visual with labels)\Brown spot\labels\brown spot_737.txt,UNIQUE_GROUP_004547,False,calibration
brown spot_754.jpg,.jpg,Original images/Brown spot/brown spot_754.jpg,330429,True,1024,1024,1.0,RGB,3,JPEG,3d1c093ec7657709ccf7db148a8c35a6717f8b68b957605356f7c41c9af9bcb9,,Brown spot,RiceLeafDiseaseBD,PRIMARY_DEVELOPMENT_DATASET,PRIMARY_011426,D:\BTech Final Year Project\RiceLeafDiseaseBD A Field-Based Annotated Smartpho\RiceLeafDiseaseBD A Field-Based Annotated Smartpho\RiceLeafDiseaseBD\RiceLeafDiseaseBD\Annotated images ( visual with labels)\Brown spot\labels\brown spot_754.txt,UNIQUE_GROUP_004258,False,calibration
brown spot_761.jpg,.jpg,Original images/Brown spot/brown spot_761.jpg,331883,True,1024,1024,1.0,RGB,3,JPEG,c7a015b566007c5c2b57379c0a027242493e8e58518b063bb942a8621f8864d8,,Brown spot,RiceLeafDiseaseBD,PRIMARY_DEVELOPMENT_DATASET,PRIMARY_011434,D:\BTech Final Year Project\RiceLeafDiseaseBD A Field-Based Annotated Smartpho\RiceLeafDiseaseBD A Field-Based Annotated Smartpho\RiceLeafDiseaseBD\RiceLeafDiseaseBD\Annotated images ( visual with labels)\Brown spot\labels\brown spot_761.txt,UNIQUE_GROUP_013967,False,calibration
brown spot_77.jpg,.jpg,Original images/Brown spot/brown spot_77.jpg,338185,True,1024,1024,1.0,RGB,3,JPEG,41e54cf30fc1b9039b84cd696db5486c58a16750ee93ca68bddc3c1fad7b68a2,,Brown spot,RiceLeafDiseaseBD,PRIMARY_DEVELOPMENT_DATASET,PRIMARY_011443,D:\BTech Final Year Project\RiceLeafDiseaseBD A Field-Based Annotated Smartpho\RiceLeafDiseaseBD A Field-Based Annotated Smartpho\RiceLeafDiseaseBD\RiceLeafDiseaseBD\Annotated images ( visual with labels)\Brown spot\labels\brown spot_77.txt,UNIQUE_GROUP_004602,False,calibration
brown spot_778.jpg,.jpg,Original images/Brown spot/brown spot_778.jpg,327814,True,1024,1024,1.0,RGB,3,JPEG,c111070d5907922638628fed5fbd97320cbabdfd14481c6b25d18e92ff06d3f9,,Brown spot,RiceLeafDiseaseBD,PRIMARY_DEVELOPMENT_DATASET,PRIMARY_011452,D:\BTech Final Year Project\RiceLeafDiseaseBD A Field-Based Annotated Smartpho\RiceLeafDiseaseBD A Field-Based Annotated Smartpho\RiceLeafDiseaseBD\RiceLeafDiseaseBD\Annotated images ( visual with labels)\Brown spot\labels\brown spot_778.txt,UNIQUE_GROUP_013507,False,calibration
brown spot_782.jpg,.jpg,Original images/Brown spot/brown spot_782.jpg,331078,True,1024,1024,1.0,RGB,3,JPEG,385a81dc766d6e2c205803fb53c28bc8665f44fa755625643ffb9e91f0f7315e,,Brown spot,RiceLeafDiseaseBD,PRIMARY_DEVELOPMENT_DATASET,PRIMARY_011457,D:\BTech Final Year Project\RiceLeafDiseaseBD A Field-Based Annotated Smartpho\RiceLeafDiseaseBD A Field-Based Annotated Smartpho\RiceLeafDiseaseBD\RiceLeafDiseaseBD\Annotated images ( visual with labels)\Brown spot\labels\brown spot_782.txt,UNIQUE_GROUP_003933,False,calibration
brown spot_79.jpg,.jpg,Original images/Brown spot/brown spot_79.jpg,306903,True,1024,1024,1.0,RGB,3,JPEG,b25f95389c264ca96f679d30c5a4830bec0095f49171d42e479c88f0ca06b704,,Brown spot,RiceLeafDiseaseBD,PRIMARY_DEVELOPMENT_DATASET,PRIMARY_011465,D:\BTech Final Year Project\RiceLeafDiseaseBD A Field-Based Annotated Smartpho\RiceLeafDiseaseBD A Field-Based Annotated Smartpho\RiceLeafDiseaseBD\RiceLeafDiseaseBD\Annotated images ( visual with labels)\Brown spot\labels\brown spot_79.txt,UNIQUE_GROUP_012478,False,calibration
brown spot_790.jpg,.jpg,Original images/Brown spot/brown spot_790.jpg,350068,True,1024,1024,1.0,RGB,3,JPEG,f6661977814d6726ff471efcc3f41b47ed5fa71d3f442456a840b6704c7cd49f,,Brown spot,RiceLeafDiseaseBD,PRIMARY_DEVELOPMENT_DATASET,PRIMARY_011466,D:\BTech Final Year Project\RiceLeafDiseaseBD A Field-Based Annotated Smartpho\RiceLeafDiseaseBD A Field-Based Annotated Smartpho\RiceLeafDiseaseBD\RiceLeafDiseaseBD\Annotated images ( visual with labels)\Brown spot\labels\brown spot_790.txt,UNIQUE_GROUP_017144,False,calibration
brown spot_808.jpg,.jpg,Original images/Brown spot/brown spot_808.jpg,305918,True,1024,1024,1.0,RGB,3,JPEG,2f4257773aa3ff111dbd77447e7fefe419400013d816c5ba5a26795b218390c6,,Brown spot,RiceLeafDiseaseBD,PRIMARY_DEVELOPMENT_DATASET,PRIMARY_011486,D:\BTech Final Year Project\RiceLeafDiseaseBD A Field-Based Annotated Smartpho\RiceLeafDiseaseBD A Field-Based Annotated Smartpho\RiceLeafDiseaseBD\RiceLeafDiseaseBD\Annotated images ( visual with labels)\Brown spot\labels\brown spot_808.txt,UNIQUE_GROUP_003315,False,calibration
brown spot_809.jpg,.jpg,Original images/Brown spot/brown spot_809.jpg,355224,True,1024,1024,1.0,RGB,3,JPEG,4ab5bf3ca8ed3b91fd8ec818757a64c4b764eb00346289574ed12e21186db484,,Brown spot,RiceLeafDiseaseBD,PRIMARY_DEVELOPMENT_DATASET,PRIMARY_011487,D:\BTech Final Year Project\RiceLeafDiseaseBD A Field-Based Annotated Smartpho\RiceLeafDiseaseBD A Field-Based Annotated Smartpho\RiceLeafDiseaseBD\RiceLeafDiseaseBD\Annotated images ( visual with labels)\Brown spot\labels\brown spot_809.txt,UNIQUE_GROUP_005226,False,calibration
brown spot_812.jpg,.jpg,Original images/Brown spot/brown spot_812.jpg,351595,True,1024,1024,1.0,RGB,3,JPEG,3bd1ad129bcbb049312d5f49521e18fc8c09b875bfa52dcdc5bcd22e9c621f43,,Brown spot,RiceLeafDiseaseBD,PRIMARY_DEVELOPMENT_DATASET,PRIMARY_011491,D:\BTech Final Year Project\RiceLeafDiseaseBD A Field-Based Annotated Smartpho\RiceLeafDiseaseBD A Field-Based Annotated Smartpho\RiceLeafDiseaseBD\RiceLeafDiseaseBD\Annotated images ( visual with labels)\Brown spot\labels\brown spot_812.txt,UNIQUE_GROUP_004192,False,calibration
brown spot_819.jpg,.jpg,Original images/Brown spot/brown spot_819.jpg,294936,True,1024,1024,1.0,RGB,3,JPEG,ed68d234734aac24561cd888e17dcba4fcecb7c46db34c820ca7a153517fe77c,,Brown spot,RiceLeafDiseaseBD,PRIMARY_DEVELOPMENT_DATASET,PRIMARY_011498,D:\BTech Final Year Project\RiceLeafDiseaseBD A Field-Based Annotated Smartpho\RiceLeafDiseaseBD A Field-Based Annotated Smartpho\RiceLeafDiseaseBD\RiceLeafDiseaseBD\Annotated images ( visual with labels)\Brown spot\labels\brown spot_819.txt,UNIQUE_GROUP_016546,False,calibration
brown spot_820.jpg,.jpg,Original images/Brown spot/brown spot_820.jpg,395408,True,1024,1024,1.0,RGB,3,JPEG,0cb7918fd9b98a53e9be2f8b57e1e9c94125fb3b7ebb79faf1ffbdeae1852837,,Brown spot,RiceLeafDiseaseBD,PRIMARY_DEVELOPMENT_DATASET,PRIMARY_011500,D:\BTech Final Year Project\RiceLeafDiseaseBD A Field-Based Annotated Smartpho\RiceLeafDiseaseBD A Field-Based Annotated Smartpho\RiceLeafDiseaseBD\RiceLeafDiseaseBD\Annotated images ( visual with labels)\Brown spot\labels\brown spot_820.txt,UNIQUE_GROUP_000871,False,calibration
brown spot_83.jpg,.jpg,Original images/Brown spot/brown spot_83.jpg,385285,True,1024,1024,1.0,RGB,3,JPEG,3d259df27cea7eed2d0bc5d8f0b62f582f79a0d4e929ec5fa11d628da209c24d,,Brown spot,RiceLeafDiseaseBD,PRIMARY_DEVELOPMENT_DATASET,PRIMARY_011510,D:\BTech Final Year Project\RiceLeafDiseaseBD A Field-Based Annotated Smartpho\RiceLeafDiseaseBD A Field-Based Annotated Smartpho\RiceLeafDiseaseBD\RiceLeafDiseaseBD\Annotated images ( visual with labels)\Brown spot\labels\brown spot_83.txt,UNIQUE_GROUP_004259,False,calibration
brown spot_831.jpg,.jpg,Original images/Brown spot/brown spot_831.jpg,318681,True,1024,1024,1.0,RGB,3,JPEG,3efd07c19de9fa73f68776af95d30ab4fd97d4e3e722c131c704de085ea32f59,,Brown spot,RiceLeafDiseaseBD,PRIMARY_DEVELOPMENT_DATASET,PRIMARY_011512,D:\BTech Final Year Project\RiceLeafDiseaseBD A Field-Based Annotated Smartpho\RiceLeafDiseaseBD A Field-Based Annotated Smartpho\RiceLeafDiseaseBD\RiceLeafDiseaseBD\Annotated images ( visual with labels)\Brown spot\labels\brown spot_831.txt,UNIQUE_GROUP_004406,False,calibration
brown spot_833.jpg,.jpg,Original images/Brown spot/brown spot_833.jpg,304654,True,1024,1024,1.0,RGB,3,JPEG,e466187a0a5c0ede0cde4496a186b1a5acb650e97472fbf7e1dc2a36d7c2fcaf,,Brown spot,RiceLeafDiseaseBD,PRIMARY_DEVELOPMENT_DATASET,PRIMARY_011514,D:\BTech Final Year Project\RiceLeafDiseaseBD A Field-Based Annotated Smartpho\RiceLeafDiseaseBD A Field-Based Annotated Smartpho\RiceLeafDiseaseBD\RiceLeafDiseaseBD\Annotated images ( visual with labels)\Brown spot\labels\brown spot_833.txt,UNIQUE_GROUP_015937,False,calibration
brown spot_839.jpg,.jpg,Original images/Brown spot/brown spot_839.jpg,328980,True,1024,1024,1.0,RGB,3,JPEG,73eb5585fea80854ff07b02673d4e4340b72ba78fed741c04de542e0135eb42b,,Brown spot,RiceLeafDiseaseBD,PRIMARY_DEVELOPMENT_DATASET,PRIMARY_011520,D:\BTech Final Year Project\RiceLeafDiseaseBD A Field-Based Annotated Smartpho\RiceLeafDiseaseBD A Field-Based Annotated Smartpho\RiceLeafDiseaseBD\RiceLeafDiseaseBD\Annotated images ( visual with labels)\Brown spot\labels\brown spot_839.txt,UNIQUE_GROUP_008083,False,calibration
brown spot_84.jpg,.jpg,Original images/Brown spot/brown spot_84.jpg,327015,True,1024,1024,1.0,RGB,3,JPEG,1cb88a782f3fe92cbf7112f15264b04434d985f379db72273a8fbba2785a91a2,,Brown spot,RiceLeafDiseaseBD,PRIMARY_DEVELOPMENT_DATASET,PRIMARY_011521,D:\BTech Final Year Project\RiceLeafDiseaseBD A Field-Based Annotated Smartpho\RiceLeafDiseaseBD A Field-Based Annotated Smartpho\RiceLeafDiseaseBD\RiceLeafDiseaseBD\Annotated images ( visual with labels)\Brown spot\labels\brown spot_84.txt,UNIQUE_GROUP_002001,False,calibration
brown spot_842.jpg,.jpg,Original images/Brown spot/brown spot_842.jpg,335541,True,1024,1024,1.0,RGB,3,JPEG,794f0477400dec4c76e6a0a4fe2db4071ecbfdc29bea6377f2bf1d3fb08d2522,,Brown spot,RiceLeafDiseaseBD,PRIMARY_DEVELOPMENT_DATASET,PRIMARY_011524,D:\BTech Final Year Project\RiceLeafDiseaseBD A Field-Based Annotated Smartpho\RiceLeafDiseaseBD A Field-Based Annotated Smartpho\RiceLeafDiseaseBD\RiceLeafDiseaseBD\Annotated images ( visual with labels)\Brown spot\labels\brown spot_842.txt,UNIQUE_GROUP_008454,False,calibration
brown spot_850.jpg,.jpg,Original images/Brown spot/brown spot_850.jpg,321144,True,1024,1024,1.0,RGB,3,JPEG,aebe24a0b6f08d7aaf9a06faa4f6e6f18901189da22dbde56ef94c62bba843f7,,Brown spot,RiceLeafDiseaseBD,PRIMARY_DEVELOPMENT_DATASET,PRIMARY_011533,D:\BTech Final Year Project\RiceLeafDiseaseBD A Field-Based Annotated Smartpho\RiceLeafDiseaseBD A Field-Based Annotated Smartpho\RiceLeafDiseaseBD\RiceLeafDiseaseBD\Annotated images ( visual with labels)\Brown spot\labels\brown spot_850.txt,UNIQUE_GROUP_012225,False,calibration
brown spot_856.jpg,.jpg,Original images/Brown spot/brown spot_856.jpg,310176,True,1024,1024,1.0,RGB,3,JPEG,bc3d3be275ded9c678d5c370acb1b27d414f6b8b52cdba124ef5cea6ae49b7af,,Brown spot,RiceLeafDiseaseBD,PRIMARY_DEVELOPMENT_DATASET,PRIMARY_011539,D:\BTech Final Year Project\RiceLeafDiseaseBD A Field-Based Annotated Smartpho\RiceLeafDiseaseBD A Field-Based Annotated Smartpho\RiceLeafDiseaseBD\RiceLeafDiseaseBD\Annotated images ( visual with labels)\Brown spot\labels\brown spot_856.txt,UNIQUE_GROUP_013148,False,calibration
brown spot_882.jpg,.jpg,Original images/Brown spot/brown spot_882.jpg,303337,True,1024,1024,1.0,RGB,3,JPEG,79337ad29e1ee688db2779ea981dd311084371fc82c9d7b39cf475fbc5d4918a,,Brown spot,RiceLeafDiseaseBD,PRIMARY_DEVELOPMENT_DATASET,PRIMARY_011568,D:\BTech Final Year Project\RiceLeafDiseaseBD A Field-Based Annotated Smartpho\RiceLeafDiseaseBD A Field-Based Annotated Smartpho\RiceLeafDiseaseBD\RiceLeafDiseaseBD\Annotated images ( visual with labels)\Brown spot\labels\brown spot_882.txt,UNIQUE_GROUP_008445,False,calibration
brown spot_888.jpg,.jpg,Original images/Brown spot/brown spot_888.jpg,297149,True,1024,1024,1.0,RGB,3,JPEG,79025e7aeb6de9b29661b224481af0a31061b6f6e34d87e2b738706214d30e55,,Brown spot,RiceLeafDiseaseBD,PRIMARY_DEVELOPMENT_DATASET,PRIMARY_011574,D:\BTech Final Year Project\RiceLeafDiseaseBD A Field-Based Annotated Smartpho\RiceLeafDiseaseBD A Field-Based Annotated Smartpho\RiceLeafDiseaseBD\RiceLeafDiseaseBD\Annotated images ( visual with labels)\Brown spot\labels\brown spot_888.txt,UNIQUE_GROUP_008429,False,calibration
brown spot_895.jpg,.jpg,Original images/Brown spot/brown spot_895.jpg,301420,True,1024,1024,1.0,RGB,3,JPEG,7e8c07fa4499a22fb6f9dfa86701c832bcbbc41b476c2a6b07addc5183d386a0,,Brown spot,RiceLeafDiseaseBD,PRIMARY_DEVELOPMENT_DATASET,PRIMARY_011582,D:\BTech Final Year Project\RiceLeafDiseaseBD A Field-Based Annotated Smartpho\RiceLeafDiseaseBD A Field-Based Annotated Smartpho\RiceLeafDiseaseBD\RiceLeafDiseaseBD\Annotated images ( visual with labels)\Brown spot\labels\brown spot_895.txt,UNIQUE_GROUP_008845,False,calibration
brown spot_926.jpg,.jpg,Original images/Brown spot/brown spot_926.jpg,296596,True,1024,1024,1.0,RGB,3,JPEG,04e00790d8ff44f317224f0a1b50c30a14d06e43890215d8e50c022bb2a6fc69,,Brown spot,RiceLeafDiseaseBD,PRIMARY_DEVELOPMENT_DATASET,PRIMARY_011617,D:\BTech Final Year Project\RiceLeafDiseaseBD A Field-Based Annotated Smartpho\RiceLeafDiseaseBD A Field-Based Annotated Smartpho\RiceLeafDiseaseBD\RiceLeafDiseaseBD\Annotated images ( visual with labels)\Brown spot\labels\brown spot_926.txt,UNIQUE_GROUP_000314,False,calibration
brown spot_940.jpg,.jpg,Original images/Brown spot/brown spot_940.jpg,302937,True,1024,1024,1.0,RGB,3,JPEG,049d27c216fb497e66d086ac3f7030ce8671d197d908dc5f1da2badc2968cb6d,,Brown spot,RiceLeafDiseaseBD,PRIMARY_DEVELOPMENT_DATASET,PRIMARY_011633,D:\BTech Final Year Project\RiceLeafDiseaseBD A Field-Based Annotated Smartpho\RiceLeafDiseaseBD A Field-Based Annotated Smartpho\RiceLeafDiseaseBD\RiceLeafDiseaseBD\Annotated images ( visual with labels)\Brown spot\labels\brown spot_940.txt,UNIQUE_GROUP_000297,False,calibration
brown spot_944.jpg,.jpg,Original images/Brown spot/brown spot_944.jpg,317569,True,1024,1024,1.0,RGB,3,JPEG,c17c9bd21c7e136dbce504c3c0d75771adea9e0993438b1ce48350ae83d2ddd6,,Brown spot,RiceLeafDiseaseBD,PRIMARY_DEVELOPMENT_DATASET,PRIMARY_011637,D:\BTech Final Year Project\RiceLeafDiseaseBD A Field-Based Annotated Smartpho\RiceLeafDiseaseBD A Field-Based Annotated Smartpho\RiceLeafDiseaseBD\RiceLeafDiseaseBD\Annotated images ( visual with labels)\Brown spot\labels\brown spot_944.txt,UNIQUE_GROUP_013543,False,calibration
brown spot_959.jpg,.jpg,Original images/Brown spot/brown spot_959.jpg,304412,True,1024,1024,1.0,RGB,3,JPEG,bc850a879cdf6279b4105fad0dacf2696dcd02ade316a762d7445e1471ea5f13,,Brown spot,RiceLeafDiseaseBD,PRIMARY_DEVELOPMENT_DATASET,PRIMARY_011653,D:\BTech Final Year Project\RiceLeafDiseaseBD A Field-Based Annotated Smartpho\RiceLeafDiseaseBD A Field-Based Annotated Smartpho\RiceLeafDiseaseBD\RiceLeafDiseaseBD\Annotated images ( visual with labels)\Brown spot\labels\brown spot_959.txt,UNIQUE_GROUP_013172,False,calibration
brown spot_96.jpg,.jpg,Original images/Brown spot/brown spot_96.jpg,281488,True,1024,1024,1.0,RGB,3,JPEG,b078ec95d939f03710f09f3e476a0bb94059c3049502b9a7a2d0a19f7c5ba193,,Brown spot,RiceLeafDiseaseBD,PRIMARY_DEVELOPMENT_DATASET,PRIMARY_011654,D:\BTech Final Year Project\RiceLeafDiseaseBD A Field-Based Annotated Smartpho\RiceLeafDiseaseBD A Field-Based Annotated Smartpho\RiceLeafDiseaseBD\RiceLeafDiseaseBD\Annotated images ( visual with labels)\Brown spot\labels\brown spot_96.txt,UNIQUE_GROUP_012342,False,calibration
brown spot_968.jpg,.jpg,Original images/Brown spot/brown spot_968.jpg,357116,True,1024,1024,1.0,RGB,3,JPEG,c37791a2db5f6e9c1905a290c79147dbd45bf2e3d91e7592e2d49f8ed1b896d9,,Brown spot,RiceLeafDiseaseBD,PRIMARY_DEVELOPMENT_DATASET,PRIMARY_011663,D:\BTech Final Year Project\RiceLeafDiseaseBD A Field-Based Annotated Smartpho\RiceLeafDiseaseBD A Field-Based Annotated Smartpho\RiceLeafDiseaseBD\RiceLeafDiseaseBD\Annotated images ( visual with labels)\Brown spot\labels\brown spot_968.txt,UNIQUE_GROUP_013675,False,calibration
brown spot_969.jpg,.jpg,Original images/Brown spot/brown spot_969.jpg,379593,True,1024,1024,1.0,RGB,3,JPEG,1234fcb67e5c051cb03a3d32d124e023dd83cd4d35b1b3c14a1fa8fdb5a81228,,Brown spot,RiceLeafDiseaseBD,PRIMARY_DEVELOPMENT_DATASET,PRIMARY_011664,D:\BTech Final Year Project\RiceLeafDiseaseBD A Field-Based Annotated Smartpho\RiceLeafDiseaseBD A Field-Based Annotated Smartpho\RiceLeafDiseaseBD\RiceLeafDiseaseBD\Annotated images ( visual with labels)\Brown spot\labels\brown spot_969.txt,UNIQUE_GROUP_001252,False,calibration
brown spot_973.jpg,.jpg,Original images/Brown spot/brown spot_973.jpg,351089,True,1024,1024,1.0,RGB,3,JPEG,624cc76bd7d3c63a3f64e815fcafc5d1275023cb45de6a64fa35a8c015b9d4ca,,Brown spot,RiceLeafDiseaseBD,PRIMARY_DEVELOPMENT_DATASET,PRIMARY_011669,D:\BTech Final Year Project\RiceLeafDiseaseBD A Field-Based Annotated Smartpho\RiceLeafDiseaseBD A Field-Based Annotated Smartpho\RiceLeafDiseaseBD\RiceLeafDiseaseBD\Annotated images ( visual with labels)\Brown spot\labels\brown spot_973.txt,UNIQUE_GROUP_006880,False,calibration
brown spot_977.jpg,.jpg,Original images/Brown spot/brown spot_977.jpg,341034,True,1024,1024,1.0,RGB,3,JPEG,a79e78839c2a4b092d7d00c7cc5c92438a70d70c824785055efc45aff1316145,,Brown spot,RiceLeafDiseaseBD,PRIMARY_DEVELOPMENT_DATASET,PRIMARY_011673,D:\BTech Final Year Project\RiceLeafDiseaseBD A Field-Based Annotated Smartpho\RiceLeafDiseaseBD A Field-Based Annotated Smartpho\RiceLeafDiseaseBD\RiceLeafDiseaseBD\Annotated images ( visual with labels)\Brown spot\labels\brown spot_977.txt,UNIQUE_GROUP_011734,False,calibration
brown spot_98.jpg,.jpg,Original images/Brown spot/brown spot_98.jpg,295028,True,1024,1024,1.0,RGB,3,JPEG,30a812349118918c177762b26ba87a91b072270ed1fb4bc93df2bba33348bf0f,,Brown spot,RiceLeafDiseaseBD,PRIMARY_DEVELOPMENT_DATASET,PRIMARY_011676,D:\BTech Final Year Project\RiceLeafDiseaseBD A Field-Based Annotated Smartpho\RiceLeafDiseaseBD A Field-Based Annotated Smartpho\RiceLeafDiseaseBD\RiceLeafDiseaseBD\Annotated images ( visual with labels)\Brown spot\labels\brown spot_98.txt,UNIQUE_GROUP_003405,False,calibration
brown spot_981.jpg,.jpg,Original images/Brown spot/brown spot_981.jpg,352557,True,1024,1024,1.0,RGB,3,JPEG,cf96ec075fd7285d0454e4f302b73d8a53f29aa7d8ae28415421b565960a91d8,,Brown spot,RiceLeafDiseaseBD,PRIMARY_DEVELOPMENT_DATASET,PRIMARY_011678,D:\BTech Final Year Project\RiceLeafDiseaseBD A Field-Based Annotated Smartpho\RiceLeafDiseaseBD A Field-Based Annotated Smartpho\RiceLeafDiseaseBD\RiceLeafDiseaseBD\Annotated images ( visual with labels)\Brown spot\labels\brown spot_981.txt,UNIQUE_GROUP_014509,False,calibration
Healthy_1005.jpg,.jpg,Original images/Healthy/Healthy_1005.jpg,358199,True,1024,1024,1.0,RGB,3,JPEG,54bdd9f5691c1411671b0859e67d4cedf83c5f7acc8bd020e2fa7463dbfc7f7e,,Healthy,RiceLeafDiseaseBD,PRIMARY_DEVELOPMENT_DATASET,PRIMARY_011706,,UNIQUE_GROUP_005922,False,calibration
Healthy_1006.jpg,.jpg,Original images/Healthy/Healthy_1006.jpg,291945,True,1024,1024,1.0,RGB,3,JPEG,ad0401d4712302994a6da4954720165d7e78dde5c1201d202930c99faf30c77f,,Healthy,RiceLeafDiseaseBD,PRIMARY_DEVELOPMENT_DATASET,PRIMARY_011707,,UNIQUE_GROUP_012114,False,calibration
Healthy_1019.jpg,.jpg,Original images/Healthy/Healthy_1019.jpg,325145,True,1024,1024,1.0,RGB,3,JPEG,f607f8a037d58be586a46578e7a550774b68efcd707c9cf45eee44bf63f6cabb,,Healthy,RiceLeafDiseaseBD,PRIMARY_DEVELOPMENT_DATASET,PRIMARY_011721,,UNIQUE_GROUP_017120,False,calibration
Healthy_1022.jpg,.jpg,Original images/Healthy/Healthy_1022.jpg,321068,True,1024,1024,1.0,RGB,3,JPEG,8311699077d54e902cc09cfda78aea7a6668ff6b93a3c7e9b1a3213a89d53813,,Healthy,RiceLeafDiseaseBD,PRIMARY_DEVELOPMENT_DATASET,PRIMARY_011725,,UNIQUE_GROUP_009160,False,calibration
Healthy_1030.jpg,.jpg,Original images/Healthy/Healthy_1030.jpg,305732,True,1024,1024,1.0,RGB,3,JPEG,420d1d75c40a74314be2667ae508472aab3e2b2e90debef105e32343413fde45,,Healthy,RiceLeafDiseaseBD,PRIMARY_DEVELOPMENT_DATASET,PRIMARY_011734,,UNIQUE_GROUP_004612,False,calibration
Healthy_1032.jpg,.jpg,Original images/Healthy/Healthy_1032.jpg,306978,True,1024,1024,1.0,RGB,3,JPEG,a0ecbf24f07a9ad10c4dd670332f47c000fed270c2ba7f8bc867702b322b10f1,,Healthy,RiceLeafDiseaseBD,PRIMARY_DEVELOPMENT_DATASET,PRIMARY_011736,,UNIQUE_GROUP_011276,False,calibration
Healthy_1034.jpg,.jpg,Original images/Healthy/Healthy_1034.jpg,307897,True,1024,1024,1.0,RGB,3,JPEG,48ff9c9c1f24d4b855447b746d1a12ed607ccd1da9f5200c5d3c9f143a64d654,,Healthy,RiceLeafDiseaseBD,PRIMARY_DEVELOPMENT_DATASET,PRIMARY_011738,,UNIQUE_GROUP_005089,False,calibration
Healthy_105.jpg,.jpg,Original images/Healthy/Healthy_105.jpg,312201,True,1024,1024,1.0,RGB,3,JPEG,c621c9afcd19bb51ccc3089b29312d7658aa0df9b62021f52ecefa2d654f6794,,Healthy,RiceLeafDiseaseBD,PRIMARY_DEVELOPMENT_DATASET,PRIMARY_011755,,UNIQUE_GROUP_013867,False,calibration
Healthy_1051.jpg,.jpg,Original images/Healthy/Healthy_1051.jpg,286482,True,1024,1024,1.0,RGB,3,JPEG,ca670ef2815682315bd241f32ce48ad2f5142f7c358db8f69e2a1aa23c036edd,,Healthy,RiceLeafDiseaseBD,PRIMARY_DEVELOPMENT_DATASET,PRIMARY_011757,,UNIQUE_GROUP_014156,False,calibration
Healthy_1056.jpg,.jpg,Original images/Healthy/Healthy_1056.jpg,291908,True,1024,1024,1.0,RGB,3,JPEG,02fbe699bcc6fb76e0310631a88cc9903551633f1964681c2d1c3edac105f04c,,Healthy,RiceLeafDiseaseBD,PRIMARY_DEVELOPMENT_DATASET,PRIMARY_011762,,UNIQUE_GROUP_000194,False,calibration
Healthy_1059.jpg,.jpg,Original images/Healthy/Healthy_1059.jpg,324568,True,1024,1024,1.0,RGB,3,JPEG,9b8565987f1078326cb9964bfb23a051112125de2b93388f842dcd9cd4c6c183,,Healthy,RiceLeafDiseaseBD,PRIMARY_DEVELOPMENT_DATASET,PRIMARY_011765,,UNIQUE_GROUP_010894,False,calibration
Healthy_1095.jpg,.jpg,Original images/Healthy/Healthy_1095.jpg,347678,True,1024,1024,1.0,RGB,3,JPEG,4fee9edf10ac49246db7064a954a72b61a0ee3beedea6d84c4e6b7fbdfb752e3,,Healthy,RiceLeafDiseaseBD,PRIMARY_DEVELOPMENT_DATASET,PRIMARY_011805,,UNIQUE_GROUP_005585,False,calibration
Healthy_1102.jpg,.jpg,Original images/Healthy/Healthy_1102.jpg,334530,True,1024,1024,1.0,RGB,3,JPEG,ae37afa2adc1f022ee93e270cf9f5c132745235ae6ef903182192351b4cb77ce,,Healthy,RiceLeafDiseaseBD,PRIMARY_DEVELOPMENT_DATASET,PRIMARY_011814,,UNIQUE_GROUP_012184,False,calibration
Healthy_111.jpg,.jpg,Original images/Healthy/Healthy_111.jpg,373629,True,1024,1024,1.0,RGB,3,JPEG,d9780d63bcc3a2e8bc7655a7382a8c6d571e7d52bb716ac51dd61b0f21a0aed9,,Healthy,RiceLeafDiseaseBD,PRIMARY_DEVELOPMENT_DATASET,PRIMARY_011822,,UNIQUE_GROUP_015212,False,calibration
Healthy_1124.jpg,.jpg,Original images/Healthy/Healthy_1124.jpg,331598,True,1024,1024,1.0,RGB,3,JPEG,15bd03c611cd48e57bb48f2832bb150b5f7967494b094ccd96560c9b4a3c10b4,,Healthy,RiceLeafDiseaseBD,PRIMARY_DEVELOPMENT_DATASET,PRIMARY_011838,,UNIQUE_GROUP_001484,False,calibration
Healthy_1138.jpg,.jpg,Original images/Healthy/Healthy_1138.jpg,320312,True,1024,1024,1.0,RGB,3,JPEG,3ca366befb3da2cfd29b4211200adcc8919db65c2315fd1bfa9531de07cef6d8,,Healthy,RiceLeafDiseaseBD,PRIMARY_DEVELOPMENT_DATASET,PRIMARY_011853,,UNIQUE_GROUP_004233,False,calibration
Healthy_1140.jpg,.jpg,Original images/Healthy/Healthy_1140.jpg,325694,True,1024,1024,1.0,RGB,3,JPEG,7600f4067a995e79c50dbab239901cfa595f32c690d1ca2a1ade376cfa60ef27,,Healthy,RiceLeafDiseaseBD,PRIMARY_DEVELOPMENT_DATASET,PRIMARY_011856,,UNIQUE_GROUP_008230,False,calibration
Healthy_1141.jpg,.jpg,Original images/Healthy/Healthy_1141.jpg,397527,True,1024,1024,1.0,RGB,3,JPEG,2f6760510eacc7ab1035b2839ed1fc1b61c362ab7267537a87dcec9a01561915,,Healthy,RiceLeafDiseaseBD,PRIMARY_DEVELOPMENT_DATASET,PRIMARY_011857,,UNIQUE_GROUP_003320,False,calibration
Healthy_1147.jpg,.jpg,Original images/Healthy/Healthy_1147.jpg,315279,True,1024,1024,1.0,RGB,3,JPEG,54f1a112fd736ec7cfb0d8a56e502e345773af88f1a62de994507c40501a7d88,,Healthy,RiceLeafDiseaseBD,PRIMARY_DEVELOPMENT_DATASET,PRIMARY_011863,,UNIQUE_GROUP_005947,False,calibration
Healthy_1165.jpg,.jpg,Original images/Healthy/Healthy_1165.jpg,329999,True,1024,1024,1.0,RGB,3,JPEG,9f675535c3008e5c8962eabe55092520822369baddffba4dda542fc49f8e82ef,,Healthy,RiceLeafDiseaseBD,PRIMARY_DEVELOPMENT_DATASET,PRIMARY_011883,,UNIQUE_GROUP_011163,False,calibration
Healthy_1167.jpg,.jpg,Original images/Healthy/Healthy_1167.jpg,326556,True,1024,1024,1.0,RGB,3,JPEG,a078afc08d27c18e836fadd6adbb5b8631c13001ee020ba7209ec7c3b864b3c9,,Healthy,RiceLeafDiseaseBD,PRIMARY_DEVELOPMENT_DATASET,PRIMARY_011885,,UNIQUE_GROUP_011234,False,calibration
Healthy_1173.jpg,.jpg,Original images/Healthy/Healthy_1173.jpg,323814,True,1024,1024,1.0,RGB,3,JPEG,8f6135b89ee5fb3fbdf7b557be5798db695fa60cb0538a3e50c55a660cb1bd95,,Healthy,RiceLeafDiseaseBD,PRIMARY_DEVELOPMENT_DATASET,PRIMARY_011892,,UNIQUE_GROUP_010037,False,calibration
Healthy_1175.jpg,.jpg,Original images/Healthy/Healthy_1175.jpg,311387,True,1024,1024,1.0,RGB,3,JPEG,464a27587ad21e82a24ccdbd0943aaeaa08edfe136ec61e38db41ac5b338760e,,Healthy,RiceLeafDiseaseBD,PRIMARY_DEVELOPMENT_DATASET,PRIMARY_011894,,UNIQUE_GROUP_004905,False,calibration
Healthy_1196.jpg,.jpg,Original images/Healthy/Healthy_1196.jpg,374252,True,1024,1024,1.0,RGB,3,JPEG,ecf73307451e83a2b698933b3b2eefcb882459e4f4295dc782e7a6e5e13c9042,,Healthy,RiceLeafDiseaseBD,PRIMARY_DEVELOPMENT_DATASET,PRIMARY_011917,,UNIQUE_GROUP_016519,False,calibration
Healthy_121.jpg,.jpg,Original images/Healthy/Healthy_121.jpg,317202,True,1024,1024,1.0,RGB,3,JPEG,05eededa44d8ac07d50768fb904e4821619bca3586f825d05e2cbc3f4047cfa7,,Healthy,RiceLeafDiseaseBD,PRIMARY_DEVELOPMENT_DATASET,PRIMARY_011933,,UNIQUE_GROUP_000393,False,calibration
Healthy_122.jpg,.jpg,Original images/Healthy/Healthy_122.jpg,357578,True,1024,1024,1.0,RGB,3,JPEG,b4e6d176286b6195b4e7fdd6310dbd1be24bf1067d8a71556e583cf93dd7cca4,,Healthy,RiceLeafDiseaseBD,PRIMARY_DEVELOPMENT_DATASET,PRIMARY_011944,,UNIQUE_GROUP_012654,False,calibration
Healthy_1231.jpg,.jpg,Original images/Healthy/Healthy_1231.jpg,316965,True,1024,1024,1.0,RGB,3,JPEG,eff2712426f47f729f2c652f1ad73df4e4fec46f9a88cf66fed27e3387087612,,Healthy,RiceLeafDiseaseBD,PRIMARY_DEVELOPMENT_DATASET,PRIMARY_011957,,UNIQUE_GROUP_016720,False,calibration
Healthy_1235.jpg,.jpg,Original images/Healthy/Healthy_1235.jpg,312150,True,1024,1024,1.0,RGB,3,JPEG,f97b1c57d81ebab5b5fce481b782e54f1baf743d68f55e4fd26c5d95c5362194,,Healthy,RiceLeafDiseaseBD,PRIMARY_DEVELOPMENT_DATASET,PRIMARY_011961,,UNIQUE_GROUP_017386,False,calibration
Healthy_1249.jpg,.jpg,Original images/Healthy/Healthy_1249.jpg,370975,True,1024,1024,1.0,RGB,3,JPEG,2399867ee54a79f7f090f55348c65f953823c7939e99bbfe378a9d748616525b,,Healthy,RiceLeafDiseaseBD,PRIMARY_DEVELOPMENT_DATASET,PRIMARY_011976,,UNIQUE_GROUP_002499,False,calibration
Healthy_1256.jpg,.jpg,Original images/Healthy/Healthy_1256.jpg,280444,True,1024,1024,1.0,RGB,3,JPEG,1193b20ffc1b192b9b9e77e74b75130a49d86d50d6b6e40a061fba3ff5a8d4ac,,Healthy,RiceLeafDiseaseBD,PRIMARY_DEVELOPMENT_DATASET,PRIMARY_011984,,UNIQUE_GROUP_001207,False,calibration
Healthy_1259.jpg,.jpg,Original images/Healthy/Healthy_1259.jpg,323706,True,1024,1024,1.0,RGB,3,JPEG,4ae8b1dd473dd11e28f206c56134e044e400cc514533c1545b74bc24c590ba95,,Healthy,RiceLeafDiseaseBD,PRIMARY_DEVELOPMENT_DATASET,PRIMARY_011987,,UNIQUE_GROUP_005236,False,calibration
Healthy_1269.jpg,.jpg,Original images/Healthy/Healthy_1269.jpg,313193,True,1024,1024,1.0,RGB,3,JPEG,0314f05a1c08bc8591000f350a23f422de38829641b4560681b0b23079563b9d,,Healthy,RiceLeafDiseaseBD,PRIMARY_DEVELOPMENT_DATASET,PRIMARY_011998,,UNIQUE_GROUP_000201,False,calibration
Healthy_1273.jpg,.jpg,Original images/Healthy/Healthy_1273.jpg,328080,True,1024,1024,1.0,RGB,3,JPEG,1b6d933a180abe6f85acfde06c29bf82c086d81d359e304f25799620f4c0be1b,,Healthy,RiceLeafDiseaseBD,PRIMARY_DEVELOPMENT_DATASET,PRIMARY_012003,,UNIQUE_GROUP_001918,False,calibration
Healthy_1293.jpg,.jpg,Original images/Healthy/Healthy_1293.jpg,329066,True,1024,1024,1.0,RGB,3,JPEG,d9f2bda1aedf537df254d811c00527ae0a96242199766641b3269da8986f17dc,,Healthy,RiceLeafDiseaseBD,PRIMARY_DEVELOPMENT_DATASET,PRIMARY_012025,,UNIQUE_GROUP_015247,False,calibration
Healthy_13.jpg,.jpg,Original images/Healthy/Healthy_13.jpg,309805,True,1024,1024,1.0,RGB,3,JPEG,809eabb1d6631bc83a21e6a895d55f873985b229b21775353255ddfc409496ff,,Healthy,RiceLeafDiseaseBD,PRIMARY_DEVELOPMENT_DATASET,PRIMARY_012032,,UNIQUE_GROUP_008986,False,calibration
Healthy_1305.jpg,.jpg,Original images/Healthy/Healthy_1305.jpg,299046,True,1024,1024,1.0,RGB,3,JPEG,77f6d486c6f6faedee67c53aa3b89d0d8f693ddd9e430a03a9249bd3e36910e8,,Healthy,RiceLeafDiseaseBD,PRIMARY_DEVELOPMENT_DATASET,PRIMARY_012039,,UNIQUE_GROUP_008369,False,calibration
Healthy_1316.jpg,.jpg,Original images/Healthy/Healthy_1316.jpg,323644,True,1024,1024,1.0,RGB,3,JPEG,bf3f784ff279db91b8e9e209a3ae81fc3b6c52279e5e3f42042e0c723cc179a7,,Healthy,RiceLeafDiseaseBD,PRIMARY_DEVELOPMENT_DATASET,PRIMARY_012051,,UNIQUE_GROUP_013370,False,calibration
Healthy_1338.jpg,.jpg,Original images/Healthy/Healthy_1338.jpg,295245,True,1024,1024,1.0,RGB,3,JPEG,b6342dd76d64cbc9044d19ac5c89c161ce974cbe35a3a740e7f7de8ec073efad,,Healthy,RiceLeafDiseaseBD,PRIMARY_DEVELOPMENT_DATASET,PRIMARY_012075,,UNIQUE_GROUP_012739,False,calibration
Healthy_1360.jpg,.jpg,Original images/Healthy/Healthy_1360.jpg,296575,True,1024,1024,1.0,RGB,3,JPEG,d1f5d4b85c355270cf62cca538c7248da05a559ba0d0823a41c2e30d833bb2a6,,Healthy,RiceLeafDiseaseBD,PRIMARY_DEVELOPMENT_DATASET,PRIMARY_012100,,UNIQUE_GROUP_014698,False,calibration
Healthy_1361.jpg,.jpg,Original images/Healthy/Healthy_1361.jpg,306080,True,1024,1024,1.0,RGB,3,JPEG,d17f9b6afb4adcdd9e266110df3a91df8a956a340debb9e18046ddbfcd25000d,,Healthy,RiceLeafDiseaseBD,PRIMARY_DEVELOPMENT_DATASET,PRIMARY_012101,,UNIQUE_GROUP_014659,False,calibration
Healthy_137.jpg,.jpg,Original images/Healthy/Healthy_137.jpg,305029,True,1024,1024,1.0,RGB,3,JPEG,76c103befc9682acec7e53b7c37b176128ed1c553e9a43fbdb189818403f871a,,Healthy,RiceLeafDiseaseBD,PRIMARY_DEVELOPMENT_DATASET,PRIMARY_012110,,UNIQUE_GROUP_008275,False,calibration
Healthy_1370.jpg,.jpg,Original images/Healthy/Healthy_1370.jpg,287941,True,1024,1024,1.0,RGB,3,JPEG,c2ad07f8602eb5608d9ffc7fefc35f46f223f2e955090da9cb8bf8b2665d4949,,Healthy,RiceLeafDiseaseBD,PRIMARY_DEVELOPMENT_DATASET,PRIMARY_012111,,UNIQUE_GROUP_013629,False,calibration
Healthy_14.jpg,.jpg,Original images/Healthy/Healthy_14.jpg,357930,True,1024,1024,1.0,RGB,3,JPEG,714132cb3257604801214f2496178842576f8fe60173c0dbd994e20fa9680ea7,,Healthy,RiceLeafDiseaseBD,PRIMARY_DEVELOPMENT_DATASET,PRIMARY_012143,,UNIQUE_GROUP_007908,False,calibration
Healthy_1408.jpg,.jpg,Original images/Healthy/Healthy_1408.jpg,449457,True,1024,1024,1.0,RGB,3,JPEG,5fc82b4f2183526bc819d9926dea6fee42a08680256a90fa8b87c9c7f453d970,,Healthy,RiceLeafDiseaseBD,PRIMARY_DEVELOPMENT_DATASET,PRIMARY_012153,,UNIQUE_GROUP_006717,False,calibration
Healthy_1411.jpg,.jpg,Original images/Healthy/Healthy_1411.jpg,314910,True,1024,1024,1.0,RGB,3,JPEG,b77bd4390999977ce888b369be27e4b9d1a02b226cc22c295f4c874c3fe9a732,,Healthy,RiceLeafDiseaseBD,PRIMARY_DEVELOPMENT_DATASET,PRIMARY_012157,,UNIQUE_GROUP_012818,False,calibration
Healthy_142.jpg,.jpg,Original images/Healthy/Healthy_142.jpg,312331,True,1024,1024,1.0,RGB,3,JPEG,3e23f02f3fe79641ef72df73684a235463d4b4c3f91e9bb59f642351431f90cf,,Healthy,RiceLeafDiseaseBD,PRIMARY_DEVELOPMENT_DATASET,PRIMARY_012166,,UNIQUE_GROUP_004338,False,calibration
Healthy_1425.jpg,.jpg,Original images/Healthy/Healthy_1425.jpg,486460,True,1024,1024,1.0,RGB,3,JPEG,3a3ff7fa5d9452f89122fa2f1b9258d1ab31f5ff9f77fe8cafc5967f732a4668,,Healthy,RiceLeafDiseaseBD,PRIMARY_DEVELOPMENT_DATASET,PRIMARY_012172,,UNIQUE_GROUP_004080,False,calibration
Healthy_1444.jpg,.jpg,Original images/Healthy/Healthy_1444.jpg,310196,True,1024,1024,1.0,RGB,3,JPEG,e69343e1dbd500394224ec0dfdbad5345c15f2c021923ea45179dd03ecd9e274,,Healthy,RiceLeafDiseaseBD,PRIMARY_DEVELOPMENT_DATASET,PRIMARY_012193,,UNIQUE_GROUP_016089,False,calibration
Healthy_145.jpg,.jpg,Original images/Healthy/Healthy_145.jpg,294420,True,1024,1024,1.0,RGB,3,JPEG,9996b0c65e10ed17b0ad521cee1e4f980aed4b07e4f5bd768a9f9a0b0b94db3d,,Healthy,RiceLeafDiseaseBD,PRIMARY_DEVELOPMENT_DATASET,PRIMARY_012199,,UNIQUE_GROUP_010743,False,calibration
Healthy_1470.jpg,.jpg,Original images/Healthy/Healthy_1470.jpg,363164,True,1024,1024,1.0,RGB,3,JPEG,aa24f7cc625ddc177cc5eab05fe4e7c7f18b5b2e78298a5867ab6d7d5d4957c9,,Healthy,RiceLeafDiseaseBD,PRIMARY_DEVELOPMENT_DATASET,PRIMARY_012222,,UNIQUE_GROUP_011920,False,calibration
Healthy_1484.jpg,.jpg,Original images/Healthy/Healthy_1484.jpg,373532,True,1024,1024,1.0,RGB,3,JPEG,f2845e4e0f9a0b2b6608759b379c12bcd21a06770baac4cd11e6a213f02e3e86,,Healthy,RiceLeafDiseaseBD,PRIMARY_DEVELOPMENT_DATASET,PRIMARY_012237,,UNIQUE_GROUP_016886,False,calibration
Healthy_1500.jpg,.jpg,Original images/Healthy/Healthy_1500.jpg,235263,True,1024,1024,1.0,RGB,3,JPEG,c4e93157273f97e7e32ddc4ad61dc694e37a7a050c86ee93cdc64a858d511c99,,Healthy,RiceLeafDiseaseBD,PRIMARY_DEVELOPMENT_DATASET,PRIMARY_012256,,UNIQUE_GROUP_013788,False,calibration
Healthy_1505.jpg,.jpg,Original images/Healthy/Healthy_1505.jpg,294591,True,1024,1024,1.0,RGB,3,JPEG,3ae8d22c0208c73d003cf34bc8348e1b84429c1fa1f23b0adfd0645deafa0d14,,Healthy,RiceLeafDiseaseBD,PRIMARY_DEVELOPMENT_DATASET,PRIMARY_012261,,UNIQUE_GROUP_004126,False,calibration
Healthy_1533.jpg,.jpg,Original images/Healthy/Healthy_1533.jpg,219511,True,1024,1024,1.0,RGB,3,JPEG,b6f9e712eb17f30e04b8c44f94a7437eedcf1d0d7c4cb6483f92db735c899df4,,Healthy,RiceLeafDiseaseBD,PRIMARY_DEVELOPMENT_DATASET,PRIMARY_012292,,UNIQUE_GROUP_012794,False,calibration
Healthy_1537.jpg,.jpg,Original images/Healthy/Healthy_1537.jpg,241262,True,1024,1024,1.0,RGB,3,JPEG,72d18bbe421d912944ebb22f3fb5203462785888a341e006c7fd19c58fe3d421,,Healthy,RiceLeafDiseaseBD,PRIMARY_DEVELOPMENT_DATASET,PRIMARY_012296,,UNIQUE_GROUP_008021,False,calibration
Healthy_1543.jpg,.jpg,Original images/Healthy/Healthy_1543.jpg,219160,True,1024,1024,1.0,RGB,3,JPEG,e01ac7a3f929f1d221c9dab3fc50a55b0a41ce5a48c7b2b85ec653566edbe397,,Healthy,RiceLeafDiseaseBD,PRIMARY_DEVELOPMENT_DATASET,PRIMARY_012303,,UNIQUE_GROUP_015647,False,calibration
Healthy_1549.jpg,.jpg,Original images/Healthy/Healthy_1549.jpg,266813,True,1024,1024,1.0,RGB,3,JPEG,bcc429bef5255b5857d75691d185bbd0f31379929511f27848f80d8f73bed66e,,Healthy,RiceLeafDiseaseBD,PRIMARY_DEVELOPMENT_DATASET,PRIMARY_012309,,UNIQUE_GROUP_013190,False,calibration
Healthy_155.jpg,.jpg,Original images/Healthy/Healthy_155.jpg,302622,True,1024,1024,1.0,RGB,3,JPEG,eb6697af16be4d496d89b9b395a48589c8c2b902913b7afc57ac51d8147a066c,,Healthy,RiceLeafDiseaseBD,PRIMARY_DEVELOPMENT_DATASET,PRIMARY_012310,,UNIQUE_GROUP_016404,False,calibration
Healthy_1573.jpg,.jpg,Original images/Healthy/Healthy_1573.jpg,247936,True,1024,1024,1.0,RGB,3,JPEG,e6e745fff15c327ec9b9449f9c5d7acd2a0d08df005522228d26c73de7e1607a,,Healthy,RiceLeafDiseaseBD,PRIMARY_DEVELOPMENT_DATASET,PRIMARY_012336,,UNIQUE_GROUP_016114,False,calibration
Healthy_16.jpg,.jpg,Original images/Healthy/Healthy_16.jpg,343327,True,1024,1024,1.0,RGB,3,JPEG,bfecd1cdc0e855ad1729c87ce05a5c3b5ae5c500d7e7e10af53f532ed1306ac6,,Healthy,RiceLeafDiseaseBD,PRIMARY_DEVELOPMENT_DATASET,PRIMARY_012341,,UNIQUE_GROUP_013424,False,calibration
Healthy_167.jpg,.jpg,Original images/Healthy/Healthy_167.jpg,289480,True,1024,1024,1.0,RGB,3,JPEG,0d7a256e8d2356dce591e57cb3171a09a788decd022aa90d68391ec7a30e2207,,Healthy,RiceLeafDiseaseBD,PRIMARY_DEVELOPMENT_DATASET,PRIMARY_012349,,UNIQUE_GROUP_000925,False,calibration
Healthy_168.jpg,.jpg,Original images/Healthy/Healthy_168.jpg,374594,True,1024,1024,1.0,RGB,3,JPEG,c83dcf185a1671113217791c92921900cb93df56be04ef3c42d11129f445b5a5,,Healthy,RiceLeafDiseaseBD,PRIMARY_DEVELOPMENT_DATASET,PRIMARY_012350,,UNIQUE_GROUP_014014,False,calibration
Healthy_171.jpg,.jpg,Original images/Healthy/Healthy_171.jpg,309296,True,1024,1024,1.0,RGB,3,JPEG,dc37b0133f516f0c46577cd8d158cd0e443c3395e4b56d6648dfa8261d5cc1d1,,Healthy,RiceLeafDiseaseBD,PRIMARY_DEVELOPMENT_DATASET,PRIMARY_012354,,UNIQUE_GROUP_015392,False,calibration
Healthy_176.jpg,.jpg,Original images/Healthy/Healthy_176.jpg,302042,True,1024,1024,1.0,RGB,3,JPEG,f7da77bb6f1bd22ff35844fb1b866ca24d4a2124ca98cd749f13f03fc93afe31,,Healthy,RiceLeafDiseaseBD,PRIMARY_DEVELOPMENT_DATASET,PRIMARY_012359,,UNIQUE_GROUP_017260,False,calibration
Healthy_179.jpg,.jpg,Original images/Healthy/Healthy_179.jpg,346256,True,1024,1024,1.0,RGB,3,JPEG,90dd792bf4c68d45f669598845427571d167001135b68cf2c3a948b4ebfe0c51,,Healthy,RiceLeafDiseaseBD,PRIMARY_DEVELOPMENT_DATASET,PRIMARY_012362,,UNIQUE_GROUP_010127,False,calibration
Healthy_18.jpg,.jpg,Original images/Healthy/Healthy_18.jpg,336581,True,1024,1024,1.0,RGB,3,JPEG,be10d0a6cd30850140e56c91b9fc12b3f2b1a449364f954090f8cb88968b4c9c,,Healthy,RiceLeafDiseaseBD,PRIMARY_DEVELOPMENT_DATASET,PRIMARY_012363,,UNIQUE_GROUP_013282,False,calibration
Healthy_194.jpg,.jpg,Original images/Healthy/Healthy_194.jpg,344582,True,1024,1024,1.0,RGB,3,JPEG,16ce61de21f73c93411b4a3dff92b148bb750a8c39e4a6e36b169d6a5fb452cd,,Healthy,RiceLeafDiseaseBD,PRIMARY_DEVELOPMENT_DATASET,PRIMARY_012379,,UNIQUE_GROUP_001553,False,calibration
Healthy_197.jpg,.jpg,Original images/Healthy/Healthy_197.jpg,340925,True,1024,1024,1.0,RGB,3,JPEG,3ddd6463eb96b441e36f2f2ee6e49ea5ac03300d2898ab55ed144b921f68f591,,Healthy,RiceLeafDiseaseBD,PRIMARY_DEVELOPMENT_DATASET,PRIMARY_012382,,UNIQUE_GROUP_004315,False,calibration
Healthy_200.jpg,.jpg,Original images/Healthy/Healthy_200.jpg,311004,True,1024,1024,1.0,RGB,3,JPEG,5db820814e4da4dd3192ee00bf6712d30e522f7416a64821536ec4e0293a2622,,Healthy,RiceLeafDiseaseBD,PRIMARY_DEVELOPMENT_DATASET,PRIMARY_012387,,UNIQUE_GROUP_006554,False,calibration
Healthy_221.jpg,.jpg,Original images/Healthy/Healthy_221.jpg,325587,True,1024,1024,1.0,RGB,3,JPEG,32c5b3de35ff8572381fe69d61cca2608d9238725b8661148909f59741859598,,Healthy,RiceLeafDiseaseBD,PRIMARY_DEVELOPMENT_DATASET,PRIMARY_012410,,UNIQUE_GROUP_003548,False,calibration
Healthy_235.jpg,.jpg,Original images/Healthy/Healthy_235.jpg,325732,True,1024,1024,1.0,RGB,3,JPEG,610c425628ff7b7931b8b31586a74ac3ab16fd48098df1e578bd3c323d560ee2,,Healthy,RiceLeafDiseaseBD,PRIMARY_DEVELOPMENT_DATASET,PRIMARY_012425,,UNIQUE_GROUP_006806,False,calibration
Healthy_237.jpg,.jpg,Original images/Healthy/Healthy_237.jpg,358137,True,1024,1024,1.0,RGB,3,JPEG,51cbb0b4789a01abfd544cd909cc641891d4f231c2cdc88e3bb289ef35ae89bb,,Healthy,RiceLeafDiseaseBD,PRIMARY_DEVELOPMENT_DATASET,PRIMARY_012427,,UNIQUE_GROUP_005715,False,calibration
Healthy_26.jpg,.jpg,Original images/Healthy/Healthy_26.jpg,299203,True,1024,1024,1.0,RGB,3,JPEG,79757d9e2cf8c59d72d89bb3e97322a3b58140604a5581d36710399a65e2fce0,,Healthy,RiceLeafDiseaseBD,PRIMARY_DEVELOPMENT_DATASET,PRIMARY_012452,,UNIQUE_GROUP_008467,False,calibration
Healthy_271.jpg,.jpg,Original images/Healthy/Healthy_271.jpg,325965,True,1024,1024,1.0,RGB,3,JPEG,41cf6cd4bd45e43ad8bbb4cd468b4c85174b69c09b99b7d981eb60785f446b1d,,Healthy,RiceLeafDiseaseBD,PRIMARY_DEVELOPMENT_DATASET,PRIMARY_012465,,UNIQUE_GROUP_004595,False,calibration
Healthy_325.jpg,.jpg,Original images/Healthy/Healthy_325.jpg,332117,True,1024,1024,1.0,RGB,3,JPEG,55009b0cf355e378d9cb2957e4dd4fa722acd666b0593cd480eb97481ecc6eb8,,Healthy,RiceLeafDiseaseBD,PRIMARY_DEVELOPMENT_DATASET,PRIMARY_012525,,UNIQUE_GROUP_005951,False,calibration
Healthy_329.jpg,.jpg,Original images/Healthy/Healthy_329.jpg,296932,True,1024,1024,1.0,RGB,3,JPEG,45158ce36b7cb14fef14636a183b34686974abb5728797468d4690a6bafd6272,,Healthy,RiceLeafDiseaseBD,PRIMARY_DEVELOPMENT_DATASET,PRIMARY_012529,,UNIQUE_GROUP_004825,False,calibration
Healthy_336.jpg,.jpg,Original images/Healthy/Healthy_336.jpg,367750,True,1024,1024,1.0,RGB,3,JPEG,d88724df785d7ef589a17bcf2c0a0426cf96dd085e0abd2cf52cbef9f2452ee3,,Healthy,RiceLeafDiseaseBD,PRIMARY_DEVELOPMENT_DATASET,PRIMARY_012537,,UNIQUE_GROUP_015144,False,calibration
Healthy_350.jpg,.jpg,Original images/Healthy/Healthy_350.jpg,322530,True,1024,1024,1.0,RGB,3,JPEG,6515bdc95724b7dc6461b7b7e35798e3df6ec9b5b102f8fd4b4d6d7a11b829ff,,Healthy,RiceLeafDiseaseBD,PRIMARY_DEVELOPMENT_DATASET,PRIMARY_012553,,UNIQUE_GROUP_007082,False,calibration
Healthy_361.jpg,.jpg,Original images/Healthy/Healthy_361.jpg,331597,True,1024,1024,1.0,RGB,3,JPEG,dd329f9bd5e40f29ee8f4639bb11da9cf8ba4896e7c5196154dd628baf04665d,,Healthy,RiceLeafDiseaseBD,PRIMARY_DEVELOPMENT_DATASET,PRIMARY_012565,,UNIQUE_GROUP_015454,False,calibration
Healthy_369.jpg,.jpg,Original images/Healthy/Healthy_369.jpg,344825,True,1024,1024,1.0,RGB,3,JPEG,717b50f9cd883bf19c4e70360a000cf7c8cdd345e29457f7c4f7cebbd10848a7,,Healthy,RiceLeafDiseaseBD,PRIMARY_DEVELOPMENT_DATASET,PRIMARY_012573,,UNIQUE_GROUP_007933,False,calibration
Healthy_378.jpg,.jpg,Original images/Healthy/Healthy_378.jpg,356166,True,1024,1024,1.0,RGB,3,JPEG,0c1d602317d8df1244c1eeee9454dffee17069f3f17e04a1412996a94d8566fa,,Healthy,RiceLeafDiseaseBD,PRIMARY_DEVELOPMENT_DATASET,PRIMARY_012583,,UNIQUE_GROUP_000824,False,calibration
Healthy_38.jpg,.jpg,Original images/Healthy/Healthy_38.jpg,352737,True,1024,1024,1.0,RGB,3,JPEG,f60fdd5d10eadf3856866985ff9acb0a09b0851ee9de01c5a39b3086d0404bc1,,Healthy,RiceLeafDiseaseBD,PRIMARY_DEVELOPMENT_DATASET,PRIMARY_012585,,UNIQUE_GROUP_017122,False,calibration
Healthy_384.jpg,.jpg,Original images/Healthy/Healthy_384.jpg,313974,True,1024,1024,1.0,RGB,3,JPEG,283b99b0d39363f9391fd2c053ec181f2725ad87df05d16f0edd56c2f7fc85b7,,Healthy,RiceLeafDiseaseBD,PRIMARY_DEVELOPMENT_DATASET,PRIMARY_012590,,UNIQUE_GROUP_002816,False,calibration
Healthy_399.jpg,.jpg,Original images/Healthy/Healthy_399.jpg,335664,True,1024,1024,1.0,RGB,3,JPEG,cbefc8983221ec855bc6196f84bb105e813d9f059379b2667e2704f5e7ea0a8b,,Healthy,RiceLeafDiseaseBD,PRIMARY_DEVELOPMENT_DATASET,PRIMARY_012606,,UNIQUE_GROUP_014271,False,calibration
Healthy_40.jpg,.jpg,Original images/Healthy/Healthy_40.jpg,307978,True,1024,1024,1.0,RGB,3,JPEG,1d11e9ffbb9d2cd9cf95c31e42aa6c92cf69538f4d2721d5f3055d7051dea7cf,,Healthy,RiceLeafDiseaseBD,PRIMARY_DEVELOPMENT_DATASET,PRIMARY_012608,,UNIQUE_GROUP_002023,False,calibration
Healthy_42.jpg,.jpg,Original images/Healthy/Healthy_42.jpg,353350,True,1024,1024,1.0,RGB,3,JPEG,cd0491893e40eedecd366d43b4358a29c773aa156f21ac063f5d681378965726,,Healthy,RiceLeafDiseaseBD,PRIMARY_DEVELOPMENT_DATASET,PRIMARY_012630,,UNIQUE_GROUP_014340,False,calibration
Healthy_431.jpg,.jpg,Original images/Healthy/Healthy_431.jpg,323598,True,1024,1024,1.0,RGB,3,JPEG,dd95f62186dd0b4162ecbf8be912b0f21389bbd5e31b93a383e206378de08ca1,,Healthy,RiceLeafDiseaseBD,PRIMARY_DEVELOPMENT_DATASET,PRIMARY_012643,,UNIQUE_GROUP_015484,False,calibration
Healthy_433.jpg,.jpg,Original images/Healthy/Healthy_433.jpg,336925,True,1024,1024,1.0,RGB,3,JPEG,bdeb51480523264f80cb491d26098f9bd8eed473ae196851bef9e64af713889a,,Healthy,RiceLeafDiseaseBD,PRIMARY_DEVELOPMENT_DATASET,PRIMARY_012645,,UNIQUE_GROUP_013273,False,calibration
Healthy_443.jpg,.jpg,Original images/Healthy/Healthy_443.jpg,374678,True,1024,1024,1.0,RGB,3,JPEG,1eb8428a053ed9a4c4f78507abf36ce2c306d1dd694ad2c6badc72008b7d5f39,,Healthy,RiceLeafDiseaseBD,PRIMARY_DEVELOPMENT_DATASET,PRIMARY_012656,,UNIQUE_GROUP_002143,False,calibration
Healthy_445.jpg,.jpg,Original images/Healthy/Healthy_445.jpg,330393,True,1024,1024,1.0,RGB,3,JPEG,20e16d6cb8941d7316a680a2b2c220163ea4fd27602add7f1fc6d1c048756a51,,Healthy,RiceLeafDiseaseBD,PRIMARY_DEVELOPMENT_DATASET,PRIMARY_012658,,UNIQUE_GROUP_002302,False,calibration
Healthy_446.jpg,.jpg,Original images/Healthy/Healthy_446.jpg,361070,True,1024,1024,1.0,RGB,3,JPEG,4f9a93b2fcfbfb44a426e3dc3d05ead9bfcd04101957debe3b5461c6c4706975,,Healthy,RiceLeafDiseaseBD,PRIMARY_DEVELOPMENT_DATASET,PRIMARY_012659,,UNIQUE_GROUP_005557,False,calibration
Healthy_462.jpg,.jpg,Original images/Healthy/Healthy_462.jpg,388229,True,1024,1024,1.0,RGB,3,JPEG,81121afce4336e6d458ec315cf9859b2fda144dc107226ae995e7ca20f3c9fb3,,Healthy,RiceLeafDiseaseBD,PRIMARY_DEVELOPMENT_DATASET,PRIMARY_012677,,UNIQUE_GROUP_009024,False,calibration
Healthy_473.jpg,.jpg,Original images/Healthy/Healthy_473.jpg,276022,True,1024,1024,1.0,RGB,3,JPEG,895f2774139f12bb9886718f032a8559377d95c7ef502eb2b63d44b9ae368856,,Healthy,RiceLeafDiseaseBD,PRIMARY_DEVELOPMENT_DATASET,PRIMARY_012689,,UNIQUE_GROUP_009600,False,calibration
Healthy_475.jpg,.jpg,Original images/Healthy/Healthy_475.jpg,293237,True,1024,1024,1.0,RGB,3,JPEG,729c34eb506519d2a0582b0097915d0fb5aa6e37df496349e3719aa177943cc5,,Healthy,RiceLeafDiseaseBD,PRIMARY_DEVELOPMENT_DATASET,PRIMARY_012691,,UNIQUE_GROUP_008007,False,calibration
Healthy_476.jpg,.jpg,Original images/Healthy/Healthy_476.jpg,377418,True,1024,1024,1.0,RGB,3,JPEG,346b707cdab41c5b7a21997c5faed111651698800db33088fb0a390692a09a01,,Healthy,RiceLeafDiseaseBD,PRIMARY_DEVELOPMENT_DATASET,PRIMARY_012692,,UNIQUE_GROUP_003670,False,calibration
Healthy_479.jpg,.jpg,Original images/Healthy/Healthy_479.jpg,254025,True,1024,1024,1.0,RGB,3,JPEG,92b5257705839ed0421fc32228917289a3d6b3832ec993b28741dd9f8718992b,,Healthy,RiceLeafDiseaseBD,PRIMARY_DEVELOPMENT_DATASET,PRIMARY_012695,,UNIQUE_GROUP_010268,False,calibration
Healthy_489.jpg,.jpg,Original images/Healthy/Healthy_489.jpg,277682,True,1024,1024,1.0,RGB,3,JPEG,9f9232d076d809f3fa00b910ca8ac70e8bdef1c39094879c1cdd22f224e49b86,,Healthy,RiceLeafDiseaseBD,PRIMARY_DEVELOPMENT_DATASET,PRIMARY_012706,,UNIQUE_GROUP_011174,False,calibration
Healthy_50.jpg,.jpg,Original images/Healthy/Healthy_50.jpg,317699,True,1024,1024,1.0,RGB,3,JPEG,54bc2de38de22a814758c876a43b88adcf3322897827123d3e710e18ee7fd763,,Healthy,RiceLeafDiseaseBD,PRIMARY_DEVELOPMENT_DATASET,PRIMARY_012719,,UNIQUE_GROUP_005919,False,calibration
Healthy_508.jpg,.jpg,Original images/Healthy/Healthy_508.jpg,344318,True,1024,1024,1.0,RGB,3,JPEG,6e97c0577d87dcb92f319655e4a9963c52ffcedc8ee36328486906ba530d959a,,Healthy,RiceLeafDiseaseBD,PRIMARY_DEVELOPMENT_DATASET,PRIMARY_012728,,UNIQUE_GROUP_007718,False,calibration
Healthy_51.jpg,.jpg,Original images/Healthy/Healthy_51.jpg,320123,True,1024,1024,1.0,RGB,3,JPEG,1281d453937ee896a18024bd9d0dd6dc8bc6e008565af044f23cbc3edada41de,,Healthy,RiceLeafDiseaseBD,PRIMARY_DEVELOPMENT_DATASET,PRIMARY_012730,,UNIQUE_GROUP_001278,False,calibration
Healthy_527.jpg,.jpg,Original images/Healthy/Healthy_527.jpg,360118,True,1024,1024,1.0,RGB,3,JPEG,95830602b108319416fcb05b7893232235fa355f46d3f62b3ae3bd1d8d9af10e,,Healthy,RiceLeafDiseaseBD,PRIMARY_DEVELOPMENT_DATASET,PRIMARY_012749,,UNIQUE_GROUP_010441,False,calibration
Healthy_528.jpg,.jpg,Original images/Healthy/Healthy_528.jpg,316517,True,1024,1024,1.0,RGB,3,JPEG,5b9afc1ba6a5b74c1aa26e0c0cae513a8665e6c791d77752e1edad0b6dff41b4,,Healthy,RiceLeafDiseaseBD,PRIMARY_DEVELOPMENT_DATASET,PRIMARY_012750,,UNIQUE_GROUP_006426,False,calibration
Healthy_533.jpg,.jpg,Original images/Healthy/Healthy_533.jpg,323369,True,1024,1024,1.0,RGB,3,JPEG,e890a3f0429efe60777fd26e8b41f3c0ff7a25902077d7773a68321f4be2ae8f,,Healthy,RiceLeafDiseaseBD,PRIMARY_DEVELOPMENT_DATASET,PRIMARY_012756,,UNIQUE_GROUP_016219,False,calibration
Healthy_537.jpg,.jpg,Original images/Healthy/Healthy_537.jpg,335338,True,1024,1024,1.0,RGB,3,JPEG,f0ef673b9e16d3177d54bb0e66ad49fd1b2ede61ccbb34961577701ef2b7833d,,Healthy,RiceLeafDiseaseBD,PRIMARY_DEVELOPMENT_DATASET,PRIMARY_012760,,UNIQUE_GROUP_016772,False,calibration
Healthy_55.jpg,.jpg,Original images/Healthy/Healthy_55.jpg,307317,True,1024,1024,1.0,RGB,3,JPEG,51fe96c99070bf32514248a02c485c9ac70117b7ffd30991934ab0b2f1953e21,,Healthy,RiceLeafDiseaseBD,PRIMARY_DEVELOPMENT_DATASET,PRIMARY_012774,,UNIQUE_GROUP_005730,False,calibration
Healthy_550.jpg,.jpg,Original images/Healthy/Healthy_550.jpg,359539,True,1024,1024,1.0,RGB,3,JPEG,4a44e9f5333119b1106a6e9a50a190bf29a9fd090d3860561468f78789109df5,,Healthy,RiceLeafDiseaseBD,PRIMARY_DEVELOPMENT_DATASET,PRIMARY_012775,,UNIQUE_GROUP_005187,False,calibration
Healthy_552.jpg,.jpg,Original images/Healthy/Healthy_552.jpg,344163,True,1024,1024,1.0,RGB,3,JPEG,63dfb923a829e2c146c06f1627e786e29b87108b9c45e3596599d7547d99b699,,Healthy,RiceLeafDiseaseBD,PRIMARY_DEVELOPMENT_DATASET,PRIMARY_012777,,UNIQUE_GROUP_007000,False,calibration
Healthy_555.jpg,.jpg,Original images/Healthy/Healthy_555.jpg,329227,True,1024,1024,1.0,RGB,3,JPEG,45f7969c763d92776a8b35f70f2aba70b8b24f138786e1e2e2b81fcda1bb793e,,Healthy,RiceLeafDiseaseBD,PRIMARY_DEVELOPMENT_DATASET,PRIMARY_012780,,UNIQUE_GROUP_004882,False,calibration
Healthy_56.jpg,.jpg,Original images/Healthy/Healthy_56.jpg,303873,True,1024,1024,1.0,RGB,3,JPEG,0c28eeae7ab3b1f9c00a100ac714b5c966c1412f652395899c8b29c06dd70f15,,Healthy,RiceLeafDiseaseBD,PRIMARY_DEVELOPMENT_DATASET,PRIMARY_012785,,UNIQUE_GROUP_000827,False,calibration
Healthy_590.jpg,.jpg,Original images/Healthy/Healthy_590.jpg,330109,True,1024,1024,1.0,RGB,3,JPEG,64a265ab8dd8328110e8cda148b0b89673ffc83a7486761bc367a5c7a802337a,,Healthy,RiceLeafDiseaseBD,PRIMARY_DEVELOPMENT_DATASET,PRIMARY_012819,,UNIQUE_GROUP_007056,False,calibration
Healthy_594.jpg,.jpg,Original images/Healthy/Healthy_594.jpg,339845,True,1024,1024,1.0,RGB,3,JPEG,94fd509a459542b28ed3717320c419a3913ed7a315e3c352fe95b628ba16069a,,Healthy,RiceLeafDiseaseBD,PRIMARY_DEVELOPMENT_DATASET,PRIMARY_012823,,UNIQUE_GROUP_010412,False,calibration
Healthy_60.jpg,.jpg,Original images/Healthy/Healthy_60.jpg,358632,True,1024,1024,1.0,RGB,3,JPEG,a89555c10599ddf30f6a823a70fdda8cf21edd0ee21e07edf0f6a799cb4622c0,,Healthy,RiceLeafDiseaseBD,PRIMARY_DEVELOPMENT_DATASET,PRIMARY_012830,,UNIQUE_GROUP_011798,False,calibration
Healthy_605.jpg,.jpg,Original images/Healthy/Healthy_605.jpg,357164,True,1024,1024,1.0,RGB,3,JPEG,32505329db32e77d6fb32282629eb0a78bd2095a47638670136abab30e4e4230,,Healthy,RiceLeafDiseaseBD,PRIMARY_DEVELOPMENT_DATASET,PRIMARY_012836,,UNIQUE_GROUP_003516,False,calibration
Healthy_61.jpg,.jpg,Original images/Healthy/Healthy_61.jpg,331824,True,1024,1024,1.0,RGB,3,JPEG,24448a1643aee8c62f60c9564087850036b0be28fb8598ac746a75b24d40a796,,Healthy,RiceLeafDiseaseBD,PRIMARY_DEVELOPMENT_DATASET,PRIMARY_012841,,UNIQUE_GROUP_002553,False,calibration
Healthy_615.jpg,.jpg,Original images/Healthy/Healthy_615.jpg,328512,True,1024,1024,1.0,RGB,3,JPEG,61cdc0f31bda08a83700407509fc66098858f37f8761e1444d04a19a05499fb1,,Healthy,RiceLeafDiseaseBD,PRIMARY_DEVELOPMENT_DATASET,PRIMARY_012847,,UNIQUE_GROUP_006851,False,calibration
Healthy_620.jpg,.jpg,Original images/Healthy/Healthy_620.jpg,352578,True,1024,1024,1.0,RGB,3,JPEG,3b1eda368e608d8e1b82fbbd6ad1e8a0f013dce914da9e561d625ac0d2c409d6,,Healthy,RiceLeafDiseaseBD,PRIMARY_DEVELOPMENT_DATASET,PRIMARY_012853,,UNIQUE_GROUP_004143,False,calibration
Healthy_63.jpg,.jpg,Original images/Healthy/Healthy_63.jpg,374087,True,1024,1024,1.0,RGB,3,JPEG,5f6c75291ec0877b5ce0ce6618c80a8a0c09795031464607ee743ce230652ae4,,Healthy,RiceLeafDiseaseBD,PRIMARY_DEVELOPMENT_DATASET,PRIMARY_012863,,UNIQUE_GROUP_006688,False,calibration
Healthy_642.jpg,.jpg,Original images/Healthy/Healthy_642.jpg,310792,True,1024,1024,1.0,RGB,3,JPEG,1de178a0f0fac9e4d7d0e5c9623e0b31102b30f024be7758181adb210af25821,,Healthy,RiceLeafDiseaseBD,PRIMARY_DEVELOPMENT_DATASET,PRIMARY_012877,,UNIQUE_GROUP_002082,False,calibration
Healthy_645.jpg,.jpg,Original images/Healthy/Healthy_645.jpg,315557,True,1024,1024,1.0,RGB,3,JPEG,74033ef29bcb3aaecc05f6de5f9e6c06fc3bf6fa8b77c0927c50767b24226fde,,Healthy,RiceLeafDiseaseBD,PRIMARY_DEVELOPMENT_DATASET,PRIMARY_012880,,UNIQUE_GROUP_008089,False,calibration
Healthy_659.jpg,.jpg,Original images/Healthy/Healthy_659.jpg,258686,True,1024,1024,1.0,RGB,3,JPEG,4521558038c7e9b461327587413b1574a43c5275b2f58335de4419cee3e4734a,,Healthy,RiceLeafDiseaseBD,PRIMARY_DEVELOPMENT_DATASET,PRIMARY_012895,,UNIQUE_GROUP_004829,False,calibration
Healthy_663.jpg,.jpg,Original images/Healthy/Healthy_663.jpg,324974,True,1024,1024,1.0,RGB,3,JPEG,8ad5852bfaaa06c7c0bd28eb399b001040f475df013bb76c5353208ff89e130b,,Healthy,RiceLeafDiseaseBD,PRIMARY_DEVELOPMENT_DATASET,PRIMARY_012900,,UNIQUE_GROUP_009710,False,calibration
Healthy_670.jpg,.jpg,Original images/Healthy/Healthy_670.jpg,380707,True,1024,1024,1.0,RGB,3,JPEG,a3209c6f094a58dbaf7a86f26970419c114957d7c5eea77a2523f9bc6be030dc,,Healthy,RiceLeafDiseaseBD,PRIMARY_DEVELOPMENT_DATASET,PRIMARY_012908,,UNIQUE_GROUP_011426,False,calibration
Healthy_717.jpg,.jpg,Original images/Healthy/Healthy_717.jpg,282589,True,1024,1024,1.0,RGB,3,JPEG,aa5802c61fef176ac58122107eae1db56c98d701e3b9c7344f90ec2e43ffbd9d,,Healthy,RiceLeafDiseaseBD,PRIMARY_DEVELOPMENT_DATASET,PRIMARY_012960,,UNIQUE_GROUP_011933,False,calibration
Healthy_729.jpg,.jpg,Original images/Healthy/Healthy_729.jpg,340026,True,1024,1024,1.0,RGB,3,JPEG,ddbb1ef2de4484ae44c08fc11c27e60ad4858c1e47aa79b50b99273d326c7e29,,Healthy,RiceLeafDiseaseBD,PRIMARY_DEVELOPMENT_DATASET,PRIMARY_012973,,UNIQUE_GROUP_015503,False,calibration
Healthy_735.jpg,.jpg,Original images/Healthy/Healthy_735.jpg,413265,True,1024,1024,1.0,RGB,3,JPEG,ffb433e4134c1a40faaf98acaacff3899be403bae77067982c9c5e5cd23eb152,,Healthy,RiceLeafDiseaseBD,PRIMARY_DEVELOPMENT_DATASET,PRIMARY_012980,,UNIQUE_GROUP_017784,False,calibration
Healthy_74.jpg,.jpg,Original images/Healthy/Healthy_74.jpg,304717,True,1024,1024,1.0,RGB,3,JPEG,6f0368c4b58c2b3b2e19a721a95bb9a95a63c540f60bf3ccf7b7e1e84ac0424d,,Healthy,RiceLeafDiseaseBD,PRIMARY_DEVELOPMENT_DATASET,PRIMARY_012985,,UNIQUE_GROUP_007749,False,calibration
Healthy_745.jpg,.jpg,Original images/Healthy/Healthy_745.jpg,327401,True,1024,1024,1.0,RGB,3,JPEG,e68c0d125ac5185b121696565e5f7799eaf49f8b2da3ba7a4aa1eee86edbd6dc,,Healthy,RiceLeafDiseaseBD,PRIMARY_DEVELOPMENT_DATASET,PRIMARY_012991,,UNIQUE_GROUP_016088,False,calibration
Healthy_761.jpg,.jpg,Original images/Healthy/Healthy_761.jpg,318590,True,1024,1024,1.0,RGB,3,JPEG,91cc52bf3e40c2f015a896a78da64f2a75659ff610cfdde299336d31bdba324c,,Healthy,RiceLeafDiseaseBD,PRIMARY_DEVELOPMENT_DATASET,PRIMARY_013009,,UNIQUE_GROUP_010192,False,calibration
Healthy_764.jpg,.jpg,Original images/Healthy/Healthy_764.jpg,310543,True,1024,1024,1.0,RGB,3,JPEG,faf193f538fc3caa69e55787801a7ace143494fbfc4853dad284e545fbf7a240,,Healthy,RiceLeafDiseaseBD,PRIMARY_DEVELOPMENT_DATASET,PRIMARY_013012,,UNIQUE_GROUP_017467,False,calibration
Healthy_765.jpg,.jpg,Original images/Healthy/Healthy_765.jpg,279060,True,1024,1024,1.0,RGB,3,JPEG,3da8e81549e760217e9e9092cd67157ea1b1621b0ceb922c7a966ae9be814ebb,,Healthy,RiceLeafDiseaseBD,PRIMARY_DEVELOPMENT_DATASET,PRIMARY_013013,,UNIQUE_GROUP_004296,False,calibration
Healthy_774.jpg,.jpg,Original images/Healthy/Healthy_774.jpg,280074,True,1024,1024,1.0,RGB,3,JPEG,5a30f1397dd0d81dd7cc0a8118d0fb983725a96e5787912cdcc88b8363bad649,,Healthy,RiceLeafDiseaseBD,PRIMARY_DEVELOPMENT_DATASET,PRIMARY_013023,,UNIQUE_GROUP_006317,False,calibration
Healthy_781.jpg,.jpg,Original images/Healthy/Healthy_781.jpg,310888,True,1024,1024,1.0,RGB,3,JPEG,e5f5f6ff94bcd89ebb0af5162cbd72a6f1642c9340fc1fc4aee690d1fe3d9d99,,Healthy,RiceLeafDiseaseBD,PRIMARY_DEVELOPMENT_DATASET,PRIMARY_013031,,UNIQUE_GROUP_016045,False,calibration
Healthy_782.jpg,.jpg,Original images/Healthy/Healthy_782.jpg,334255,True,1024,1024,1.0,RGB,3,JPEG,3aa4a9bb5d43fef8e158d03e853744a7bcf231523295e94b5fd789ea6fbd1f7a,,Healthy,RiceLeafDiseaseBD,PRIMARY_DEVELOPMENT_DATASET,PRIMARY_013032,,UNIQUE_GROUP_004108,False,calibration
Healthy_788.jpg,.jpg,Original images/Healthy/Healthy_788.jpg,306358,True,1024,1024,1.0,RGB,3,JPEG,a56505a8f014e6c5d52c7b6450fc7d0e83f093ebb729ff374ef3b98a2d462048,,Healthy,RiceLeafDiseaseBD,PRIMARY_DEVELOPMENT_DATASET,PRIMARY_013038,,UNIQUE_GROUP_011559,False,calibration
Healthy_801.jpg,.jpg,Original images/Healthy/Healthy_801.jpg,322963,True,1024,1024,1.0,RGB,3,JPEG,acdf349fd3c303062b1b01b8d01ba059428881f6f37b94d033c315b1c954206a,,Healthy,RiceLeafDiseaseBD,PRIMARY_DEVELOPMENT_DATASET,PRIMARY_013054,,UNIQUE_GROUP_012102,False,calibration
Healthy_806.jpg,.jpg,Original images/Healthy/Healthy_806.jpg,328939,True,1024,1024,1.0,RGB,3,JPEG,e1894840785b0c292f497205b5b4f51e1d49fbff726122c9b2ed220ba15b091d,,Healthy,RiceLeafDiseaseBD,PRIMARY_DEVELOPMENT_DATASET,PRIMARY_013059,,UNIQUE_GROUP_015749,False,calibration
Healthy_818.jpg,.jpg,Original images/Healthy/Healthy_818.jpg,330541,True,1024,1024,1.0,RGB,3,JPEG,449772e969e42c254241723e56ba1c8db3d535a0a634871b1cde7352c9299388,,Healthy,RiceLeafDiseaseBD,PRIMARY_DEVELOPMENT_DATASET,PRIMARY_013072,,UNIQUE_GROUP_004791,False,calibration
Healthy_844.jpg,.jpg,Original images/Healthy/Healthy_844.jpg,344339,True,1024,1024,1.0,RGB,3,JPEG,e5a4a136d076817f78c45aebe99a61ddd4094b48ca64b8acf8ff964a48af59c4,,Healthy,RiceLeafDiseaseBD,PRIMARY_DEVELOPMENT_DATASET,PRIMARY_013101,,UNIQUE_GROUP_016021,False,calibration
Healthy_86.jpg,.jpg,Original images/Healthy/Healthy_86.jpg,336734,True,1024,1024,1.0,RGB,3,JPEG,9af0b988a937ae54cf5183af699f14e142e997c2bbb60d5815c768950b321b7a,,Healthy,RiceLeafDiseaseBD,PRIMARY_DEVELOPMENT_DATASET,PRIMARY_013118,,UNIQUE_GROUP_010841,False,calibration
Healthy_875.jpg,.jpg,Original images/Healthy/Healthy_875.jpg,408295,True,1024,1024,1.0,RGB,3,JPEG,74dfca015870169bae16a49337dddec363b27aae5a02de10dccc728264412306,,Healthy,RiceLeafDiseaseBD,PRIMARY_DEVELOPMENT_DATASET,PRIMARY_013135,,UNIQUE_GROUP_008158,False,calibration
Healthy_884.jpg,.jpg,Original images/Healthy/Healthy_884.jpg,342442,True,1024,1024,1.0,RGB,3,JPEG,32facf258ac9fb0bb668e8698ed9edd4fc01aed02931b875c87a53e070a97dff,,Healthy,RiceLeafDiseaseBD,PRIMARY_DEVELOPMENT_DATASET,PRIMARY_013145,,UNIQUE_GROUP_003564,False,calibration
Healthy_885.jpg,.jpg,Original images/Healthy/Healthy_885.jpg,339851,True,1024,1024,1.0,RGB,3,JPEG,6196ff3c58c92c3f480e59006000a8cf6ffd7c2276af2157edf10f9e183ca546,,Healthy,RiceLeafDiseaseBD,PRIMARY_DEVELOPMENT_DATASET,PRIMARY_013146,,UNIQUE_GROUP_006843,False,calibration
Healthy_888.jpg,.jpg,Original images/Healthy/Healthy_888.jpg,338120,True,1024,1024,1.0,RGB,3,JPEG,cb7efd943578051d068b461de3c5a3272f16c40df68b8431dffb8ac7b73c46cd,,Healthy,RiceLeafDiseaseBD,PRIMARY_DEVELOPMENT_DATASET,PRIMARY_013149,,UNIQUE_GROUP_014235,False,calibration
Healthy_893.jpg,.jpg,Original images/Healthy/Healthy_893.jpg,337077,True,1024,1024,1.0,RGB,3,JPEG,e807a82ac0bb7990203cacec45b098b9dee3eaa293924c0883fb2d0ce78f5dd1,,Healthy,RiceLeafDiseaseBD,PRIMARY_DEVELOPMENT_DATASET,PRIMARY_013155,,UNIQUE_GROUP_016185,False,calibration
Healthy_895.jpg,.jpg,Original images/Healthy/Healthy_895.jpg,341545,True,1024,1024,1.0,RGB,3,JPEG,0bc17e3a1dfbf7bb5eee6b5f8c0348e4f67da1e154a2c45aa5d3f4462fe41f19,,Healthy,RiceLeafDiseaseBD,PRIMARY_DEVELOPMENT_DATASET,PRIMARY_013157,,UNIQUE_GROUP_000797,False,calibration
Healthy_896.jpg,.jpg,Original images/Healthy/Healthy_896.jpg,342273,True,1024,1024,1.0,RGB,3,JPEG,8bb3ce802995cdf17219193c0dbceabb683a5a374edd1334bc521e86dfdc0f49,,Healthy,RiceLeafDiseaseBD,PRIMARY_DEVELOPMENT_DATASET,PRIMARY_013158,,UNIQUE_GROUP_009772,False,calibration
Healthy_902.jpg,.jpg,Original images/Healthy/Healthy_902.jpg,317916,True,1024,1024,1.0,RGB,3,JPEG,b30e72480cbd99ed509192d37fbe559cd45229c384a435ab59cbb6fd6f1387d9,,Healthy,RiceLeafDiseaseBD,PRIMARY_DEVELOPMENT_DATASET,PRIMARY_013166,,UNIQUE_GROUP_012527,False,calibration
Healthy_915.jpg,.jpg,Original images/Healthy/Healthy_915.jpg,403131,True,1024,1024,1.0,RGB,3,JPEG,0edc23e12ce1391ce7078245e2dcfdf02978dd23a0a5e2db7ac6e89a65e125d9,,Healthy,RiceLeafDiseaseBD,PRIMARY_DEVELOPMENT_DATASET,PRIMARY_013180,,UNIQUE_GROUP_001030,False,calibration
Healthy_922.jpg,.jpg,Original images/Healthy/Healthy_922.jpg,321189,True,1024,1024,1.0,RGB,3,JPEG,cb1070393fb1b2410f60c0de7314fa020905c5ec702ade1de0d66bc7c16b36e6,,Healthy,RiceLeafDiseaseBD,PRIMARY_DEVELOPMENT_DATASET,PRIMARY_013188,,UNIQUE_GROUP_014206,False,calibration
Healthy_930.jpg,.jpg,Original images/Healthy/Healthy_930.jpg,358225,True,1024,1024,1.0,RGB,3,JPEG,8ac366e86f7d44968d4c06dd6b1072dfdbd2328f4e518e275251c0fbd86981d1,,Healthy,RiceLeafDiseaseBD,PRIMARY_DEVELOPMENT_DATASET,PRIMARY_013197,,UNIQUE_GROUP_009705,False,calibration
Healthy_934.jpg,.jpg,Original images/Healthy/Healthy_934.jpg,349663,True,1024,1024,1.0,RGB,3,JPEG,81ac03dca74c90f05b0664af6eda2b59ec0997866bf4ed5f8e98c119b22d23b1,,Healthy,RiceLeafDiseaseBD,PRIMARY_DEVELOPMENT_DATASET,PRIMARY_013201,,UNIQUE_GROUP_009062,False,calibration
Healthy_937.jpg,.jpg,Original images/Healthy/Healthy_937.jpg,343754,True,1024,1024,1.0,RGB,3,JPEG,d38959611fca9df145ddc8ae3539c29e169577d69cc675ce65993bd055adf494,,Healthy,RiceLeafDiseaseBD,PRIMARY_DEVELOPMENT_DATASET,PRIMARY_013204,,UNIQUE_GROUP_014812,False,calibration
Healthy_958.jpg,.jpg,Original images/Healthy/Healthy_958.jpg,332893,True,1024,1024,1.0,RGB,3,JPEG,aa68ee252ceb6f7967633b83bb24ccf7d2e2ad36597eb1cfcdaff8ef8074773b,,Healthy,RiceLeafDiseaseBD,PRIMARY_DEVELOPMENT_DATASET,PRIMARY_013227,,UNIQUE_GROUP_011941,False,calibration
Healthy_961.jpg,.jpg,Original images/Healthy/Healthy_961.jpg,338505,True,1024,1024,1.0,RGB,3,JPEG,c9632fd4c03ed1d9bf44e6a9ade961de64702ff0e1a3cc995468e1ab036bc36c,,Healthy,RiceLeafDiseaseBD,PRIMARY_DEVELOPMENT_DATASET,PRIMARY_013231,,UNIQUE_GROUP_014095,False,calibration
Healthy_969.jpg,.jpg,Original images/Healthy/Healthy_969.jpg,320926,True,1024,1024,1.0,RGB,3,JPEG,70226dbc94c5df06b413b7a8dff27835971467f821497fd40504db2e3a1bcb20,,Healthy,RiceLeafDiseaseBD,PRIMARY_DEVELOPMENT_DATASET,PRIMARY_013239,,UNIQUE_GROUP_007829,False,calibration
Healthy_983.jpg,.jpg,Original images/Healthy/Healthy_983.jpg,360926,True,1024,1024,1.0,RGB,3,JPEG,cd1c98dcd4abcd8d4d80041f399c84574f47c4e2056f393bd3e5d7d362b3a95f,,Healthy,RiceLeafDiseaseBD,PRIMARY_DEVELOPMENT_DATASET,PRIMARY_013255,,UNIQUE_GROUP_014352,False,calibration
Healthy_99.jpg,.jpg,Original images/Healthy/Healthy_99.jpg,317377,True,1024,1024,1.0,RGB,3,JPEG,8b0fdbcfab254781465e0159e593a1e1a88f6da3ff50426eff7a2e20ffa34e0d,,Healthy,RiceLeafDiseaseBD,PRIMARY_DEVELOPMENT_DATASET,PRIMARY_013262,,UNIQUE_GROUP_009729,False,calibration
Healthy_994.jpg,.jpg,Original images/Healthy/Healthy_994.jpg,328461,True,1024,1024,1.0,RGB,3,JPEG,b4748ac7f2cf1a67c012009a1b6ad584f635d28f7cefd282f9ee73a1f498e9e5,,Healthy,RiceLeafDiseaseBD,PRIMARY_DEVELOPMENT_DATASET,PRIMARY_013267,,UNIQUE_GROUP_012619,False,calibration
Leaf smut_123.jpg,.jpg,Original images/Leaf smut/Leaf smut_123.jpg,319807,True,1024,1024,1.0,RGB,3,JPEG,0f8165c954025616dcaa4bdb7ff50e65ac97bfb2e2a0433d9dbede1542176663,,Leaf smut,RiceLeafDiseaseBD,PRIMARY_DEVELOPMENT_DATASET,PRIMARY_013300,D:\BTech Final Year Project\RiceLeafDiseaseBD A Field-Based Annotated Smartpho\RiceLeafDiseaseBD A Field-Based Annotated Smartpho\RiceLeafDiseaseBD\RiceLeafDiseaseBD\Annotated images ( visual with labels)\Leaf smut\labels\Leaf smut_123.txt,UNIQUE_GROUP_001069,False,calibration
Leaf smut_131.jpg,.jpg,Original images/Leaf smut/Leaf smut_131.jpg,350948,True,1024,1024,1.0,RGB,3,JPEG,c20f20d7d398ebd71c2b53d2bd7eb87afaf971a8be4fb703e0207ff9aca43d7c,,Leaf smut,RiceLeafDiseaseBD,PRIMARY_DEVELOPMENT_DATASET,PRIMARY_013309,D:\BTech Final Year Project\RiceLeafDiseaseBD A Field-Based Annotated Smartpho\RiceLeafDiseaseBD A Field-Based Annotated Smartpho\RiceLeafDiseaseBD\RiceLeafDiseaseBD\Annotated images ( visual with labels)\Leaf smut\labels\Leaf smut_131.txt,UNIQUE_GROUP_013586,False,calibration
Leaf smut_137.jpg,.jpg,Original images/Leaf smut/Leaf smut_137.jpg,308570,True,1024,1024,1.0,RGB,3,JPEG,ddf1f809c24c896a4c5c836be8b837bd90305577c0854fa67dd8e277208af111,,Leaf smut,RiceLeafDiseaseBD,PRIMARY_DEVELOPMENT_DATASET,PRIMARY_013315,D:\BTech Final Year Project\RiceLeafDiseaseBD A Field-Based Annotated Smartpho\RiceLeafDiseaseBD A Field-Based Annotated Smartpho\RiceLeafDiseaseBD\RiceLeafDiseaseBD\Annotated images ( visual with labels)\Leaf smut\labels\Leaf smut_137.txt,UNIQUE_GROUP_015516,False,calibration
Leaf smut_144.jpg,.jpg,Original images/Leaf smut/Leaf smut_144.jpg,341507,True,1024,1024,1.0,RGB,3,JPEG,87a2dbff5015afbca9a9c9ce38f92958c224812aa40bc61aba39444a51417432,,Leaf smut,RiceLeafDiseaseBD,PRIMARY_DEVELOPMENT_DATASET,PRIMARY_013323,D:\BTech Final Year Project\RiceLeafDiseaseBD A Field-Based Annotated Smartpho\RiceLeafDiseaseBD A Field-Based Annotated Smartpho\RiceLeafDiseaseBD\RiceLeafDiseaseBD\Annotated images ( visual with labels)\Leaf smut\labels\Leaf smut_144.txt,UNIQUE_GROUP_009470,False,calibration
Leaf smut_157.jpg,.jpg,Original images/Leaf smut/Leaf smut_157.jpg,297367,True,1024,1024,1.0,RGB,3,JPEG,4760729fd1de86a3a3bfc53b4331a94cbdfe701f329d1d1cfc00613ce453407c,,Leaf smut,RiceLeafDiseaseBD,PRIMARY_DEVELOPMENT_DATASET,PRIMARY_013337,D:\BTech Final Year Project\RiceLeafDiseaseBD A Field-Based Annotated Smartpho\RiceLeafDiseaseBD A Field-Based Annotated Smartpho\RiceLeafDiseaseBD\RiceLeafDiseaseBD\Annotated images ( visual with labels)\Leaf smut\labels\Leaf smut_157.txt,UNIQUE_GROUP_004967,False,calibration
Leaf smut_169.jpg,.jpg,Original images/Leaf smut/Leaf smut_169.jpg,318594,True,1024,1024,1.0,RGB,3,JPEG,75060336092397d5c3892f5bb9e42a5bf8e4922300c57a12a222a3e93592cb07,,Leaf smut,RiceLeafDiseaseBD,PRIMARY_DEVELOPMENT_DATASET,PRIMARY_013350,D:\BTech Final Year Project\RiceLeafDiseaseBD A Field-Based Annotated Smartpho\RiceLeafDiseaseBD A Field-Based Annotated Smartpho\RiceLeafDiseaseBD\RiceLeafDiseaseBD\Annotated images ( visual with labels)\Leaf smut\labels\Leaf smut_169.txt,UNIQUE_GROUP_008167,False,calibration
Leaf smut_188.jpg,.jpg,Original images/Leaf smut/Leaf smut_188.jpg,358744,True,1024,1024,1.0,RGB,3,JPEG,6a470ba2afab2e56624a4cc8adf8251afb67f0dcc10b4d7721688502ef4c91df,,Leaf smut,RiceLeafDiseaseBD,PRIMARY_DEVELOPMENT_DATASET,PRIMARY_013371,D:\BTech Final Year Project\RiceLeafDiseaseBD A Field-Based Annotated Smartpho\RiceLeafDiseaseBD A Field-Based Annotated Smartpho\RiceLeafDiseaseBD\RiceLeafDiseaseBD\Annotated images ( visual with labels)\Leaf smut\labels\Leaf smut_188.txt,UNIQUE_GROUP_007429,False,calibration
Leaf smut_189.jpg,.jpg,Original images/Leaf smut/Leaf smut_189.jpg,316468,True,1024,1024,1.0,RGB,3,JPEG,12da646461a0396fe0fbdf82c765026dc1a497cbae5c9a14084461ce76f0076c,,Leaf smut,RiceLeafDiseaseBD,PRIMARY_DEVELOPMENT_DATASET,PRIMARY_013372,D:\BTech Final Year Project\RiceLeafDiseaseBD A Field-Based Annotated Smartpho\RiceLeafDiseaseBD A Field-Based Annotated Smartpho\RiceLeafDiseaseBD\RiceLeafDiseaseBD\Annotated images ( visual with labels)\Leaf smut\labels\Leaf smut_189.txt,UNIQUE_GROUP_001301,False,calibration
Leaf smut_197.jpg,.jpg,Original images/Leaf smut/Leaf smut_197.jpg,311729,True,1024,1024,1.0,RGB,3,JPEG,b815b815c30eba6b081b532854d3137897c5713530d794fb74ec226f9954b9ca,,Leaf smut,RiceLeafDiseaseBD,PRIMARY_DEVELOPMENT_DATASET,PRIMARY_013381,D:\BTech Final Year Project\RiceLeafDiseaseBD A Field-Based Annotated Smartpho\RiceLeafDiseaseBD A Field-Based Annotated Smartpho\RiceLeafDiseaseBD\RiceLeafDiseaseBD\Annotated images ( visual with labels)\Leaf smut\labels\Leaf smut_197.txt,UNIQUE_GROUP_012866,False,calibration
Leaf smut_202.jpg,.jpg,Original images/Leaf smut/Leaf smut_202.jpg,347877,True,1024,1024,1.0,RGB,3,JPEG,b487c2e43a3c9689ef74e0f0e1f2042681a42d6177610f091c4c7483d7ba37bc,,Leaf smut,RiceLeafDiseaseBD,PRIMARY_DEVELOPMENT_DATASET,PRIMARY_013388,D:\BTech Final Year Project\RiceLeafDiseaseBD A Field-Based Annotated Smartpho\RiceLeafDiseaseBD A Field-Based Annotated Smartpho\RiceLeafDiseaseBD\RiceLeafDiseaseBD\Annotated images ( visual with labels)\Leaf smut\labels\Leaf smut_202.txt,UNIQUE_GROUP_012626,False,calibration
Leaf smut_208.jpg,.jpg,Original images/Leaf smut/Leaf smut_208.jpg,388379,True,1024,1024,1.0,RGB,3,JPEG,77d5861d8788d4d261feab8afd08bfdf544cc311c06613e88fcc15348a0a90f6,,Leaf smut,RiceLeafDiseaseBD,PRIMARY_DEVELOPMENT_DATASET,PRIMARY_013394,D:\BTech Final Year Project\RiceLeafDiseaseBD A Field-Based Annotated Smartpho\RiceLeafDiseaseBD A Field-Based Annotated Smartpho\RiceLeafDiseaseBD\RiceLeafDiseaseBD\Annotated images ( visual with labels)\Leaf smut\labels\Leaf smut_208.txt,UNIQUE_GROUP_008354,False,calibration
Leaf smut_210.jpg,.jpg,Original images/Leaf smut/Leaf smut_210.jpg,308043,True,1024,1024,1.0,RGB,3,JPEG,026a372bb7e1584822c7a5d54409b1ecc3d88238fb7c670768b87c010e2d9e0a,,Leaf smut,RiceLeafDiseaseBD,PRIMARY_DEVELOPMENT_DATASET,PRIMARY_013397,D:\BTech Final Year Project\RiceLeafDiseaseBD A Field-Based Annotated Smartpho\RiceLeafDiseaseBD A Field-Based Annotated Smartpho\RiceLeafDiseaseBD\RiceLeafDiseaseBD\Annotated images ( visual with labels)\Leaf smut\labels\Leaf smut_210.txt,UNIQUE_GROUP_000164,False,calibration
Leaf smut_218.jpg,.jpg,Original images/Leaf smut/Leaf smut_218.jpg,331772,True,1024,1024,1.0,RGB,3,JPEG,c1114ea1fa30a5a36fe23ad42866d65d63aaad7fd6229cff4e4c6958717b8616,,Leaf smut,RiceLeafDiseaseBD,PRIMARY_DEVELOPMENT_DATASET,PRIMARY_013405,D:\BTech Final Year Project\RiceLeafDiseaseBD A Field-Based Annotated Smartpho\RiceLeafDiseaseBD A Field-Based Annotated Smartpho\RiceLeafDiseaseBD\RiceLeafDiseaseBD\Annotated images ( visual with labels)\Leaf smut\labels\Leaf smut_218.txt,UNIQUE_GROUP_013508,False,calibration
Leaf smut_222.jpg,.jpg,Original images/Leaf smut/Leaf smut_222.jpg,355175,True,1024,1024,1.0,RGB,3,JPEG,0e7230640744ba0dc95e92067bde61bb36cec3c893c46bc8ada03583aa4b6581,,Leaf smut,RiceLeafDiseaseBD,PRIMARY_DEVELOPMENT_DATASET,PRIMARY_013410,D:\BTech Final Year Project\RiceLeafDiseaseBD A Field-Based Annotated Smartpho\RiceLeafDiseaseBD A Field-Based Annotated Smartpho\RiceLeafDiseaseBD\RiceLeafDiseaseBD\Annotated images ( visual with labels)\Leaf smut\labels\Leaf smut_222.txt,UNIQUE_GROUP_001000,False,calibration
Leaf smut_231.jpg,.jpg,Original images/Leaf smut/Leaf smut_231.jpg,326382,True,1024,1024,1.0,RGB,3,JPEG,c98e558afaf81a4e8335c25d4ddfaf1298b8e3966fc7cd96b01316034789a2ef,,Leaf smut,RiceLeafDiseaseBD,PRIMARY_DEVELOPMENT_DATASET,PRIMARY_013420,D:\BTech Final Year Project\RiceLeafDiseaseBD A Field-Based Annotated Smartpho\RiceLeafDiseaseBD A Field-Based Annotated Smartpho\RiceLeafDiseaseBD\RiceLeafDiseaseBD\Annotated images ( visual with labels)\Leaf smut\labels\Leaf smut_231.txt,UNIQUE_GROUP_014107,False,calibration
Leaf smut_232.jpg,.jpg,Original images/Leaf smut/Leaf smut_232.jpg,318531,True,1024,1024,1.0,RGB,3,JPEG,b7faa8c9a3ced8b8ee8d661adf9c64eff869c0ffd0e544017a656da7d2982d92,,Leaf smut,RiceLeafDiseaseBD,PRIMARY_DEVELOPMENT_DATASET,PRIMARY_013421,D:\BTech Final Year Project\RiceLeafDiseaseBD A Field-Based Annotated Smartpho\RiceLeafDiseaseBD A Field-Based Annotated Smartpho\RiceLeafDiseaseBD\RiceLeafDiseaseBD\Annotated images ( visual with labels)\Leaf smut\labels\Leaf smut_232.txt,UNIQUE_GROUP_012857,False,calibration
Leaf smut_233.jpg,.jpg,Original images/Leaf smut/Leaf smut_233.jpg,323202,True,1024,1024,1.0,RGB,3,JPEG,9b6314b79069f2a01b7538917b532c31d14b006c5d904ad5dc9f77bb206cf4c8,,Leaf smut,RiceLeafDiseaseBD,PRIMARY_DEVELOPMENT_DATASET,PRIMARY_013422,D:\BTech Final Year Project\RiceLeafDiseaseBD A Field-Based Annotated Smartpho\RiceLeafDiseaseBD A Field-Based Annotated Smartpho\RiceLeafDiseaseBD\RiceLeafDiseaseBD\Annotated images ( visual with labels)\Leaf smut\labels\Leaf smut_233.txt,UNIQUE_GROUP_010882,False,calibration
Leaf smut_238.jpg,.jpg,Original images/Leaf smut/Leaf smut_238.jpg,368732,True,1024,1024,1.0,RGB,3,JPEG,62d1af1baa1917b893cec0a84904b3b30aecf220e1f0f1c734227078bb875649,,Leaf smut,RiceLeafDiseaseBD,PRIMARY_DEVELOPMENT_DATASET,PRIMARY_013427,D:\BTech Final Year Project\RiceLeafDiseaseBD A Field-Based Annotated Smartpho\RiceLeafDiseaseBD A Field-Based Annotated Smartpho\RiceLeafDiseaseBD\RiceLeafDiseaseBD\Annotated images ( visual with labels)\Leaf smut\labels\Leaf smut_238.txt,UNIQUE_GROUP_006914,False,calibration
Leaf smut_251.jpg,.jpg,Original images/Leaf smut/Leaf smut_251.jpg,395149,True,1024,1024,1.0,RGB,3,JPEG,22dd1ecc196125103540ddebb8b9d4a43387264f5ec28224cba0085615fb121b,,Leaf smut,RiceLeafDiseaseBD,PRIMARY_DEVELOPMENT_DATASET,PRIMARY_013442,D:\BTech Final Year Project\RiceLeafDiseaseBD A Field-Based Annotated Smartpho\RiceLeafDiseaseBD A Field-Based Annotated Smartpho\RiceLeafDiseaseBD\RiceLeafDiseaseBD\Annotated images ( visual with labels)\Leaf smut\labels\Leaf smut_251.txt,UNIQUE_GROUP_002454,False,calibration
Leaf smut_270.jpg,.jpg,Original images/Leaf smut/Leaf smut_270.jpg,346149,True,1024,1024,1.0,RGB,3,JPEG,55b8025551c0ce47dea75a2554910cf7d08c3fe339a49061013a5cbd1ae01d80,,Leaf smut,RiceLeafDiseaseBD,PRIMARY_DEVELOPMENT_DATASET,PRIMARY_013463,D:\BTech Final Year Project\RiceLeafDiseaseBD A Field-Based Annotated Smartpho\RiceLeafDiseaseBD A Field-Based Annotated Smartpho\RiceLeafDiseaseBD\RiceLeafDiseaseBD\Annotated images ( visual with labels)\Leaf smut\labels\Leaf smut_270.txt,UNIQUE_GROUP_006006,False,calibration
Leaf smut_283.jpg,.jpg,Original images/Leaf smut/Leaf smut_283.jpg,326608,True,1024,1024,1.0,RGB,3,JPEG,680f8316fa7410f73601e09152db67ddc8badc1913324ebb65c3eed2549ff83f,,Leaf smut,RiceLeafDiseaseBD,PRIMARY_DEVELOPMENT_DATASET,PRIMARY_013477,D:\BTech Final Year Project\RiceLeafDiseaseBD A Field-Based Annotated Smartpho\RiceLeafDiseaseBD A Field-Based Annotated Smartpho\RiceLeafDiseaseBD\RiceLeafDiseaseBD\Annotated images ( visual with labels)\Leaf smut\labels\Leaf smut_283.txt,UNIQUE_GROUP_007290,False,calibration
Leaf smut_287.jpg,.jpg,Original images/Leaf smut/Leaf smut_287.jpg,350401,True,1024,1024,1.0,RGB,3,JPEG,ab0213c19fab99b384baf258b018b2b7c9286d87070550706cb3c98e6becd791,,Leaf smut,RiceLeafDiseaseBD,PRIMARY_DEVELOPMENT_DATASET,PRIMARY_013481,D:\BTech Final Year Project\RiceLeafDiseaseBD A Field-Based Annotated Smartpho\RiceLeafDiseaseBD A Field-Based Annotated Smartpho\RiceLeafDiseaseBD\RiceLeafDiseaseBD\Annotated images ( visual with labels)\Leaf smut\labels\Leaf smut_287.txt,UNIQUE_GROUP_011986,False,calibration
Leaf smut_292.jpg,.jpg,Original images/Leaf smut/Leaf smut_292.jpg,350059,True,1024,1024,1.0,RGB,3,JPEG,0c22f736b653e4d05b26b04d3e3212b0d901dcc8599d3dda612de9f451f55d27,,Leaf smut,RiceLeafDiseaseBD,PRIMARY_DEVELOPMENT_DATASET,PRIMARY_013487,D:\BTech Final Year Project\RiceLeafDiseaseBD A Field-Based Annotated Smartpho\RiceLeafDiseaseBD A Field-Based Annotated Smartpho\RiceLeafDiseaseBD\RiceLeafDiseaseBD\Annotated images ( visual with labels)\Leaf smut\labels\Leaf smut_292.txt,UNIQUE_GROUP_000825,False,calibration
Leaf smut_310.jpg,.jpg,Original images/Leaf smut/Leaf smut_310.jpg,314854,True,1024,1024,1.0,RGB,3,JPEG,85de7957b8124d76be88296cbb686b7e82887608849758cd35805dd1167ec0d5,,Leaf smut,RiceLeafDiseaseBD,PRIMARY_DEVELOPMENT_DATASET,PRIMARY_013508,D:\BTech Final Year Project\RiceLeafDiseaseBD A Field-Based Annotated Smartpho\RiceLeafDiseaseBD A Field-Based Annotated Smartpho\RiceLeafDiseaseBD\RiceLeafDiseaseBD\Annotated images ( visual with labels)\Leaf smut\labels\Leaf smut_310.txt,UNIQUE_GROUP_009355,False,calibration
Leaf smut_315.jpg,.jpg,Original images/Leaf smut/Leaf smut_315.jpg,323452,True,1024,1024,1.0,RGB,3,JPEG,775c7b4adf44d51fbb3e202e4de8da56199cfc93e2899ef3776ded25c64f9f7d,,Leaf smut,RiceLeafDiseaseBD,PRIMARY_DEVELOPMENT_DATASET,PRIMARY_013513,D:\BTech Final Year Project\RiceLeafDiseaseBD A Field-Based Annotated Smartpho\RiceLeafDiseaseBD A Field-Based Annotated Smartpho\RiceLeafDiseaseBD\RiceLeafDiseaseBD\Annotated images ( visual with labels)\Leaf smut\labels\Leaf smut_315.txt,UNIQUE_GROUP_008321,False,calibration
Leaf smut_328.jpg,.jpg,Original images/Leaf smut/Leaf smut_328.jpg,361983,True,1024,1024,1.0,RGB,3,JPEG,0e13b0b1ad522ac17d4180213122559a5ac159b36470a39cbd46cfa76ff58b8d,,Leaf smut,RiceLeafDiseaseBD,PRIMARY_DEVELOPMENT_DATASET,PRIMARY_013527,D:\BTech Final Year Project\RiceLeafDiseaseBD A Field-Based Annotated Smartpho\RiceLeafDiseaseBD A Field-Based Annotated Smartpho\RiceLeafDiseaseBD\RiceLeafDiseaseBD\Annotated images ( visual with labels)\Leaf smut\labels\Leaf smut_328.txt,UNIQUE_GROUP_000976,False,calibration
Leaf smut_334.jpg,.jpg,Original images/Leaf smut/Leaf smut_334.jpg,360252,True,1024,1024,1.0,RGB,3,JPEG,36cd0d121f561220dd4371135371e0f0bf6fd4ff37fa510ebd253985b29a740e,,Leaf smut,RiceLeafDiseaseBD,PRIMARY_DEVELOPMENT_DATASET,PRIMARY_013534,D:\BTech Final Year Project\RiceLeafDiseaseBD A Field-Based Annotated Smartpho\RiceLeafDiseaseBD A Field-Based Annotated Smartpho\RiceLeafDiseaseBD\RiceLeafDiseaseBD\Annotated images ( visual with labels)\Leaf smut\labels\Leaf smut_334.txt,UNIQUE_GROUP_003812,False,calibration
Leaf smut_347.jpg,.jpg,Original images/Leaf smut/Leaf smut_347.jpg,379438,True,1024,1024,1.0,RGB,3,JPEG,049acb8d57b2b67e665540459cb44d7712d0f6cf60eafb511f68c014594429c2,,Leaf smut,RiceLeafDiseaseBD,PRIMARY_DEVELOPMENT_DATASET,PRIMARY_013548,D:\BTech Final Year Project\RiceLeafDiseaseBD A Field-Based Annotated Smartpho\RiceLeafDiseaseBD A Field-Based Annotated Smartpho\RiceLeafDiseaseBD\RiceLeafDiseaseBD\Annotated images ( visual with labels)\Leaf smut\labels\Leaf smut_347.txt,UNIQUE_GROUP_000295,False,calibration
Leaf smut_364.jpg,.jpg,Original images/Leaf smut/Leaf smut_364.jpg,333356,True,1024,1024,1.0,RGB,3,JPEG,0289bf1fafb8ef1ec3121fe60ec82331a0eb326c6ff7d061d2d25b8aca5929ba,,Leaf smut,RiceLeafDiseaseBD,PRIMARY_DEVELOPMENT_DATASET,PRIMARY_013567,D:\BTech Final Year Project\RiceLeafDiseaseBD A Field-Based Annotated Smartpho\RiceLeafDiseaseBD A Field-Based Annotated Smartpho\RiceLeafDiseaseBD\RiceLeafDiseaseBD\Annotated images ( visual with labels)\Leaf smut\labels\Leaf smut_364.txt,UNIQUE_GROUP_000170,False,calibration
Leaf smut_371.jpg,.jpg,Original images/Leaf smut/Leaf smut_371.jpg,328007,True,1024,1024,1.0,RGB,3,JPEG,77de5213208eea65f2a6f366ec5c9074348eeb8cb69472ad088981d625a88a44,,Leaf smut,RiceLeafDiseaseBD,PRIMARY_DEVELOPMENT_DATASET,PRIMARY_013575,D:\BTech Final Year Project\RiceLeafDiseaseBD A Field-Based Annotated Smartpho\RiceLeafDiseaseBD A Field-Based Annotated Smartpho\RiceLeafDiseaseBD\RiceLeafDiseaseBD\Annotated images ( visual with labels)\Leaf smut\labels\Leaf smut_371.txt,UNIQUE_GROUP_008357,False,calibration
Leaf smut_373.jpg,.jpg,Original images/Leaf smut/Leaf smut_373.jpg,337185,True,1024,1024,1.0,RGB,3,JPEG,7fe380046035cbd568813063a40c0accfdf481c67a563a4a11ea0efa541bbf90,,Leaf smut,RiceLeafDiseaseBD,PRIMARY_DEVELOPMENT_DATASET,PRIMARY_013577,D:\BTech Final Year Project\RiceLeafDiseaseBD A Field-Based Annotated Smartpho\RiceLeafDiseaseBD A Field-Based Annotated Smartpho\RiceLeafDiseaseBD\RiceLeafDiseaseBD\Annotated images ( visual with labels)\Leaf smut\labels\Leaf smut_373.txt,UNIQUE_GROUP_008940,False,calibration
Leaf smut_380.jpg,.jpg,Original images/Leaf smut/Leaf smut_380.jpg,360846,True,1024,1024,1.0,RGB,3,JPEG,6573debe689fb9fa0186a71b353defab48e78ef1c30337aeed2322fa230564ef,,Leaf smut,RiceLeafDiseaseBD,PRIMARY_DEVELOPMENT_DATASET,PRIMARY_013585,D:\BTech Final Year Project\RiceLeafDiseaseBD A Field-Based Annotated Smartpho\RiceLeafDiseaseBD A Field-Based Annotated Smartpho\RiceLeafDiseaseBD\RiceLeafDiseaseBD\Annotated images ( visual with labels)\Leaf smut\labels\Leaf smut_380.txt,UNIQUE_GROUP_007106,False,calibration
Leaf smut_382.jpg,.jpg,Original images/Leaf smut/Leaf smut_382.jpg,356493,True,1024,1024,1.0,RGB,3,JPEG,06f263c6c741fad4249bf0ce504441837da8122455c5c18139ccb86365026a87,,Leaf smut,RiceLeafDiseaseBD,PRIMARY_DEVELOPMENT_DATASET,PRIMARY_013587,D:\BTech Final Year Project\RiceLeafDiseaseBD A Field-Based Annotated Smartpho\RiceLeafDiseaseBD A Field-Based Annotated Smartpho\RiceLeafDiseaseBD\RiceLeafDiseaseBD\Annotated images ( visual with labels)\Leaf smut\labels\Leaf smut_382.txt,UNIQUE_GROUP_000467,False,calibration
Leaf smut_384.jpg,.jpg,Original images/Leaf smut/Leaf smut_384.jpg,341801,True,1024,1024,1.0,RGB,3,JPEG,b1e72793cda1b2aadca56fc160e415c2d69dddf1686741d84d345616cb925c06,,Leaf smut,RiceLeafDiseaseBD,PRIMARY_DEVELOPMENT_DATASET,PRIMARY_013589,D:\BTech Final Year Project\RiceLeafDiseaseBD A Field-Based Annotated Smartpho\RiceLeafDiseaseBD A Field-Based Annotated Smartpho\RiceLeafDiseaseBD\RiceLeafDiseaseBD\Annotated images ( visual with labels)\Leaf smut\labels\Leaf smut_384.txt,UNIQUE_GROUP_012448,False,calibration
Leaf smut_387.jpg,.jpg,Original images/Leaf smut/Leaf smut_387.jpg,360916,True,1024,1024,1.0,RGB,3,JPEG,cb81dc0b55fdc4ad5f9c0526e2e9c9006105f8d934f9df65144219f101eb105f,,Leaf smut,RiceLeafDiseaseBD,PRIMARY_DEVELOPMENT_DATASET,PRIMARY_013592,D:\BTech Final Year Project\RiceLeafDiseaseBD A Field-Based Annotated Smartpho\RiceLeafDiseaseBD A Field-Based Annotated Smartpho\RiceLeafDiseaseBD\RiceLeafDiseaseBD\Annotated images ( visual with labels)\Leaf smut\labels\Leaf smut_387.txt,UNIQUE_GROUP_014238,False,calibration
Leaf smut_406.jpg,.jpg,Original images/Leaf smut/Leaf smut_406.jpg,326228,True,1024,1024,1.0,RGB,3,JPEG,81fe2eb2afb323890b9589774ba2312ea138ffa4b2b8e46fc614ae62dfb454f2,,Leaf smut,RiceLeafDiseaseBD,PRIMARY_DEVELOPMENT_DATASET,PRIMARY_013614,D:\BTech Final Year Project\RiceLeafDiseaseBD A Field-Based Annotated Smartpho\RiceLeafDiseaseBD A Field-Based Annotated Smartpho\RiceLeafDiseaseBD\RiceLeafDiseaseBD\Annotated images ( visual with labels)\Leaf smut\labels\Leaf smut_406.txt,UNIQUE_GROUP_009088,False,calibration
Leaf smut_412.jpg,.jpg,Original images/Leaf smut/Leaf smut_412.jpg,342576,True,1024,1024,1.0,RGB,3,JPEG,db9c6b955e8ec0b3e6ade012151bc96a7fb4f8a84023d2ed6a60e646c91418ed,,Leaf smut,RiceLeafDiseaseBD,PRIMARY_DEVELOPMENT_DATASET,PRIMARY_013621,D:\BTech Final Year Project\RiceLeafDiseaseBD A Field-Based Annotated Smartpho\RiceLeafDiseaseBD A Field-Based Annotated Smartpho\RiceLeafDiseaseBD\RiceLeafDiseaseBD\Annotated images ( visual with labels)\Leaf smut\labels\Leaf smut_412.txt,UNIQUE_GROUP_015352,False,calibration
Leaf smut_423.jpg,.jpg,Original images/Leaf smut/Leaf smut_423.jpg,334323,True,1024,1024,1.0,RGB,3,JPEG,a00db499e1530a235995ea2e9f157bf4d0580f1615ec6844585926871fb5dcd2,,Leaf smut,RiceLeafDiseaseBD,PRIMARY_DEVELOPMENT_DATASET,PRIMARY_013633,D:\BTech Final Year Project\RiceLeafDiseaseBD A Field-Based Annotated Smartpho\RiceLeafDiseaseBD A Field-Based Annotated Smartpho\RiceLeafDiseaseBD\RiceLeafDiseaseBD\Annotated images ( visual with labels)\Leaf smut\labels\Leaf smut_423.txt,UNIQUE_GROUP_011200,False,calibration
Leaf smut_428.jpg,.jpg,Original images/Leaf smut/Leaf smut_428.jpg,337198,True,1024,1024,1.0,RGB,3,JPEG,5c255ad49ec83afe42249d540ac534f4e3653a26da26be4dbec16c98b14be56f,,Leaf smut,RiceLeafDiseaseBD,PRIMARY_DEVELOPMENT_DATASET,PRIMARY_013638,D:\BTech Final Year Project\RiceLeafDiseaseBD A Field-Based Annotated Smartpho\RiceLeafDiseaseBD A Field-Based Annotated Smartpho\RiceLeafDiseaseBD\RiceLeafDiseaseBD\Annotated images ( visual with labels)\Leaf smut\labels\Leaf smut_428.txt,UNIQUE_GROUP_006458,False,calibration
Leaf smut_434.jpg,.jpg,Original images/Leaf smut/Leaf smut_434.jpg,349623,True,1024,1024,1.0,RGB,3,JPEG,00710bc3a2366e820a58ecd0ff40706c4f104ed2e2e8d3923805ca630cf61c6c,,Leaf smut,RiceLeafDiseaseBD,PRIMARY_DEVELOPMENT_DATASET,PRIMARY_013645,D:\BTech Final Year Project\RiceLeafDiseaseBD A Field-Based Annotated Smartpho\RiceLeafDiseaseBD A Field-Based Annotated Smartpho\RiceLeafDiseaseBD\RiceLeafDiseaseBD\Annotated images ( visual with labels)\Leaf smut\labels\Leaf smut_434.txt,UNIQUE_GROUP_000035,False,calibration
Leaf smut_436.jpg,.jpg,Original images/Leaf smut/Leaf smut_436.jpg,324603,True,1024,1024,1.0,RGB,3,JPEG,98ff13d2b181d36d029efaee4f17947c729d38dcd25fcdb83b0741c7c10316c0,,Leaf smut,RiceLeafDiseaseBD,PRIMARY_DEVELOPMENT_DATASET,PRIMARY_013647,D:\BTech Final Year Project\RiceLeafDiseaseBD A Field-Based Annotated Smartpho\RiceLeafDiseaseBD A Field-Based Annotated Smartpho\RiceLeafDiseaseBD\RiceLeafDiseaseBD\Annotated images ( visual with labels)\Leaf smut\labels\Leaf smut_436.txt,UNIQUE_GROUP_010691,False,calibration
Leaf smut_442.jpg,.jpg,Original images/Leaf smut/Leaf smut_442.jpg,337482,True,1024,1024,1.0,RGB,3,JPEG,9833759d22e40d5e0205203ecc8002af5007451ce325dc2e9ce566fa029be871,,Leaf smut,RiceLeafDiseaseBD,PRIMARY_DEVELOPMENT_DATASET,PRIMARY_013654,D:\BTech Final Year Project\RiceLeafDiseaseBD A Field-Based Annotated Smartpho\RiceLeafDiseaseBD A Field-Based Annotated Smartpho\RiceLeafDiseaseBD\RiceLeafDiseaseBD\Annotated images ( visual with labels)\Leaf smut\labels\Leaf smut_442.txt,UNIQUE_GROUP_010651,False,calibration
Leaf smut_445.jpg,.jpg,Original images/Leaf smut/Leaf smut_445.jpg,342979,True,1024,1024,1.0,RGB,3,JPEG,448d8dfc08a6b92814b3feafe817cbb76840108ba7873a99b0e2217420b469c1,,Leaf smut,RiceLeafDiseaseBD,PRIMARY_DEVELOPMENT_DATASET,PRIMARY_013657,D:\BTech Final Year Project\RiceLeafDiseaseBD A Field-Based Annotated Smartpho\RiceLeafDiseaseBD A Field-Based Annotated Smartpho\RiceLeafDiseaseBD\RiceLeafDiseaseBD\Annotated images ( visual with labels)\Leaf smut\labels\Leaf smut_445.txt,UNIQUE_GROUP_004789,False,calibration
Leaf smut_447.jpg,.jpg,Original images/Leaf smut/Leaf smut_447.jpg,355242,True,1024,1024,1.0,RGB,3,JPEG,1d1aff61474be2bb4cd08dd55463f18733f86ee34f58e39c4baafef2d2d3e87d,,Leaf smut,RiceLeafDiseaseBD,PRIMARY_DEVELOPMENT_DATASET,PRIMARY_013659,D:\BTech Final Year Project\RiceLeafDiseaseBD A Field-Based Annotated Smartpho\RiceLeafDiseaseBD A Field-Based Annotated Smartpho\RiceLeafDiseaseBD\RiceLeafDiseaseBD\Annotated images ( visual with labels)\Leaf smut\labels\Leaf smut_447.txt,UNIQUE_GROUP_002028,False,calibration
Leaf smut_449.jpg,.jpg,Original images/Leaf smut/Leaf smut_449.jpg,344469,True,1024,1024,1.0,RGB,3,JPEG,1040b0e3e27da4120fe3921a9324b877d2f089206cfc93b29859e61e0cd84a5c,,Leaf smut,RiceLeafDiseaseBD,PRIMARY_DEVELOPMENT_DATASET,PRIMARY_013661,D:\BTech Final Year Project\RiceLeafDiseaseBD A Field-Based Annotated Smartpho\RiceLeafDiseaseBD A Field-Based Annotated Smartpho\RiceLeafDiseaseBD\RiceLeafDiseaseBD\Annotated images ( visual with labels)\Leaf smut\labels\Leaf smut_449.txt,UNIQUE_GROUP_001120,False,calibration
Leaf smut_458.jpg,.jpg,Original images/Leaf smut/Leaf smut_458.jpg,332191,True,1024,1024,1.0,RGB,3,JPEG,e5b9e9ba8cb5f8363b4639531ac246e598febac5f7e4ca73d870ebdd4e3fd9ff,,Leaf smut,RiceLeafDiseaseBD,PRIMARY_DEVELOPMENT_DATASET,PRIMARY_013671,D:\BTech Final Year Project\RiceLeafDiseaseBD A Field-Based Annotated Smartpho\RiceLeafDiseaseBD A Field-Based Annotated Smartpho\RiceLeafDiseaseBD\RiceLeafDiseaseBD\Annotated images ( visual with labels)\Leaf smut\labels\Leaf smut_458.txt,UNIQUE_GROUP_016027,False,calibration
Leaf smut_46.jpg,.jpg,Original images/Leaf smut/Leaf smut_46.jpg,325842,True,1024,1024,1.0,RGB,3,JPEG,77d29aba150a1999925142e33f609690fdcb95417e8f1f9b4b8549d93aea5461,,Leaf smut,RiceLeafDiseaseBD,PRIMARY_DEVELOPMENT_DATASET,PRIMARY_013673,D:\BTech Final Year Project\RiceLeafDiseaseBD A Field-Based Annotated Smartpho\RiceLeafDiseaseBD A Field-Based Annotated Smartpho\RiceLeafDiseaseBD\RiceLeafDiseaseBD\Annotated images ( visual with labels)\Leaf smut\labels\Leaf smut_46.txt,UNIQUE_GROUP_008353,False,calibration
Leaf smut_460.jpg,.jpg,Original images/Leaf smut/Leaf smut_460.jpg,343005,True,1024,1024,1.0,RGB,3,JPEG,b5e601f3a0a9cbd48bb890a38d5f4f3c8a7cfea9421de79f965528d1d8bfefb8,,Leaf smut,RiceLeafDiseaseBD,PRIMARY_DEVELOPMENT_DATASET,PRIMARY_013674,D:\BTech Final Year Project\RiceLeafDiseaseBD A Field-Based Annotated Smartpho\RiceLeafDiseaseBD A Field-Based Annotated Smartpho\RiceLeafDiseaseBD\RiceLeafDiseaseBD\Annotated images ( visual with labels)\Leaf smut\labels\Leaf smut_460.txt,UNIQUE_GROUP_012718,False,calibration
Leaf smut_462.jpg,.jpg,Original images/Leaf smut/Leaf smut_462.jpg,334213,True,1024,1024,1.0,RGB,3,JPEG,f2aef8ffb9fe0550fc14740853076fb61d0d692c68ea8756a525e5021b6ab6b1,,Leaf smut,RiceLeafDiseaseBD,PRIMARY_DEVELOPMENT_DATASET,PRIMARY_013676,D:\BTech Final Year Project\RiceLeafDiseaseBD A Field-Based Annotated Smartpho\RiceLeafDiseaseBD A Field-Based Annotated Smartpho\RiceLeafDiseaseBD\RiceLeafDiseaseBD\Annotated images ( visual with labels)\Leaf smut\labels\Leaf smut_462.txt,UNIQUE_GROUP_016892,False,calibration
Leaf smut_466.jpg,.jpg,Original images/Leaf smut/Leaf smut_466.jpg,360532,True,1024,1024,1.0,RGB,3,JPEG,ef7bff4a2b63ea8a001db8d6b0343d5365f18aa695335341a8838486886eb348,,Leaf smut,RiceLeafDiseaseBD,PRIMARY_DEVELOPMENT_DATASET,PRIMARY_013680,D:\BTech Final Year Project\RiceLeafDiseaseBD A Field-Based Annotated Smartpho\RiceLeafDiseaseBD A Field-Based Annotated Smartpho\RiceLeafDiseaseBD\RiceLeafDiseaseBD\Annotated images ( visual with labels)\Leaf smut\labels\Leaf smut_466.txt,UNIQUE_GROUP_016685,False,calibration
Leaf smut_488.jpg,.jpg,Original images/Leaf smut/Leaf smut_488.jpg,311574,True,1024,1024,1.0,RGB,3,JPEG,7aa15a0b9b8cd8754d1e61ddb5146edd7a96be02fb5abeefd276ae40560d865b,,Leaf smut,RiceLeafDiseaseBD,PRIMARY_DEVELOPMENT_DATASET,PRIMARY_013704,D:\BTech Final Year Project\RiceLeafDiseaseBD A Field-Based Annotated Smartpho\RiceLeafDiseaseBD A Field-Based Annotated Smartpho\RiceLeafDiseaseBD\RiceLeafDiseaseBD\Annotated images ( visual with labels)\Leaf smut\labels\Leaf smut_488.txt,UNIQUE_GROUP_008550,False,calibration
Leaf smut_505.jpg,.jpg,Original images/Leaf smut/Leaf smut_505.jpg,304017,True,1024,1024,1.0,RGB,3,JPEG,39f3a351aa25a99bf7c35b876cfd423c074a049266e6e0450a90fc8c290e8dc3,,Leaf smut,RiceLeafDiseaseBD,PRIMARY_DEVELOPMENT_DATASET,PRIMARY_013724,D:\BTech Final Year Project\RiceLeafDiseaseBD A Field-Based Annotated Smartpho\RiceLeafDiseaseBD A Field-Based Annotated Smartpho\RiceLeafDiseaseBD\RiceLeafDiseaseBD\Annotated images ( visual with labels)\Leaf smut\labels\Leaf smut_505.txt,UNIQUE_GROUP_004059,False,calibration
Leaf smut_507.jpg,.jpg,Original images/Leaf smut/Leaf smut_507.jpg,305244,True,1024,1024,1.0,RGB,3,JPEG,d12e22ccde299ac5ed430047fa39d66dd9fc4654fd5343b4d80e270ae4a14d72,,Leaf smut,RiceLeafDiseaseBD,PRIMARY_DEVELOPMENT_DATASET,PRIMARY_013726,D:\BTech Final Year Project\RiceLeafDiseaseBD A Field-Based Annotated Smartpho\RiceLeafDiseaseBD A Field-Based Annotated Smartpho\RiceLeafDiseaseBD\RiceLeafDiseaseBD\Annotated images ( visual with labels)\Leaf smut\labels\Leaf smut_507.txt,UNIQUE_GROUP_014627,False,calibration
Leaf smut_523.jpg,.jpg,Original images/Leaf smut/Leaf smut_523.jpg,300882,True,1024,1024,1.0,RGB,3,JPEG,8a01ae4be337d03bbc0a8d1fcf41266577e4d356a24f04e462f9db21415ab92f,,Leaf smut,RiceLeafDiseaseBD,PRIMARY_DEVELOPMENT_DATASET,PRIMARY_013744,D:\BTech Final Year Project\RiceLeafDiseaseBD A Field-Based Annotated Smartpho\RiceLeafDiseaseBD A Field-Based Annotated Smartpho\RiceLeafDiseaseBD\RiceLeafDiseaseBD\Annotated images ( visual with labels)\Leaf smut\labels\Leaf smut_523.txt,UNIQUE_GROUP_009638,False,calibration
Leaf smut_524.jpg,.jpg,Original images/Leaf smut/Leaf smut_524.jpg,292459,True,1024,1024,1.0,RGB,3,JPEG,fd9640e7d8db865b151ac9ad92138692226e16f364a187715e2b5ac57b582a16,,Leaf smut,RiceLeafDiseaseBD,PRIMARY_DEVELOPMENT_DATASET,PRIMARY_013745,D:\BTech Final Year Project\RiceLeafDiseaseBD A Field-Based Annotated Smartpho\RiceLeafDiseaseBD A Field-Based Annotated Smartpho\RiceLeafDiseaseBD\RiceLeafDiseaseBD\Annotated images ( visual with labels)\Leaf smut\labels\Leaf smut_524.txt,UNIQUE_GROUP_017629,False,calibration
Leaf smut_527.jpg,.jpg,Original images/Leaf smut/Leaf smut_527.jpg,320640,True,1024,1024,1.0,RGB,3,JPEG,22c2ba028208abaf71b3db5cc64985e9828763b8e304095cce9f17f6f79629b0,,Leaf smut,RiceLeafDiseaseBD,PRIMARY_DEVELOPMENT_DATASET,PRIMARY_013748,D:\BTech Final Year Project\RiceLeafDiseaseBD A Field-Based Annotated Smartpho\RiceLeafDiseaseBD A Field-Based Annotated Smartpho\RiceLeafDiseaseBD\RiceLeafDiseaseBD\Annotated images ( visual with labels)\Leaf smut\labels\Leaf smut_527.txt,UNIQUE_GROUP_002445,False,calibration
Leaf smut_530.jpg,.jpg,Original images/Leaf smut/Leaf smut_530.jpg,327651,True,1024,1024,1.0,RGB,3,JPEG,b041d0fe25dcb00beacdfd0971e6eef640905d0924476dea9634d3c9f63077df,,Leaf smut,RiceLeafDiseaseBD,PRIMARY_DEVELOPMENT_DATASET,PRIMARY_013752,D:\BTech Final Year Project\RiceLeafDiseaseBD A Field-Based Annotated Smartpho\RiceLeafDiseaseBD A Field-Based Annotated Smartpho\RiceLeafDiseaseBD\RiceLeafDiseaseBD\Annotated images ( visual with labels)\Leaf smut\labels\Leaf smut_530.txt,UNIQUE_GROUP_012324,False,calibration
Leaf smut_550.jpg,.jpg,Original images/Leaf smut/Leaf smut_550.jpg,331844,True,1024,1024,1.0,RGB,3,JPEG,1b920e8c8063a9c83591cc74da1a51d0d7c8946e39aa2bf1a8ede5213314b52c,,Leaf smut,RiceLeafDiseaseBD,PRIMARY_DEVELOPMENT_DATASET,PRIMARY_013774,D:\BTech Final Year Project\RiceLeafDiseaseBD A Field-Based Annotated Smartpho\RiceLeafDiseaseBD A Field-Based Annotated Smartpho\RiceLeafDiseaseBD\RiceLeafDiseaseBD\Annotated images ( visual with labels)\Leaf smut\labels\Leaf smut_550.txt,UNIQUE_GROUP_001929,False,calibration
Leaf smut_561.jpg,.jpg,Original images/Leaf smut/Leaf smut_561.jpg,305529,True,1024,1024,1.0,RGB,3,JPEG,1ee99849b71287b1b476442a5eea3161de62ba0741d092d3b613e5094af6e14e,,Leaf smut,RiceLeafDiseaseBD,PRIMARY_DEVELOPMENT_DATASET,PRIMARY_013786,D:\BTech Final Year Project\RiceLeafDiseaseBD A Field-Based Annotated Smartpho\RiceLeafDiseaseBD A Field-Based Annotated Smartpho\RiceLeafDiseaseBD\RiceLeafDiseaseBD\Annotated images ( visual with labels)\Leaf smut\labels\Leaf smut_561.txt,UNIQUE_GROUP_002156,False,calibration
Leaf smut_566.jpg,.jpg,Original images/Leaf smut/Leaf smut_566.jpg,294767,True,1024,1024,1.0,RGB,3,JPEG,a79bb56e57121d6d07b8865a16845e6833ac254d233f5f0468303d5924d115c5,,Leaf smut,RiceLeafDiseaseBD,PRIMARY_DEVELOPMENT_DATASET,PRIMARY_013791,D:\BTech Final Year Project\RiceLeafDiseaseBD A Field-Based Annotated Smartpho\RiceLeafDiseaseBD A Field-Based Annotated Smartpho\RiceLeafDiseaseBD\RiceLeafDiseaseBD\Annotated images ( visual with labels)\Leaf smut\labels\Leaf smut_566.txt,UNIQUE_GROUP_011732,False,calibration
Leaf smut_572.jpg,.jpg,Original images/Leaf smut/Leaf smut_572.jpg,285457,True,1024,1024,1.0,RGB,3,JPEG,196b1c6f2a0677bda5697d76b98935fc23c1f554887a171ff656428bc8afc054,,Leaf smut,RiceLeafDiseaseBD,PRIMARY_DEVELOPMENT_DATASET,PRIMARY_013798,D:\BTech Final Year Project\RiceLeafDiseaseBD A Field-Based Annotated Smartpho\RiceLeafDiseaseBD A Field-Based Annotated Smartpho\RiceLeafDiseaseBD\RiceLeafDiseaseBD\Annotated images ( visual with labels)\Leaf smut\labels\Leaf smut_572.txt,UNIQUE_GROUP_001746,False,calibration
Leaf smut_579.jpg,.jpg,Original images/Leaf smut/Leaf smut_579.jpg,333503,True,1024,1024,1.0,RGB,3,JPEG,67f7cb2d9acf742fdb515a4dc3a05c696225f05e76afc6287187dd1723b40d24,,Leaf smut,RiceLeafDiseaseBD,PRIMARY_DEVELOPMENT_DATASET,PRIMARY_013805,D:\BTech Final Year Project\RiceLeafDiseaseBD A Field-Based Annotated Smartpho\RiceLeafDiseaseBD A Field-Based Annotated Smartpho\RiceLeafDiseaseBD\RiceLeafDiseaseBD\Annotated images ( visual with labels)\Leaf smut\labels\Leaf smut_579.txt,UNIQUE_GROUP_007285,False,calibration
Leaf smut_595.jpg,.jpg,Original images/Leaf smut/Leaf smut_595.jpg,347714,True,1024,1024,1.0,RGB,3,JPEG,6ee8afcba2cafa849e235826faf6dd435cd532df51ba5c2934f409918559955c,,Leaf smut,RiceLeafDiseaseBD,PRIMARY_DEVELOPMENT_DATASET,PRIMARY_013823,D:\BTech Final Year Project\RiceLeafDiseaseBD A Field-Based Annotated Smartpho\RiceLeafDiseaseBD A Field-Based Annotated Smartpho\RiceLeafDiseaseBD\RiceLeafDiseaseBD\Annotated images ( visual with labels)\Leaf smut\labels\Leaf smut_595.txt,UNIQUE_GROUP_007742,False,calibration
Leaf smut_6.jpg,.jpg,Original images/Leaf smut/Leaf smut_6.jpg,350348,True,1024,1024,1.0,RGB,3,JPEG,99fda653c6f79e360cb85030e510fb4fc0520187796dcbbc898c8f3c60508fde,,Leaf smut,RiceLeafDiseaseBD,PRIMARY_DEVELOPMENT_DATASET,PRIMARY_013828,D:\BTech Final Year Project\RiceLeafDiseaseBD A Field-Based Annotated Smartpho\RiceLeafDiseaseBD A Field-Based Annotated Smartpho\RiceLeafDiseaseBD\RiceLeafDiseaseBD\Annotated images ( visual with labels)\Leaf smut\labels\Leaf smut_6.txt,UNIQUE_GROUP_010769,False,calibration
Leaf smut_62.jpg,.jpg,Original images/Leaf smut/Leaf smut_62.jpg,320883,True,1024,1024,1.0,RGB,3,JPEG,62643f3a298c6d47debb1ad7fcbba524ffda37cf669538b76e61725f0b2da090,,Leaf smut,RiceLeafDiseaseBD,PRIMARY_DEVELOPMENT_DATASET,PRIMARY_013851,D:\BTech Final Year Project\RiceLeafDiseaseBD A Field-Based Annotated Smartpho\RiceLeafDiseaseBD A Field-Based Annotated Smartpho\RiceLeafDiseaseBD\RiceLeafDiseaseBD\Annotated images ( visual with labels)\Leaf smut\labels\Leaf smut_62.txt,UNIQUE_GROUP_006884,False,calibration
Leaf smut_635.jpg,.jpg,Original images/Leaf smut/Leaf smut_635.jpg,360922,True,1024,1024,1.0,RGB,3,JPEG,f8babd22efe2e0b3d9b35db7454f77f6204f527f615bd34524b7a603725f0cfc,,Leaf smut,RiceLeafDiseaseBD,PRIMARY_DEVELOPMENT_DATASET,PRIMARY_013868,D:\BTech Final Year Project\RiceLeafDiseaseBD A Field-Based Annotated Smartpho\RiceLeafDiseaseBD A Field-Based Annotated Smartpho\RiceLeafDiseaseBD\RiceLeafDiseaseBD\Annotated images ( visual with labels)\Leaf smut\labels\Leaf smut_635.txt,UNIQUE_GROUP_017326,False,calibration
Leaf smut_657.jpg,.jpg,Original images/Leaf smut/Leaf smut_657.jpg,346404,True,1024,1024,1.0,RGB,3,JPEG,e5b54651c3c96b2508176eb7c53c8503f125a24f313a1c0a1dc84f5fd4089dfa,,Leaf smut,RiceLeafDiseaseBD,PRIMARY_DEVELOPMENT_DATASET,PRIMARY_013892,D:\BTech Final Year Project\RiceLeafDiseaseBD A Field-Based Annotated Smartpho\RiceLeafDiseaseBD A Field-Based Annotated Smartpho\RiceLeafDiseaseBD\RiceLeafDiseaseBD\Annotated images ( visual with labels)\Leaf smut\labels\Leaf smut_657.txt,UNIQUE_GROUP_016023,False,calibration
Leaf smut_66.jpg,.jpg,Original images/Leaf smut/Leaf smut_66.jpg,325975,True,1024,1024,1.0,RGB,3,JPEG,29e756f370c54977cabcd2bb0701080a81f5817bc08eee88f1672378772a828b,,Leaf smut,RiceLeafDiseaseBD,PRIMARY_DEVELOPMENT_DATASET,PRIMARY_013895,D:\BTech Final Year Project\RiceLeafDiseaseBD A Field-Based Annotated Smartpho\RiceLeafDiseaseBD A Field-Based Annotated Smartpho\RiceLeafDiseaseBD\RiceLeafDiseaseBD\Annotated images ( visual with labels)\Leaf smut\labels\Leaf smut_66.txt,UNIQUE_GROUP_002925,False,calibration
Leaf smut_664.jpg,.jpg,Original images/Leaf smut/Leaf smut_664.jpg,433492,True,1024,1024,1.0,RGB,3,JPEG,d3bacb9659d9aabf3066068eb5b44f2e6f09f04417338ca0129846a1d307932d,,Leaf smut,RiceLeafDiseaseBD,PRIMARY_DEVELOPMENT_DATASET,PRIMARY_013900,D:\BTech Final Year Project\RiceLeafDiseaseBD A Field-Based Annotated Smartpho\RiceLeafDiseaseBD A Field-Based Annotated Smartpho\RiceLeafDiseaseBD\RiceLeafDiseaseBD\Annotated images ( visual with labels)\Leaf smut\labels\Leaf smut_664.txt,UNIQUE_GROUP_014826,False,calibration
Leaf smut_690.jpg,.jpg,Original images/Leaf smut/Leaf smut_690.jpg,363665,True,1024,1024,1.0,RGB,3,JPEG,0f2477056fa8e6c7bb4c60c0cbec31b2b9f8222f3d0814fa0821a20b3bfb2a0f,,Leaf smut,RiceLeafDiseaseBD,PRIMARY_DEVELOPMENT_DATASET,PRIMARY_013929,D:\BTech Final Year Project\RiceLeafDiseaseBD A Field-Based Annotated Smartpho\RiceLeafDiseaseBD A Field-Based Annotated Smartpho\RiceLeafDiseaseBD\RiceLeafDiseaseBD\Annotated images ( visual with labels)\Leaf smut\labels\Leaf smut_690.txt,UNIQUE_GROUP_001049,False,calibration
Leaf smut_691.jpg,.jpg,Original images/Leaf smut/Leaf smut_691.jpg,372220,True,1024,1024,1.0,RGB,3,JPEG,a004324c06122fa187b51e61de835f3ec73e0cdbb3644b04fbe2d20957c82cab,,Leaf smut,RiceLeafDiseaseBD,PRIMARY_DEVELOPMENT_DATASET,PRIMARY_013930,D:\BTech Final Year Project\RiceLeafDiseaseBD A Field-Based Annotated Smartpho\RiceLeafDiseaseBD A Field-Based Annotated Smartpho\RiceLeafDiseaseBD\RiceLeafDiseaseBD\Annotated images ( visual with labels)\Leaf smut\labels\Leaf smut_691.txt,UNIQUE_GROUP_011198,False,calibration
Leaf smut_693.jpg,.jpg,Original images/Leaf smut/Leaf smut_693.jpg,360217,True,1024,1024,1.0,RGB,3,JPEG,efb058fc3852a4137bce47dc67f992046b5ff3210b5be92e13d5955a3777c488,,Leaf smut,RiceLeafDiseaseBD,PRIMARY_DEVELOPMENT_DATASET,PRIMARY_013932,D:\BTech Final Year Project\RiceLeafDiseaseBD A Field-Based Annotated Smartpho\RiceLeafDiseaseBD A Field-Based Annotated Smartpho\RiceLeafDiseaseBD\RiceLeafDiseaseBD\Annotated images ( visual with labels)\Leaf smut\labels\Leaf smut_693.txt,UNIQUE_GROUP_016701,False,calibration
Leaf smut_698.jpg,.jpg,Original images/Leaf smut/Leaf smut_698.jpg,364777,True,1024,1024,1.0,RGB,3,JPEG,d393217d3555b10319d2bbe599012891b5e75d92ff792cf67f8951fe8f6d7cae,,Leaf smut,RiceLeafDiseaseBD,PRIMARY_DEVELOPMENT_DATASET,PRIMARY_013937,D:\BTech Final Year Project\RiceLeafDiseaseBD A Field-Based Annotated Smartpho\RiceLeafDiseaseBD A Field-Based Annotated Smartpho\RiceLeafDiseaseBD\RiceLeafDiseaseBD\Annotated images ( visual with labels)\Leaf smut\labels\Leaf smut_698.txt,UNIQUE_GROUP_014815,False,calibration
Leaf smut_700.jpg,.jpg,Original images/Leaf smut/Leaf smut_700.jpg,357491,True,1024,1024,1.0,RGB,3,JPEG,8f86caac24302e50cad4d299fa69a355dab86f476b071fea23008dbc78d3afd9,,Leaf smut,RiceLeafDiseaseBD,PRIMARY_DEVELOPMENT_DATASET,PRIMARY_013941,D:\BTech Final Year Project\RiceLeafDiseaseBD A Field-Based Annotated Smartpho\RiceLeafDiseaseBD A Field-Based Annotated Smartpho\RiceLeafDiseaseBD\RiceLeafDiseaseBD\Annotated images ( visual with labels)\Leaf smut\labels\Leaf smut_700.txt,UNIQUE_GROUP_010043,False,calibration
Leaf smut_712.jpg,.jpg,Original images/Leaf smut/Leaf smut_712.jpg,300121,True,1024,1024,1.0,RGB,3,JPEG,759bbe5ee12f1658bff7e45553a9282e66d75ac3145acca5e859c57667d655ca,,Leaf smut,RiceLeafDiseaseBD,PRIMARY_DEVELOPMENT_DATASET,PRIMARY_013954,D:\BTech Final Year Project\RiceLeafDiseaseBD A Field-Based Annotated Smartpho\RiceLeafDiseaseBD A Field-Based Annotated Smartpho\RiceLeafDiseaseBD\RiceLeafDiseaseBD\Annotated images ( visual with labels)\Leaf smut\labels\Leaf smut_712.txt,UNIQUE_GROUP_008202,False,calibration
Leaf smut_83.jpg,.jpg,Original images/Leaf smut/Leaf smut_83.jpg,368496,True,1024,1024,1.0,RGB,3,JPEG,54fc0cd59beb6a0ca29bd5e92bc803c0f21a80f0b7b9199ad0584b0c6fe1d1cf,,Leaf smut,RiceLeafDiseaseBD,PRIMARY_DEVELOPMENT_DATASET,PRIMARY_013979,D:\BTech Final Year Project\RiceLeafDiseaseBD A Field-Based Annotated Smartpho\RiceLeafDiseaseBD A Field-Based Annotated Smartpho\RiceLeafDiseaseBD\RiceLeafDiseaseBD\Annotated images ( visual with labels)\Leaf smut\labels\Leaf smut_83.txt,UNIQUE_GROUP_005950,False,calibration
Leaf smut_85.jpg,.jpg,Original images/Leaf smut/Leaf smut_85.jpg,291592,True,1024,1024,1.0,RGB,3,JPEG,f4e34d51ff0b59a27df92e96d27396d0ddf23b04ce76df345e708dafc9a37750,,Leaf smut,RiceLeafDiseaseBD,PRIMARY_DEVELOPMENT_DATASET,PRIMARY_013981,D:\BTech Final Year Project\RiceLeafDiseaseBD A Field-Based Annotated Smartpho\RiceLeafDiseaseBD A Field-Based Annotated Smartpho\RiceLeafDiseaseBD\RiceLeafDiseaseBD\Annotated images ( visual with labels)\Leaf smut\labels\Leaf smut_85.txt,UNIQUE_GROUP_017040,False,calibration
Leaf smut_95.jpg,.jpg,Original images/Leaf smut/Leaf smut_95.jpg,327030,True,1024,1024,1.0,RGB,3,JPEG,a0e76c65cddc30c76281d1c5908f719f50de60febc8bf08a371d3154019f3c2f,,Leaf smut,RiceLeafDiseaseBD,PRIMARY_DEVELOPMENT_DATASET,PRIMARY_013992,D:\BTech Final Year Project\RiceLeafDiseaseBD A Field-Based Annotated Smartpho\RiceLeafDiseaseBD A Field-Based Annotated Smartpho\RiceLeafDiseaseBD\RiceLeafDiseaseBD\Annotated images ( visual with labels)\Leaf smut\labels\Leaf smut_95.txt,UNIQUE_GROUP_011275,False,calibration
Rice Tungro_1002.jpg,.jpg,Original images/Rice Tungro/Rice Tungro_1002.jpg,351966,True,1024,1024,1.0,RGB,3,JPEG,4b2e5b58d35d4c063e4a43e9bbe2ad1929f4e50de7a5cfd0094ae0bfc23b957e,,Rice Tungro,RiceLeafDiseaseBD,PRIMARY_DEVELOPMENT_DATASET,PRIMARY_014002,D:\BTech Final Year Project\RiceLeafDiseaseBD A Field-Based Annotated Smartpho\RiceLeafDiseaseBD A Field-Based Annotated Smartpho\RiceLeafDiseaseBD\RiceLeafDiseaseBD\Annotated images ( visual with labels)\Rice Tungro\labels\Rice Tungro_1002.txt,UNIQUE_GROUP_005256,False,calibration
Rice Tungro_1016.jpg,.jpg,Original images/Rice Tungro/Rice Tungro_1016.jpg,371586,True,1024,1024,1.0,RGB,3,JPEG,dbe402076975aff7e2187f2c5b141e5b76c02ede0bd04aadea74ccddd8234e18,,Rice Tungro,RiceLeafDiseaseBD,PRIMARY_DEVELOPMENT_DATASET,PRIMARY_014017,D:\BTech Final Year Project\RiceLeafDiseaseBD A Field-Based Annotated Smartpho\RiceLeafDiseaseBD A Field-Based Annotated Smartpho\RiceLeafDiseaseBD\RiceLeafDiseaseBD\Annotated images ( visual with labels)\Rice Tungro\labels\Rice Tungro_1016.txt,UNIQUE_GROUP_015370,False,calibration
Rice Tungro_1026.jpg,.jpg,Original images/Rice Tungro/Rice Tungro_1026.jpg,365740,True,1024,1024,1.0,RGB,3,JPEG,ea063d3691072635299fc1a871b15be714322a0569dc632197a833a4278a5412,,Rice Tungro,RiceLeafDiseaseBD,PRIMARY_DEVELOPMENT_DATASET,PRIMARY_014028,D:\BTech Final Year Project\RiceLeafDiseaseBD A Field-Based Annotated Smartpho\RiceLeafDiseaseBD A Field-Based Annotated Smartpho\RiceLeafDiseaseBD\RiceLeafDiseaseBD\Annotated images ( visual with labels)\Rice Tungro\labels\Rice Tungro_1026.txt,UNIQUE_GROUP_016307,False,calibration
Rice Tungro_1031.jpg,.jpg,Original images/Rice Tungro/Rice Tungro_1031.jpg,345566,True,1024,1024,1.0,RGB,3,JPEG,6c9ad2d34431cf4e65081e54a8cb0d76379360070dd76f3d0a2215257a0ae079,,Rice Tungro,RiceLeafDiseaseBD,PRIMARY_DEVELOPMENT_DATASET,PRIMARY_014034,D:\BTech Final Year Project\RiceLeafDiseaseBD A Field-Based Annotated Smartpho\RiceLeafDiseaseBD A Field-Based Annotated Smartpho\RiceLeafDiseaseBD\RiceLeafDiseaseBD\Annotated images ( visual with labels)\Rice Tungro\labels\Rice Tungro_1031.txt,UNIQUE_GROUP_007577,False,calibration
Rice Tungro_105.jpg,.jpg,Original images/Rice Tungro/Rice Tungro_105.jpg,335266,True,1024,1024,1.0,RGB,3,JPEG,4d1230fe5a72e00cc3138ff11900102b223228239200948fabacc6f09aec0c86,,Rice Tungro,RiceLeafDiseaseBD,PRIMARY_DEVELOPMENT_DATASET,PRIMARY_014054,D:\BTech Final Year Project\RiceLeafDiseaseBD A Field-Based Annotated Smartpho\RiceLeafDiseaseBD A Field-Based Annotated Smartpho\RiceLeafDiseaseBD\RiceLeafDiseaseBD\Annotated images ( visual with labels)\Rice Tungro\labels\Rice Tungro_105.txt,UNIQUE_GROUP_005404,False,calibration
Rice Tungro_1050.jpg,.jpg,Original images/Rice Tungro/Rice Tungro_1050.jpg,326638,True,1024,1024,1.0,RGB,3,JPEG,cff52bd8c44b424477698c5bee17a35b4a40d14e35f774eeb162e44a6f7b9a0a,,Rice Tungro,RiceLeafDiseaseBD,PRIMARY_DEVELOPMENT_DATASET,PRIMARY_014055,D:\BTech Final Year Project\RiceLeafDiseaseBD A Field-Based Annotated Smartpho\RiceLeafDiseaseBD A Field-Based Annotated Smartpho\RiceLeafDiseaseBD\RiceLeafDiseaseBD\Annotated images ( visual with labels)\Rice Tungro\labels\Rice Tungro_1050.txt,UNIQUE_GROUP_014539,False,calibration
Rice Tungro_1053.jpg,.jpg,Original images/Rice Tungro/Rice Tungro_1053.jpg,345297,True,1024,1024,1.0,RGB,3,JPEG,27f5fd455ca3001b35dde5fe5a5cb0148c7f0a378884b6d00bb8371692677d6c,,Rice Tungro,RiceLeafDiseaseBD,PRIMARY_DEVELOPMENT_DATASET,PRIMARY_014058,D:\BTech Final Year Project\RiceLeafDiseaseBD A Field-Based Annotated Smartpho\RiceLeafDiseaseBD A Field-Based Annotated Smartpho\RiceLeafDiseaseBD\RiceLeafDiseaseBD\Annotated images ( visual with labels)\Rice Tungro\labels\Rice Tungro_1053.txt,UNIQUE_GROUP_002793,False,calibration
Rice Tungro_1056.jpg,.jpg,Original images/Rice Tungro/Rice Tungro_1056.jpg,327875,True,1024,1024,1.0,RGB,3,JPEG,65d3c3cef9a830db96f5c8d52b5354a6f2c715c4d26a465a8768ba51f7a189ee,,Rice Tungro,RiceLeafDiseaseBD,PRIMARY_DEVELOPMENT_DATASET,PRIMARY_014061,D:\BTech Final Year Project\RiceLeafDiseaseBD A Field-Based Annotated Smartpho\RiceLeafDiseaseBD A Field-Based Annotated Smartpho\RiceLeafDiseaseBD\RiceLeafDiseaseBD\Annotated images ( visual with labels)\Rice Tungro\labels\Rice Tungro_1056.txt,UNIQUE_GROUP_007133,False,calibration
Rice Tungro_1058.jpg,.jpg,Original images/Rice Tungro/Rice Tungro_1058.jpg,334290,True,1024,1024,1.0,RGB,3,JPEG,53320e9af231e93effc26c849c19df1cc5caf1d19eac331d31ae736d2f71ebb3,,Rice Tungro,RiceLeafDiseaseBD,PRIMARY_DEVELOPMENT_DATASET,PRIMARY_014063,D:\BTech Final Year Project\RiceLeafDiseaseBD A Field-Based Annotated Smartpho\RiceLeafDiseaseBD A Field-Based Annotated Smartpho\RiceLeafDiseaseBD\RiceLeafDiseaseBD\Annotated images ( visual with labels)\Rice Tungro\labels\Rice Tungro_1058.txt,UNIQUE_GROUP_005831,False,calibration
Rice Tungro_1061.jpg,.jpg,Original images/Rice Tungro/Rice Tungro_1061.jpg,327730,True,1024,1024,1.0,RGB,3,JPEG,53db14f75f1c3a4fd7af4ef1083ebf790fda564ff3b0d3ebe09e3868fc595ab9,,Rice Tungro,RiceLeafDiseaseBD,PRIMARY_DEVELOPMENT_DATASET,PRIMARY_014067,D:\BTech Final Year Project\RiceLeafDiseaseBD A Field-Based Annotated Smartpho\RiceLeafDiseaseBD A Field-Based Annotated Smartpho\RiceLeafDiseaseBD\RiceLeafDiseaseBD\Annotated images ( visual with labels)\Rice Tungro\labels\Rice Tungro_1061.txt,UNIQUE_GROUP_005864,False,calibration
Rice Tungro_1062.jpg,.jpg,Original images/Rice Tungro/Rice Tungro_1062.jpg,326651,True,1024,1024,1.0,RGB,3,JPEG,3cad2db45dc80e6f62e9e50533522e334eb760a3d9da18af61f23af553f8db61,,Rice Tungro,RiceLeafDiseaseBD,PRIMARY_DEVELOPMENT_DATASET,PRIMARY_014068,D:\BTech Final Year Project\RiceLeafDiseaseBD A Field-Based Annotated Smartpho\RiceLeafDiseaseBD A Field-Based Annotated Smartpho\RiceLeafDiseaseBD\RiceLeafDiseaseBD\Annotated images ( visual with labels)\Rice Tungro\labels\Rice Tungro_1062.txt,UNIQUE_GROUP_004236,False,calibration
Rice Tungro_1067.jpg,.jpg,Original images/Rice Tungro/Rice Tungro_1067.jpg,321435,True,1024,1024,1.0,RGB,3,JPEG,455eaa4ad15045b5548e4313d4f13dd694895314ce7b8d242428aac89e63bb67,,Rice Tungro,RiceLeafDiseaseBD,PRIMARY_DEVELOPMENT_DATASET,PRIMARY_014073,D:\BTech Final Year Project\RiceLeafDiseaseBD A Field-Based Annotated Smartpho\RiceLeafDiseaseBD A Field-Based Annotated Smartpho\RiceLeafDiseaseBD\RiceLeafDiseaseBD\Annotated images ( visual with labels)\Rice Tungro\labels\Rice Tungro_1067.txt,UNIQUE_GROUP_004844,False,calibration
Rice Tungro_1094.jpg,.jpg,Original images/Rice Tungro/Rice Tungro_1094.jpg,328199,True,1024,1024,1.0,RGB,3,JPEG,90753b3273b19088a05ddd64921ee76d7dc5f7a4040ebc750d88b10322c6d1fd,,Rice Tungro,RiceLeafDiseaseBD,PRIMARY_DEVELOPMENT_DATASET,PRIMARY_014103,D:\BTech Final Year Project\RiceLeafDiseaseBD A Field-Based Annotated Smartpho\RiceLeafDiseaseBD A Field-Based Annotated Smartpho\RiceLeafDiseaseBD\RiceLeafDiseaseBD\Annotated images ( visual with labels)\Rice Tungro\labels\Rice Tungro_1094.txt,UNIQUE_GROUP_010103,False,calibration
Rice Tungro_1095.jpg,.jpg,Original images/Rice Tungro/Rice Tungro_1095.jpg,407407,True,1024,1024,1.0,RGB,3,JPEG,e78cf1c82cd8da5fe1749b5666fce5e91e9c84c3901062f50ec4df93feb66a11,,Rice Tungro,RiceLeafDiseaseBD,PRIMARY_DEVELOPMENT_DATASET,PRIMARY_014104,D:\BTech Final Year Project\RiceLeafDiseaseBD A Field-Based Annotated Smartpho\RiceLeafDiseaseBD A Field-Based Annotated Smartpho\RiceLeafDiseaseBD\RiceLeafDiseaseBD\Annotated images ( visual with labels)\Rice Tungro\labels\Rice Tungro_1095.txt,UNIQUE_GROUP_016146,False,calibration
Rice Tungro_1105.jpg,.jpg,Original images/Rice Tungro/Rice Tungro_1105.jpg,329202,True,1024,1024,1.0,RGB,3,JPEG,6760384fdf0523c5e99225619b33ce6ea7afbc8c75d3953eafef4e8b27d3a324,,Rice Tungro,RiceLeafDiseaseBD,PRIMARY_DEVELOPMENT_DATASET,PRIMARY_014116,D:\BTech Final Year Project\RiceLeafDiseaseBD A Field-Based Annotated Smartpho\RiceLeafDiseaseBD A Field-Based Annotated Smartpho\RiceLeafDiseaseBD\RiceLeafDiseaseBD\Annotated images ( visual with labels)\Rice Tungro\labels\Rice Tungro_1105.txt,UNIQUE_GROUP_007238,False,calibration
Rice Tungro_1120.jpg,.jpg,Original images/Rice Tungro/Rice Tungro_1120.jpg,319311,True,1024,1024,1.0,RGB,3,JPEG,84d4c786f762b7d3e81dfed7d84206b00314f215c49725e1e3045c89d1b73e0a,,Rice Tungro,RiceLeafDiseaseBD,PRIMARY_DEVELOPMENT_DATASET,PRIMARY_014133,D:\BTech Final Year Project\RiceLeafDiseaseBD A Field-Based Annotated Smartpho\RiceLeafDiseaseBD A Field-Based Annotated Smartpho\RiceLeafDiseaseBD\RiceLeafDiseaseBD\Annotated images ( visual with labels)\Rice Tungro\labels\Rice Tungro_1120.txt,UNIQUE_GROUP_009288,False,calibration
Rice Tungro_1122.jpg,.jpg,Original images/Rice Tungro/Rice Tungro_1122.jpg,303144,True,1024,1024,1.0,RGB,3,JPEG,97d70f9f49cc385bae3410d01877fe76a7f579592f17d10dadaa47f2feba1ed0,,Rice Tungro,RiceLeafDiseaseBD,PRIMARY_DEVELOPMENT_DATASET,PRIMARY_014135,D:\BTech Final Year Project\RiceLeafDiseaseBD A Field-Based Annotated Smartpho\RiceLeafDiseaseBD A Field-Based Annotated Smartpho\RiceLeafDiseaseBD\RiceLeafDiseaseBD\Annotated images ( visual with labels)\Rice Tungro\labels\Rice Tungro_1122.txt,UNIQUE_GROUP_010629,False,calibration
Rice Tungro_1127.jpg,.jpg,Original images/Rice Tungro/Rice Tungro_1127.jpg,330398,True,1024,1024,1.0,RGB,3,JPEG,9bba94a75664fe366f5d86af6377cf98cad1a5244d4b40fec067f56f6296d42c,,Rice Tungro,RiceLeafDiseaseBD,PRIMARY_DEVELOPMENT_DATASET,PRIMARY_014140,D:\BTech Final Year Project\RiceLeafDiseaseBD A Field-Based Annotated Smartpho\RiceLeafDiseaseBD A Field-Based Annotated Smartpho\RiceLeafDiseaseBD\RiceLeafDiseaseBD\Annotated images ( visual with labels)\Rice Tungro\labels\Rice Tungro_1127.txt,UNIQUE_GROUP_010908,False,calibration
Rice Tungro_1132.jpg,.jpg,Original images/Rice Tungro/Rice Tungro_1132.jpg,308399,True,1024,1024,1.0,RGB,3,JPEG,815b641a866a2aca857de890c8972cee6fbac1a9210f30298285c73163cedb93,,Rice Tungro,RiceLeafDiseaseBD,PRIMARY_DEVELOPMENT_DATASET,PRIMARY_014146,D:\BTech Final Year Project\RiceLeafDiseaseBD A Field-Based Annotated Smartpho\RiceLeafDiseaseBD A Field-Based Annotated Smartpho\RiceLeafDiseaseBD\RiceLeafDiseaseBD\Annotated images ( visual with labels)\Rice Tungro\labels\Rice Tungro_1132.txt,UNIQUE_GROUP_009039,False,calibration
Rice Tungro_1144.jpg,.jpg,Original images/Rice Tungro/Rice Tungro_1144.jpg,329925,True,1024,1024,1.0,RGB,3,JPEG,0d84bf86d69055190fc93f32de8f34ea4fa98a48c1210a3289d538db45c9fb15,,Rice Tungro,RiceLeafDiseaseBD,PRIMARY_DEVELOPMENT_DATASET,PRIMARY_014159,D:\BTech Final Year Project\RiceLeafDiseaseBD A Field-Based Annotated Smartpho\RiceLeafDiseaseBD A Field-Based Annotated Smartpho\RiceLeafDiseaseBD\RiceLeafDiseaseBD\Annotated images ( visual with labels)\Rice Tungro\labels\Rice Tungro_1144.txt,UNIQUE_GROUP_000931,False,calibration
Rice Tungro_1147.jpg,.jpg,Original images/Rice Tungro/Rice Tungro_1147.jpg,335831,True,1024,1024,1.0,RGB,3,JPEG,f9843d306028f0d4af25c4eaf6ddd740bad35ca9fc80ce7905ed857f5e53f3de,,Rice Tungro,RiceLeafDiseaseBD,PRIMARY_DEVELOPMENT_DATASET,PRIMARY_014162,D:\BTech Final Year Project\RiceLeafDiseaseBD A Field-Based Annotated Smartpho\RiceLeafDiseaseBD A Field-Based Annotated Smartpho\RiceLeafDiseaseBD\RiceLeafDiseaseBD\Annotated images ( visual with labels)\Rice Tungro\labels\Rice Tungro_1147.txt,UNIQUE_GROUP_017388,False,calibration
Rice Tungro_1157.jpg,.jpg,Original images/Rice Tungro/Rice Tungro_1157.jpg,329801,True,1024,1024,1.0,RGB,3,JPEG,f355f001782535403453bbbf71f0f47d9fc5e74c53f46a441b6adc28cdf037ae,,Rice Tungro,RiceLeafDiseaseBD,PRIMARY_DEVELOPMENT_DATASET,PRIMARY_014173,D:\BTech Final Year Project\RiceLeafDiseaseBD A Field-Based Annotated Smartpho\RiceLeafDiseaseBD A Field-Based Annotated Smartpho\RiceLeafDiseaseBD\RiceLeafDiseaseBD\Annotated images ( visual with labels)\Rice Tungro\labels\Rice Tungro_1157.txt,UNIQUE_GROUP_016930,False,calibration
Rice Tungro_1158.jpg,.jpg,Original images/Rice Tungro/Rice Tungro_1158.jpg,387671,True,1024,1024,1.0,RGB,3,JPEG,c8f5d03c1fa2cf155f2a80d2faadbd7777e6921d547fc31bf13d0d7231266fbb,,Rice Tungro,RiceLeafDiseaseBD,PRIMARY_DEVELOPMENT_DATASET,PRIMARY_014174,D:\BTech Final Year Project\RiceLeafDiseaseBD A Field-Based Annotated Smartpho\RiceLeafDiseaseBD A Field-Based Annotated Smartpho\RiceLeafDiseaseBD\RiceLeafDiseaseBD\Annotated images ( visual with labels)\Rice Tungro\labels\Rice Tungro_1158.txt,UNIQUE_GROUP_014060,False,calibration
Rice Tungro_1169.jpg,.jpg,Original images/Rice Tungro/Rice Tungro_1169.jpg,376057,True,1024,1024,1.0,RGB,3,JPEG,f542f9e6527cc79ce7fb582390a82ea4531c29c4034dac5879b84282a0fb1f3b,,Rice Tungro,RiceLeafDiseaseBD,PRIMARY_DEVELOPMENT_DATASET,PRIMARY_014186,D:\BTech Final Year Project\RiceLeafDiseaseBD A Field-Based Annotated Smartpho\RiceLeafDiseaseBD A Field-Based Annotated Smartpho\RiceLeafDiseaseBD\RiceLeafDiseaseBD\Annotated images ( visual with labels)\Rice Tungro\labels\Rice Tungro_1169.txt,UNIQUE_GROUP_017065,False,calibration
Rice Tungro_1177.jpg,.jpg,Original images/Rice Tungro/Rice Tungro_1177.jpg,415894,True,1024,1024,1.0,RGB,3,JPEG,76932a5f5279db96a7902eca92d4ea9822e0fe56c1303a0e752050fd48f5a270,,Rice Tungro,RiceLeafDiseaseBD,PRIMARY_DEVELOPMENT_DATASET,PRIMARY_014195,D:\BTech Final Year Project\RiceLeafDiseaseBD A Field-Based Annotated Smartpho\RiceLeafDiseaseBD A Field-Based Annotated Smartpho\RiceLeafDiseaseBD\RiceLeafDiseaseBD\Annotated images ( visual with labels)\Rice Tungro\labels\Rice Tungro_1177.txt,UNIQUE_GROUP_008264,False,calibration
Rice Tungro_1192.jpg,.jpg,Original images/Rice Tungro/Rice Tungro_1192.jpg,334466,True,1024,1024,1.0,RGB,3,JPEG,ab28274aff695b3b866c219456e8d96783f0a063ba76db30361d2c6a179214f2,,Rice Tungro,RiceLeafDiseaseBD,PRIMARY_DEVELOPMENT_DATASET,PRIMARY_014212,D:\BTech Final Year Project\RiceLeafDiseaseBD A Field-Based Annotated Smartpho\RiceLeafDiseaseBD A Field-Based Annotated Smartpho\RiceLeafDiseaseBD\RiceLeafDiseaseBD\Annotated images ( visual with labels)\Rice Tungro\labels\Rice Tungro_1192.txt,UNIQUE_GROUP_011997,False,calibration
Rice Tungro_1202.jpg,.jpg,Original images/Rice Tungro/Rice Tungro_1202.jpg,347231,True,1024,1024,1.0,RGB,3,JPEG,4664faecc7657994c4da7a810d5d911e9f5bde5487a00ac8ca9c729adca42081,,Rice Tungro,RiceLeafDiseaseBD,PRIMARY_DEVELOPMENT_DATASET,PRIMARY_014224,D:\BTech Final Year Project\RiceLeafDiseaseBD A Field-Based Annotated Smartpho\RiceLeafDiseaseBD A Field-Based Annotated Smartpho\RiceLeafDiseaseBD\RiceLeafDiseaseBD\Annotated images ( visual with labels)\Rice Tungro\labels\Rice Tungro_1202.txt,UNIQUE_GROUP_004913,False,calibration
Rice Tungro_1207.jpg,.jpg,Original images/Rice Tungro/Rice Tungro_1207.jpg,354212,True,1024,1024,1.0,RGB,3,JPEG,7e179722a9ecdaeceb4c4fe745368a198bc6a3cac3dbd490da145e871d1c15ea,,Rice Tungro,RiceLeafDiseaseBD,PRIMARY_DEVELOPMENT_DATASET,PRIMARY_014229,D:\BTech Final Year Project\RiceLeafDiseaseBD A Field-Based Annotated Smartpho\RiceLeafDiseaseBD A Field-Based Annotated Smartpho\RiceLeafDiseaseBD\RiceLeafDiseaseBD\Annotated images ( visual with labels)\Rice Tungro\labels\Rice Tungro_1207.txt,UNIQUE_GROUP_008816,False,calibration
Rice Tungro_1216.jpg,.jpg,Original images/Rice Tungro/Rice Tungro_1216.jpg,334361,True,1024,1024,1.0,RGB,3,JPEG,2c9e50af7d09c23da526811a1fd0e2c06562b5cf9b3d2c4c8deb00e5dc4fc7e2,,Rice Tungro,RiceLeafDiseaseBD,PRIMARY_DEVELOPMENT_DATASET,PRIMARY_014239,D:\BTech Final Year Project\RiceLeafDiseaseBD A Field-Based Annotated Smartpho\RiceLeafDiseaseBD A Field-Based Annotated Smartpho\RiceLeafDiseaseBD\RiceLeafDiseaseBD\Annotated images ( visual with labels)\Rice Tungro\labels\Rice Tungro_1216.txt,UNIQUE_GROUP_003120,False,calibration
Rice Tungro_1225.jpg,.jpg,Original images/Rice Tungro/Rice Tungro_1225.jpg,286193,True,1024,1024,1.0,RGB,3,JPEG,6df3af0a77ebf07b40ac07cd13532e0136242433291fffe6a967d67c355a839f,,Rice Tungro,RiceLeafDiseaseBD,PRIMARY_DEVELOPMENT_DATASET,PRIMARY_014249,D:\BTech Final Year Project\RiceLeafDiseaseBD A Field-Based Annotated Smartpho\RiceLeafDiseaseBD A Field-Based Annotated Smartpho\RiceLeafDiseaseBD\RiceLeafDiseaseBD\Annotated images ( visual with labels)\Rice Tungro\labels\Rice Tungro_1225.txt,UNIQUE_GROUP_007674,False,calibration
Rice Tungro_1227.jpg,.jpg,Original images/Rice Tungro/Rice Tungro_1227.jpg,284992,True,1024,1024,1.0,RGB,3,JPEG,96581b9dda27b56e27bfc147bceae713ee82eeb7a344a8505c38991e6c37ab40,,Rice Tungro,RiceLeafDiseaseBD,PRIMARY_DEVELOPMENT_DATASET,PRIMARY_014251,D:\BTech Final Year Project\RiceLeafDiseaseBD A Field-Based Annotated Smartpho\RiceLeafDiseaseBD A Field-Based Annotated Smartpho\RiceLeafDiseaseBD\RiceLeafDiseaseBD\Annotated images ( visual with labels)\Rice Tungro\labels\Rice Tungro_1227.txt,UNIQUE_GROUP_010525,False,calibration
Rice Tungro_1234.jpg,.jpg,Original images/Rice Tungro/Rice Tungro_1234.jpg,313148,True,1024,1024,1.0,RGB,3,JPEG,46271ff863351256f11e30ecef2362f3f4fcb53a7ced41a96ac8b3003bea9b65,,Rice Tungro,RiceLeafDiseaseBD,PRIMARY_DEVELOPMENT_DATASET,PRIMARY_014259,D:\BTech Final Year Project\RiceLeafDiseaseBD A Field-Based Annotated Smartpho\RiceLeafDiseaseBD A Field-Based Annotated Smartpho\RiceLeafDiseaseBD\RiceLeafDiseaseBD\Annotated images ( visual with labels)\Rice Tungro\labels\Rice Tungro_1234.txt,UNIQUE_GROUP_004894,False,calibration
Rice Tungro_1242.jpg,.jpg,Original images/Rice Tungro/Rice Tungro_1242.jpg,309031,True,1024,1024,1.0,RGB,3,JPEG,9208bc0c7e8d56b69c1521f0c537330f296ba098aa001f52ed73d085e7926f42,,Rice Tungro,RiceLeafDiseaseBD,PRIMARY_DEVELOPMENT_DATASET,PRIMARY_014268,D:\BTech Final Year Project\RiceLeafDiseaseBD A Field-Based Annotated Smartpho\RiceLeafDiseaseBD A Field-Based Annotated Smartpho\RiceLeafDiseaseBD\RiceLeafDiseaseBD\Annotated images ( visual with labels)\Rice Tungro\labels\Rice Tungro_1242.txt,UNIQUE_GROUP_010206,False,calibration
Rice Tungro_1249.jpg,.jpg,Original images/Rice Tungro/Rice Tungro_1249.jpg,295276,True,1024,1024,1.0,RGB,3,JPEG,d45dd9786f8fd2a4b88f52590571348b037824da4a19f224815bec5766543ad2,,Rice Tungro,RiceLeafDiseaseBD,PRIMARY_DEVELOPMENT_DATASET,PRIMARY_014275,D:\BTech Final Year Project\RiceLeafDiseaseBD A Field-Based Annotated Smartpho\RiceLeafDiseaseBD A Field-Based Annotated Smartpho\RiceLeafDiseaseBD\RiceLeafDiseaseBD\Annotated images ( visual with labels)\Rice Tungro\labels\Rice Tungro_1249.txt,UNIQUE_GROUP_014869,False,calibration
Rice Tungro_1252.jpg,.jpg,Original images/Rice Tungro/Rice Tungro_1252.jpg,293478,True,1024,1024,1.0,RGB,3,JPEG,4d560cab831c2e00ebb0d4fc9d9ea85eae4a613c741e04bb8772e3d89bae9985,,Rice Tungro,RiceLeafDiseaseBD,PRIMARY_DEVELOPMENT_DATASET,PRIMARY_014279,D:\BTech Final Year Project\RiceLeafDiseaseBD A Field-Based Annotated Smartpho\RiceLeafDiseaseBD A Field-Based Annotated Smartpho\RiceLeafDiseaseBD\RiceLeafDiseaseBD\Annotated images ( visual with labels)\Rice Tungro\labels\Rice Tungro_1252.txt,UNIQUE_GROUP_005425,False,calibration
Rice Tungro_1256.jpg,.jpg,Original images/Rice Tungro/Rice Tungro_1256.jpg,290722,True,1024,1024,1.0,RGB,3,JPEG,e2d248a2a554d15d71a1ef8f9f3138cbb5fd5500e98b556b09c90f031e70436e,,Rice Tungro,RiceLeafDiseaseBD,PRIMARY_DEVELOPMENT_DATASET,PRIMARY_014283,D:\BTech Final Year Project\RiceLeafDiseaseBD A Field-Based Annotated Smartpho\RiceLeafDiseaseBD A Field-Based Annotated Smartpho\RiceLeafDiseaseBD\RiceLeafDiseaseBD\Annotated images ( visual with labels)\Rice Tungro\labels\Rice Tungro_1256.txt,UNIQUE_GROUP_015846,False,calibration
Rice Tungro_1258.jpg,.jpg,Original images/Rice Tungro/Rice Tungro_1258.jpg,317664,True,1024,1024,1.0,RGB,3,JPEG,0f40383d87fe55daa51073979f5cf6fd8d256c70078271778f10c2e844747775,,Rice Tungro,RiceLeafDiseaseBD,PRIMARY_DEVELOPMENT_DATASET,PRIMARY_014285,D:\BTech Final Year Project\RiceLeafDiseaseBD A Field-Based Annotated Smartpho\RiceLeafDiseaseBD A Field-Based Annotated Smartpho\RiceLeafDiseaseBD\RiceLeafDiseaseBD\Annotated images ( visual with labels)\Rice Tungro\labels\Rice Tungro_1258.txt,UNIQUE_GROUP_001054,False,calibration
Rice Tungro_1267.jpg,.jpg,Original images/Rice Tungro/Rice Tungro_1267.jpg,301522,True,1024,1024,1.0,RGB,3,JPEG,909e08293f0d495b6dc79853c1b85be54a5cf11dd6d6d18ba46557f5a9aa0ed0,,Rice Tungro,RiceLeafDiseaseBD,PRIMARY_DEVELOPMENT_DATASET,PRIMARY_014295,D:\BTech Final Year Project\RiceLeafDiseaseBD A Field-Based Annotated Smartpho\RiceLeafDiseaseBD A Field-Based Annotated Smartpho\RiceLeafDiseaseBD\RiceLeafDiseaseBD\Annotated images ( visual with labels)\Rice Tungro\labels\Rice Tungro_1267.txt,UNIQUE_GROUP_010112,False,calibration
Rice Tungro_1269.jpg,.jpg,Original images/Rice Tungro/Rice Tungro_1269.jpg,305677,True,1024,1024,1.0,RGB,3,JPEG,a230c37bdc139817b0d68521938bdac1e2bf068e11198e4dde767ce99360cccc,,Rice Tungro,RiceLeafDiseaseBD,PRIMARY_DEVELOPMENT_DATASET,PRIMARY_014297,D:\BTech Final Year Project\RiceLeafDiseaseBD A Field-Based Annotated Smartpho\RiceLeafDiseaseBD A Field-Based Annotated Smartpho\RiceLeafDiseaseBD\RiceLeafDiseaseBD\Annotated images ( visual with labels)\Rice Tungro\labels\Rice Tungro_1269.txt,UNIQUE_GROUP_011361,False,calibration
Rice Tungro_1272.jpg,.jpg,Original images/Rice Tungro/Rice Tungro_1272.jpg,302532,True,1024,1024,1.0,RGB,3,JPEG,f7eadfa3291c6e6bee9c0d555c9d291c21dc91a2fe493fa1fd0efb12f3bc2c8c,,Rice Tungro,RiceLeafDiseaseBD,PRIMARY_DEVELOPMENT_DATASET,PRIMARY_014301,D:\BTech Final Year Project\RiceLeafDiseaseBD A Field-Based Annotated Smartpho\RiceLeafDiseaseBD A Field-Based Annotated Smartpho\RiceLeafDiseaseBD\RiceLeafDiseaseBD\Annotated images ( visual with labels)\Rice Tungro\labels\Rice Tungro_1272.txt,UNIQUE_GROUP_017264,False,calibration
Rice Tungro_1284.jpg,.jpg,Original images/Rice Tungro/Rice Tungro_1284.jpg,333462,True,1024,1024,1.0,RGB,3,JPEG,e1af29a080db57ee0088bd40fcbff1c3b446cf06b7b73e8de763d28ae39ecd13,,Rice Tungro,RiceLeafDiseaseBD,PRIMARY_DEVELOPMENT_DATASET,PRIMARY_014314,D:\BTech Final Year Project\RiceLeafDiseaseBD A Field-Based Annotated Smartpho\RiceLeafDiseaseBD A Field-Based Annotated Smartpho\RiceLeafDiseaseBD\RiceLeafDiseaseBD\Annotated images ( visual with labels)\Rice Tungro\labels\Rice Tungro_1284.txt,UNIQUE_GROUP_015767,False,calibration
Rice Tungro_1296.jpg,.jpg,Original images/Rice Tungro/Rice Tungro_1296.jpg,304414,True,1024,1024,1.0,RGB,3,JPEG,009897834d7714afd1c7afcd01d1d295a62531314cae28ca5e84d57acb6d8bae,,Rice Tungro,RiceLeafDiseaseBD,PRIMARY_DEVELOPMENT_DATASET,PRIMARY_014327,D:\BTech Final Year Project\RiceLeafDiseaseBD A Field-Based Annotated Smartpho\RiceLeafDiseaseBD A Field-Based Annotated Smartpho\RiceLeafDiseaseBD\RiceLeafDiseaseBD\Annotated images ( visual with labels)\Rice Tungro\labels\Rice Tungro_1296.txt,UNIQUE_GROUP_000042,False,calibration
Rice Tungro_1305.jpg,.jpg,Original images/Rice Tungro/Rice Tungro_1305.jpg,313422,True,1024,1024,1.0,RGB,3,JPEG,23b35b4dbac5c6570837bdece4bc02cae518692937f5e154e70cef6bf74c643a,,Rice Tungro,RiceLeafDiseaseBD,PRIMARY_DEVELOPMENT_DATASET,PRIMARY_014338,D:\BTech Final Year Project\RiceLeafDiseaseBD A Field-Based Annotated Smartpho\RiceLeafDiseaseBD A Field-Based Annotated Smartpho\RiceLeafDiseaseBD\RiceLeafDiseaseBD\Annotated images ( visual with labels)\Rice Tungro\labels\Rice Tungro_1305.txt,UNIQUE_GROUP_002507,False,calibration
Rice Tungro_1313.jpg,.jpg,Original images/Rice Tungro/Rice Tungro_1313.jpg,300341,True,1024,1024,1.0,RGB,3,JPEG,91a970174678615b1ee3fea1e57e1c6c12a0f62c0e17c3bcd01bc11f4d5ea625,,Rice Tungro,RiceLeafDiseaseBD,PRIMARY_DEVELOPMENT_DATASET,PRIMARY_014347,D:\BTech Final Year Project\RiceLeafDiseaseBD A Field-Based Annotated Smartpho\RiceLeafDiseaseBD A Field-Based Annotated Smartpho\RiceLeafDiseaseBD\RiceLeafDiseaseBD\Annotated images ( visual with labels)\Rice Tungro\labels\Rice Tungro_1313.txt,UNIQUE_GROUP_010180,False,calibration
Rice Tungro_1337.jpg,.jpg,Original images/Rice Tungro/Rice Tungro_1337.jpg,327952,True,1024,1024,1.0,RGB,3,JPEG,0f447cd79af01edea387d6db055b6c4a5f6342ba713c2e01d25604374f90dbfb,,Rice Tungro,RiceLeafDiseaseBD,PRIMARY_DEVELOPMENT_DATASET,PRIMARY_014373,D:\BTech Final Year Project\RiceLeafDiseaseBD A Field-Based Annotated Smartpho\RiceLeafDiseaseBD A Field-Based Annotated Smartpho\RiceLeafDiseaseBD\RiceLeafDiseaseBD\Annotated images ( visual with labels)\Rice Tungro\labels\Rice Tungro_1337.txt,UNIQUE_GROUP_001055,False,calibration
Rice Tungro_1339.jpg,.jpg,Original images/Rice Tungro/Rice Tungro_1339.jpg,319517,True,1024,1024,1.0,RGB,3,JPEG,5465534a573d0f47924c77affb20918ecea688fde9c925b1ce6a0a8d9bc9aa0e,,Rice Tungro,RiceLeafDiseaseBD,PRIMARY_DEVELOPMENT_DATASET,PRIMARY_014375,D:\BTech Final Year Project\RiceLeafDiseaseBD A Field-Based Annotated Smartpho\RiceLeafDiseaseBD A Field-Based Annotated Smartpho\RiceLeafDiseaseBD\RiceLeafDiseaseBD\Annotated images ( visual with labels)\Rice Tungro\labels\Rice Tungro_1339.txt,UNIQUE_GROUP_005896,False,calibration
Rice Tungro_1364.jpg,.jpg,Original images/Rice Tungro/Rice Tungro_1364.jpg,337418,True,1024,1024,1.0,RGB,3,JPEG,37429c0cf460739ee5265b42980aa2d9af11af75b09bff7357dd8404f12653c0,,Rice Tungro,RiceLeafDiseaseBD,PRIMARY_DEVELOPMENT_DATASET,PRIMARY_014403,D:\BTech Final Year Project\RiceLeafDiseaseBD A Field-Based Annotated Smartpho\RiceLeafDiseaseBD A Field-Based Annotated Smartpho\RiceLeafDiseaseBD\RiceLeafDiseaseBD\Annotated images ( visual with labels)\Rice Tungro\labels\Rice Tungro_1364.txt,UNIQUE_GROUP_003837,False,calibration
Rice Tungro_1389.jpg,.jpg,Original images/Rice Tungro/Rice Tungro_1389.jpg,338372,True,1024,1024,1.0,RGB,3,JPEG,7dcd90a1ad4dd9f71add8322ffde5f7977f251937423ce9e80625895030669bb,,Rice Tungro,RiceLeafDiseaseBD,PRIMARY_DEVELOPMENT_DATASET,PRIMARY_014430,D:\BTech Final Year Project\RiceLeafDiseaseBD A Field-Based Annotated Smartpho\RiceLeafDiseaseBD A Field-Based Annotated Smartpho\RiceLeafDiseaseBD\RiceLeafDiseaseBD\Annotated images ( visual with labels)\Rice Tungro\labels\Rice Tungro_1389.txt,UNIQUE_GROUP_008793,False,calibration
Rice Tungro_1392.jpg,.jpg,Original images/Rice Tungro/Rice Tungro_1392.jpg,338564,True,1024,1024,1.0,RGB,3,JPEG,0f8693a5502e83e78db78c8cd0137909a4d42ba3b8da28fb2206a3b411ec2a2e,,Rice Tungro,RiceLeafDiseaseBD,PRIMARY_DEVELOPMENT_DATASET,PRIMARY_014434,D:\BTech Final Year Project\RiceLeafDiseaseBD A Field-Based Annotated Smartpho\RiceLeafDiseaseBD A Field-Based Annotated Smartpho\RiceLeafDiseaseBD\RiceLeafDiseaseBD\Annotated images ( visual with labels)\Rice Tungro\labels\Rice Tungro_1392.txt,UNIQUE_GROUP_001070,False,calibration
Rice Tungro_1396.jpg,.jpg,Original images/Rice Tungro/Rice Tungro_1396.jpg,335449,True,1024,1024,1.0,RGB,3,JPEG,bf38bfd736eecae26b947adc232519d53ccd9a83f2162e4df350a9d3e86863bc,,Rice Tungro,RiceLeafDiseaseBD,PRIMARY_DEVELOPMENT_DATASET,PRIMARY_014438,D:\BTech Final Year Project\RiceLeafDiseaseBD A Field-Based Annotated Smartpho\RiceLeafDiseaseBD A Field-Based Annotated Smartpho\RiceLeafDiseaseBD\RiceLeafDiseaseBD\Annotated images ( visual with labels)\Rice Tungro\labels\Rice Tungro_1396.txt,UNIQUE_GROUP_013367,False,calibration
Rice Tungro_1401.jpg,.jpg,Original images/Rice Tungro/Rice Tungro_1401.jpg,324377,True,1024,1024,1.0,RGB,3,JPEG,8d8b48ff8738629000abb924d030ba66e5b88faad14492d8c98da1027251387c,,Rice Tungro,RiceLeafDiseaseBD,PRIMARY_DEVELOPMENT_DATASET,PRIMARY_014445,D:\BTech Final Year Project\RiceLeafDiseaseBD A Field-Based Annotated Smartpho\RiceLeafDiseaseBD A Field-Based Annotated Smartpho\RiceLeafDiseaseBD\RiceLeafDiseaseBD\Annotated images ( visual with labels)\Rice Tungro\labels\Rice Tungro_1401.txt,UNIQUE_GROUP_009925,False,calibration
Rice Tungro_1412.jpg,.jpg,Original images/Rice Tungro/Rice Tungro_1412.jpg,355016,True,1024,1024,1.0,RGB,3,JPEG,b33d18bd3075140a3496165a5262e84fef5a64488ebdc2423f2c84beeb1c9d5a,,Rice Tungro,RiceLeafDiseaseBD,PRIMARY_DEVELOPMENT_DATASET,PRIMARY_014457,D:\BTech Final Year Project\RiceLeafDiseaseBD A Field-Based Annotated Smartpho\RiceLeafDiseaseBD A Field-Based Annotated Smartpho\RiceLeafDiseaseBD\RiceLeafDiseaseBD\Annotated images ( visual with labels)\Rice Tungro\labels\Rice Tungro_1412.txt,UNIQUE_GROUP_012543,False,calibration
Rice Tungro_1413.jpg,.jpg,Original images/Rice Tungro/Rice Tungro_1413.jpg,355523,True,1024,1024,1.0,RGB,3,JPEG,c46a91f0b55f17c2cba216cd55ba98bf38a999242ed25ef8027a2ecf00b29189,,Rice Tungro,RiceLeafDiseaseBD,PRIMARY_DEVELOPMENT_DATASET,PRIMARY_014458,D:\BTech Final Year Project\RiceLeafDiseaseBD A Field-Based Annotated Smartpho\RiceLeafDiseaseBD A Field-Based Annotated Smartpho\RiceLeafDiseaseBD\RiceLeafDiseaseBD\Annotated images ( visual with labels)\Rice Tungro\labels\Rice Tungro_1413.txt,UNIQUE_GROUP_013745,False,calibration
Rice Tungro_1447.jpg,.jpg,Original images/Rice Tungro/Rice Tungro_1447.jpg,340081,True,1024,1024,1.0,RGB,3,JPEG,f3983c2084a37afd1cdde6db0f96f99f4a57b44d84563b9189e7b63c0905713a,,Rice Tungro,RiceLeafDiseaseBD,PRIMARY_DEVELOPMENT_DATASET,PRIMARY_014495,D:\BTech Final Year Project\RiceLeafDiseaseBD A Field-Based Annotated Smartpho\RiceLeafDiseaseBD A Field-Based Annotated Smartpho\RiceLeafDiseaseBD\RiceLeafDiseaseBD\Annotated images ( visual with labels)\Rice Tungro\labels\Rice Tungro_1447.txt,UNIQUE_GROUP_016946,False,calibration
Rice Tungro_1452.jpg,.jpg,Original images/Rice Tungro/Rice Tungro_1452.jpg,341168,True,1024,1024,1.0,RGB,3,JPEG,30c2bf349def3d188d1dbeb63d4095d0698837518adf9011f6d62dc8fe0bcc32,,Rice Tungro,RiceLeafDiseaseBD,PRIMARY_DEVELOPMENT_DATASET,PRIMARY_014501,D:\BTech Final Year Project\RiceLeafDiseaseBD A Field-Based Annotated Smartpho\RiceLeafDiseaseBD A Field-Based Annotated Smartpho\RiceLeafDiseaseBD\RiceLeafDiseaseBD\Annotated images ( visual with labels)\Rice Tungro\labels\Rice Tungro_1452.txt,UNIQUE_GROUP_003414,False,calibration
Rice Tungro_1454.jpg,.jpg,Original images/Rice Tungro/Rice Tungro_1454.jpg,341911,True,1024,1024,1.0,RGB,3,JPEG,aa7c6723191eacb4181b3d672ec2a5f5f8aea3231e6ac9fc39e7251daf4f9407,,Rice Tungro,RiceLeafDiseaseBD,PRIMARY_DEVELOPMENT_DATASET,PRIMARY_014503,D:\BTech Final Year Project\RiceLeafDiseaseBD A Field-Based Annotated Smartpho\RiceLeafDiseaseBD A Field-Based Annotated Smartpho\RiceLeafDiseaseBD\RiceLeafDiseaseBD\Annotated images ( visual with labels)\Rice Tungro\labels\Rice Tungro_1454.txt,UNIQUE_GROUP_011945,False,calibration
Rice Tungro_1457.jpg,.jpg,Original images/Rice Tungro/Rice Tungro_1457.jpg,342109,True,1024,1024,1.0,RGB,3,JPEG,b307521e6196eb598f1086174168da5ab8e72cb8aeb1a1989340e1669c5941d8,,Rice Tungro,RiceLeafDiseaseBD,PRIMARY_DEVELOPMENT_DATASET,PRIMARY_014506,D:\BTech Final Year Project\RiceLeafDiseaseBD A Field-Based Annotated Smartpho\RiceLeafDiseaseBD A Field-Based Annotated Smartpho\RiceLeafDiseaseBD\RiceLeafDiseaseBD\Annotated images ( visual with labels)\Rice Tungro\labels\Rice Tungro_1457.txt,UNIQUE_GROUP_012525,False,calibration
Rice Tungro_1470.jpg,.jpg,Original images/Rice Tungro/Rice Tungro_1470.jpg,359491,True,1024,1024,1.0,RGB,3,JPEG,2cc357b8e798c4f69a685cc14deac0c0444f7ee74e4603c7522b9148e4872972,,Rice Tungro,RiceLeafDiseaseBD,PRIMARY_DEVELOPMENT_DATASET,PRIMARY_014521,D:\BTech Final Year Project\RiceLeafDiseaseBD A Field-Based Annotated Smartpho\RiceLeafDiseaseBD A Field-Based Annotated Smartpho\RiceLeafDiseaseBD\RiceLeafDiseaseBD\Annotated images ( visual with labels)\Rice Tungro\labels\Rice Tungro_1470.txt,UNIQUE_GROUP_003134,False,calibration
Rice Tungro_1471.jpg,.jpg,Original images/Rice Tungro/Rice Tungro_1471.jpg,358363,True,1024,1024,1.0,RGB,3,JPEG,d5e157fa93c99f39e27f9936000696b94afea08dbd7f53a14ca2d4af2a0d9ae5,,Rice Tungro,RiceLeafDiseaseBD,PRIMARY_DEVELOPMENT_DATASET,PRIMARY_014522,D:\BTech Final Year Project\RiceLeafDiseaseBD A Field-Based Annotated Smartpho\RiceLeafDiseaseBD A Field-Based Annotated Smartpho\RiceLeafDiseaseBD\RiceLeafDiseaseBD\Annotated images ( visual with labels)\Rice Tungro\labels\Rice Tungro_1471.txt,UNIQUE_GROUP_014960,False,calibration
Rice Tungro_1481.jpg,.jpg,Original images/Rice Tungro/Rice Tungro_1481.jpg,374157,True,1024,1024,1.0,RGB,3,JPEG,44a9fcac592c255313c5814cb2bcd960c341a3ca7412deda14bbcab133fd03e6,,Rice Tungro,RiceLeafDiseaseBD,PRIMARY_DEVELOPMENT_DATASET,PRIMARY_014533,D:\BTech Final Year Project\RiceLeafDiseaseBD A Field-Based Annotated Smartpho\RiceLeafDiseaseBD A Field-Based Annotated Smartpho\RiceLeafDiseaseBD\RiceLeafDiseaseBD\Annotated images ( visual with labels)\Rice Tungro\labels\Rice Tungro_1481.txt,UNIQUE_GROUP_004797,False,calibration
Rice Tungro_150.jpg,.jpg,Original images/Rice Tungro/Rice Tungro_150.jpg,319780,True,1024,1024,1.0,RGB,3,JPEG,3f8e598f828ee6f9f9f7adbcb5353dcb71fddf97ab72ffe083fff73f1ce84ac1,,Rice Tungro,RiceLeafDiseaseBD,PRIMARY_DEVELOPMENT_DATASET,PRIMARY_014554,D:\BTech Final Year Project\RiceLeafDiseaseBD A Field-Based Annotated Smartpho\RiceLeafDiseaseBD A Field-Based Annotated Smartpho\RiceLeafDiseaseBD\RiceLeafDiseaseBD\Annotated images ( visual with labels)\Rice Tungro\labels\Rice Tungro_150.txt,UNIQUE_GROUP_004448,False,calibration
Rice Tungro_1513.jpg,.jpg,Original images/Rice Tungro/Rice Tungro_1513.jpg,331843,True,1024,1024,1.0,RGB,3,JPEG,0cde5f129457cda80b58f7068f2ee01b63b1482bd87eb60b48172c89edf8c59a,,Rice Tungro,RiceLeafDiseaseBD,PRIMARY_DEVELOPMENT_DATASET,PRIMARY_014569,D:\BTech Final Year Project\RiceLeafDiseaseBD A Field-Based Annotated Smartpho\RiceLeafDiseaseBD A Field-Based Annotated Smartpho\RiceLeafDiseaseBD\RiceLeafDiseaseBD\Annotated images ( visual with labels)\Rice Tungro\labels\Rice Tungro_1513.txt,UNIQUE_GROUP_000879,False,calibration
Rice Tungro_152.jpg,.jpg,Original images/Rice Tungro/Rice Tungro_152.jpg,315205,True,1024,1024,1.0,RGB,3,JPEG,3cff4ba78822d6c36096f8678f32f65b1bebdf60dd25af9779129e59c12de892,,Rice Tungro,RiceLeafDiseaseBD,PRIMARY_DEVELOPMENT_DATASET,PRIMARY_014576,D:\BTech Final Year Project\RiceLeafDiseaseBD A Field-Based Annotated Smartpho\RiceLeafDiseaseBD A Field-Based Annotated Smartpho\RiceLeafDiseaseBD\RiceLeafDiseaseBD\Annotated images ( visual with labels)\Rice Tungro\labels\Rice Tungro_152.txt,UNIQUE_GROUP_004253,False,calibration
Rice Tungro_1538.jpg,.jpg,Original images/Rice Tungro/Rice Tungro_1538.jpg,353488,True,1024,1024,1.0,RGB,3,JPEG,9d5c7c29c46c0cc6b51d669a07f95ede7168cbc2b05ab27a31a6d3eef228a3a1,,Rice Tungro,RiceLeafDiseaseBD,PRIMARY_DEVELOPMENT_DATASET,PRIMARY_014596,D:\BTech Final Year Project\RiceLeafDiseaseBD A Field-Based Annotated Smartpho\RiceLeafDiseaseBD A Field-Based Annotated Smartpho\RiceLeafDiseaseBD\RiceLeafDiseaseBD\Annotated images ( visual with labels)\Rice Tungro\labels\Rice Tungro_1538.txt,UNIQUE_GROUP_011023,False,calibration
Rice Tungro_1544.jpg,.jpg,Original images/Rice Tungro/Rice Tungro_1544.jpg,378525,True,1024,1024,1.0,RGB,3,JPEG,ddb435b5c6cb9fe3783a844ca87f1fda8e044424c3116652d14db49bc64eb443,,Rice Tungro,RiceLeafDiseaseBD,PRIMARY_DEVELOPMENT_DATASET,PRIMARY_014603,D:\BTech Final Year Project\RiceLeafDiseaseBD A Field-Based Annotated Smartpho\RiceLeafDiseaseBD A Field-Based Annotated Smartpho\RiceLeafDiseaseBD\RiceLeafDiseaseBD\Annotated images ( visual with labels)\Rice Tungro\labels\Rice Tungro_1544.txt,UNIQUE_GROUP_015500,False,calibration
Rice Tungro_1546.jpg,.jpg,Original images/Rice Tungro/Rice Tungro_1546.jpg,335870,True,1024,1024,1.0,RGB,3,JPEG,c58521d71847a73de8f571c1bda60284dd2c35f29216d59f490e716cd651dca6,,Rice Tungro,RiceLeafDiseaseBD,PRIMARY_DEVELOPMENT_DATASET,PRIMARY_014605,D:\BTech Final Year Project\RiceLeafDiseaseBD A Field-Based Annotated Smartpho\RiceLeafDiseaseBD A Field-Based Annotated Smartpho\RiceLeafDiseaseBD\RiceLeafDiseaseBD\Annotated images ( visual with labels)\Rice Tungro\labels\Rice Tungro_1546.txt,UNIQUE_GROUP_013829,False,calibration
Rice Tungro_1552.jpg,.jpg,Original images/Rice Tungro/Rice Tungro_1552.jpg,343165,True,1024,1024,1.0,RGB,3,JPEG,1d9f4e3e748db859f8ca3bd82458419198ba327db7a8ab8768893e95bf11f05c,,Rice Tungro,RiceLeafDiseaseBD,PRIMARY_DEVELOPMENT_DATASET,PRIMARY_014612,D:\BTech Final Year Project\RiceLeafDiseaseBD A Field-Based Annotated Smartpho\RiceLeafDiseaseBD A Field-Based Annotated Smartpho\RiceLeafDiseaseBD\RiceLeafDiseaseBD\Annotated images ( visual with labels)\Rice Tungro\labels\Rice Tungro_1552.txt,UNIQUE_GROUP_002065,False,calibration
Rice Tungro_1558.jpg,.jpg,Original images/Rice Tungro/Rice Tungro_1558.jpg,334464,True,1024,1024,1.0,RGB,3,JPEG,cbb9956eedac1bb7c94017c849d5b40fdcf23a752b0fecc106e54686c90fa479,,Rice Tungro,RiceLeafDiseaseBD,PRIMARY_DEVELOPMENT_DATASET,PRIMARY_014618,D:\BTech Final Year Project\RiceLeafDiseaseBD A Field-Based Annotated Smartpho\RiceLeafDiseaseBD A Field-Based Annotated Smartpho\RiceLeafDiseaseBD\RiceLeafDiseaseBD\Annotated images ( visual with labels)\Rice Tungro\labels\Rice Tungro_1558.txt,UNIQUE_GROUP_014260,False,calibration
Rice Tungro_156.jpg,.jpg,Original images/Rice Tungro/Rice Tungro_156.jpg,324983,True,1024,1024,1.0,RGB,3,JPEG,97b6808ebdb53843060816c4f518d6a8fadf8d82119bdc8dc712e170521aa082,,Rice Tungro,RiceLeafDiseaseBD,PRIMARY_DEVELOPMENT_DATASET,PRIMARY_014620,D:\BTech Final Year Project\RiceLeafDiseaseBD A Field-Based Annotated Smartpho\RiceLeafDiseaseBD A Field-Based Annotated Smartpho\RiceLeafDiseaseBD\RiceLeafDiseaseBD\Annotated images ( visual with labels)\Rice Tungro\labels\Rice Tungro_156.txt,UNIQUE_GROUP_010615,False,calibration
Rice Tungro_1574.jpg,.jpg,Original images/Rice Tungro/Rice Tungro_1574.jpg,365511,True,1024,1024,1.0,RGB,3,JPEG,d3668413ef9b9049b6e26d051d22d997bdf93c4d4cb0854475c329f7f3f69218,,Rice Tungro,RiceLeafDiseaseBD,PRIMARY_DEVELOPMENT_DATASET,PRIMARY_014636,D:\BTech Final Year Project\RiceLeafDiseaseBD A Field-Based Annotated Smartpho\RiceLeafDiseaseBD A Field-Based Annotated Smartpho\RiceLeafDiseaseBD\RiceLeafDiseaseBD\Annotated images ( visual with labels)\Rice Tungro\labels\Rice Tungro_1574.txt,UNIQUE_GROUP_014804,False,calibration
Rice Tungro_1613.jpg,.jpg,Original images/Rice Tungro/Rice Tungro_1613.jpg,382333,True,1024,1024,1.0,RGB,3,JPEG,2962fe367e5d9ebf450cdb6b855f0c2d224f2afb78e407014867b8dc6db1749f,,Rice Tungro,RiceLeafDiseaseBD,PRIMARY_DEVELOPMENT_DATASET,PRIMARY_014680,D:\BTech Final Year Project\RiceLeafDiseaseBD A Field-Based Annotated Smartpho\RiceLeafDiseaseBD A Field-Based Annotated Smartpho\RiceLeafDiseaseBD\RiceLeafDiseaseBD\Annotated images ( visual with labels)\Rice Tungro\labels\Rice Tungro_1613.txt,UNIQUE_GROUP_002896,False,calibration
Rice Tungro_1620.jpg,.jpg,Original images/Rice Tungro/Rice Tungro_1620.jpg,386542,True,1024,1024,1.0,RGB,3,JPEG,b7e72851a339033ff489b4b53748372a25cec9d8fd6635a4d52cdb38312f7b8c,,Rice Tungro,RiceLeafDiseaseBD,PRIMARY_DEVELOPMENT_DATASET,PRIMARY_014688,D:\BTech Final Year Project\RiceLeafDiseaseBD A Field-Based Annotated Smartpho\RiceLeafDiseaseBD A Field-Based Annotated Smartpho\RiceLeafDiseaseBD\RiceLeafDiseaseBD\Annotated images ( visual with labels)\Rice Tungro\labels\Rice Tungro_1620.txt,UNIQUE_GROUP_012854,False,calibration
Rice Tungro_1643.jpg,.jpg,Original images/Rice Tungro/Rice Tungro_1643.jpg,337006,True,1024,1024,1.0,RGB,3,JPEG,2e23d3a36254c2f3a17aa9777688e57873440760bdd539a8833e9d544f76ee95,,Rice Tungro,RiceLeafDiseaseBD,PRIMARY_DEVELOPMENT_DATASET,PRIMARY_014713,D:\BTech Final Year Project\RiceLeafDiseaseBD A Field-Based Annotated Smartpho\RiceLeafDiseaseBD A Field-Based Annotated Smartpho\RiceLeafDiseaseBD\RiceLeafDiseaseBD\Annotated images ( visual with labels)\Rice Tungro\labels\Rice Tungro_1643.txt,UNIQUE_GROUP_003226,False,calibration
Rice Tungro_1647.jpg,.jpg,Original images/Rice Tungro/Rice Tungro_1647.jpg,337833,True,1024,1024,1.0,RGB,3,JPEG,4bf25f395f6f2adffd9541813a6131efae49bf300332850e87aa42d0f26deb6f,,Rice Tungro,RiceLeafDiseaseBD,PRIMARY_DEVELOPMENT_DATASET,PRIMARY_014717,D:\BTech Final Year Project\RiceLeafDiseaseBD A Field-Based Annotated Smartpho\RiceLeafDiseaseBD A Field-Based Annotated Smartpho\RiceLeafDiseaseBD\RiceLeafDiseaseBD\Annotated images ( visual with labels)\Rice Tungro\labels\Rice Tungro_1647.txt,UNIQUE_GROUP_005312,False,calibration
Rice Tungro_165.jpg,.jpg,Original images/Rice Tungro/Rice Tungro_165.jpg,357272,True,1024,1024,1.0,RGB,3,JPEG,f85e2618bb9f6f038bd9130fe4565db1a4248bd4180ac8222a3401b22bfab2ab,,Rice Tungro,RiceLeafDiseaseBD,PRIMARY_DEVELOPMENT_DATASET,PRIMARY_014720,D:\BTech Final Year Project\RiceLeafDiseaseBD A Field-Based Annotated Smartpho\RiceLeafDiseaseBD A Field-Based Annotated Smartpho\RiceLeafDiseaseBD\RiceLeafDiseaseBD\Annotated images ( visual with labels)\Rice Tungro\labels\Rice Tungro_165.txt,UNIQUE_GROUP_017303,False,calibration
Rice Tungro_1652.jpg,.jpg,Original images/Rice Tungro/Rice Tungro_1652.jpg,328175,True,1024,1024,1.0,RGB,3,JPEG,c9b1b87064527b498616971cd9afcfdc34fa5e5f2f40c83a2751d3af197aa6c6,,Rice Tungro,RiceLeafDiseaseBD,PRIMARY_DEVELOPMENT_DATASET,PRIMARY_014723,D:\BTech Final Year Project\RiceLeafDiseaseBD A Field-Based Annotated Smartpho\RiceLeafDiseaseBD A Field-Based Annotated Smartpho\RiceLeafDiseaseBD\RiceLeafDiseaseBD\Annotated images ( visual with labels)\Rice Tungro\labels\Rice Tungro_1652.txt,UNIQUE_GROUP_014113,False,calibration
Rice Tungro_1664.jpg,.jpg,Original images/Rice Tungro/Rice Tungro_1664.jpg,357967,True,1024,1024,1.0,RGB,3,JPEG,9af44ada9fd11f4df8f49dca90ee9169338f35f1dd6b01d5363e75591e1b610c,,Rice Tungro,RiceLeafDiseaseBD,PRIMARY_DEVELOPMENT_DATASET,PRIMARY_014736,D:\BTech Final Year Project\RiceLeafDiseaseBD A Field-Based Annotated Smartpho\RiceLeafDiseaseBD A Field-Based Annotated Smartpho\RiceLeafDiseaseBD\RiceLeafDiseaseBD\Annotated images ( visual with labels)\Rice Tungro\labels\Rice Tungro_1664.txt,UNIQUE_GROUP_010842,False,calibration
Rice Tungro_168.jpg,.jpg,Original images/Rice Tungro/Rice Tungro_168.jpg,317388,True,1024,1024,1.0,RGB,3,JPEG,de1003f5222c6dfdd828c964e79d5fbd9531366b32b7fc6cc3c05f721b3cf0e7,,Rice Tungro,RiceLeafDiseaseBD,PRIMARY_DEVELOPMENT_DATASET,PRIMARY_014753,D:\BTech Final Year Project\RiceLeafDiseaseBD A Field-Based Annotated Smartpho\RiceLeafDiseaseBD A Field-Based Annotated Smartpho\RiceLeafDiseaseBD\RiceLeafDiseaseBD\Annotated images ( visual with labels)\Rice Tungro\labels\Rice Tungro_168.txt,UNIQUE_GROUP_015527,False,calibration
Rice Tungro_1685.jpg,.jpg,Original images/Rice Tungro/Rice Tungro_1685.jpg,328902,True,1024,1024,1.0,RGB,3,JPEG,0506336e7ff679521cd839bd0697e5980ca7f2b2f01a2d3d4c398548537844b6,,Rice Tungro,RiceLeafDiseaseBD,PRIMARY_DEVELOPMENT_DATASET,PRIMARY_014759,D:\BTech Final Year Project\RiceLeafDiseaseBD A Field-Based Annotated Smartpho\RiceLeafDiseaseBD A Field-Based Annotated Smartpho\RiceLeafDiseaseBD\RiceLeafDiseaseBD\Annotated images ( visual with labels)\Rice Tungro\labels\Rice Tungro_1685.txt,UNIQUE_GROUP_000323,False,calibration
Rice Tungro_1694.jpg,.jpg,Original images/Rice Tungro/Rice Tungro_1694.jpg,308503,True,1024,1024,1.0,RGB,3,JPEG,04bea0e799c6b89d3e349d0f83a1e8ea93fb3447fc7a1904bf58fee6e07ef51c,,Rice Tungro,RiceLeafDiseaseBD,PRIMARY_DEVELOPMENT_DATASET,PRIMARY_014769,D:\BTech Final Year Project\RiceLeafDiseaseBD A Field-Based Annotated Smartpho\RiceLeafDiseaseBD A Field-Based Annotated Smartpho\RiceLeafDiseaseBD\RiceLeafDiseaseBD\Annotated images ( visual with labels)\Rice Tungro\labels\Rice Tungro_1694.txt,UNIQUE_GROUP_000304,False,calibration
Rice Tungro_1699.jpg,.jpg,Original images/Rice Tungro/Rice Tungro_1699.jpg,383562,True,1024,1024,1.0,RGB,3,JPEG,6bf6cf6a8234f003955085a9f26f4a965fa83d21f1d94104a0d5aca2dba91b6e,,Rice Tungro,RiceLeafDiseaseBD,PRIMARY_DEVELOPMENT_DATASET,PRIMARY_014774,D:\BTech Final Year Project\RiceLeafDiseaseBD A Field-Based Annotated Smartpho\RiceLeafDiseaseBD A Field-Based Annotated Smartpho\RiceLeafDiseaseBD\RiceLeafDiseaseBD\Annotated images ( visual with labels)\Rice Tungro\labels\Rice Tungro_1699.txt,UNIQUE_GROUP_007526,False,calibration
Rice Tungro_1703.jpg,.jpg,Original images/Rice Tungro/Rice Tungro_1703.jpg,374373,True,1024,1024,1.0,RGB,3,JPEG,8de8ee73cf52d4f3052ca2a8f2ffa6ad118ede6da747f69f4400ca25289f5f35,,Rice Tungro,RiceLeafDiseaseBD,PRIMARY_DEVELOPMENT_DATASET,PRIMARY_014780,D:\BTech Final Year Project\RiceLeafDiseaseBD A Field-Based Annotated Smartpho\RiceLeafDiseaseBD A Field-Based Annotated Smartpho\RiceLeafDiseaseBD\RiceLeafDiseaseBD\Annotated images ( visual with labels)\Rice Tungro\labels\Rice Tungro_1703.txt,UNIQUE_GROUP_009948,False,calibration
Rice Tungro_1710.jpg,.jpg,Original images/Rice Tungro/Rice Tungro_1710.jpg,357872,True,1024,1024,1.0,RGB,3,JPEG,1d518e3fc8f03c2c620f0b26ba765595ffe8943c3f13c80d76e888150202b168,,Rice Tungro,RiceLeafDiseaseBD,PRIMARY_DEVELOPMENT_DATASET,PRIMARY_014788,D:\BTech Final Year Project\RiceLeafDiseaseBD A Field-Based Annotated Smartpho\RiceLeafDiseaseBD A Field-Based Annotated Smartpho\RiceLeafDiseaseBD\RiceLeafDiseaseBD\Annotated images ( visual with labels)\Rice Tungro\labels\Rice Tungro_1710.txt,UNIQUE_GROUP_002043,False,calibration
Rice Tungro_1714.jpg,.jpg,Original images/Rice Tungro/Rice Tungro_1714.jpg,423839,True,1024,1024,1.0,RGB,3,JPEG,b6268a5c2603239a5a51a9573d943afcbc6f457e8b1f64d2c2e7384ef6fa91b2,,Rice Tungro,RiceLeafDiseaseBD,PRIMARY_DEVELOPMENT_DATASET,PRIMARY_014792,D:\BTech Final Year Project\RiceLeafDiseaseBD A Field-Based Annotated Smartpho\RiceLeafDiseaseBD A Field-Based Annotated Smartpho\RiceLeafDiseaseBD\RiceLeafDiseaseBD\Annotated images ( visual with labels)\Rice Tungro\labels\Rice Tungro_1714.txt,UNIQUE_GROUP_012736,False,calibration
Rice Tungro_1718.jpg,.jpg,Original images/Rice Tungro/Rice Tungro_1718.jpg,419560,True,1024,1024,1.0,RGB,3,JPEG,7461f5f04805786139f4278e6e2ebc6ed987c42e124f25b954db88dedaa4ca17,,Rice Tungro,RiceLeafDiseaseBD,PRIMARY_DEVELOPMENT_DATASET,PRIMARY_014796,D:\BTech Final Year Project\RiceLeafDiseaseBD A Field-Based Annotated Smartpho\RiceLeafDiseaseBD A Field-Based Annotated Smartpho\RiceLeafDiseaseBD\RiceLeafDiseaseBD\Annotated images ( visual with labels)\Rice Tungro\labels\Rice Tungro_1718.txt,UNIQUE_GROUP_008114,False,calibration
Rice Tungro_1727.jpg,.jpg,Original images/Rice Tungro/Rice Tungro_1727.jpg,364143,True,1024,1024,1.0,RGB,3,JPEG,fa8e49e9e408a871ae3d6c814eb60ef4dbf1fc647340554484a8a25673877acd,,Rice Tungro,RiceLeafDiseaseBD,PRIMARY_DEVELOPMENT_DATASET,PRIMARY_014806,D:\BTech Final Year Project\RiceLeafDiseaseBD A Field-Based Annotated Smartpho\RiceLeafDiseaseBD A Field-Based Annotated Smartpho\RiceLeafDiseaseBD\RiceLeafDiseaseBD\Annotated images ( visual with labels)\Rice Tungro\labels\Rice Tungro_1727.txt,UNIQUE_GROUP_017446,False,calibration
Rice Tungro_1729.jpg,.jpg,Original images/Rice Tungro/Rice Tungro_1729.jpg,361077,True,1024,1024,1.0,RGB,3,JPEG,10df1e17a9f6757cb7104690050d83a91a4795a2cc2d19956bb6bc1915fd23d3,,Rice Tungro,RiceLeafDiseaseBD,PRIMARY_DEVELOPMENT_DATASET,PRIMARY_014808,D:\BTech Final Year Project\RiceLeafDiseaseBD A Field-Based Annotated Smartpho\RiceLeafDiseaseBD A Field-Based Annotated Smartpho\RiceLeafDiseaseBD\RiceLeafDiseaseBD\Annotated images ( visual with labels)\Rice Tungro\labels\Rice Tungro_1729.txt,UNIQUE_GROUP_001156,False,calibration
Rice Tungro_1736.jpg,.jpg,Original images/Rice Tungro/Rice Tungro_1736.jpg,427721,True,1024,1024,1.0,RGB,3,JPEG,138504c6123130e68f76263bc8d9ae4b795a85f250e629d8ae9f0246d69df560,,Rice Tungro,RiceLeafDiseaseBD,PRIMARY_DEVELOPMENT_DATASET,PRIMARY_014816,D:\BTech Final Year Project\RiceLeafDiseaseBD A Field-Based Annotated Smartpho\RiceLeafDiseaseBD A Field-Based Annotated Smartpho\RiceLeafDiseaseBD\RiceLeafDiseaseBD\Annotated images ( visual with labels)\Rice Tungro\labels\Rice Tungro_1736.txt,UNIQUE_GROUP_001338,False,calibration
Rice Tungro_174.jpg,.jpg,Original images/Rice Tungro/Rice Tungro_174.jpg,323112,True,1024,1024,1.0,RGB,3,JPEG,5e281a80c192e5511c7e2098916e891eb413c25be8912933009194481d02b708,,Rice Tungro,RiceLeafDiseaseBD,PRIMARY_DEVELOPMENT_DATASET,PRIMARY_014820,D:\BTech Final Year Project\RiceLeafDiseaseBD A Field-Based Annotated Smartpho\RiceLeafDiseaseBD A Field-Based Annotated Smartpho\RiceLeafDiseaseBD\RiceLeafDiseaseBD\Annotated images ( visual with labels)\Rice Tungro\labels\Rice Tungro_174.txt,UNIQUE_GROUP_006589,False,calibration
Rice Tungro_1748.jpg,.jpg,Original images/Rice Tungro/Rice Tungro_1748.jpg,330901,True,1024,1024,1.0,RGB,3,JPEG,25209f905a55581d19445d04750ef05481d33edbc1da217bc520740b919b213c,,Rice Tungro,RiceLeafDiseaseBD,PRIMARY_DEVELOPMENT_DATASET,PRIMARY_014829,D:\BTech Final Year Project\RiceLeafDiseaseBD A Field-Based Annotated Smartpho\RiceLeafDiseaseBD A Field-Based Annotated Smartpho\RiceLeafDiseaseBD\RiceLeafDiseaseBD\Annotated images ( visual with labels)\Rice Tungro\labels\Rice Tungro_1748.txt,UNIQUE_GROUP_002598,False,calibration
Rice Tungro_1752.jpg,.jpg,Original images/Rice Tungro/Rice Tungro_1752.jpg,321596,True,1024,1024,1.0,RGB,3,JPEG,ad8c61ab6afab2f9a13bcbf62ed49177ea1a8b456614f1e5f38cb3b7e6e3ed11,,Rice Tungro,RiceLeafDiseaseBD,PRIMARY_DEVELOPMENT_DATASET,PRIMARY_014834,D:\BTech Final Year Project\RiceLeafDiseaseBD A Field-Based Annotated Smartpho\RiceLeafDiseaseBD A Field-Based Annotated Smartpho\RiceLeafDiseaseBD\RiceLeafDiseaseBD\Annotated images ( visual with labels)\Rice Tungro\labels\Rice Tungro_1752.txt,UNIQUE_GROUP_012146,False,calibration
Rice Tungro_1755.jpg,.jpg,Original images/Rice Tungro/Rice Tungro_1755.jpg,319949,True,1024,1024,1.0,RGB,3,JPEG,79eca8b6d5e12c1df71d23d6add4f0f14b3a332e6031fe38ee79ef3cae943752,,Rice Tungro,RiceLeafDiseaseBD,PRIMARY_DEVELOPMENT_DATASET,PRIMARY_014837,D:\BTech Final Year Project\RiceLeafDiseaseBD A Field-Based Annotated Smartpho\RiceLeafDiseaseBD A Field-Based Annotated Smartpho\RiceLeafDiseaseBD\RiceLeafDiseaseBD\Annotated images ( visual with labels)\Rice Tungro\labels\Rice Tungro_1755.txt,UNIQUE_GROUP_008499,False,calibration
Rice Tungro_1763.jpg,.jpg,Original images/Rice Tungro/Rice Tungro_1763.jpg,348067,True,1024,1024,1.0,RGB,3,JPEG,6522d377d60f0fb82e35e7d7f245116e8221f37bff179b0f9d36b4c6a89b5d5b,,Rice Tungro,RiceLeafDiseaseBD,PRIMARY_DEVELOPMENT_DATASET,PRIMARY_014846,D:\BTech Final Year Project\RiceLeafDiseaseBD A Field-Based Annotated Smartpho\RiceLeafDiseaseBD A Field-Based Annotated Smartpho\RiceLeafDiseaseBD\RiceLeafDiseaseBD\Annotated images ( visual with labels)\Rice Tungro\labels\Rice Tungro_1763.txt,UNIQUE_GROUP_007088,False,calibration
Rice Tungro_1770.jpg,.jpg,Original images/Rice Tungro/Rice Tungro_1770.jpg,354473,True,1024,1024,1.0,RGB,3,JPEG,1eb44d02c2fb737dee5313144fd4f2b9f8f2f7b13a3a2910e185257514438cd4,,Rice Tungro,RiceLeafDiseaseBD,PRIMARY_DEVELOPMENT_DATASET,PRIMARY_014854,D:\BTech Final Year Project\RiceLeafDiseaseBD A Field-Based Annotated Smartpho\RiceLeafDiseaseBD A Field-Based Annotated Smartpho\RiceLeafDiseaseBD\RiceLeafDiseaseBD\Annotated images ( visual with labels)\Rice Tungro\labels\Rice Tungro_1770.txt,UNIQUE_GROUP_002141,False,calibration
Rice Tungro_1774.jpg,.jpg,Original images/Rice Tungro/Rice Tungro_1774.jpg,335421,True,1024,1024,1.0,RGB,3,JPEG,e787703d0bd94a51001a6ccbdc98c06497bd3f058f871ecb599de9552eb4030e,,Rice Tungro,RiceLeafDiseaseBD,PRIMARY_DEVELOPMENT_DATASET,PRIMARY_014858,D:\BTech Final Year Project\RiceLeafDiseaseBD A Field-Based Annotated Smartpho\RiceLeafDiseaseBD A Field-Based Annotated Smartpho\RiceLeafDiseaseBD\RiceLeafDiseaseBD\Annotated images ( visual with labels)\Rice Tungro\labels\Rice Tungro_1774.txt,UNIQUE_GROUP_016144,False,calibration
Rice Tungro_178.jpg,.jpg,Original images/Rice Tungro/Rice Tungro_178.jpg,324362,True,1024,1024,1.0,RGB,3,JPEG,b0cbac14278815762e102520d474ef72116496b2c9f40a04079228ca794faa20,,Rice Tungro,RiceLeafDiseaseBD,PRIMARY_DEVELOPMENT_DATASET,PRIMARY_014864,D:\BTech Final Year Project\RiceLeafDiseaseBD A Field-Based Annotated Smartpho\RiceLeafDiseaseBD A Field-Based Annotated Smartpho\RiceLeafDiseaseBD\RiceLeafDiseaseBD\Annotated images ( visual with labels)\Rice Tungro\labels\Rice Tungro_178.txt,UNIQUE_GROUP_012365,False,calibration
Rice Tungro_1780.jpg,.jpg,Original images/Rice Tungro/Rice Tungro_1780.jpg,325991,True,1024,1024,1.0,RGB,3,JPEG,34b72e1407d324656ec6177e9366f1670b48e35d696bc3cdcd06fe8ba4ee1d11,,Rice Tungro,RiceLeafDiseaseBD,PRIMARY_DEVELOPMENT_DATASET,PRIMARY_014865,D:\BTech Final Year Project\RiceLeafDiseaseBD A Field-Based Annotated Smartpho\RiceLeafDiseaseBD A Field-Based Annotated Smartpho\RiceLeafDiseaseBD\RiceLeafDiseaseBD\Annotated images ( visual with labels)\Rice Tungro\labels\Rice Tungro_1780.txt,UNIQUE_GROUP_003690,False,calibration
Rice Tungro_1781.jpg,.jpg,Original images/Rice Tungro/Rice Tungro_1781.jpg,321363,True,1024,1024,1.0,RGB,3,JPEG,896fca5c3d26cb604ac37302eeb920dd2589a8b09eb414ea6311971c0d48f08a,,Rice Tungro,RiceLeafDiseaseBD,PRIMARY_DEVELOPMENT_DATASET,PRIMARY_014866,D:\BTech Final Year Project\RiceLeafDiseaseBD A Field-Based Annotated Smartpho\RiceLeafDiseaseBD A Field-Based Annotated Smartpho\RiceLeafDiseaseBD\RiceLeafDiseaseBD\Annotated images ( visual with labels)\Rice Tungro\labels\Rice Tungro_1781.txt,UNIQUE_GROUP_009602,False,calibration
Rice Tungro_1782.jpg,.jpg,Original images/Rice Tungro/Rice Tungro_1782.jpg,404743,True,1024,1024,1.0,RGB,3,JPEG,8db257ec10a5367ded10cc24712be43103cb562a379cdf507fbc9f2af16fb054,,Rice Tungro,RiceLeafDiseaseBD,PRIMARY_DEVELOPMENT_DATASET,PRIMARY_014867,D:\BTech Final Year Project\RiceLeafDiseaseBD A Field-Based Annotated Smartpho\RiceLeafDiseaseBD A Field-Based Annotated Smartpho\RiceLeafDiseaseBD\RiceLeafDiseaseBD\Annotated images ( visual with labels)\Rice Tungro\labels\Rice Tungro_1782.txt,UNIQUE_GROUP_009937,False,calibration
Rice Tungro_1798.jpg,.jpg,Original images/Rice Tungro/Rice Tungro_1798.jpg,343990,True,1024,1024,1.0,RGB,3,JPEG,4c93700e341ef7e24dc609f8a56fafac92e5aaee99b70ccad139ebd6fcb3ab95,,Rice Tungro,RiceLeafDiseaseBD,PRIMARY_DEVELOPMENT_DATASET,PRIMARY_014884,D:\BTech Final Year Project\RiceLeafDiseaseBD A Field-Based Annotated Smartpho\RiceLeafDiseaseBD A Field-Based Annotated Smartpho\RiceLeafDiseaseBD\RiceLeafDiseaseBD\Annotated images ( visual with labels)\Rice Tungro\labels\Rice Tungro_1798.txt,UNIQUE_GROUP_005361,False,calibration
Rice Tungro_1814.jpg,.jpg,Original images/Rice Tungro/Rice Tungro_1814.jpg,351061,True,1024,1024,1.0,RGB,3,JPEG,8e2a78272221becebd504084285736f09ab8ca1c3fee73bb5e3897da4b0f7235,,Rice Tungro,RiceLeafDiseaseBD,PRIMARY_DEVELOPMENT_DATASET,PRIMARY_014903,D:\BTech Final Year Project\RiceLeafDiseaseBD A Field-Based Annotated Smartpho\RiceLeafDiseaseBD A Field-Based Annotated Smartpho\RiceLeafDiseaseBD\RiceLeafDiseaseBD\Annotated images ( visual with labels)\Rice Tungro\labels\Rice Tungro_1814.txt,UNIQUE_GROUP_009964,False,calibration
Rice Tungro_1836.jpg,.jpg,Original images/Rice Tungro/Rice Tungro_1836.jpg,301189,True,1024,1024,1.0,RGB,3,JPEG,e85b5ce9da4971c85b5debb6582c382ef1411912b560efc5507fde6711935c46,,Rice Tungro,RiceLeafDiseaseBD,PRIMARY_DEVELOPMENT_DATASET,PRIMARY_014927,D:\BTech Final Year Project\RiceLeafDiseaseBD A Field-Based Annotated Smartpho\RiceLeafDiseaseBD A Field-Based Annotated Smartpho\RiceLeafDiseaseBD\RiceLeafDiseaseBD\Annotated images ( visual with labels)\Rice Tungro\labels\Rice Tungro_1836.txt,UNIQUE_GROUP_016204,False,calibration
Rice Tungro_1837.jpg,.jpg,Original images/Rice Tungro/Rice Tungro_1837.jpg,305511,True,1024,1024,1.0,RGB,3,JPEG,a64b7d7969236576f46d23b89c0f6d04e78169ed1ad5523f12d7e9f7db981d31,,Rice Tungro,RiceLeafDiseaseBD,PRIMARY_DEVELOPMENT_DATASET,PRIMARY_014928,D:\BTech Final Year Project\RiceLeafDiseaseBD A Field-Based Annotated Smartpho\RiceLeafDiseaseBD A Field-Based Annotated Smartpho\RiceLeafDiseaseBD\RiceLeafDiseaseBD\Annotated images ( visual with labels)\Rice Tungro\labels\Rice Tungro_1837.txt,UNIQUE_GROUP_011625,False,calibration
Rice Tungro_1848.jpg,.jpg,Original images/Rice Tungro/Rice Tungro_1848.jpg,367797,True,1024,1024,1.0,RGB,3,JPEG,ad1dbe017d74796ca9db630f35133dde5629c6e5d33092747f45be679d23d68b,,Rice Tungro,RiceLeafDiseaseBD,PRIMARY_DEVELOPMENT_DATASET,PRIMARY_014940,D:\BTech Final Year Project\RiceLeafDiseaseBD A Field-Based Annotated Smartpho\RiceLeafDiseaseBD A Field-Based Annotated Smartpho\RiceLeafDiseaseBD\RiceLeafDiseaseBD\Annotated images ( visual with labels)\Rice Tungro\labels\Rice Tungro_1848.txt,UNIQUE_GROUP_012119,False,calibration
Rice Tungro_1850.jpg,.jpg,Original images/Rice Tungro/Rice Tungro_1850.jpg,334910,True,1024,1024,1.0,RGB,3,JPEG,7f922aa93be1b5c82ba7b960719dea78524fe61adb26700098291a0b01779f88,,Rice Tungro,RiceLeafDiseaseBD,PRIMARY_DEVELOPMENT_DATASET,PRIMARY_014943,D:\BTech Final Year Project\RiceLeafDiseaseBD A Field-Based Annotated Smartpho\RiceLeafDiseaseBD A Field-Based Annotated Smartpho\RiceLeafDiseaseBD\RiceLeafDiseaseBD\Annotated images ( visual with labels)\Rice Tungro\labels\Rice Tungro_1850.txt,UNIQUE_GROUP_008913,False,calibration
Rice Tungro_1867.jpg,.jpg,Original images/Rice Tungro/Rice Tungro_1867.jpg,331729,True,1024,1024,1.0,RGB,3,JPEG,eeb1313b20c5a589556f1eb1bf768a5d00c0b0ac07fa209a16f7e921adf967ee,,Rice Tungro,RiceLeafDiseaseBD,PRIMARY_DEVELOPMENT_DATASET,PRIMARY_014961,D:\BTech Final Year Project\RiceLeafDiseaseBD A Field-Based Annotated Smartpho\RiceLeafDiseaseBD A Field-Based Annotated Smartpho\RiceLeafDiseaseBD\RiceLeafDiseaseBD\Annotated images ( visual with labels)\Rice Tungro\labels\Rice Tungro_1867.txt,UNIQUE_GROUP_016631,False,calibration
Rice Tungro_187.jpg,.jpg,Original images/Rice Tungro/Rice Tungro_187.jpg,336491,True,1024,1024,1.0,RGB,3,JPEG,d1e3eb005c4f400fd97d8fe16b0f3654724ee19c1fc939851d403bcdfbbf773e,,Rice Tungro,RiceLeafDiseaseBD,PRIMARY_DEVELOPMENT_DATASET,PRIMARY_014964,D:\BTech Final Year Project\RiceLeafDiseaseBD A Field-Based Annotated Smartpho\RiceLeafDiseaseBD A Field-Based Annotated Smartpho\RiceLeafDiseaseBD\RiceLeafDiseaseBD\Annotated images ( visual with labels)\Rice Tungro\labels\Rice Tungro_187.txt,UNIQUE_GROUP_014692,False,calibration
Rice Tungro_1907.jpg,.jpg,Original images/Rice Tungro/Rice Tungro_1907.jpg,350762,True,1024,1024,1.0,RGB,3,JPEG,5ab3d39c5efdbf3a1e06210446c38207c1bcbf324c565716f25ed30b019b0481,,Rice Tungro,RiceLeafDiseaseBD,PRIMARY_DEVELOPMENT_DATASET,PRIMARY_015006,D:\BTech Final Year Project\RiceLeafDiseaseBD A Field-Based Annotated Smartpho\RiceLeafDiseaseBD A Field-Based Annotated Smartpho\RiceLeafDiseaseBD\RiceLeafDiseaseBD\Annotated images ( visual with labels)\Rice Tungro\labels\Rice Tungro_1907.txt,UNIQUE_GROUP_006361,False,calibration
Rice Tungro_1908.jpg,.jpg,Original images/Rice Tungro/Rice Tungro_1908.jpg,346389,True,1024,1024,1.0,RGB,3,JPEG,e822fead043761be2e260c709d8a1bcc19a8bee0015ce5389a524422e1a66398,,Rice Tungro,RiceLeafDiseaseBD,PRIMARY_DEVELOPMENT_DATASET,PRIMARY_015007,D:\BTech Final Year Project\RiceLeafDiseaseBD A Field-Based Annotated Smartpho\RiceLeafDiseaseBD A Field-Based Annotated Smartpho\RiceLeafDiseaseBD\RiceLeafDiseaseBD\Annotated images ( visual with labels)\Rice Tungro\labels\Rice Tungro_1908.txt,UNIQUE_GROUP_016192,False,calibration
Rice Tungro_1927.jpg,.jpg,Original images/Rice Tungro/Rice Tungro_1927.jpg,312561,True,1024,1024,1.0,RGB,3,JPEG,0fd8e0a280f7eb0494772453fb31fe703d6b2bd0759ed12430e466b5d67d74b4,,Rice Tungro,RiceLeafDiseaseBD,PRIMARY_DEVELOPMENT_DATASET,PRIMARY_015028,D:\BTech Final Year Project\RiceLeafDiseaseBD A Field-Based Annotated Smartpho\RiceLeafDiseaseBD A Field-Based Annotated Smartpho\RiceLeafDiseaseBD\RiceLeafDiseaseBD\Annotated images ( visual with labels)\Rice Tungro\labels\Rice Tungro_1927.txt,UNIQUE_GROUP_001088,False,calibration
Rice Tungro_1928.jpg,.jpg,Original images/Rice Tungro/Rice Tungro_1928.jpg,302500,True,1024,1024,1.0,RGB,3,JPEG,d46046fd4635ad6bf6936511b706e28a7bf71ed38420263927cb8247832ccb6e,,Rice Tungro,RiceLeafDiseaseBD,PRIMARY_DEVELOPMENT_DATASET,PRIMARY_015029,D:\BTech Final Year Project\RiceLeafDiseaseBD A Field-Based Annotated Smartpho\RiceLeafDiseaseBD A Field-Based Annotated Smartpho\RiceLeafDiseaseBD\RiceLeafDiseaseBD\Annotated images ( visual with labels)\Rice Tungro\labels\Rice Tungro_1928.txt,UNIQUE_GROUP_014871,False,calibration
Rice Tungro_1964.jpg,.jpg,Original images/Rice Tungro/Rice Tungro_1964.jpg,358766,True,1024,1024,1.0,RGB,3,JPEG,5e2ccd353c56a19aaf5401f74d11fadb8b2e0d0ee983c68567df954dc6b65756,,Rice Tungro,RiceLeafDiseaseBD,PRIMARY_DEVELOPMENT_DATASET,PRIMARY_015069,D:\BTech Final Year Project\RiceLeafDiseaseBD A Field-Based Annotated Smartpho\RiceLeafDiseaseBD A Field-Based Annotated Smartpho\RiceLeafDiseaseBD\RiceLeafDiseaseBD\Annotated images ( visual with labels)\Rice Tungro\labels\Rice Tungro_1964.txt,UNIQUE_GROUP_006591,False,calibration
Rice Tungro_1972.jpg,.jpg,Original images/Rice Tungro/Rice Tungro_1972.jpg,355701,True,1024,1024,1.0,RGB,3,JPEG,265eb1345e1b2b2efa50936df13b2e556970742103bf90aa0155705c3ca94a21,,Rice Tungro,RiceLeafDiseaseBD,PRIMARY_DEVELOPMENT_DATASET,PRIMARY_015078,D:\BTech Final Year Project\RiceLeafDiseaseBD A Field-Based Annotated Smartpho\RiceLeafDiseaseBD A Field-Based Annotated Smartpho\RiceLeafDiseaseBD\RiceLeafDiseaseBD\Annotated images ( visual with labels)\Rice Tungro\labels\Rice Tungro_1972.txt,UNIQUE_GROUP_002692,False,calibration
Rice Tungro_1980.jpg,.jpg,Original images/Rice Tungro/Rice Tungro_1980.jpg,396031,True,1024,1024,1.0,RGB,3,JPEG,5e046fdb4b528410815d13cf9dd49276cb0a09c3cd3b5492087947cff6cd7a4d,,Rice Tungro,RiceLeafDiseaseBD,PRIMARY_DEVELOPMENT_DATASET,PRIMARY_015087,D:\BTech Final Year Project\RiceLeafDiseaseBD A Field-Based Annotated Smartpho\RiceLeafDiseaseBD A Field-Based Annotated Smartpho\RiceLeafDiseaseBD\RiceLeafDiseaseBD\Annotated images ( visual with labels)\Rice Tungro\labels\Rice Tungro_1980.txt,UNIQUE_GROUP_006583,False,calibration
Rice Tungro_1982.jpg,.jpg,Original images/Rice Tungro/Rice Tungro_1982.jpg,393970,True,1024,1024,1.0,RGB,3,JPEG,6f0abed0542a8c18ca37f3f701676c09a92e37e692d5706146893e6eb9c93b8f,,Rice Tungro,RiceLeafDiseaseBD,PRIMARY_DEVELOPMENT_DATASET,PRIMARY_015089,D:\BTech Final Year Project\RiceLeafDiseaseBD A Field-Based Annotated Smartpho\RiceLeafDiseaseBD A Field-Based Annotated Smartpho\RiceLeafDiseaseBD\RiceLeafDiseaseBD\Annotated images ( visual with labels)\Rice Tungro\labels\Rice Tungro_1982.txt,UNIQUE_GROUP_007752,False,calibration
Rice Tungro_199.jpg,.jpg,Original images/Rice Tungro/Rice Tungro_199.jpg,323649,True,1024,1024,1.0,RGB,3,JPEG,b232c0021756f55a3c8e7275015058147aca0a357915ebd69f9c0149d9af6cd2,,Rice Tungro,RiceLeafDiseaseBD,PRIMARY_DEVELOPMENT_DATASET,PRIMARY_015097,D:\BTech Final Year Project\RiceLeafDiseaseBD A Field-Based Annotated Smartpho\RiceLeafDiseaseBD A Field-Based Annotated Smartpho\RiceLeafDiseaseBD\RiceLeafDiseaseBD\Annotated images ( visual with labels)\Rice Tungro\labels\Rice Tungro_199.txt,UNIQUE_GROUP_012470,False,calibration
Rice Tungro_1996.jpg,.jpg,Original images/Rice Tungro/Rice Tungro_1996.jpg,330624,True,1024,1024,1.0,RGB,3,JPEG,9dfc5261907bdcc3c7c18656c4fb4f016b742551fdb0f68c5ec5b35a07474748,,Rice Tungro,RiceLeafDiseaseBD,PRIMARY_DEVELOPMENT_DATASET,PRIMARY_015104,D:\BTech Final Year Project\RiceLeafDiseaseBD A Field-Based Annotated Smartpho\RiceLeafDiseaseBD A Field-Based Annotated Smartpho\RiceLeafDiseaseBD\RiceLeafDiseaseBD\Annotated images ( visual with labels)\Rice Tungro\labels\Rice Tungro_1996.txt,UNIQUE_GROUP_011077,False,calibration
Rice Tungro_2004.jpg,.jpg,Original images/Rice Tungro/Rice Tungro_2004.jpg,375320,True,1024,1024,1.0,RGB,3,JPEG,6203bc916464ff1131c82b0d3f8ea4bf865f59b076bacf6c77ba997151a107a2,,Rice Tungro,RiceLeafDiseaseBD,PRIMARY_DEVELOPMENT_DATASET,PRIMARY_015115,D:\BTech Final Year Project\RiceLeafDiseaseBD A Field-Based Annotated Smartpho\RiceLeafDiseaseBD A Field-Based Annotated Smartpho\RiceLeafDiseaseBD\RiceLeafDiseaseBD\Annotated images ( visual with labels)\Rice Tungro\labels\Rice Tungro_2004.txt,UNIQUE_GROUP_006867,False,calibration
Rice Tungro_2027.jpg,.jpg,Original images/Rice Tungro/Rice Tungro_2027.jpg,361845,True,1024,1024,1.0,RGB,3,JPEG,0031cca19784c1c96a654c586a061ec6d5213fb1a50d2ef03386e675c24f0809,,Rice Tungro,RiceLeafDiseaseBD,PRIMARY_DEVELOPMENT_DATASET,PRIMARY_015140,D:\BTech Final Year Project\RiceLeafDiseaseBD A Field-Based Annotated Smartpho\RiceLeafDiseaseBD A Field-Based Annotated Smartpho\RiceLeafDiseaseBD\RiceLeafDiseaseBD\Annotated images ( visual with labels)\Rice Tungro\labels\Rice Tungro_2027.txt,UNIQUE_GROUP_000018,False,calibration
Rice Tungro_2032.jpg,.jpg,Original images/Rice Tungro/Rice Tungro_2032.jpg,403576,True,1024,1024,1.0,RGB,3,JPEG,5eeaf566611e41140269d5f154892dcaaf2986632444d4cccc9cca998826f0ee,,Rice Tungro,RiceLeafDiseaseBD,PRIMARY_DEVELOPMENT_DATASET,PRIMARY_015146,D:\BTech Final Year Project\RiceLeafDiseaseBD A Field-Based Annotated Smartpho\RiceLeafDiseaseBD A Field-Based Annotated Smartpho\RiceLeafDiseaseBD\RiceLeafDiseaseBD\Annotated images ( visual with labels)\Rice Tungro\labels\Rice Tungro_2032.txt,UNIQUE_GROUP_006652,False,calibration
Rice Tungro_2036.jpg,.jpg,Original images/Rice Tungro/Rice Tungro_2036.jpg,320938,True,1024,1024,1.0,RGB,3,JPEG,821202e299c7baab2749d0a538b5d00d8d3e69f3fc2156b471b71b0265f4f2b9,,Rice Tungro,RiceLeafDiseaseBD,PRIMARY_DEVELOPMENT_DATASET,PRIMARY_015150,D:\BTech Final Year Project\RiceLeafDiseaseBD A Field-Based Annotated Smartpho\RiceLeafDiseaseBD A Field-Based Annotated Smartpho\RiceLeafDiseaseBD\RiceLeafDiseaseBD\Annotated images ( visual with labels)\Rice Tungro\labels\Rice Tungro_2036.txt,UNIQUE_GROUP_009092,False,calibration
Rice Tungro_2049.jpg,.jpg,Original images/Rice Tungro/Rice Tungro_2049.jpg,352777,True,1024,1024,1.0,RGB,3,JPEG,79d1073081eb14036d2fe57d4e3ec2c76acc82f98182bf16f692d240c3de89be,,Rice Tungro,RiceLeafDiseaseBD,PRIMARY_DEVELOPMENT_DATASET,PRIMARY_015164,D:\BTech Final Year Project\RiceLeafDiseaseBD A Field-Based Annotated Smartpho\RiceLeafDiseaseBD A Field-Based Annotated Smartpho\RiceLeafDiseaseBD\RiceLeafDiseaseBD\Annotated images ( visual with labels)\Rice Tungro\labels\Rice Tungro_2049.txt,UNIQUE_GROUP_008493,False,calibration
Rice Tungro_2067.jpg,.jpg,Original images/Rice Tungro/Rice Tungro_2067.jpg,265997,True,1024,1024,1.0,RGB,3,JPEG,84b4c4a295f77d64f7f11b2a7819710a60eef090e425e68ece83e5fda811ed22,,Rice Tungro,RiceLeafDiseaseBD,PRIMARY_DEVELOPMENT_DATASET,PRIMARY_015184,D:\BTech Final Year Project\RiceLeafDiseaseBD A Field-Based Annotated Smartpho\RiceLeafDiseaseBD A Field-Based Annotated Smartpho\RiceLeafDiseaseBD\RiceLeafDiseaseBD\Annotated images ( visual with labels)\Rice Tungro\labels\Rice Tungro_2067.txt,UNIQUE_GROUP_009272,False,calibration
Rice Tungro_2075.jpg,.jpg,Original images/Rice Tungro/Rice Tungro_2075.jpg,271257,True,1024,1024,1.0,RGB,3,JPEG,1017b268b382c3655f76ef530eeef86ce0d8c90e6640df8c07bb343e8548c447,,Rice Tungro,RiceLeafDiseaseBD,PRIMARY_DEVELOPMENT_DATASET,PRIMARY_015193,D:\BTech Final Year Project\RiceLeafDiseaseBD A Field-Based Annotated Smartpho\RiceLeafDiseaseBD A Field-Based Annotated Smartpho\RiceLeafDiseaseBD\RiceLeafDiseaseBD\Annotated images ( visual with labels)\Rice Tungro\labels\Rice Tungro_2075.txt,UNIQUE_GROUP_001104,False,calibration
Rice Tungro_2098.jpg,.jpg,Original images/Rice Tungro/Rice Tungro_2098.jpg,383771,True,1024,1024,1.0,RGB,3,JPEG,4d6de9d883d626ed59bdda25c2b576501af31e2577800b67e0517fb59613b760,,Rice Tungro,RiceLeafDiseaseBD,PRIMARY_DEVELOPMENT_DATASET,PRIMARY_015218,D:\BTech Final Year Project\RiceLeafDiseaseBD A Field-Based Annotated Smartpho\RiceLeafDiseaseBD A Field-Based Annotated Smartpho\RiceLeafDiseaseBD\RiceLeafDiseaseBD\Annotated images ( visual with labels)\Rice Tungro\labels\Rice Tungro_2098.txt,UNIQUE_GROUP_005434,False,calibration
Rice Tungro_2121.jpg,.jpg,Original images/Rice Tungro/Rice Tungro_2121.jpg,327516,True,1024,1024,1.0,RGB,3,JPEG,e6dac31410a9959accfe6704cbaf532ddac066d24efa637a7155ee585c0a9344,,Rice Tungro,RiceLeafDiseaseBD,PRIMARY_DEVELOPMENT_DATASET,PRIMARY_015245,D:\BTech Final Year Project\RiceLeafDiseaseBD A Field-Based Annotated Smartpho\RiceLeafDiseaseBD A Field-Based Annotated Smartpho\RiceLeafDiseaseBD\RiceLeafDiseaseBD\Annotated images ( visual with labels)\Rice Tungro\labels\Rice Tungro_2121.txt,UNIQUE_GROUP_016111,False,calibration
Rice Tungro_2126.jpg,.jpg,Original images/Rice Tungro/Rice Tungro_2126.jpg,331664,True,1024,1024,1.0,RGB,3,JPEG,a227c5c4824c8039ce75aa08b545bfea35de31e34283687754176436810783c1,,Rice Tungro,RiceLeafDiseaseBD,PRIMARY_DEVELOPMENT_DATASET,PRIMARY_015250,D:\BTech Final Year Project\RiceLeafDiseaseBD A Field-Based Annotated Smartpho\RiceLeafDiseaseBD A Field-Based Annotated Smartpho\RiceLeafDiseaseBD\RiceLeafDiseaseBD\Annotated images ( visual with labels)\Rice Tungro\labels\Rice Tungro_2126.txt,UNIQUE_GROUP_011357,False,calibration
Rice Tungro_2151.jpg,.jpg,Original images/Rice Tungro/Rice Tungro_2151.jpg,199485,True,1024,1024,1.0,RGB,3,JPEG,e1598332a85be4ce37cd5f80bc11d6abb3805b9e0e6bb89956529f3d9c0acd80,,Rice Tungro,RiceLeafDiseaseBD,PRIMARY_DEVELOPMENT_DATASET,PRIMARY_015278,D:\BTech Final Year Project\RiceLeafDiseaseBD A Field-Based Annotated Smartpho\RiceLeafDiseaseBD A Field-Based Annotated Smartpho\RiceLeafDiseaseBD\RiceLeafDiseaseBD\Annotated images ( visual with labels)\Rice Tungro\labels\Rice Tungro_2151.txt,UNIQUE_GROUP_015731,False,calibration
Rice Tungro_2174.jpg,.jpg,Original images/Rice Tungro/Rice Tungro_2174.jpg,254342,True,1024,1024,1.0,RGB,3,JPEG,85678a21c07583b708b354e2b471b5626bd73def03bc94ca13de0b8a7f2c3da1,,Rice Tungro,RiceLeafDiseaseBD,PRIMARY_DEVELOPMENT_DATASET,PRIMARY_015303,D:\BTech Final Year Project\RiceLeafDiseaseBD A Field-Based Annotated Smartpho\RiceLeafDiseaseBD A Field-Based Annotated Smartpho\RiceLeafDiseaseBD\RiceLeafDiseaseBD\Annotated images ( visual with labels)\Rice Tungro\labels\Rice Tungro_2174.txt,UNIQUE_GROUP_009326,False,calibration
Rice Tungro_2179.jpg,.jpg,Original images/Rice Tungro/Rice Tungro_2179.jpg,322571,True,1024,1024,1.0,RGB,3,JPEG,28e8b31f91040dcbb6d04fbab298c4dba14454a04dd324dfbd71b0d1a0f2328d,,Rice Tungro,RiceLeafDiseaseBD,PRIMARY_DEVELOPMENT_DATASET,PRIMARY_015308,D:\BTech Final Year Project\RiceLeafDiseaseBD A Field-Based Annotated Smartpho\RiceLeafDiseaseBD A Field-Based Annotated Smartpho\RiceLeafDiseaseBD\RiceLeafDiseaseBD\Annotated images ( visual with labels)\Rice Tungro\labels\Rice Tungro_2179.txt,UNIQUE_GROUP_002862,False,calibration
Rice Tungro_2183.jpg,.jpg,Original images/Rice Tungro/Rice Tungro_2183.jpg,319110,True,1024,1024,1.0,RGB,3,JPEG,437dfb2c86c47752cfb3e8fa527ced2930c30ef4dc6d66584976d094ca76f8b1,,Rice Tungro,RiceLeafDiseaseBD,PRIMARY_DEVELOPMENT_DATASET,PRIMARY_015313,D:\BTech Final Year Project\RiceLeafDiseaseBD A Field-Based Annotated Smartpho\RiceLeafDiseaseBD A Field-Based Annotated Smartpho\RiceLeafDiseaseBD\RiceLeafDiseaseBD\Annotated images ( visual with labels)\Rice Tungro\labels\Rice Tungro_2183.txt,UNIQUE_GROUP_004723,False,calibration
Rice Tungro_2203.jpg,.jpg,Original images/Rice Tungro/Rice Tungro_2203.jpg,276431,True,1024,1024,1.0,RGB,3,JPEG,bb467d6534042017e904509415e00ee0457e3956b5b42e74bced69b4e5e849a7,,Rice Tungro,RiceLeafDiseaseBD,PRIMARY_DEVELOPMENT_DATASET,PRIMARY_015336,D:\BTech Final Year Project\RiceLeafDiseaseBD A Field-Based Annotated Smartpho\RiceLeafDiseaseBD A Field-Based Annotated Smartpho\RiceLeafDiseaseBD\RiceLeafDiseaseBD\Annotated images ( visual with labels)\Rice Tungro\labels\Rice Tungro_2203.txt,UNIQUE_GROUP_013079,False,calibration
Rice Tungro_2218.jpg,.jpg,Original images/Rice Tungro/Rice Tungro_2218.jpg,310698,True,1024,1024,1.0,RGB,3,JPEG,9a02075c8e4cb3adef0f3a5cf442c567b0c255f6af8d8d3fdeceabbe20128c0c,,Rice Tungro,RiceLeafDiseaseBD,PRIMARY_DEVELOPMENT_DATASET,PRIMARY_015352,D:\BTech Final Year Project\RiceLeafDiseaseBD A Field-Based Annotated Smartpho\RiceLeafDiseaseBD A Field-Based Annotated Smartpho\RiceLeafDiseaseBD\RiceLeafDiseaseBD\Annotated images ( visual with labels)\Rice Tungro\labels\Rice Tungro_2218.txt,UNIQUE_GROUP_010770,False,calibration
Rice Tungro_2228.jpg,.jpg,Original images/Rice Tungro/Rice Tungro_2228.jpg,329662,True,1024,1024,1.0,RGB,3,JPEG,260a807e71535074e3eddb0cb8d73e53ae93a57798c432a92138a887a6d0190e,,Rice Tungro,RiceLeafDiseaseBD,PRIMARY_DEVELOPMENT_DATASET,PRIMARY_015363,D:\BTech Final Year Project\RiceLeafDiseaseBD A Field-Based Annotated Smartpho\RiceLeafDiseaseBD A Field-Based Annotated Smartpho\RiceLeafDiseaseBD\RiceLeafDiseaseBD\Annotated images ( visual with labels)\Rice Tungro\labels\Rice Tungro_2228.txt,UNIQUE_GROUP_002668,False,calibration
Rice Tungro_2230.jpg,.jpg,Original images/Rice Tungro/Rice Tungro_2230.jpg,340831,True,1024,1024,1.0,RGB,3,JPEG,ca88d816c189fb64fe431d63f237d8910e9305ac850f0ece0947c47f3fd190af,,Rice Tungro,RiceLeafDiseaseBD,PRIMARY_DEVELOPMENT_DATASET,PRIMARY_015366,D:\BTech Final Year Project\RiceLeafDiseaseBD A Field-Based Annotated Smartpho\RiceLeafDiseaseBD A Field-Based Annotated Smartpho\RiceLeafDiseaseBD\RiceLeafDiseaseBD\Annotated images ( visual with labels)\Rice Tungro\labels\Rice Tungro_2230.txt,UNIQUE_GROUP_014169,False,calibration
Rice Tungro_2234.jpg,.jpg,Original images/Rice Tungro/Rice Tungro_2234.jpg,297871,True,1024,1024,1.0,RGB,3,JPEG,9a0e6e8c36e1d749e1c407961078b9d3e80b0c006c6883868649947380302c98,,Rice Tungro,RiceLeafDiseaseBD,PRIMARY_DEVELOPMENT_DATASET,PRIMARY_015370,D:\BTech Final Year Project\RiceLeafDiseaseBD A Field-Based Annotated Smartpho\RiceLeafDiseaseBD A Field-Based Annotated Smartpho\RiceLeafDiseaseBD\RiceLeafDiseaseBD\Annotated images ( visual with labels)\Rice Tungro\labels\Rice Tungro_2234.txt,UNIQUE_GROUP_010773,False,calibration
Rice Tungro_2238.jpg,.jpg,Original images/Rice Tungro/Rice Tungro_2238.jpg,294585,True,1024,1024,1.0,RGB,3,JPEG,05c8fd9256b1ff94a614c560f9c5fa74db28ffa76fd1140006dcad355628bdc4,,Rice Tungro,RiceLeafDiseaseBD,PRIMARY_DEVELOPMENT_DATASET,PRIMARY_015374,D:\BTech Final Year Project\RiceLeafDiseaseBD A Field-Based Annotated Smartpho\RiceLeafDiseaseBD A Field-Based Annotated Smartpho\RiceLeafDiseaseBD\RiceLeafDiseaseBD\Annotated images ( visual with labels)\Rice Tungro\labels\Rice Tungro_2238.txt,UNIQUE_GROUP_000382,False,calibration
Rice Tungro_2239.jpg,.jpg,Original images/Rice Tungro/Rice Tungro_2239.jpg,335189,True,1024,1024,1.0,RGB,3,JPEG,11e10e9e2b9689a064834a2f66b837ecc8394bd3a75586a6d0d06da0f3c30058,,Rice Tungro,RiceLeafDiseaseBD,PRIMARY_DEVELOPMENT_DATASET,PRIMARY_015375,D:\BTech Final Year Project\RiceLeafDiseaseBD A Field-Based Annotated Smartpho\RiceLeafDiseaseBD A Field-Based Annotated Smartpho\RiceLeafDiseaseBD\RiceLeafDiseaseBD\Annotated images ( visual with labels)\Rice Tungro\labels\Rice Tungro_2239.txt,UNIQUE_GROUP_001233,False,calibration
Rice Tungro_2242.jpg,.jpg,Original images/Rice Tungro/Rice Tungro_2242.jpg,338767,True,1024,1024,1.0,RGB,3,JPEG,3e640cb2057e3f4ede3bdca152aef6c27533106c997f8ec699507cfb7e8bd51f,,Rice Tungro,RiceLeafDiseaseBD,PRIMARY_DEVELOPMENT_DATASET,PRIMARY_015379,D:\BTech Final Year Project\RiceLeafDiseaseBD A Field-Based Annotated Smartpho\RiceLeafDiseaseBD A Field-Based Annotated Smartpho\RiceLeafDiseaseBD\RiceLeafDiseaseBD\Annotated images ( visual with labels)\Rice Tungro\labels\Rice Tungro_2242.txt,UNIQUE_GROUP_004358,False,calibration
Rice Tungro_231.jpg,.jpg,Original images/Rice Tungro/Rice Tungro_231.jpg,332202,True,1024,1024,1.0,RGB,3,JPEG,42ca5fdd87db934b03171da5fadd30a161c411fc0ba4df9a7af9175a5c83dc22,,Rice Tungro,RiceLeafDiseaseBD,PRIMARY_DEVELOPMENT_DATASET,PRIMARY_015389,D:\BTech Final Year Project\RiceLeafDiseaseBD A Field-Based Annotated Smartpho\RiceLeafDiseaseBD A Field-Based Annotated Smartpho\RiceLeafDiseaseBD\RiceLeafDiseaseBD\Annotated images ( visual with labels)\Rice Tungro\labels\Rice Tungro_231.txt,UNIQUE_GROUP_004674,False,calibration
Rice Tungro_255.jpg,.jpg,Original images/Rice Tungro/Rice Tungro_255.jpg,294505,True,1024,1024,1.0,RGB,3,JPEG,a8c5675f3d59d8d10135f665e7b9fc40ebc0cd6301792eb034a73c45e902ca20,,Rice Tungro,RiceLeafDiseaseBD,PRIMARY_DEVELOPMENT_DATASET,PRIMARY_015415,D:\BTech Final Year Project\RiceLeafDiseaseBD A Field-Based Annotated Smartpho\RiceLeafDiseaseBD A Field-Based Annotated Smartpho\RiceLeafDiseaseBD\RiceLeafDiseaseBD\Annotated images ( visual with labels)\Rice Tungro\labels\Rice Tungro_255.txt,UNIQUE_GROUP_011815,False,calibration
Rice Tungro_260.jpg,.jpg,Original images/Rice Tungro/Rice Tungro_260.jpg,319756,True,1024,1024,1.0,RGB,3,JPEG,9c12488e8cabd85ac0012636d8c006f71516425f48acf06a1ea6fde92736ae8b,,Rice Tungro,RiceLeafDiseaseBD,PRIMARY_DEVELOPMENT_DATASET,PRIMARY_015421,D:\BTech Final Year Project\RiceLeafDiseaseBD A Field-Based Annotated Smartpho\RiceLeafDiseaseBD A Field-Based Annotated Smartpho\RiceLeafDiseaseBD\RiceLeafDiseaseBD\Annotated images ( visual with labels)\Rice Tungro\labels\Rice Tungro_260.txt,UNIQUE_GROUP_010934,False,calibration
Rice Tungro_272.jpg,.jpg,Original images/Rice Tungro/Rice Tungro_272.jpg,305546,True,1024,1024,1.0,RGB,3,JPEG,2c45b5f7a44506a4848d307927af785bde5584d376ed995caf413b5e8ec49de8,,Rice Tungro,RiceLeafDiseaseBD,PRIMARY_DEVELOPMENT_DATASET,PRIMARY_015434,D:\BTech Final Year Project\RiceLeafDiseaseBD A Field-Based Annotated Smartpho\RiceLeafDiseaseBD A Field-Based Annotated Smartpho\RiceLeafDiseaseBD\RiceLeafDiseaseBD\Annotated images ( visual with labels)\Rice Tungro\labels\Rice Tungro_272.txt,UNIQUE_GROUP_003083,False,calibration
Rice Tungro_29.jpg,.jpg,Original images/Rice Tungro/Rice Tungro_29.jpg,297455,True,1024,1024,1.0,RGB,3,JPEG,77830184c7e0b5fbb4d698c3c30edd2c27c33a225fefc8fed63ce771b6383105,,Rice Tungro,RiceLeafDiseaseBD,PRIMARY_DEVELOPMENT_DATASET,PRIMARY_015453,D:\BTech Final Year Project\RiceLeafDiseaseBD A Field-Based Annotated Smartpho\RiceLeafDiseaseBD A Field-Based Annotated Smartpho\RiceLeafDiseaseBD\RiceLeafDiseaseBD\Annotated images ( visual with labels)\Rice Tungro\labels\Rice Tungro_29.txt,UNIQUE_GROUP_008333,False,calibration
Rice Tungro_290.jpg,.jpg,Original images/Rice Tungro/Rice Tungro_290.jpg,313694,True,1024,1024,1.0,RGB,3,JPEG,0b50e206bda882366d6c12a47e011ca08600c10329d1dfd134d0b05268a7cdd8,,Rice Tungro,RiceLeafDiseaseBD,PRIMARY_DEVELOPMENT_DATASET,PRIMARY_015454,D:\BTech Final Year Project\RiceLeafDiseaseBD A Field-Based Annotated Smartpho\RiceLeafDiseaseBD A Field-Based Annotated Smartpho\RiceLeafDiseaseBD\RiceLeafDiseaseBD\Annotated images ( visual with labels)\Rice Tungro\labels\Rice Tungro_290.txt,UNIQUE_GROUP_000768,False,calibration
Rice Tungro_293.jpg,.jpg,Original images/Rice Tungro/Rice Tungro_293.jpg,330539,True,1024,1024,1.0,RGB,3,JPEG,b01cec3a4a2d168b90d86a122dc125c0c003cf5a142f1c2bc7f5337985c053ed,,Rice Tungro,RiceLeafDiseaseBD,PRIMARY_DEVELOPMENT_DATASET,PRIMARY_015457,D:\BTech Final Year Project\RiceLeafDiseaseBD A Field-Based Annotated Smartpho\RiceLeafDiseaseBD A Field-Based Annotated Smartpho\RiceLeafDiseaseBD\RiceLeafDiseaseBD\Annotated images ( visual with labels)\Rice Tungro\labels\Rice Tungro_293.txt,UNIQUE_GROUP_012309,False,calibration
Rice Tungro_330.jpg,.jpg,Original images/Rice Tungro/Rice Tungro_330.jpg,321931,True,1024,1024,1.0,RGB,3,JPEG,94b20856e22d8563b4160659fdc6d8a5b42d0feb5da30d46091660892c9d937d,,Rice Tungro,RiceLeafDiseaseBD,PRIMARY_DEVELOPMENT_DATASET,PRIMARY_015499,D:\BTech Final Year Project\RiceLeafDiseaseBD A Field-Based Annotated Smartpho\RiceLeafDiseaseBD A Field-Based Annotated Smartpho\RiceLeafDiseaseBD\RiceLeafDiseaseBD\Annotated images ( visual with labels)\Rice Tungro\labels\Rice Tungro_330.txt,UNIQUE_GROUP_010395,False,calibration
Rice Tungro_34.jpg,.jpg,Original images/Rice Tungro/Rice Tungro_34.jpg,311692,True,1024,1024,1.0,RGB,3,JPEG,849b305183c106d430c59a00dae1efa1a720928d09c329549f67c445310ca36c,,Rice Tungro,RiceLeafDiseaseBD,PRIMARY_DEVELOPMENT_DATASET,PRIMARY_015509,D:\BTech Final Year Project\RiceLeafDiseaseBD A Field-Based Annotated Smartpho\RiceLeafDiseaseBD A Field-Based Annotated Smartpho\RiceLeafDiseaseBD\RiceLeafDiseaseBD\Annotated images ( visual with labels)\Rice Tungro\labels\Rice Tungro_34.txt,UNIQUE_GROUP_009268,False,calibration
Rice Tungro_342.jpg,.jpg,Original images/Rice Tungro/Rice Tungro_342.jpg,331418,True,1024,1024,1.0,RGB,3,JPEG,6ad455849ef974efe5748648017d416dd88745f9bd0e146d152a9b75363e1b10,,Rice Tungro,RiceLeafDiseaseBD,PRIMARY_DEVELOPMENT_DATASET,PRIMARY_015512,D:\BTech Final Year Project\RiceLeafDiseaseBD A Field-Based Annotated Smartpho\RiceLeafDiseaseBD A Field-Based Annotated Smartpho\RiceLeafDiseaseBD\RiceLeafDiseaseBD\Annotated images ( visual with labels)\Rice Tungro\labels\Rice Tungro_342.txt,UNIQUE_GROUP_007469,False,calibration
Rice Tungro_347.jpg,.jpg,Original images/Rice Tungro/Rice Tungro_347.jpg,325937,True,1024,1024,1.0,RGB,3,JPEG,a6a4225074a1a9f1255c4fe36e701b9da86803f7b5435b50d895c647e6df13cf,,Rice Tungro,RiceLeafDiseaseBD,PRIMARY_DEVELOPMENT_DATASET,PRIMARY_015517,D:\BTech Final Year Project\RiceLeafDiseaseBD A Field-Based Annotated Smartpho\RiceLeafDiseaseBD A Field-Based Annotated Smartpho\RiceLeafDiseaseBD\RiceLeafDiseaseBD\Annotated images ( visual with labels)\Rice Tungro\labels\Rice Tungro_347.txt,UNIQUE_GROUP_011650,False,calibration
Rice Tungro_353.jpg,.jpg,Original images/Rice Tungro/Rice Tungro_353.jpg,334309,True,1024,1024,1.0,RGB,3,JPEG,71f9ce1c23bca60f917549d9a10f613ac07b65c760820c0e3ca58146ed31569f,,Rice Tungro,RiceLeafDiseaseBD,PRIMARY_DEVELOPMENT_DATASET,PRIMARY_015524,D:\BTech Final Year Project\RiceLeafDiseaseBD A Field-Based Annotated Smartpho\RiceLeafDiseaseBD A Field-Based Annotated Smartpho\RiceLeafDiseaseBD\RiceLeafDiseaseBD\Annotated images ( visual with labels)\Rice Tungro\labels\Rice Tungro_353.txt,UNIQUE_GROUP_007962,False,calibration
Rice Tungro_356.jpg,.jpg,Original images/Rice Tungro/Rice Tungro_356.jpg,328830,True,1024,1024,1.0,RGB,3,JPEG,69b22dfcc7e26abe2fd3ae00d0fe3ffce81e34aa944cb8ddeae002c424e40438,,Rice Tungro,RiceLeafDiseaseBD,PRIMARY_DEVELOPMENT_DATASET,PRIMARY_015527,D:\BTech Final Year Project\RiceLeafDiseaseBD A Field-Based Annotated Smartpho\RiceLeafDiseaseBD A Field-Based Annotated Smartpho\RiceLeafDiseaseBD\RiceLeafDiseaseBD\Annotated images ( visual with labels)\Rice Tungro\labels\Rice Tungro_356.txt,UNIQUE_GROUP_007391,False,calibration
Rice Tungro_361.jpg,.jpg,Original images/Rice Tungro/Rice Tungro_361.jpg,405624,True,1024,1024,1.0,RGB,3,JPEG,00267bc3ab9ba0b458e4b24568973cb3f7da9e6337f31dff07f2c3fb4dee156f,,Rice Tungro,RiceLeafDiseaseBD,PRIMARY_DEVELOPMENT_DATASET,PRIMARY_015533,D:\BTech Final Year Project\RiceLeafDiseaseBD A Field-Based Annotated Smartpho\RiceLeafDiseaseBD A Field-Based Annotated Smartpho\RiceLeafDiseaseBD\RiceLeafDiseaseBD\Annotated images ( visual with labels)\Rice Tungro\labels\Rice Tungro_361.txt,UNIQUE_GROUP_000013,False,calibration
Rice Tungro_362.jpg,.jpg,Original images/Rice Tungro/Rice Tungro_362.jpg,375605,True,1024,1024,1.0,RGB,3,JPEG,4a54e6da163057517b8fd174ab76e4ff4fe1ef51c8aa58d1b2d60bf2a16bd8cb,,Rice Tungro,RiceLeafDiseaseBD,PRIMARY_DEVELOPMENT_DATASET,PRIMARY_015534,D:\BTech Final Year Project\RiceLeafDiseaseBD A Field-Based Annotated Smartpho\RiceLeafDiseaseBD A Field-Based Annotated Smartpho\RiceLeafDiseaseBD\RiceLeafDiseaseBD\Annotated images ( visual with labels)\Rice Tungro\labels\Rice Tungro_362.txt,UNIQUE_GROUP_005195,False,calibration
Rice Tungro_366.jpg,.jpg,Original images/Rice Tungro/Rice Tungro_366.jpg,381378,True,1024,1024,1.0,RGB,3,JPEG,7d662eda65c0256134ff43bf770c490f3513ab0eb6d54e84b5d9f651c1871639,,Rice Tungro,RiceLeafDiseaseBD,PRIMARY_DEVELOPMENT_DATASET,PRIMARY_015538,D:\BTech Final Year Project\RiceLeafDiseaseBD A Field-Based Annotated Smartpho\RiceLeafDiseaseBD A Field-Based Annotated Smartpho\RiceLeafDiseaseBD\RiceLeafDiseaseBD\Annotated images ( visual with labels)\Rice Tungro\labels\Rice Tungro_366.txt,UNIQUE_GROUP_008763,False,calibration
Rice Tungro_381.jpg,.jpg,Original images/Rice Tungro/Rice Tungro_381.jpg,320379,True,1024,1024,1.0,RGB,3,JPEG,a8b864d1e549c1149e6dd3882c7c42e87d0f03952f2440449bb867222fb63c13,,Rice Tungro,RiceLeafDiseaseBD,PRIMARY_DEVELOPMENT_DATASET,PRIMARY_015555,D:\BTech Final Year Project\RiceLeafDiseaseBD A Field-Based Annotated Smartpho\RiceLeafDiseaseBD A Field-Based Annotated Smartpho\RiceLeafDiseaseBD\RiceLeafDiseaseBD\Annotated images ( visual with labels)\Rice Tungro\labels\Rice Tungro_381.txt,UNIQUE_GROUP_011811,False,calibration
Rice Tungro_384.jpg,.jpg,Original images/Rice Tungro/Rice Tungro_384.jpg,327392,True,1024,1024,1.0,RGB,3,JPEG,48141704eb3cb9e281c7145814c031320b66be3ae30aa04f4edbb8fa9e47dc45,,Rice Tungro,RiceLeafDiseaseBD,PRIMARY_DEVELOPMENT_DATASET,PRIMARY_015558,D:\BTech Final Year Project\RiceLeafDiseaseBD A Field-Based Annotated Smartpho\RiceLeafDiseaseBD A Field-Based Annotated Smartpho\RiceLeafDiseaseBD\RiceLeafDiseaseBD\Annotated images ( visual with labels)\Rice Tungro\labels\Rice Tungro_384.txt,UNIQUE_GROUP_005028,False,calibration
Rice Tungro_395.jpg,.jpg,Original images/Rice Tungro/Rice Tungro_395.jpg,316852,True,1024,1024,1.0,RGB,3,JPEG,1ecf7cedd426beb103326484a39e90e060f1621508612a9df397b82ebb53378d,,Rice Tungro,RiceLeafDiseaseBD,PRIMARY_DEVELOPMENT_DATASET,PRIMARY_015570,D:\BTech Final Year Project\RiceLeafDiseaseBD A Field-Based Annotated Smartpho\RiceLeafDiseaseBD A Field-Based Annotated Smartpho\RiceLeafDiseaseBD\RiceLeafDiseaseBD\Annotated images ( visual with labels)\Rice Tungro\labels\Rice Tungro_395.txt,UNIQUE_GROUP_002150,False,calibration
Rice Tungro_398.jpg,.jpg,Original images/Rice Tungro/Rice Tungro_398.jpg,346776,True,1024,1024,1.0,RGB,3,JPEG,62e0045bd469ce960be9d4c1e568ffe6958fda5005f57ea4b7eeb70d777ef973,,Rice Tungro,RiceLeafDiseaseBD,PRIMARY_DEVELOPMENT_DATASET,PRIMARY_015573,D:\BTech Final Year Project\RiceLeafDiseaseBD A Field-Based Annotated Smartpho\RiceLeafDiseaseBD A Field-Based Annotated Smartpho\RiceLeafDiseaseBD\RiceLeafDiseaseBD\Annotated images ( visual with labels)\Rice Tungro\labels\Rice Tungro_398.txt,UNIQUE_GROUP_006919,False,calibration
Rice Tungro_426.jpg,.jpg,Original images/Rice Tungro/Rice Tungro_426.jpg,344974,True,1024,1024,1.0,RGB,3,JPEG,1f05d62c65120c05b9894cd5a97bb47a16d5d4599f47a930c9a8bb07b01c78ac,,Rice Tungro,RiceLeafDiseaseBD,PRIMARY_DEVELOPMENT_DATASET,PRIMARY_015605,D:\BTech Final Year Project\RiceLeafDiseaseBD A Field-Based Annotated Smartpho\RiceLeafDiseaseBD A Field-Based Annotated Smartpho\RiceLeafDiseaseBD\RiceLeafDiseaseBD\Annotated images ( visual with labels)\Rice Tungro\labels\Rice Tungro_426.txt,UNIQUE_GROUP_002167,False,calibration
Rice Tungro_447.jpg,.jpg,Original images/Rice Tungro/Rice Tungro_447.jpg,341482,True,1024,1024,1.0,RGB,3,JPEG,88f82dafd69c5de00a50dd306b68e389c272c25abde52690b2e48a305067889d,,Rice Tungro,RiceLeafDiseaseBD,PRIMARY_DEVELOPMENT_DATASET,PRIMARY_015628,D:\BTech Final Year Project\RiceLeafDiseaseBD A Field-Based Annotated Smartpho\RiceLeafDiseaseBD A Field-Based Annotated Smartpho\RiceLeafDiseaseBD\RiceLeafDiseaseBD\Annotated images ( visual with labels)\Rice Tungro\labels\Rice Tungro_447.txt,UNIQUE_GROUP_009566,False,calibration
Rice Tungro_449.jpg,.jpg,Original images/Rice Tungro/Rice Tungro_449.jpg,347560,True,1024,1024,1.0,RGB,3,JPEG,69b7b376126cbcccff5911c7b21b1b260232da5fc833f7c45d27dd3886421026,,Rice Tungro,RiceLeafDiseaseBD,PRIMARY_DEVELOPMENT_DATASET,PRIMARY_015630,D:\BTech Final Year Project\RiceLeafDiseaseBD A Field-Based Annotated Smartpho\RiceLeafDiseaseBD A Field-Based Annotated Smartpho\RiceLeafDiseaseBD\RiceLeafDiseaseBD\Annotated images ( visual with labels)\Rice Tungro\labels\Rice Tungro_449.txt,UNIQUE_GROUP_007392,False,calibration
Rice Tungro_450.jpg,.jpg,Original images/Rice Tungro/Rice Tungro_450.jpg,325182,True,1024,1024,1.0,RGB,3,JPEG,3f5b9d63712864d56db9f7eb2e6e0afe0df05ccd6ff526836214a36e24d95f4d,,Rice Tungro,RiceLeafDiseaseBD,PRIMARY_DEVELOPMENT_DATASET,PRIMARY_015632,D:\BTech Final Year Project\RiceLeafDiseaseBD A Field-Based Annotated Smartpho\RiceLeafDiseaseBD A Field-Based Annotated Smartpho\RiceLeafDiseaseBD\RiceLeafDiseaseBD\Annotated images ( visual with labels)\Rice Tungro\labels\Rice Tungro_450.txt,UNIQUE_GROUP_004434,False,calibration
Rice Tungro_451.jpg,.jpg,Original images/Rice Tungro/Rice Tungro_451.jpg,309819,True,1024,1024,1.0,RGB,3,JPEG,613a592c7147f354b2d40a3b3c56fb48cbb93a89869f98b0cf93a2d92275bc83,,Rice Tungro,RiceLeafDiseaseBD,PRIMARY_DEVELOPMENT_DATASET,PRIMARY_015633,D:\BTech Final Year Project\RiceLeafDiseaseBD A Field-Based Annotated Smartpho\RiceLeafDiseaseBD A Field-Based Annotated Smartpho\RiceLeafDiseaseBD\RiceLeafDiseaseBD\Annotated images ( visual with labels)\Rice Tungro\labels\Rice Tungro_451.txt,UNIQUE_GROUP_006819,False,calibration
Rice Tungro_455.jpg,.jpg,Original images/Rice Tungro/Rice Tungro_455.jpg,326544,True,1024,1024,1.0,RGB,3,JPEG,56a8d8e4f257cd5aeeb48668527963c8e09266f6858748888741cd2a89235fcb,,Rice Tungro,RiceLeafDiseaseBD,PRIMARY_DEVELOPMENT_DATASET,PRIMARY_015637,D:\BTech Final Year Project\RiceLeafDiseaseBD A Field-Based Annotated Smartpho\RiceLeafDiseaseBD A Field-Based Annotated Smartpho\RiceLeafDiseaseBD\RiceLeafDiseaseBD\Annotated images ( visual with labels)\Rice Tungro\labels\Rice Tungro_455.txt,UNIQUE_GROUP_006066,False,calibration
Rice Tungro_46.jpg,.jpg,Original images/Rice Tungro/Rice Tungro_46.jpg,320760,True,1024,1024,1.0,RGB,3,JPEG,0d6c20e090617babcc0a97b2363446bcace0bfa6262f77d6beffaebd86b5487f,,Rice Tungro,RiceLeafDiseaseBD,PRIMARY_DEVELOPMENT_DATASET,PRIMARY_015642,D:\BTech Final Year Project\RiceLeafDiseaseBD A Field-Based Annotated Smartpho\RiceLeafDiseaseBD A Field-Based Annotated Smartpho\RiceLeafDiseaseBD\RiceLeafDiseaseBD\Annotated images ( visual with labels)\Rice Tungro\labels\Rice Tungro_46.txt,UNIQUE_GROUP_000922,False,calibration
Rice Tungro_463.jpg,.jpg,Original images/Rice Tungro/Rice Tungro_463.jpg,328422,True,1024,1024,1.0,RGB,3,JPEG,5dfcdd8e1446615baadd2eb41ae3057a434bf91e40d3b977b1107c0b81f6751a,,Rice Tungro,RiceLeafDiseaseBD,PRIMARY_DEVELOPMENT_DATASET,PRIMARY_015646,D:\BTech Final Year Project\RiceLeafDiseaseBD A Field-Based Annotated Smartpho\RiceLeafDiseaseBD A Field-Based Annotated Smartpho\RiceLeafDiseaseBD\RiceLeafDiseaseBD\Annotated images ( visual with labels)\Rice Tungro\labels\Rice Tungro_463.txt,UNIQUE_GROUP_006582,False,calibration
Rice Tungro_468.jpg,.jpg,Original images/Rice Tungro/Rice Tungro_468.jpg,322231,True,1024,1024,1.0,RGB,3,JPEG,7752d3b864ee363f0805113932d448bdd64bd66088abda84ef53741a9d4cc037,,Rice Tungro,RiceLeafDiseaseBD,PRIMARY_DEVELOPMENT_DATASET,PRIMARY_015651,D:\BTech Final Year Project\RiceLeafDiseaseBD A Field-Based Annotated Smartpho\RiceLeafDiseaseBD A Field-Based Annotated Smartpho\RiceLeafDiseaseBD\RiceLeafDiseaseBD\Annotated images ( visual with labels)\Rice Tungro\labels\Rice Tungro_468.txt,UNIQUE_GROUP_008320,False,calibration
Rice Tungro_47.jpg,.jpg,Original images/Rice Tungro/Rice Tungro_47.jpg,322436,True,1024,1024,1.0,RGB,3,JPEG,cced25a8988c0e1e6416b6835565533a1531cd002aeed351fcca85513c74395c,,Rice Tungro,RiceLeafDiseaseBD,PRIMARY_DEVELOPMENT_DATASET,PRIMARY_015653,D:\BTech Final Year Project\RiceLeafDiseaseBD A Field-Based Annotated Smartpho\RiceLeafDiseaseBD A Field-Based Annotated Smartpho\RiceLeafDiseaseBD\RiceLeafDiseaseBD\Annotated images ( visual with labels)\Rice Tungro\labels\Rice Tungro_47.txt,UNIQUE_GROUP_014330,False,calibration
Rice Tungro_479.jpg,.jpg,Original images/Rice Tungro/Rice Tungro_479.jpg,282093,True,1024,1024,1.0,RGB,3,JPEG,8911a5f6f96fb057b391f795904d07f7ccc3ab9aa1a41f9764edfa1e95112c8e,,Rice Tungro,RiceLeafDiseaseBD,PRIMARY_DEVELOPMENT_DATASET,PRIMARY_015663,D:\BTech Final Year Project\RiceLeafDiseaseBD A Field-Based Annotated Smartpho\RiceLeafDiseaseBD A Field-Based Annotated Smartpho\RiceLeafDiseaseBD\RiceLeafDiseaseBD\Annotated images ( visual with labels)\Rice Tungro\labels\Rice Tungro_479.txt,UNIQUE_GROUP_009574,False,calibration
Rice Tungro_480.jpg,.jpg,Original images/Rice Tungro/Rice Tungro_480.jpg,317414,True,1024,1024,1.0,RGB,3,JPEG,61d18d9266506671a3addade7026b32508d6a759270b5448b0ad365e340682db,,Rice Tungro,RiceLeafDiseaseBD,PRIMARY_DEVELOPMENT_DATASET,PRIMARY_015665,D:\BTech Final Year Project\RiceLeafDiseaseBD A Field-Based Annotated Smartpho\RiceLeafDiseaseBD A Field-Based Annotated Smartpho\RiceLeafDiseaseBD\RiceLeafDiseaseBD\Annotated images ( visual with labels)\Rice Tungro\labels\Rice Tungro_480.txt,UNIQUE_GROUP_006853,False,calibration
Rice Tungro_488.jpg,.jpg,Original images/Rice Tungro/Rice Tungro_488.jpg,318130,True,1024,1024,1.0,RGB,3,JPEG,80ea86b33fff8489a6813d80a95e0e1f194f83c1a3e6055e07b3c5c4aa1e6c67,,Rice Tungro,RiceLeafDiseaseBD,PRIMARY_DEVELOPMENT_DATASET,PRIMARY_015673,D:\BTech Final Year Project\RiceLeafDiseaseBD A Field-Based Annotated Smartpho\RiceLeafDiseaseBD A Field-Based Annotated Smartpho\RiceLeafDiseaseBD\RiceLeafDiseaseBD\Annotated images ( visual with labels)\Rice Tungro\labels\Rice Tungro_488.txt,UNIQUE_GROUP_009008,False,calibration
Rice Tungro_496.jpg,.jpg,Original images/Rice Tungro/Rice Tungro_496.jpg,318510,True,1024,1024,1.0,RGB,3,JPEG,bcf0439b824db08d5cf3e381fc251dd5d4d797426bb0257e42aec4494bdffc97,,Rice Tungro,RiceLeafDiseaseBD,PRIMARY_DEVELOPMENT_DATASET,PRIMARY_015682,D:\BTech Final Year Project\RiceLeafDiseaseBD A Field-Based Annotated Smartpho\RiceLeafDiseaseBD A Field-Based Annotated Smartpho\RiceLeafDiseaseBD\RiceLeafDiseaseBD\Annotated images ( visual with labels)\Rice Tungro\labels\Rice Tungro_496.txt,UNIQUE_GROUP_013208,False,calibration
Rice Tungro_516.jpg,.jpg,Original images/Rice Tungro/Rice Tungro_516.jpg,405695,True,1024,1024,1.0,RGB,3,JPEG,dd8d70f571f22d3a943d41d467c9ae1b6fbbea7922a33c8704be50fc1809bfa2,,Rice Tungro,RiceLeafDiseaseBD,PRIMARY_DEVELOPMENT_DATASET,PRIMARY_015705,D:\BTech Final Year Project\RiceLeafDiseaseBD A Field-Based Annotated Smartpho\RiceLeafDiseaseBD A Field-Based Annotated Smartpho\RiceLeafDiseaseBD\RiceLeafDiseaseBD\Annotated images ( visual with labels)\Rice Tungro\labels\Rice Tungro_516.txt,UNIQUE_GROUP_015481,False,calibration
Rice Tungro_523.jpg,.jpg,Original images/Rice Tungro/Rice Tungro_523.jpg,352384,True,1024,1024,1.0,RGB,3,JPEG,0c490523353dea143dd757288d9369bb3ee5de161a11e6bf15ed04ce3c5b207a,,Rice Tungro,RiceLeafDiseaseBD,PRIMARY_DEVELOPMENT_DATASET,PRIMARY_015713,D:\BTech Final Year Project\RiceLeafDiseaseBD A Field-Based Annotated Smartpho\RiceLeafDiseaseBD A Field-Based Annotated Smartpho\RiceLeafDiseaseBD\RiceLeafDiseaseBD\Annotated images ( visual with labels)\Rice Tungro\labels\Rice Tungro_523.txt,UNIQUE_GROUP_000836,False,calibration
Rice Tungro_524.jpg,.jpg,Original images/Rice Tungro/Rice Tungro_524.jpg,347389,True,1024,1024,1.0,RGB,3,JPEG,62d2da74e55138932a264fc62e076e786217e1eedc052b35c864437275e22727,,Rice Tungro,RiceLeafDiseaseBD,PRIMARY_DEVELOPMENT_DATASET,PRIMARY_015714,D:\BTech Final Year Project\RiceLeafDiseaseBD A Field-Based Annotated Smartpho\RiceLeafDiseaseBD A Field-Based Annotated Smartpho\RiceLeafDiseaseBD\RiceLeafDiseaseBD\Annotated images ( visual with labels)\Rice Tungro\labels\Rice Tungro_524.txt,UNIQUE_GROUP_006915,False,calibration
Rice Tungro_549.jpg,.jpg,Original images/Rice Tungro/Rice Tungro_549.jpg,320002,True,1024,1024,1.0,RGB,3,JPEG,4474fd1864b64a41c2e1d76df3b5adb987c670ceb31fbfe6420097e06db52995,,Rice Tungro,RiceLeafDiseaseBD,PRIMARY_DEVELOPMENT_DATASET,PRIMARY_015741,D:\BTech Final Year Project\RiceLeafDiseaseBD A Field-Based Annotated Smartpho\RiceLeafDiseaseBD A Field-Based Annotated Smartpho\RiceLeafDiseaseBD\RiceLeafDiseaseBD\Annotated images ( visual with labels)\Rice Tungro\labels\Rice Tungro_549.txt,UNIQUE_GROUP_004781,False,calibration
Rice Tungro_572.jpg,.jpg,Original images/Rice Tungro/Rice Tungro_572.jpg,354169,True,1024,1024,1.0,RGB,3,JPEG,42e0c82dad141af54628b8b7dda4d7ff66c450a5bef0f1e4a1c65e259920ac2d,,Rice Tungro,RiceLeafDiseaseBD,PRIMARY_DEVELOPMENT_DATASET,PRIMARY_015767,D:\BTech Final Year Project\RiceLeafDiseaseBD A Field-Based Annotated Smartpho\RiceLeafDiseaseBD A Field-Based Annotated Smartpho\RiceLeafDiseaseBD\RiceLeafDiseaseBD\Annotated images ( visual with labels)\Rice Tungro\labels\Rice Tungro_572.txt,UNIQUE_GROUP_004686,False,calibration
Rice Tungro_582.jpg,.jpg,Original images/Rice Tungro/Rice Tungro_582.jpg,349406,True,1024,1024,1.0,RGB,3,JPEG,7bfa9a9f2f87691cdb6b02d3ae32de9eefd935c94dcbc75f0962ce56b0ac0fe0,,Rice Tungro,RiceLeafDiseaseBD,PRIMARY_DEVELOPMENT_DATASET,PRIMARY_015778,D:\BTech Final Year Project\RiceLeafDiseaseBD A Field-Based Annotated Smartpho\RiceLeafDiseaseBD A Field-Based Annotated Smartpho\RiceLeafDiseaseBD\RiceLeafDiseaseBD\Annotated images ( visual with labels)\Rice Tungro\labels\Rice Tungro_582.txt,UNIQUE_GROUP_008647,False,calibration
Rice Tungro_630.jpg,.jpg,Original images/Rice Tungro/Rice Tungro_630.jpg,335485,True,1024,1024,1.0,RGB,3,JPEG,6314e306984a697c8412a86d7edc5b962f11ce78962ad823f46bda14e8bf2b72,,Rice Tungro,RiceLeafDiseaseBD,PRIMARY_DEVELOPMENT_DATASET,PRIMARY_015832,D:\BTech Final Year Project\RiceLeafDiseaseBD A Field-Based Annotated Smartpho\RiceLeafDiseaseBD A Field-Based Annotated Smartpho\RiceLeafDiseaseBD\RiceLeafDiseaseBD\Annotated images ( visual with labels)\Rice Tungro\labels\Rice Tungro_630.txt,UNIQUE_GROUP_006933,False,calibration
Rice Tungro_631.jpg,.jpg,Original images/Rice Tungro/Rice Tungro_631.jpg,348569,True,1024,1024,1.0,RGB,3,JPEG,7e58c5c372c3dec2a9d80510c6ea6472beb73c1e1b1a9f2e24cca95def000865,,Rice Tungro,RiceLeafDiseaseBD,PRIMARY_DEVELOPMENT_DATASET,PRIMARY_015833,D:\BTech Final Year Project\RiceLeafDiseaseBD A Field-Based Annotated Smartpho\RiceLeafDiseaseBD A Field-Based Annotated Smartpho\RiceLeafDiseaseBD\RiceLeafDiseaseBD\Annotated images ( visual with labels)\Rice Tungro\labels\Rice Tungro_631.txt,UNIQUE_GROUP_008834,False,calibration
Rice Tungro_639.jpg,.jpg,Original images/Rice Tungro/Rice Tungro_639.jpg,343879,True,1024,1024,1.0,RGB,3,JPEG,553210b28b0be6b226e77eca395142ff11d289c7bba8761f5d622f94c460b8d3,,Rice Tungro,RiceLeafDiseaseBD,PRIMARY_DEVELOPMENT_DATASET,PRIMARY_015841,D:\BTech Final Year Project\RiceLeafDiseaseBD A Field-Based Annotated Smartpho\RiceLeafDiseaseBD A Field-Based Annotated Smartpho\RiceLeafDiseaseBD\RiceLeafDiseaseBD\Annotated images ( visual with labels)\Rice Tungro\labels\Rice Tungro_639.txt,UNIQUE_GROUP_005969,False,calibration
Rice Tungro_64.jpg,.jpg,Original images/Rice Tungro/Rice Tungro_64.jpg,316608,True,1024,1024,1.0,RGB,3,JPEG,eede7c17a21c7b458d46fb804c4468e50862250d1ab22a36e9a0a7b9fbef72be,,Rice Tungro,RiceLeafDiseaseBD,PRIMARY_DEVELOPMENT_DATASET,PRIMARY_015842,D:\BTech Final Year Project\RiceLeafDiseaseBD A Field-Based Annotated Smartpho\RiceLeafDiseaseBD A Field-Based Annotated Smartpho\RiceLeafDiseaseBD\RiceLeafDiseaseBD\Annotated images ( visual with labels)\Rice Tungro\labels\Rice Tungro_64.txt,UNIQUE_GROUP_016645,False,calibration
Rice Tungro_641.jpg,.jpg,Original images/Rice Tungro/Rice Tungro_641.jpg,311878,True,1024,1024,1.0,RGB,3,JPEG,47a14e8bd7c010422034803884a1a7505c03cb4da11dc32d646b71bbbb751b1a,,Rice Tungro,RiceLeafDiseaseBD,PRIMARY_DEVELOPMENT_DATASET,PRIMARY_015844,D:\BTech Final Year Project\RiceLeafDiseaseBD A Field-Based Annotated Smartpho\RiceLeafDiseaseBD A Field-Based Annotated Smartpho\RiceLeafDiseaseBD\RiceLeafDiseaseBD\Annotated images ( visual with labels)\Rice Tungro\labels\Rice Tungro_641.txt,UNIQUE_GROUP_004985,False,calibration
Rice Tungro_654.jpg,.jpg,Original images/Rice Tungro/Rice Tungro_654.jpg,365287,True,1024,1024,1.0,RGB,3,JPEG,1d6a149d5e8abdaf1f2cab182f7fc24c5e82273033451cedf6b75573def89aeb,,Rice Tungro,RiceLeafDiseaseBD,PRIMARY_DEVELOPMENT_DATASET,PRIMARY_015858,D:\BTech Final Year Project\RiceLeafDiseaseBD A Field-Based Annotated Smartpho\RiceLeafDiseaseBD A Field-Based Annotated Smartpho\RiceLeafDiseaseBD\RiceLeafDiseaseBD\Annotated images ( visual with labels)\Rice Tungro\labels\Rice Tungro_654.txt,UNIQUE_GROUP_002050,False,calibration
Rice Tungro_658.jpg,.jpg,Original images/Rice Tungro/Rice Tungro_658.jpg,341111,True,1024,1024,1.0,RGB,3,JPEG,62e46b073161ddbd8ddb1bd2e3794ebf28807f1dcdb4a41b660c514eedd2d4b9,,Rice Tungro,RiceLeafDiseaseBD,PRIMARY_DEVELOPMENT_DATASET,PRIMARY_015862,D:\BTech Final Year Project\RiceLeafDiseaseBD A Field-Based Annotated Smartpho\RiceLeafDiseaseBD A Field-Based Annotated Smartpho\RiceLeafDiseaseBD\RiceLeafDiseaseBD\Annotated images ( visual with labels)\Rice Tungro\labels\Rice Tungro_658.txt,UNIQUE_GROUP_006921,False,calibration
Rice Tungro_67.jpg,.jpg,Original images/Rice Tungro/Rice Tungro_67.jpg,299262,True,1024,1024,1.0,RGB,3,JPEG,0ddce5f8c6db71fbd22ec765ff09a37ec9681d9d929847e90f8374bbaf8d5ef8,,Rice Tungro,RiceLeafDiseaseBD,PRIMARY_DEVELOPMENT_DATASET,PRIMARY_015875,D:\BTech Final Year Project\RiceLeafDiseaseBD A Field-Based Annotated Smartpho\RiceLeafDiseaseBD A Field-Based Annotated Smartpho\RiceLeafDiseaseBD\RiceLeafDiseaseBD\Annotated images ( visual with labels)\Rice Tungro\labels\Rice Tungro_67.txt,UNIQUE_GROUP_000957,False,calibration
Rice Tungro_671.jpg,.jpg,Original images/Rice Tungro/Rice Tungro_671.jpg,334231,True,1024,1024,1.0,RGB,3,JPEG,6fc7bb0da9666f5e67fff4851e63bd4c0c5c9dff7d28a209acec37e6eeb23631,,Rice Tungro,RiceLeafDiseaseBD,PRIMARY_DEVELOPMENT_DATASET,PRIMARY_015877,D:\BTech Final Year Project\RiceLeafDiseaseBD A Field-Based Annotated Smartpho\RiceLeafDiseaseBD A Field-Based Annotated Smartpho\RiceLeafDiseaseBD\RiceLeafDiseaseBD\Annotated images ( visual with labels)\Rice Tungro\labels\Rice Tungro_671.txt,UNIQUE_GROUP_007802,False,calibration
Rice Tungro_705.jpg,.jpg,Original images/Rice Tungro/Rice Tungro_705.jpg,331406,True,1024,1024,1.0,RGB,3,JPEG,2395854466889f7fe4d1dd02c292add0942ee39f93eb07c642d3662f8500dd2c,,Rice Tungro,RiceLeafDiseaseBD,PRIMARY_DEVELOPMENT_DATASET,PRIMARY_015915,D:\BTech Final Year Project\RiceLeafDiseaseBD A Field-Based Annotated Smartpho\RiceLeafDiseaseBD A Field-Based Annotated Smartpho\RiceLeafDiseaseBD\RiceLeafDiseaseBD\Annotated images ( visual with labels)\Rice Tungro\labels\Rice Tungro_705.txt,UNIQUE_GROUP_002497,False,calibration
Rice Tungro_706.jpg,.jpg,Original images/Rice Tungro/Rice Tungro_706.jpg,338000,True,1024,1024,1.0,RGB,3,JPEG,aca053ea15b8c67e0fe729e6ab43d9226bd0b27582a9998b1d6cee9fce105ac3,,Rice Tungro,RiceLeafDiseaseBD,PRIMARY_DEVELOPMENT_DATASET,PRIMARY_015916,D:\BTech Final Year Project\RiceLeafDiseaseBD A Field-Based Annotated Smartpho\RiceLeafDiseaseBD A Field-Based Annotated Smartpho\RiceLeafDiseaseBD\RiceLeafDiseaseBD\Annotated images ( visual with labels)\Rice Tungro\labels\Rice Tungro_706.txt,UNIQUE_GROUP_012079,False,calibration
Rice Tungro_709.jpg,.jpg,Original images/Rice Tungro/Rice Tungro_709.jpg,363599,True,1024,1024,1.0,RGB,3,JPEG,ea043d2a11618e237300581c21874107617acb5abb69794d740cacc17d8ff188,,Rice Tungro,RiceLeafDiseaseBD,PRIMARY_DEVELOPMENT_DATASET,PRIMARY_015919,D:\BTech Final Year Project\RiceLeafDiseaseBD A Field-Based Annotated Smartpho\RiceLeafDiseaseBD A Field-Based Annotated Smartpho\RiceLeafDiseaseBD\RiceLeafDiseaseBD\Annotated images ( visual with labels)\Rice Tungro\labels\Rice Tungro_709.txt,UNIQUE_GROUP_016306,False,calibration
Rice Tungro_71.jpg,.jpg,Original images/Rice Tungro/Rice Tungro_71.jpg,328744,True,1024,1024,1.0,RGB,3,JPEG,7462afb2660b2dd49b8b558674495992c4eb565dd3e0f04c267920f6b8945825,,Rice Tungro,RiceLeafDiseaseBD,PRIMARY_DEVELOPMENT_DATASET,PRIMARY_015920,D:\BTech Final Year Project\RiceLeafDiseaseBD A Field-Based Annotated Smartpho\RiceLeafDiseaseBD A Field-Based Annotated Smartpho\RiceLeafDiseaseBD\RiceLeafDiseaseBD\Annotated images ( visual with labels)\Rice Tungro\labels\Rice Tungro_71.txt,UNIQUE_GROUP_008115,False,calibration
Rice Tungro_718.jpg,.jpg,Original images/Rice Tungro/Rice Tungro_718.jpg,440582,True,1024,1024,1.0,RGB,3,JPEG,5beae7f11933adf8f16b10ce933a8f1c44197f5e2b3237aada8b4d1782b0998a,,Rice Tungro,RiceLeafDiseaseBD,PRIMARY_DEVELOPMENT_DATASET,PRIMARY_015929,D:\BTech Final Year Project\RiceLeafDiseaseBD A Field-Based Annotated Smartpho\RiceLeafDiseaseBD A Field-Based Annotated Smartpho\RiceLeafDiseaseBD\RiceLeafDiseaseBD\Annotated images ( visual with labels)\Rice Tungro\labels\Rice Tungro_718.txt,UNIQUE_GROUP_006444,False,calibration
Rice Tungro_720.jpg,.jpg,Original images/Rice Tungro/Rice Tungro_720.jpg,360389,True,1024,1024,1.0,RGB,3,JPEG,69c218457a556c5a25ce061ef6fab880d6292ae40fb4f39e760ed0dd3e24983d,,Rice Tungro,RiceLeafDiseaseBD,PRIMARY_DEVELOPMENT_DATASET,PRIMARY_015932,D:\BTech Final Year Project\RiceLeafDiseaseBD A Field-Based Annotated Smartpho\RiceLeafDiseaseBD A Field-Based Annotated Smartpho\RiceLeafDiseaseBD\RiceLeafDiseaseBD\Annotated images ( visual with labels)\Rice Tungro\labels\Rice Tungro_720.txt,UNIQUE_GROUP_007396,False,calibration
Rice Tungro_734.jpg,.jpg,Original images/Rice Tungro/Rice Tungro_734.jpg,340239,True,1024,1024,1.0,RGB,3,JPEG,7829721cc82a0610f38e961480e105de92a0624c9a5b9c2061c9f88b20180604,,Rice Tungro,RiceLeafDiseaseBD,PRIMARY_DEVELOPMENT_DATASET,PRIMARY_015947,D:\BTech Final Year Project\RiceLeafDiseaseBD A Field-Based Annotated Smartpho\RiceLeafDiseaseBD A Field-Based Annotated Smartpho\RiceLeafDiseaseBD\RiceLeafDiseaseBD\Annotated images ( visual with labels)\Rice Tungro\labels\Rice Tungro_734.txt,UNIQUE_GROUP_008387,False,calibration
Rice Tungro_74.jpg,.jpg,Original images/Rice Tungro/Rice Tungro_74.jpg,324646,True,1024,1024,1.0,RGB,3,JPEG,0928a4521ca53419cbd5d03b5bba7c7649656dccb2ec106a1014667816805cac,,Rice Tungro,RiceLeafDiseaseBD,PRIMARY_DEVELOPMENT_DATASET,PRIMARY_015953,D:\BTech Final Year Project\RiceLeafDiseaseBD A Field-Based Annotated Smartpho\RiceLeafDiseaseBD A Field-Based Annotated Smartpho\RiceLeafDiseaseBD\RiceLeafDiseaseBD\Annotated images ( visual with labels)\Rice Tungro\labels\Rice Tungro_74.txt,UNIQUE_GROUP_000609,False,calibration
Rice Tungro_743.jpg,.jpg,Original images/Rice Tungro/Rice Tungro_743.jpg,347671,True,1024,1024,1.0,RGB,3,JPEG,80fcab2fc5e2d6f2503bc6d39c3377be10c3cb1a14aad59c45c72e7039a7152c,,Rice Tungro,RiceLeafDiseaseBD,PRIMARY_DEVELOPMENT_DATASET,PRIMARY_015957,D:\BTech Final Year Project\RiceLeafDiseaseBD A Field-Based Annotated Smartpho\RiceLeafDiseaseBD A Field-Based Annotated Smartpho\RiceLeafDiseaseBD\RiceLeafDiseaseBD\Annotated images ( visual with labels)\Rice Tungro\labels\Rice Tungro_743.txt,UNIQUE_GROUP_009013,False,calibration
Rice Tungro_747.jpg,.jpg,Original images/Rice Tungro/Rice Tungro_747.jpg,344942,True,1024,1024,1.0,RGB,3,JPEG,d4edca560bf2aec0379faeb6a84948ce3d1495f6ab16465900264b9127773c40,,Rice Tungro,RiceLeafDiseaseBD,PRIMARY_DEVELOPMENT_DATASET,PRIMARY_015961,D:\BTech Final Year Project\RiceLeafDiseaseBD A Field-Based Annotated Smartpho\RiceLeafDiseaseBD A Field-Based Annotated Smartpho\RiceLeafDiseaseBD\RiceLeafDiseaseBD\Annotated images ( visual with labels)\Rice Tungro\labels\Rice Tungro_747.txt,UNIQUE_GROUP_014907,False,calibration
Rice Tungro_757.jpg,.jpg,Original images/Rice Tungro/Rice Tungro_757.jpg,340964,True,1024,1024,1.0,RGB,3,JPEG,ac09729f4efeab8e5be41bf70adef07c9475e7961b1ceb1806e8eb43f57b63e8,,Rice Tungro,RiceLeafDiseaseBD,PRIMARY_DEVELOPMENT_DATASET,PRIMARY_015972,D:\BTech Final Year Project\RiceLeafDiseaseBD A Field-Based Annotated Smartpho\RiceLeafDiseaseBD A Field-Based Annotated Smartpho\RiceLeafDiseaseBD\RiceLeafDiseaseBD\Annotated images ( visual with labels)\Rice Tungro\labels\Rice Tungro_757.txt,UNIQUE_GROUP_012040,False,calibration
Rice Tungro_76.jpg,.jpg,Original images/Rice Tungro/Rice Tungro_76.jpg,323485,True,1024,1024,1.0,RGB,3,JPEG,4bc8a67367d812e3f9b6c3994063a36ac61b2f55ca98504becab4243fe7c2407,,Rice Tungro,RiceLeafDiseaseBD,PRIMARY_DEVELOPMENT_DATASET,PRIMARY_015975,D:\BTech Final Year Project\RiceLeafDiseaseBD A Field-Based Annotated Smartpho\RiceLeafDiseaseBD A Field-Based Annotated Smartpho\RiceLeafDiseaseBD\RiceLeafDiseaseBD\Annotated images ( visual with labels)\Rice Tungro\labels\Rice Tungro_76.txt,UNIQUE_GROUP_005300,False,calibration
Rice Tungro_791.jpg,.jpg,Original images/Rice Tungro/Rice Tungro_791.jpg,376588,True,1024,1024,1.0,RGB,3,JPEG,97cd58615e7c8dcc80db715339ea4b8bbfe927e2e6c9901dd8db522e8c813a8f,,Rice Tungro,RiceLeafDiseaseBD,PRIMARY_DEVELOPMENT_DATASET,PRIMARY_016010,D:\BTech Final Year Project\RiceLeafDiseaseBD A Field-Based Annotated Smartpho\RiceLeafDiseaseBD A Field-Based Annotated Smartpho\RiceLeafDiseaseBD\RiceLeafDiseaseBD\Annotated images ( visual with labels)\Rice Tungro\labels\Rice Tungro_791.txt,UNIQUE_GROUP_010627,False,calibration
Rice Tungro_793.jpg,.jpg,Original images/Rice Tungro/Rice Tungro_793.jpg,353148,True,1024,1024,1.0,RGB,3,JPEG,1aa764cb84efa26715d5fa2a610efb79b0a6e9f4d819928c0b64ece724b0570d,,Rice Tungro,RiceLeafDiseaseBD,PRIMARY_DEVELOPMENT_DATASET,PRIMARY_016012,D:\BTech Final Year Project\RiceLeafDiseaseBD A Field-Based Annotated Smartpho\RiceLeafDiseaseBD A Field-Based Annotated Smartpho\RiceLeafDiseaseBD\RiceLeafDiseaseBD\Annotated images ( visual with labels)\Rice Tungro\labels\Rice Tungro_793.txt,UNIQUE_GROUP_001860,False,calibration
Rice Tungro_802.jpg,.jpg,Original images/Rice Tungro/Rice Tungro_802.jpg,418108,True,1024,1024,1.0,RGB,3,JPEG,118438f850439185bda7f754306b97201f6386c0a1dca8dfecf725283b3d9285,,Rice Tungro,RiceLeafDiseaseBD,PRIMARY_DEVELOPMENT_DATASET,PRIMARY_016023,D:\BTech Final Year Project\RiceLeafDiseaseBD A Field-Based Annotated Smartpho\RiceLeafDiseaseBD A Field-Based Annotated Smartpho\RiceLeafDiseaseBD\RiceLeafDiseaseBD\Annotated images ( visual with labels)\Rice Tungro\labels\Rice Tungro_802.txt,UNIQUE_GROUP_001204,False,calibration
Rice Tungro_834.jpg,.jpg,Original images/Rice Tungro/Rice Tungro_834.jpg,322095,True,1024,1024,1.0,RGB,3,JPEG,c6d6b8a924f2d8ccf95820b823d6a860406106331936dbad9f5e7c83f0a49f67,,Rice Tungro,RiceLeafDiseaseBD,PRIMARY_DEVELOPMENT_DATASET,PRIMARY_016058,D:\BTech Final Year Project\RiceLeafDiseaseBD A Field-Based Annotated Smartpho\RiceLeafDiseaseBD A Field-Based Annotated Smartpho\RiceLeafDiseaseBD\RiceLeafDiseaseBD\Annotated images ( visual with labels)\Rice Tungro\labels\Rice Tungro_834.txt,UNIQUE_GROUP_013918,False,calibration
Rice Tungro_840.jpg,.jpg,Original images/Rice Tungro/Rice Tungro_840.jpg,343992,True,1024,1024,1.0,RGB,3,JPEG,94cac1802e6c2f54658877e073f148da20fa27672346130e5f859f8a4356825a,,Rice Tungro,RiceLeafDiseaseBD,PRIMARY_DEVELOPMENT_DATASET,PRIMARY_016065,D:\BTech Final Year Project\RiceLeafDiseaseBD A Field-Based Annotated Smartpho\RiceLeafDiseaseBD A Field-Based Annotated Smartpho\RiceLeafDiseaseBD\RiceLeafDiseaseBD\Annotated images ( visual with labels)\Rice Tungro\labels\Rice Tungro_840.txt,UNIQUE_GROUP_010400,False,calibration
Rice Tungro_841.jpg,.jpg,Original images/Rice Tungro/Rice Tungro_841.jpg,334267,True,1024,1024,1.0,RGB,3,JPEG,31b2ba13994dc8f94d7ba6bc473a56368a4d11c976e8c9cc6431f1d3dd9ab90a,,Rice Tungro,RiceLeafDiseaseBD,PRIMARY_DEVELOPMENT_DATASET,PRIMARY_016066,D:\BTech Final Year Project\RiceLeafDiseaseBD A Field-Based Annotated Smartpho\RiceLeafDiseaseBD A Field-Based Annotated Smartpho\RiceLeafDiseaseBD\RiceLeafDiseaseBD\Annotated images ( visual with labels)\Rice Tungro\labels\Rice Tungro_841.txt,UNIQUE_GROUP_003478,False,calibration
Rice Tungro_867.jpg,.jpg,Original images/Rice Tungro/Rice Tungro_867.jpg,338747,True,1024,1024,1.0,RGB,3,JPEG,84bdf2d3dc79026b4292fa8331aad01d30542b6fac5b721aa5650e326044a4e1,,Rice Tungro,RiceLeafDiseaseBD,PRIMARY_DEVELOPMENT_DATASET,PRIMARY_016094,D:\BTech Final Year Project\RiceLeafDiseaseBD A Field-Based Annotated Smartpho\RiceLeafDiseaseBD A Field-Based Annotated Smartpho\RiceLeafDiseaseBD\RiceLeafDiseaseBD\Annotated images ( visual with labels)\Rice Tungro\labels\Rice Tungro_867.txt,UNIQUE_GROUP_009279,False,calibration
Rice Tungro_869.jpg,.jpg,Original images/Rice Tungro/Rice Tungro_869.jpg,376083,True,1024,1024,1.0,RGB,3,JPEG,4894528075364fe1113dd74268b466db4bf6c5953ea54ac1001d050a65caf4da,,Rice Tungro,RiceLeafDiseaseBD,PRIMARY_DEVELOPMENT_DATASET,PRIMARY_016096,D:\BTech Final Year Project\RiceLeafDiseaseBD A Field-Based Annotated Smartpho\RiceLeafDiseaseBD A Field-Based Annotated Smartpho\RiceLeafDiseaseBD\RiceLeafDiseaseBD\Annotated images ( visual with labels)\Rice Tungro\labels\Rice Tungro_869.txt,UNIQUE_GROUP_005060,False,calibration
Rice Tungro_882.jpg,.jpg,Original images/Rice Tungro/Rice Tungro_882.jpg,360250,True,1024,1024,1.0,RGB,3,JPEG,4998d8eb76e92b66676b6dcacd89ec4072af89ccc0b37ef28fd2136a498871f7,,Rice Tungro,RiceLeafDiseaseBD,PRIMARY_DEVELOPMENT_DATASET,PRIMARY_016111,D:\BTech Final Year Project\RiceLeafDiseaseBD A Field-Based Annotated Smartpho\RiceLeafDiseaseBD A Field-Based Annotated Smartpho\RiceLeafDiseaseBD\RiceLeafDiseaseBD\Annotated images ( visual with labels)\Rice Tungro\labels\Rice Tungro_882.txt,UNIQUE_GROUP_005131,False,calibration
Rice Tungro_891.jpg,.jpg,Original images/Rice Tungro/Rice Tungro_891.jpg,336039,True,1024,1024,1.0,RGB,3,JPEG,bf2a3bacc5ce589728fcb34ec6550f375d7814982bf3d618ee2dd3ac1e97d459,,Rice Tungro,RiceLeafDiseaseBD,PRIMARY_DEVELOPMENT_DATASET,PRIMARY_016121,D:\BTech Final Year Project\RiceLeafDiseaseBD A Field-Based Annotated Smartpho\RiceLeafDiseaseBD A Field-Based Annotated Smartpho\RiceLeafDiseaseBD\RiceLeafDiseaseBD\Annotated images ( visual with labels)\Rice Tungro\labels\Rice Tungro_891.txt,UNIQUE_GROUP_013360,False,calibration
Rice Tungro_910.jpg,.jpg,Original images/Rice Tungro/Rice Tungro_910.jpg,359312,True,1024,1024,1.0,RGB,3,JPEG,c6d0618583b272b968ae00b3fc5f59507d3e6d626640f064969d4351f64e41ec,,Rice Tungro,RiceLeafDiseaseBD,PRIMARY_DEVELOPMENT_DATASET,PRIMARY_016143,D:\BTech Final Year Project\RiceLeafDiseaseBD A Field-Based Annotated Smartpho\RiceLeafDiseaseBD A Field-Based Annotated Smartpho\RiceLeafDiseaseBD\RiceLeafDiseaseBD\Annotated images ( visual with labels)\Rice Tungro\labels\Rice Tungro_910.txt,UNIQUE_GROUP_013914,False,calibration
Rice Tungro_928.jpg,.jpg,Original images/Rice Tungro/Rice Tungro_928.jpg,289595,True,1024,1024,1.0,RGB,3,JPEG,cdf12607380d33dc920000eba74022400b0ead8fea4958cfed089f07c030dd09,,Rice Tungro,RiceLeafDiseaseBD,PRIMARY_DEVELOPMENT_DATASET,PRIMARY_016162,D:\BTech Final Year Project\RiceLeafDiseaseBD A Field-Based Annotated Smartpho\RiceLeafDiseaseBD A Field-Based Annotated Smartpho\RiceLeafDiseaseBD\RiceLeafDiseaseBD\Annotated images ( visual with labels)\Rice Tungro\labels\Rice Tungro_928.txt,UNIQUE_GROUP_014411,False,calibration
Rice Tungro_932.jpg,.jpg,Original images/Rice Tungro/Rice Tungro_932.jpg,342626,True,1024,1024,1.0,RGB,3,JPEG,c0d82cfbac875f56d2ed45d25bb21c49a817f09a4956cd30cfbab4343e1f121f,,Rice Tungro,RiceLeafDiseaseBD,PRIMARY_DEVELOPMENT_DATASET,PRIMARY_016167,D:\BTech Final Year Project\RiceLeafDiseaseBD A Field-Based Annotated Smartpho\RiceLeafDiseaseBD A Field-Based Annotated Smartpho\RiceLeafDiseaseBD\RiceLeafDiseaseBD\Annotated images ( visual with labels)\Rice Tungro\labels\Rice Tungro_932.txt,UNIQUE_GROUP_013490,False,calibration
Rice Tungro_944.jpg,.jpg,Original images/Rice Tungro/Rice Tungro_944.jpg,342801,True,1024,1024,1.0,RGB,3,JPEG,b466d679edcccf75cf408ac9c8c7195f21c49ec97eb1ad66601a49ba9589a384,,Rice Tungro,RiceLeafDiseaseBD,PRIMARY_DEVELOPMENT_DATASET,PRIMARY_016180,D:\BTech Final Year Project\RiceLeafDiseaseBD A Field-Based Annotated Smartpho\RiceLeafDiseaseBD A Field-Based Annotated Smartpho\RiceLeafDiseaseBD\RiceLeafDiseaseBD\Annotated images ( visual with labels)\Rice Tungro\labels\Rice Tungro_944.txt,UNIQUE_GROUP_012614,False,calibration
Rice Tungro_945.jpg,.jpg,Original images/Rice Tungro/Rice Tungro_945.jpg,327623,True,1024,1024,1.0,RGB,3,JPEG,89f25d0147e69fe72e70adef6ce0ae60102b914e69497e6366a1a75873d39f59,,Rice Tungro,RiceLeafDiseaseBD,PRIMARY_DEVELOPMENT_DATASET,PRIMARY_016181,D:\BTech Final Year Project\RiceLeafDiseaseBD A Field-Based Annotated Smartpho\RiceLeafDiseaseBD A Field-Based Annotated Smartpho\RiceLeafDiseaseBD\RiceLeafDiseaseBD\Annotated images ( visual with labels)\Rice Tungro\labels\Rice Tungro_945.txt,UNIQUE_GROUP_009634,False,calibration
Rice Tungro_946.jpg,.jpg,Original images/Rice Tungro/Rice Tungro_946.jpg,329790,True,1024,1024,1.0,RGB,3,JPEG,1461c9bab98cf1b483b3fd940492712f390e52ecc187f3f322a6940d801cc917,,Rice Tungro,RiceLeafDiseaseBD,PRIMARY_DEVELOPMENT_DATASET,PRIMARY_016182,D:\BTech Final Year Project\RiceLeafDiseaseBD A Field-Based Annotated Smartpho\RiceLeafDiseaseBD A Field-Based Annotated Smartpho\RiceLeafDiseaseBD\RiceLeafDiseaseBD\Annotated images ( visual with labels)\Rice Tungro\labels\Rice Tungro_946.txt,UNIQUE_GROUP_001392,False,calibration
Rice Tungro_952.jpg,.jpg,Original images/Rice Tungro/Rice Tungro_952.jpg,423936,True,1024,1024,1.0,RGB,3,JPEG,aa510649659c6189d3f76d0f5b5eae21cdfc9d5d81486e09c30739e08bda0659,,Rice Tungro,RiceLeafDiseaseBD,PRIMARY_DEVELOPMENT_DATASET,PRIMARY_016189,D:\BTech Final Year Project\RiceLeafDiseaseBD A Field-Based Annotated Smartpho\RiceLeafDiseaseBD A Field-Based Annotated Smartpho\RiceLeafDiseaseBD\RiceLeafDiseaseBD\Annotated images ( visual with labels)\Rice Tungro\labels\Rice Tungro_952.txt,UNIQUE_GROUP_011931,False,calibration
Rice Tungro_953.jpg,.jpg,Original images/Rice Tungro/Rice Tungro_953.jpg,372294,True,1024,1024,1.0,RGB,3,JPEG,2db732b921f16f5e024ec3866efd95b5be86d98e41294ce56f043a6123512ae7,,Rice Tungro,RiceLeafDiseaseBD,PRIMARY_DEVELOPMENT_DATASET,PRIMARY_016190,D:\BTech Final Year Project\RiceLeafDiseaseBD A Field-Based Annotated Smartpho\RiceLeafDiseaseBD A Field-Based Annotated Smartpho\RiceLeafDiseaseBD\RiceLeafDiseaseBD\Annotated images ( visual with labels)\Rice Tungro\labels\Rice Tungro_953.txt,UNIQUE_GROUP_003201,False,calibration
Rice Tungro_958.jpg,.jpg,Original images/Rice Tungro/Rice Tungro_958.jpg,354321,True,1024,1024,1.0,RGB,3,JPEG,9129ad94a4d257344a8eff960ab77cad79634d1253684810b29e0b31da7bcf8e,,Rice Tungro,RiceLeafDiseaseBD,PRIMARY_DEVELOPMENT_DATASET,PRIMARY_016195,D:\BTech Final Year Project\RiceLeafDiseaseBD A Field-Based Annotated Smartpho\RiceLeafDiseaseBD A Field-Based Annotated Smartpho\RiceLeafDiseaseBD\RiceLeafDiseaseBD\Annotated images ( visual with labels)\Rice Tungro\labels\Rice Tungro_958.txt,UNIQUE_GROUP_010145,False,calibration
Rice Tungro_973.jpg,.jpg,Original images/Rice Tungro/Rice Tungro_973.jpg,416338,True,1024,1024,1.0,RGB,3,JPEG,484571da2b5e1ab7d0ecfe9766b44456326bbfb6b88a7528c7dc9ed9b5ae0f57,,Rice Tungro,RiceLeafDiseaseBD,PRIMARY_DEVELOPMENT_DATASET,PRIMARY_016212,D:\BTech Final Year Project\RiceLeafDiseaseBD A Field-Based Annotated Smartpho\RiceLeafDiseaseBD A Field-Based Annotated Smartpho\RiceLeafDiseaseBD\RiceLeafDiseaseBD\Annotated images ( visual with labels)\Rice Tungro\labels\Rice Tungro_973.txt,UNIQUE_GROUP_005040,False,calibration
Rice Tungro_985.jpg,.jpg,Original images/Rice Tungro/Rice Tungro_985.jpg,319575,True,1024,1024,1.0,RGB,3,JPEG,1ef89b2c3291ca941621a2e112ef53b5dbc2ae82880c5658e0b77dd47b84f86d,,Rice Tungro,RiceLeafDiseaseBD,PRIMARY_DEVELOPMENT_DATASET,PRIMARY_016225,D:\BTech Final Year Project\RiceLeafDiseaseBD A Field-Based Annotated Smartpho\RiceLeafDiseaseBD A Field-Based Annotated Smartpho\RiceLeafDiseaseBD\RiceLeafDiseaseBD\Annotated images ( visual with labels)\Rice Tungro\labels\Rice Tungro_985.txt,UNIQUE_GROUP_002163,False,calibration
Rice Tungro_986.jpg,.jpg,Original images/Rice Tungro/Rice Tungro_986.jpg,310846,True,1024,1024,1.0,RGB,3,JPEG,f48021521443987c001122ca77c0e90d2ae9a768aa7acb6b325b788475a23bd9,,Rice Tungro,RiceLeafDiseaseBD,PRIMARY_DEVELOPMENT_DATASET,PRIMARY_016226,D:\BTech Final Year Project\RiceLeafDiseaseBD A Field-Based Annotated Smartpho\RiceLeafDiseaseBD A Field-Based Annotated Smartpho\RiceLeafDiseaseBD\RiceLeafDiseaseBD\Annotated images ( visual with labels)\Rice Tungro\labels\Rice Tungro_986.txt,UNIQUE_GROUP_017010,False,calibration
Rice Tungro_990.jpg,.jpg,Original images/Rice Tungro/Rice Tungro_990.jpg,378840,True,1024,1024,1.0,RGB,3,JPEG,bee2a47e29bccf14edba555972faa662d44814c2c394820df903372ffade7095,,Rice Tungro,RiceLeafDiseaseBD,PRIMARY_DEVELOPMENT_DATASET,PRIMARY_016231,D:\BTech Final Year Project\RiceLeafDiseaseBD A Field-Based Annotated Smartpho\RiceLeafDiseaseBD A Field-Based Annotated Smartpho\RiceLeafDiseaseBD\RiceLeafDiseaseBD\Annotated images ( visual with labels)\Rice Tungro\labels\Rice Tungro_990.txt,UNIQUE_GROUP_013344,False,calibration
Rice Tungro_992.jpg,.jpg,Original images/Rice Tungro/Rice Tungro_992.jpg,332101,True,1024,1024,1.0,RGB,3,JPEG,f3e631b219457f4c883c584c95a91b48be9d2a68c81f3c3d925474d30361df50,,Rice Tungro,RiceLeafDiseaseBD,PRIMARY_DEVELOPMENT_DATASET,PRIMARY_016233,D:\BTech Final Year Project\RiceLeafDiseaseBD A Field-Based Annotated Smartpho\RiceLeafDiseaseBD A Field-Based Annotated Smartpho\RiceLeafDiseaseBD\RiceLeafDiseaseBD\Annotated images ( visual with labels)\Rice Tungro\labels\Rice Tungro_992.txt,UNIQUE_GROUP_016966,False,calibration
Rice Tungro_994.jpg,.jpg,Original images/Rice Tungro/Rice Tungro_994.jpg,327024,True,1024,1024,1.0,RGB,3,JPEG,354bd664420f45c1df21c4557303ba91e2fb48a3a419292b6448599632eebbb9,,Rice Tungro,RiceLeafDiseaseBD,PRIMARY_DEVELOPMENT_DATASET,PRIMARY_016235,D:\BTech Final Year Project\RiceLeafDiseaseBD A Field-Based Annotated Smartpho\RiceLeafDiseaseBD A Field-Based Annotated Smartpho\RiceLeafDiseaseBD\RiceLeafDiseaseBD\Annotated images ( visual with labels)\Rice Tungro\labels\Rice Tungro_994.txt,UNIQUE_GROUP_003719,False,calibration
Sheath blight_1026.jpg,.jpg,Original images/Sheath blight/Sheath blight_1026.jpg,328917,True,1024,1024,1.0,RGB,3,JPEG,895bf91390ca310ead15944c7a615f270d22192d4cf3491c60fd0a0726f2436e,,Sheath blight,RiceLeafDiseaseBD,PRIMARY_DEVELOPMENT_DATASET,PRIMARY_016272,D:\BTech Final Year Project\RiceLeafDiseaseBD A Field-Based Annotated Smartpho\RiceLeafDiseaseBD A Field-Based Annotated Smartpho\RiceLeafDiseaseBD\RiceLeafDiseaseBD\Annotated images ( visual with labels)\Sheath blight\labels\Sheath blight_1026.txt,UNIQUE_GROUP_009597,False,calibration
Sheath blight_1029.jpg,.jpg,Original images/Sheath blight/Sheath blight_1029.jpg,326921,True,1024,1024,1.0,RGB,3,JPEG,2cb4722ae09a6308b6eedf2a24789d186373289ed74d5f520c2c9b04fba51fca,,Sheath blight,RiceLeafDiseaseBD,PRIMARY_DEVELOPMENT_DATASET,PRIMARY_016275,D:\BTech Final Year Project\RiceLeafDiseaseBD A Field-Based Annotated Smartpho\RiceLeafDiseaseBD A Field-Based Annotated Smartpho\RiceLeafDiseaseBD\RiceLeafDiseaseBD\Annotated images ( visual with labels)\Sheath blight\labels\Sheath blight_1029.txt,UNIQUE_GROUP_003127,False,calibration
Sheath blight_1037.jpg,.jpg,Original images/Sheath blight/Sheath blight_1037.jpg,350374,True,1024,1024,1.0,RGB,3,JPEG,33d6044cf2641c25938e7ac7523b7d8ef9f7444f059d264ef4be0edb65b27b90,,Sheath blight,RiceLeafDiseaseBD,PRIMARY_DEVELOPMENT_DATASET,PRIMARY_016284,D:\BTech Final Year Project\RiceLeafDiseaseBD A Field-Based Annotated Smartpho\RiceLeafDiseaseBD A Field-Based Annotated Smartpho\RiceLeafDiseaseBD\RiceLeafDiseaseBD\Annotated images ( visual with labels)\Sheath blight\labels\Sheath blight_1037.txt,UNIQUE_GROUP_003621,False,calibration
Sheath blight_1046.jpg,.jpg,Original images/Sheath blight/Sheath blight_1046.jpg,307469,True,1024,1024,1.0,RGB,3,JPEG,a41e1a436198dc2c89c41fb7ab1e162c2f17d0ab27889f26c20f030c24d51486,,Sheath blight,RiceLeafDiseaseBD,PRIMARY_DEVELOPMENT_DATASET,PRIMARY_016294,D:\BTech Final Year Project\RiceLeafDiseaseBD A Field-Based Annotated Smartpho\RiceLeafDiseaseBD A Field-Based Annotated Smartpho\RiceLeafDiseaseBD\RiceLeafDiseaseBD\Annotated images ( visual with labels)\Sheath blight\labels\Sheath blight_1046.txt,UNIQUE_GROUP_011492,False,calibration
Sheath blight_1050.jpg,.jpg,Original images/Sheath blight/Sheath blight_1050.jpg,354404,True,1024,1024,1.0,RGB,3,JPEG,3b3f6b23966cf6ed5c336bb63266bc44e129ef366cffb9d91693f74019a7e404,,Sheath blight,RiceLeafDiseaseBD,PRIMARY_DEVELOPMENT_DATASET,PRIMARY_016299,D:\BTech Final Year Project\RiceLeafDiseaseBD A Field-Based Annotated Smartpho\RiceLeafDiseaseBD A Field-Based Annotated Smartpho\RiceLeafDiseaseBD\RiceLeafDiseaseBD\Annotated images ( visual with labels)\Sheath blight\labels\Sheath blight_1050.txt,UNIQUE_GROUP_004157,False,calibration
Sheath blight_106.jpg,.jpg,Original images/Sheath blight/Sheath blight_106.jpg,269760,True,1024,1024,1.0,RGB,3,JPEG,d2b089b0cc2a840647c18811513bace0a190f9ee5927638cba83a1144c4607cf,,Sheath blight,RiceLeafDiseaseBD,PRIMARY_DEVELOPMENT_DATASET,PRIMARY_016309,D:\BTech Final Year Project\RiceLeafDiseaseBD A Field-Based Annotated Smartpho\RiceLeafDiseaseBD A Field-Based Annotated Smartpho\RiceLeafDiseaseBD\RiceLeafDiseaseBD\Annotated images ( visual with labels)\Sheath blight\labels\Sheath blight_106.txt,UNIQUE_GROUP_014753,False,calibration
Sheath blight_1064.jpg,.jpg,Original images/Sheath blight/Sheath blight_1064.jpg,396806,True,1024,1024,1.0,RGB,3,JPEG,6c7aa55b43e2461b0e4a25fb06292565c989fae56f107c8a3d0ed3a71492479e,,Sheath blight,RiceLeafDiseaseBD,PRIMARY_DEVELOPMENT_DATASET,PRIMARY_016314,D:\BTech Final Year Project\RiceLeafDiseaseBD A Field-Based Annotated Smartpho\RiceLeafDiseaseBD A Field-Based Annotated Smartpho\RiceLeafDiseaseBD\RiceLeafDiseaseBD\Annotated images ( visual with labels)\Sheath blight\labels\Sheath blight_1064.txt,UNIQUE_GROUP_007566,False,calibration
Sheath blight_1082.jpg,.jpg,Original images/Sheath blight/Sheath blight_1082.jpg,352409,True,1024,1024,1.0,RGB,3,JPEG,f10fa15a6206254d36b32a6ddc672889dcde206934621ce98cb904d3be8873c2,,Sheath blight,RiceLeafDiseaseBD,PRIMARY_DEVELOPMENT_DATASET,PRIMARY_016334,D:\BTech Final Year Project\RiceLeafDiseaseBD A Field-Based Annotated Smartpho\RiceLeafDiseaseBD A Field-Based Annotated Smartpho\RiceLeafDiseaseBD\RiceLeafDiseaseBD\Annotated images ( visual with labels)\Sheath blight\labels\Sheath blight_1082.txt,UNIQUE_GROUP_016780,False,calibration
Sheath blight_1089.jpg,.jpg,Original images/Sheath blight/Sheath blight_1089.jpg,344509,True,1024,1024,1.0,RGB,3,JPEG,881980eafc79bdebdc1afd56182cc6a099bfea659d01c6b94120443b63082913,,Sheath blight,RiceLeafDiseaseBD,PRIMARY_DEVELOPMENT_DATASET,PRIMARY_016341,D:\BTech Final Year Project\RiceLeafDiseaseBD A Field-Based Annotated Smartpho\RiceLeafDiseaseBD A Field-Based Annotated Smartpho\RiceLeafDiseaseBD\RiceLeafDiseaseBD\Annotated images ( visual with labels)\Sheath blight\labels\Sheath blight_1089.txt,UNIQUE_GROUP_009502,False,calibration
Sheath blight_1101.jpg,.jpg,Original images/Sheath blight/Sheath blight_1101.jpg,360723,True,1024,1024,1.0,RGB,3,JPEG,56a9bac51b6d28ed24eb6e17a8a7103619746be2a6916439649b3db6e41034ee,,Sheath blight,RiceLeafDiseaseBD,PRIMARY_DEVELOPMENT_DATASET,PRIMARY_016356,D:\BTech Final Year Project\RiceLeafDiseaseBD A Field-Based Annotated Smartpho\RiceLeafDiseaseBD A Field-Based Annotated Smartpho\RiceLeafDiseaseBD\RiceLeafDiseaseBD\Annotated images ( visual with labels)\Sheath blight\labels\Sheath blight_1101.txt,UNIQUE_GROUP_006067,False,calibration
Sheath blight_1120.jpg,.jpg,Original images/Sheath blight/Sheath blight_1120.jpg,304923,True,1024,1024,1.0,RGB,3,JPEG,c96d3b52011183af31268d62409f14124ee349bb14f5ba3ab2c02b83c04b9722,,Sheath blight,RiceLeafDiseaseBD,PRIMARY_DEVELOPMENT_DATASET,PRIMARY_016377,D:\BTech Final Year Project\RiceLeafDiseaseBD A Field-Based Annotated Smartpho\RiceLeafDiseaseBD A Field-Based Annotated Smartpho\RiceLeafDiseaseBD\RiceLeafDiseaseBD\Annotated images ( visual with labels)\Sheath blight\labels\Sheath blight_1120.txt,UNIQUE_GROUP_014099,False,calibration
Sheath blight_1122.jpg,.jpg,Original images/Sheath blight/Sheath blight_1122.jpg,340664,True,1024,1024,1.0,RGB,3,JPEG,ea428337a161695cb726d8eec0a4edf589c7d8f1c3f0891295f0bcf2d8958b2e,,Sheath blight,RiceLeafDiseaseBD,PRIMARY_DEVELOPMENT_DATASET,PRIMARY_016379,D:\BTech Final Year Project\RiceLeafDiseaseBD A Field-Based Annotated Smartpho\RiceLeafDiseaseBD A Field-Based Annotated Smartpho\RiceLeafDiseaseBD\RiceLeafDiseaseBD\Annotated images ( visual with labels)\Sheath blight\labels\Sheath blight_1122.txt,UNIQUE_GROUP_016319,False,calibration
Sheath blight_1136.jpg,.jpg,Original images/Sheath blight/Sheath blight_1136.jpg,332670,True,1024,1024,1.0,RGB,3,JPEG,1caff3735c41c6b49c0409036d1444c536254245c44d406644a3c847efbf337a,,Sheath blight,RiceLeafDiseaseBD,PRIMARY_DEVELOPMENT_DATASET,PRIMARY_016394,D:\BTech Final Year Project\RiceLeafDiseaseBD A Field-Based Annotated Smartpho\RiceLeafDiseaseBD A Field-Based Annotated Smartpho\RiceLeafDiseaseBD\RiceLeafDiseaseBD\Annotated images ( visual with labels)\Sheath blight\labels\Sheath blight_1136.txt,UNIQUE_GROUP_001998,False,calibration
Sheath blight_1145.jpg,.jpg,Original images/Sheath blight/Sheath blight_1145.jpg,349536,True,1024,1024,1.0,RGB,3,JPEG,5f81020651b0e55505249de96e250ca1065625878ab6637eec7481c8a3ea2c80,,Sheath blight,RiceLeafDiseaseBD,PRIMARY_DEVELOPMENT_DATASET,PRIMARY_016404,D:\BTech Final Year Project\RiceLeafDiseaseBD A Field-Based Annotated Smartpho\RiceLeafDiseaseBD A Field-Based Annotated Smartpho\RiceLeafDiseaseBD\RiceLeafDiseaseBD\Annotated images ( visual with labels)\Sheath blight\labels\Sheath blight_1145.txt,UNIQUE_GROUP_006693,False,calibration
Sheath blight_115.jpg,.jpg,Original images/Sheath blight/Sheath blight_115.jpg,327126,True,1024,1024,1.0,RGB,3,JPEG,a799db1956b0806eaaed6cdf45035dbbce588feb8973f6e9445de10de57d215a,,Sheath blight,RiceLeafDiseaseBD,PRIMARY_DEVELOPMENT_DATASET,PRIMARY_016409,D:\BTech Final Year Project\RiceLeafDiseaseBD A Field-Based Annotated Smartpho\RiceLeafDiseaseBD A Field-Based Annotated Smartpho\RiceLeafDiseaseBD\RiceLeafDiseaseBD\Annotated images ( visual with labels)\Sheath blight\labels\Sheath blight_115.txt,UNIQUE_GROUP_011731,False,calibration
Sheath blight_1168.jpg,.jpg,Original images/Sheath blight/Sheath blight_1168.jpg,339312,True,1024,1024,1.0,RGB,3,JPEG,302966ab948a8848b67f6c151299406fbe1a770aa3c355bc8608357b51154c31,,Sheath blight,RiceLeafDiseaseBD,PRIMARY_DEVELOPMENT_DATASET,PRIMARY_016429,D:\BTech Final Year Project\RiceLeafDiseaseBD A Field-Based Annotated Smartpho\RiceLeafDiseaseBD A Field-Based Annotated Smartpho\RiceLeafDiseaseBD\RiceLeafDiseaseBD\Annotated images ( visual with labels)\Sheath blight\labels\Sheath blight_1168.txt,UNIQUE_GROUP_003361,False,calibration
Sheath blight_1175.jpg,.jpg,Original images/Sheath blight/Sheath blight_1175.jpg,368844,True,1024,1024,1.0,RGB,3,JPEG,b215406ab5eb34e0796ee42a0966109753b02955a91bf70c8c6e6cd7bdc53cc5,,Sheath blight,RiceLeafDiseaseBD,PRIMARY_DEVELOPMENT_DATASET,PRIMARY_016437,D:\BTech Final Year Project\RiceLeafDiseaseBD A Field-Based Annotated Smartpho\RiceLeafDiseaseBD A Field-Based Annotated Smartpho\RiceLeafDiseaseBD\RiceLeafDiseaseBD\Annotated images ( visual with labels)\Sheath blight\labels\Sheath blight_1175.txt,UNIQUE_GROUP_012461,False,calibration
Sheath blight_1181.jpg,.jpg,Original images/Sheath blight/Sheath blight_1181.jpg,326323,True,1024,1024,1.0,RGB,3,JPEG,39df08dcc353deb43f9f09e306fbe1ccdd435ebcb5dabd413c0228770fd2e2a7,,Sheath blight,RiceLeafDiseaseBD,PRIMARY_DEVELOPMENT_DATASET,PRIMARY_016444,D:\BTech Final Year Project\RiceLeafDiseaseBD A Field-Based Annotated Smartpho\RiceLeafDiseaseBD A Field-Based Annotated Smartpho\RiceLeafDiseaseBD\RiceLeafDiseaseBD\Annotated images ( visual with labels)\Sheath blight\labels\Sheath blight_1181.txt,UNIQUE_GROUP_004046,False,calibration
Sheath blight_1186.jpg,.jpg,Original images/Sheath blight/Sheath blight_1186.jpg,342226,True,1024,1024,1.0,RGB,3,JPEG,3de5e4ed4bbdcd03675257e25b701728bfed19b0c21416f6c22440099bd9322c,,Sheath blight,RiceLeafDiseaseBD,PRIMARY_DEVELOPMENT_DATASET,PRIMARY_016449,D:\BTech Final Year Project\RiceLeafDiseaseBD A Field-Based Annotated Smartpho\RiceLeafDiseaseBD A Field-Based Annotated Smartpho\RiceLeafDiseaseBD\RiceLeafDiseaseBD\Annotated images ( visual with labels)\Sheath blight\labels\Sheath blight_1186.txt,UNIQUE_GROUP_004317,False,calibration
Sheath blight_1188.jpg,.jpg,Original images/Sheath blight/Sheath blight_1188.jpg,333923,True,1024,1024,1.0,RGB,3,JPEG,37115cbf84eca36be763f2e48ddf56079afdeb46d16042f0fad64e20769860ee,,Sheath blight,RiceLeafDiseaseBD,PRIMARY_DEVELOPMENT_DATASET,PRIMARY_016451,D:\BTech Final Year Project\RiceLeafDiseaseBD A Field-Based Annotated Smartpho\RiceLeafDiseaseBD A Field-Based Annotated Smartpho\RiceLeafDiseaseBD\RiceLeafDiseaseBD\Annotated images ( visual with labels)\Sheath blight\labels\Sheath blight_1188.txt,UNIQUE_GROUP_003829,False,calibration
Sheath blight_1221.jpg,.jpg,Original images/Sheath blight/Sheath blight_1221.jpg,353111,True,1024,1024,1.0,RGB,3,JPEG,d7edee369cc29cef6ce5b321663b54c6ac929c33243148658eb12b8f1d84be3a,,Sheath blight,RiceLeafDiseaseBD,PRIMARY_DEVELOPMENT_DATASET,PRIMARY_016489,D:\BTech Final Year Project\RiceLeafDiseaseBD A Field-Based Annotated Smartpho\RiceLeafDiseaseBD A Field-Based Annotated Smartpho\RiceLeafDiseaseBD\RiceLeafDiseaseBD\Annotated images ( visual with labels)\Sheath blight\labels\Sheath blight_1221.txt,UNIQUE_GROUP_015105,False,calibration
Sheath blight_1223.jpg,.jpg,Original images/Sheath blight/Sheath blight_1223.jpg,346755,True,1024,1024,1.0,RGB,3,JPEG,d807226986cac5c9d7c187c181e16ee45b5555ec792cad13996b1033e5d143ef,,Sheath blight,RiceLeafDiseaseBD,PRIMARY_DEVELOPMENT_DATASET,PRIMARY_016491,D:\BTech Final Year Project\RiceLeafDiseaseBD A Field-Based Annotated Smartpho\RiceLeafDiseaseBD A Field-Based Annotated Smartpho\RiceLeafDiseaseBD\RiceLeafDiseaseBD\Annotated images ( visual with labels)\Sheath blight\labels\Sheath blight_1223.txt,UNIQUE_GROUP_015112,False,calibration
Sheath blight_1236.jpg,.jpg,Original images/Sheath blight/Sheath blight_1236.jpg,361706,True,1024,1024,1.0,RGB,3,JPEG,3e4a0a9442eef0239279328898b29c236fe6edfea530af11869d8c3976654afa,,Sheath blight,RiceLeafDiseaseBD,PRIMARY_DEVELOPMENT_DATASET,PRIMARY_016505,D:\BTech Final Year Project\RiceLeafDiseaseBD A Field-Based Annotated Smartpho\RiceLeafDiseaseBD A Field-Based Annotated Smartpho\RiceLeafDiseaseBD\RiceLeafDiseaseBD\Annotated images ( visual with labels)\Sheath blight\labels\Sheath blight_1236.txt,UNIQUE_GROUP_004349,False,calibration
Sheath blight_1250.jpg,.jpg,Original images/Sheath blight/Sheath blight_1250.jpg,338797,True,1024,1024,1.0,RGB,3,JPEG,f2bfd5141663af07c38faaf1b21092b12317eacf6837cc48879f9c2a9aa3dde6,,Sheath blight,RiceLeafDiseaseBD,PRIMARY_DEVELOPMENT_DATASET,PRIMARY_016521,D:\BTech Final Year Project\RiceLeafDiseaseBD A Field-Based Annotated Smartpho\RiceLeafDiseaseBD A Field-Based Annotated Smartpho\RiceLeafDiseaseBD\RiceLeafDiseaseBD\Annotated images ( visual with labels)\Sheath blight\labels\Sheath blight_1250.txt,UNIQUE_GROUP_016900,False,calibration
Sheath blight_1255.jpg,.jpg,Original images/Sheath blight/Sheath blight_1255.jpg,368886,True,1024,1024,1.0,RGB,3,JPEG,c12180f75224ab82eac51b1ea1d30c5403f3771a5eac6edb8fa7ef40171caf88,,Sheath blight,RiceLeafDiseaseBD,PRIMARY_DEVELOPMENT_DATASET,PRIMARY_016526,D:\BTech Final Year Project\RiceLeafDiseaseBD A Field-Based Annotated Smartpho\RiceLeafDiseaseBD A Field-Based Annotated Smartpho\RiceLeafDiseaseBD\RiceLeafDiseaseBD\Annotated images ( visual with labels)\Sheath blight\labels\Sheath blight_1255.txt,UNIQUE_GROUP_013511,False,calibration
Sheath blight_1276.jpg,.jpg,Original images/Sheath blight/Sheath blight_1276.jpg,327904,True,1024,1024,1.0,RGB,3,JPEG,92836165e5dc7fea58c3a43c2789667ca6dd440506815849250a059aa124697e,,Sheath blight,RiceLeafDiseaseBD,PRIMARY_DEVELOPMENT_DATASET,PRIMARY_016549,D:\BTech Final Year Project\RiceLeafDiseaseBD A Field-Based Annotated Smartpho\RiceLeafDiseaseBD A Field-Based Annotated Smartpho\RiceLeafDiseaseBD\RiceLeafDiseaseBD\Annotated images ( visual with labels)\Sheath blight\labels\Sheath blight_1276.txt,UNIQUE_GROUP_010249,False,calibration
Sheath blight_1286.jpg,.jpg,Original images/Sheath blight/Sheath blight_1286.jpg,340148,True,1024,1024,1.0,RGB,3,JPEG,9a6250c69c5766762afab5c354a4dd87b3b13edae1188351b38e0904ae5f913a,,Sheath blight,RiceLeafDiseaseBD,PRIMARY_DEVELOPMENT_DATASET,PRIMARY_016560,D:\BTech Final Year Project\RiceLeafDiseaseBD A Field-Based Annotated Smartpho\RiceLeafDiseaseBD A Field-Based Annotated Smartpho\RiceLeafDiseaseBD\RiceLeafDiseaseBD\Annotated images ( visual with labels)\Sheath blight\labels\Sheath blight_1286.txt,UNIQUE_GROUP_010800,False,calibration
Sheath blight_1309.jpg,.jpg,Original images/Sheath blight/Sheath blight_1309.jpg,344383,True,1024,1024,1.0,RGB,3,JPEG,3a2e445164c6e1b72ec6d5648212223cc9ecca97ff0f306284d440a668b8835c,,Sheath blight,RiceLeafDiseaseBD,PRIMARY_DEVELOPMENT_DATASET,PRIMARY_016586,D:\BTech Final Year Project\RiceLeafDiseaseBD A Field-Based Annotated Smartpho\RiceLeafDiseaseBD A Field-Based Annotated Smartpho\RiceLeafDiseaseBD\RiceLeafDiseaseBD\Annotated images ( visual with labels)\Sheath blight\labels\Sheath blight_1309.txt,UNIQUE_GROUP_004075,False,calibration
Sheath blight_1316.jpg,.jpg,Original images/Sheath blight/Sheath blight_1316.jpg,323670,True,1024,1024,1.0,RGB,3,JPEG,312763e15d9dcb6574213f5653706a5e5bfc66a1bf598d8a331117495e29c388,,Sheath blight,RiceLeafDiseaseBD,PRIMARY_DEVELOPMENT_DATASET,PRIMARY_016594,D:\BTech Final Year Project\RiceLeafDiseaseBD A Field-Based Annotated Smartpho\RiceLeafDiseaseBD A Field-Based Annotated Smartpho\RiceLeafDiseaseBD\RiceLeafDiseaseBD\Annotated images ( visual with labels)\Sheath blight\labels\Sheath blight_1316.txt,UNIQUE_GROUP_003439,False,calibration
Sheath blight_132.jpg,.jpg,Original images/Sheath blight/Sheath blight_132.jpg,303640,True,1024,1024,1.0,RGB,3,JPEG,73b3af19cd06ba1b77b85915accda3c8f0d16e288d9733ae355953e2c6081c27,,Sheath blight,RiceLeafDiseaseBD,PRIMARY_DEVELOPMENT_DATASET,PRIMARY_016598,D:\BTech Final Year Project\RiceLeafDiseaseBD A Field-Based Annotated Smartpho\RiceLeafDiseaseBD A Field-Based Annotated Smartpho\RiceLeafDiseaseBD\RiceLeafDiseaseBD\Annotated images ( visual with labels)\Sheath blight\labels\Sheath blight_132.txt,UNIQUE_GROUP_008067,False,calibration
Sheath blight_1324.jpg,.jpg,Original images/Sheath blight/Sheath blight_1324.jpg,380661,True,1024,1024,1.0,RGB,3,JPEG,7882a6638eaa53133f2b02b2d199a99be892d07ce7c41f3893b5856e8d25a48b,,Sheath blight,RiceLeafDiseaseBD,PRIMARY_DEVELOPMENT_DATASET,PRIMARY_016603,D:\BTech Final Year Project\RiceLeafDiseaseBD A Field-Based Annotated Smartpho\RiceLeafDiseaseBD A Field-Based Annotated Smartpho\RiceLeafDiseaseBD\RiceLeafDiseaseBD\Annotated images ( visual with labels)\Sheath blight\labels\Sheath blight_1324.txt,UNIQUE_GROUP_008402,False,calibration
Sheath blight_1337.jpg,.jpg,Original images/Sheath blight/Sheath blight_1337.jpg,342532,True,1024,1024,1.0,RGB,3,JPEG,e98324b674c778d34aa3653fce1806f72e586264e36b9c2b2ba963b8c555a067,,Sheath blight,RiceLeafDiseaseBD,PRIMARY_DEVELOPMENT_DATASET,PRIMARY_016617,D:\BTech Final Year Project\RiceLeafDiseaseBD A Field-Based Annotated Smartpho\RiceLeafDiseaseBD A Field-Based Annotated Smartpho\RiceLeafDiseaseBD\RiceLeafDiseaseBD\Annotated images ( visual with labels)\Sheath blight\labels\Sheath blight_1337.txt,UNIQUE_GROUP_016273,False,calibration
Sheath blight_1338.jpg,.jpg,Original images/Sheath blight/Sheath blight_1338.jpg,347242,True,1024,1024,1.0,RGB,3,JPEG,090cf1f9b3eaa0529f23be250b21ab79d282679241810cffc6bf190754053407,,Sheath blight,RiceLeafDiseaseBD,PRIMARY_DEVELOPMENT_DATASET,PRIMARY_016618,D:\BTech Final Year Project\RiceLeafDiseaseBD A Field-Based Annotated Smartpho\RiceLeafDiseaseBD A Field-Based Annotated Smartpho\RiceLeafDiseaseBD\RiceLeafDiseaseBD\Annotated images ( visual with labels)\Sheath blight\labels\Sheath blight_1338.txt,UNIQUE_GROUP_000603,False,calibration
Sheath blight_134.jpg,.jpg,Original images/Sheath blight/Sheath blight_134.jpg,367155,True,1024,1024,1.0,RGB,3,JPEG,d6c5123c33476abf253d6496f5f1f3d0083af64275252b2fc01523504dfda998,,Sheath blight,RiceLeafDiseaseBD,PRIMARY_DEVELOPMENT_DATASET,PRIMARY_016620,D:\BTech Final Year Project\RiceLeafDiseaseBD A Field-Based Annotated Smartpho\RiceLeafDiseaseBD A Field-Based Annotated Smartpho\RiceLeafDiseaseBD\RiceLeafDiseaseBD\Annotated images ( visual with labels)\Sheath blight\labels\Sheath blight_134.txt,UNIQUE_GROUP_015028,False,calibration
Sheath blight_1340.jpg,.jpg,Original images/Sheath blight/Sheath blight_1340.jpg,295718,True,1024,1024,1.0,RGB,3,JPEG,b6edcd653ce200d54b45b25fe3d644a5b6d1dd25a9b7a9173dc3db8035b5cd49,,Sheath blight,RiceLeafDiseaseBD,PRIMARY_DEVELOPMENT_DATASET,PRIMARY_016621,D:\BTech Final Year Project\RiceLeafDiseaseBD A Field-Based Annotated Smartpho\RiceLeafDiseaseBD A Field-Based Annotated Smartpho\RiceLeafDiseaseBD\RiceLeafDiseaseBD\Annotated images ( visual with labels)\Sheath blight\labels\Sheath blight_1340.txt,UNIQUE_GROUP_012791,False,calibration
Sheath blight_1341.jpg,.jpg,Original images/Sheath blight/Sheath blight_1341.jpg,312665,True,1024,1024,1.0,RGB,3,JPEG,2ff710ffa70308c4727534dccca520109481af3a0c47bcff08703415fddb1b9a,,Sheath blight,RiceLeafDiseaseBD,PRIMARY_DEVELOPMENT_DATASET,PRIMARY_016622,D:\BTech Final Year Project\RiceLeafDiseaseBD A Field-Based Annotated Smartpho\RiceLeafDiseaseBD A Field-Based Annotated Smartpho\RiceLeafDiseaseBD\RiceLeafDiseaseBD\Annotated images ( visual with labels)\Sheath blight\labels\Sheath blight_1341.txt,UNIQUE_GROUP_003351,False,calibration
Sheath blight_1378.jpg,.jpg,Original images/Sheath blight/Sheath blight_1378.jpg,324598,True,1024,1024,1.0,RGB,3,JPEG,ca0df5bcde0f4597a2cf1a611cb5ba973eca61a74018f7c5517170ace95225ac,,Sheath blight,RiceLeafDiseaseBD,PRIMARY_DEVELOPMENT_DATASET,PRIMARY_016662,D:\BTech Final Year Project\RiceLeafDiseaseBD A Field-Based Annotated Smartpho\RiceLeafDiseaseBD A Field-Based Annotated Smartpho\RiceLeafDiseaseBD\RiceLeafDiseaseBD\Annotated images ( visual with labels)\Sheath blight\labels\Sheath blight_1378.txt,UNIQUE_GROUP_014141,False,calibration
Sheath blight_1379.jpg,.jpg,Original images/Sheath blight/Sheath blight_1379.jpg,316313,True,1024,1024,1.0,RGB,3,JPEG,3f8350e96e71b7aaf26ce622811c91901dae92d25f68aa4248153dbd8dd34f33,,Sheath blight,RiceLeafDiseaseBD,PRIMARY_DEVELOPMENT_DATASET,PRIMARY_016663,D:\BTech Final Year Project\RiceLeafDiseaseBD A Field-Based Annotated Smartpho\RiceLeafDiseaseBD A Field-Based Annotated Smartpho\RiceLeafDiseaseBD\RiceLeafDiseaseBD\Annotated images ( visual with labels)\Sheath blight\labels\Sheath blight_1379.txt,UNIQUE_GROUP_004446,False,calibration
Sheath blight_1381.jpg,.jpg,Original images/Sheath blight/Sheath blight_1381.jpg,341158,True,1024,1024,1.0,RGB,3,JPEG,80adde19f8d0fab787a4bc24b2d6ebb102e53d80d28b61e72d6a5f590237eacb,,Sheath blight,RiceLeafDiseaseBD,PRIMARY_DEVELOPMENT_DATASET,PRIMARY_016666,D:\BTech Final Year Project\RiceLeafDiseaseBD A Field-Based Annotated Smartpho\RiceLeafDiseaseBD A Field-Based Annotated Smartpho\RiceLeafDiseaseBD\RiceLeafDiseaseBD\Annotated images ( visual with labels)\Sheath blight\labels\Sheath blight_1381.txt,UNIQUE_GROUP_008991,False,calibration
Sheath blight_1389.jpg,.jpg,Original images/Sheath blight/Sheath blight_1389.jpg,364906,True,1024,1024,1.0,RGB,3,JPEG,237e4ac38a60d21030df2a05fab8d8682f4b204125d7e711dd9874923b4f8d88,,Sheath blight,RiceLeafDiseaseBD,PRIMARY_DEVELOPMENT_DATASET,PRIMARY_016674,D:\BTech Final Year Project\RiceLeafDiseaseBD A Field-Based Annotated Smartpho\RiceLeafDiseaseBD A Field-Based Annotated Smartpho\RiceLeafDiseaseBD\RiceLeafDiseaseBD\Annotated images ( visual with labels)\Sheath blight\labels\Sheath blight_1389.txt,UNIQUE_GROUP_002492,False,calibration
Sheath blight_1390.jpg,.jpg,Original images/Sheath blight/Sheath blight_1390.jpg,348616,True,1024,1024,1.0,RGB,3,JPEG,9aca7d73865a6530c0254433fbf165a0bac0dc3c2e9852384e5d7396bb12349d,,Sheath blight,RiceLeafDiseaseBD,PRIMARY_DEVELOPMENT_DATASET,PRIMARY_016676,D:\BTech Final Year Project\RiceLeafDiseaseBD A Field-Based Annotated Smartpho\RiceLeafDiseaseBD A Field-Based Annotated Smartpho\RiceLeafDiseaseBD\RiceLeafDiseaseBD\Annotated images ( visual with labels)\Sheath blight\labels\Sheath blight_1390.txt,UNIQUE_GROUP_010830,False,calibration
Sheath blight_1394.jpg,.jpg,Original images/Sheath blight/Sheath blight_1394.jpg,329680,True,1024,1024,1.0,RGB,3,JPEG,a7b75fa514edadfbff3c0eed8e5d3401b3ea3f32f352835ebbfa4491261506b5,,Sheath blight,RiceLeafDiseaseBD,PRIMARY_DEVELOPMENT_DATASET,PRIMARY_016680,D:\BTech Final Year Project\RiceLeafDiseaseBD A Field-Based Annotated Smartpho\RiceLeafDiseaseBD A Field-Based Annotated Smartpho\RiceLeafDiseaseBD\RiceLeafDiseaseBD\Annotated images ( visual with labels)\Sheath blight\labels\Sheath blight_1394.txt,UNIQUE_GROUP_011741,False,calibration
Sheath blight_1409.jpg,.jpg,Original images/Sheath blight/Sheath blight_1409.jpg,447044,True,1024,1024,1.0,RGB,3,JPEG,ecf5dad75f21d9e5f1415a59c5f39b68e4c645bd8e8c96b23971a8bcfb87e64b,,Sheath blight,RiceLeafDiseaseBD,PRIMARY_DEVELOPMENT_DATASET,PRIMARY_016697,D:\BTech Final Year Project\RiceLeafDiseaseBD A Field-Based Annotated Smartpho\RiceLeafDiseaseBD A Field-Based Annotated Smartpho\RiceLeafDiseaseBD\RiceLeafDiseaseBD\Annotated images ( visual with labels)\Sheath blight\labels\Sheath blight_1409.txt,UNIQUE_GROUP_016518,False,calibration
Sheath blight_1455.jpg,.jpg,Original images/Sheath blight/Sheath blight_1455.jpg,394962,True,1024,1024,1.0,RGB,3,JPEG,e3573fee86c621868858d73e68890ed9879a7f851df947dc6ebc47c32642c23e,,Sheath blight,RiceLeafDiseaseBD,PRIMARY_DEVELOPMENT_DATASET,PRIMARY_016748,D:\BTech Final Year Project\RiceLeafDiseaseBD A Field-Based Annotated Smartpho\RiceLeafDiseaseBD A Field-Based Annotated Smartpho\RiceLeafDiseaseBD\RiceLeafDiseaseBD\Annotated images ( visual with labels)\Sheath blight\labels\Sheath blight_1455.txt,UNIQUE_GROUP_015878,False,calibration
Sheath blight_1459.jpg,.jpg,Original images/Sheath blight/Sheath blight_1459.jpg,405811,True,1024,1024,1.0,RGB,3,JPEG,0ba76e1da9e535b738b8486848bb17502757cc6771cde5b9e0898bc8c851fefa,,Sheath blight,RiceLeafDiseaseBD,PRIMARY_DEVELOPMENT_DATASET,PRIMARY_016752,D:\BTech Final Year Project\RiceLeafDiseaseBD A Field-Based Annotated Smartpho\RiceLeafDiseaseBD A Field-Based Annotated Smartpho\RiceLeafDiseaseBD\RiceLeafDiseaseBD\Annotated images ( visual with labels)\Sheath blight\labels\Sheath blight_1459.txt,UNIQUE_GROUP_000795,False,calibration
Sheath blight_1473.jpg,.jpg,Original images/Sheath blight/Sheath blight_1473.jpg,416622,True,1024,1024,1.0,RGB,3,JPEG,320ca7a02b64a2669c59dab445f71ba3ecf71d852391bc540a4bf0fa9c9ba426,,Sheath blight,RiceLeafDiseaseBD,PRIMARY_DEVELOPMENT_DATASET,PRIMARY_016768,D:\BTech Final Year Project\RiceLeafDiseaseBD A Field-Based Annotated Smartpho\RiceLeafDiseaseBD A Field-Based Annotated Smartpho\RiceLeafDiseaseBD\RiceLeafDiseaseBD\Annotated images ( visual with labels)\Sheath blight\labels\Sheath blight_1473.txt,UNIQUE_GROUP_003506,False,calibration
Sheath blight_1495.jpg,.jpg,Original images/Sheath blight/Sheath blight_1495.jpg,346389,True,1024,1024,1.0,RGB,3,JPEG,8775a3a14c01f9cffa9238cdc14c71a03e7d37fabb9a75e94996d72914783271,,Sheath blight,RiceLeafDiseaseBD,PRIMARY_DEVELOPMENT_DATASET,PRIMARY_016792,D:\BTech Final Year Project\RiceLeafDiseaseBD A Field-Based Annotated Smartpho\RiceLeafDiseaseBD A Field-Based Annotated Smartpho\RiceLeafDiseaseBD\RiceLeafDiseaseBD\Annotated images ( visual with labels)\Sheath blight\labels\Sheath blight_1495.txt,UNIQUE_GROUP_009457,False,calibration
Sheath blight_1502.jpg,.jpg,Original images/Sheath blight/Sheath blight_1502.jpg,355358,True,1024,1024,1.0,RGB,3,JPEG,5916f91dfb598d4fc903cb3aca4d19359d466b123186ffdc90389d641c23ac80,,Sheath blight,RiceLeafDiseaseBD,PRIMARY_DEVELOPMENT_DATASET,PRIMARY_016801,D:\BTech Final Year Project\RiceLeafDiseaseBD A Field-Based Annotated Smartpho\RiceLeafDiseaseBD A Field-Based Annotated Smartpho\RiceLeafDiseaseBD\RiceLeafDiseaseBD\Annotated images ( visual with labels)\Sheath blight\labels\Sheath blight_1502.txt,UNIQUE_GROUP_006241,False,calibration
Sheath blight_1503.jpg,.jpg,Original images/Sheath blight/Sheath blight_1503.jpg,357391,True,1024,1024,1.0,RGB,3,JPEG,b15244448e079f36e36129f06443563c1ff3285109261480f217d98991707e8b,,Sheath blight,RiceLeafDiseaseBD,PRIMARY_DEVELOPMENT_DATASET,PRIMARY_016802,D:\BTech Final Year Project\RiceLeafDiseaseBD A Field-Based Annotated Smartpho\RiceLeafDiseaseBD A Field-Based Annotated Smartpho\RiceLeafDiseaseBD\RiceLeafDiseaseBD\Annotated images ( visual with labels)\Sheath blight\labels\Sheath blight_1503.txt,UNIQUE_GROUP_012398,False,calibration
Sheath blight_1507.jpg,.jpg,Original images/Sheath blight/Sheath blight_1507.jpg,340704,True,1024,1024,1.0,RGB,3,JPEG,bbd4ce1fb91fc5b55f207b055069a8111dc2d4a593eea990a6a72c67fa3b3c29,,Sheath blight,RiceLeafDiseaseBD,PRIMARY_DEVELOPMENT_DATASET,PRIMARY_016806,D:\BTech Final Year Project\RiceLeafDiseaseBD A Field-Based Annotated Smartpho\RiceLeafDiseaseBD A Field-Based Annotated Smartpho\RiceLeafDiseaseBD\RiceLeafDiseaseBD\Annotated images ( visual with labels)\Sheath blight\labels\Sheath blight_1507.txt,UNIQUE_GROUP_013117,False,calibration
Sheath blight_1518.jpg,.jpg,Original images/Sheath blight/Sheath blight_1518.jpg,322019,True,1024,1024,1.0,RGB,3,JPEG,25f56d536e5718457c5cad468813cb70bb1ef473c632f14a0a15c8251de506bc,,Sheath blight,RiceLeafDiseaseBD,PRIMARY_DEVELOPMENT_DATASET,PRIMARY_016818,D:\BTech Final Year Project\RiceLeafDiseaseBD A Field-Based Annotated Smartpho\RiceLeafDiseaseBD A Field-Based Annotated Smartpho\RiceLeafDiseaseBD\RiceLeafDiseaseBD\Annotated images ( visual with labels)\Sheath blight\labels\Sheath blight_1518.txt,UNIQUE_GROUP_002659,False,calibration
Sheath blight_1521.jpg,.jpg,Original images/Sheath blight/Sheath blight_1521.jpg,347804,True,1024,1024,1.0,RGB,3,JPEG,3e80797e1b852faa2a270f0a8e3b98da39aaa779f41892d5a52bbee9cf1717ed,,Sheath blight,RiceLeafDiseaseBD,PRIMARY_DEVELOPMENT_DATASET,PRIMARY_016822,D:\BTech Final Year Project\RiceLeafDiseaseBD A Field-Based Annotated Smartpho\RiceLeafDiseaseBD A Field-Based Annotated Smartpho\RiceLeafDiseaseBD\RiceLeafDiseaseBD\Annotated images ( visual with labels)\Sheath blight\labels\Sheath blight_1521.txt,UNIQUE_GROUP_004370,False,calibration
Sheath blight_1532.jpg,.jpg,Original images/Sheath blight/Sheath blight_1532.jpg,340374,True,1024,1024,1.0,RGB,3,JPEG,1ef2df3d04d0ec4dc398beeaa091ae0abc417ffd225e40f12268a975575ea0a1,,Sheath blight,RiceLeafDiseaseBD,PRIMARY_DEVELOPMENT_DATASET,PRIMARY_016834,D:\BTech Final Year Project\RiceLeafDiseaseBD A Field-Based Annotated Smartpho\RiceLeafDiseaseBD A Field-Based Annotated Smartpho\RiceLeafDiseaseBD\RiceLeafDiseaseBD\Annotated images ( visual with labels)\Sheath blight\labels\Sheath blight_1532.txt,UNIQUE_GROUP_002159,False,calibration
Sheath blight_1547.jpg,.jpg,Original images/Sheath blight/Sheath blight_1547.jpg,362905,True,1024,1024,1.0,RGB,3,JPEG,d4b46b9b4333383167d1e7b5ec94ea2e198f6bef68a9976fd39a9b94643c19e7,,Sheath blight,RiceLeafDiseaseBD,PRIMARY_DEVELOPMENT_DATASET,PRIMARY_016850,D:\BTech Final Year Project\RiceLeafDiseaseBD A Field-Based Annotated Smartpho\RiceLeafDiseaseBD A Field-Based Annotated Smartpho\RiceLeafDiseaseBD\RiceLeafDiseaseBD\Annotated images ( visual with labels)\Sheath blight\labels\Sheath blight_1547.txt,UNIQUE_GROUP_014895,False,calibration
Sheath blight_1564.jpg,.jpg,Original images/Sheath blight/Sheath blight_1564.jpg,376610,True,1024,1024,1.0,RGB,3,JPEG,6ce20a397f2b2e0bc00879b5db915eb195f91cf2450ca2ec6d7438a280a53192,,Sheath blight,RiceLeafDiseaseBD,PRIMARY_DEVELOPMENT_DATASET,PRIMARY_016869,D:\BTech Final Year Project\RiceLeafDiseaseBD A Field-Based Annotated Smartpho\RiceLeafDiseaseBD A Field-Based Annotated Smartpho\RiceLeafDiseaseBD\RiceLeafDiseaseBD\Annotated images ( visual with labels)\Sheath blight\labels\Sheath blight_1564.txt,UNIQUE_GROUP_007593,False,calibration
Sheath blight_1584.jpg,.jpg,Original images/Sheath blight/Sheath blight_1584.jpg,320724,True,1024,1024,1.0,RGB,3,JPEG,48ded6254563a7881fdce424fe8a26b51cf765a2a13136e1f8844c0007a6986c,,Sheath blight,RiceLeafDiseaseBD,PRIMARY_DEVELOPMENT_DATASET,PRIMARY_016891,D:\BTech Final Year Project\RiceLeafDiseaseBD A Field-Based Annotated Smartpho\RiceLeafDiseaseBD A Field-Based Annotated Smartpho\RiceLeafDiseaseBD\RiceLeafDiseaseBD\Annotated images ( visual with labels)\Sheath blight\labels\Sheath blight_1584.txt,UNIQUE_GROUP_005076,False,calibration
Sheath blight_1591.jpg,.jpg,Original images/Sheath blight/Sheath blight_1591.jpg,340771,True,1024,1024,1.0,RGB,3,JPEG,c2aa0d6e06761ff1b0d487c5fb801b15def88615d48dc4c1ddf802e69da26e01,,Sheath blight,RiceLeafDiseaseBD,PRIMARY_DEVELOPMENT_DATASET,PRIMARY_016899,D:\BTech Final Year Project\RiceLeafDiseaseBD A Field-Based Annotated Smartpho\RiceLeafDiseaseBD A Field-Based Annotated Smartpho\RiceLeafDiseaseBD\RiceLeafDiseaseBD\Annotated images ( visual with labels)\Sheath blight\labels\Sheath blight_1591.txt,UNIQUE_GROUP_013628,False,calibration
Sheath blight_1616.jpg,.jpg,Original images/Sheath blight/Sheath blight_1616.jpg,294017,True,1024,1024,1.0,RGB,3,JPEG,8ec0579e6dabb8165a116a53a5bee185bff7b2a547ded968c30b5795160ddd5f,,Sheath blight,RiceLeafDiseaseBD,PRIMARY_DEVELOPMENT_DATASET,PRIMARY_016927,D:\BTech Final Year Project\RiceLeafDiseaseBD A Field-Based Annotated Smartpho\RiceLeafDiseaseBD A Field-Based Annotated Smartpho\RiceLeafDiseaseBD\RiceLeafDiseaseBD\Annotated images ( visual with labels)\Sheath blight\labels\Sheath blight_1616.txt,UNIQUE_GROUP_009995,False,calibration
Sheath blight_1619.jpg,.jpg,Original images/Sheath blight/Sheath blight_1619.jpg,299308,True,1024,1024,1.0,RGB,3,JPEG,cdc5d5102267f73b3808ac29f91106f89885cf16243cb9a3e745dc1abb9a3a8a,,Sheath blight,RiceLeafDiseaseBD,PRIMARY_DEVELOPMENT_DATASET,PRIMARY_016930,D:\BTech Final Year Project\RiceLeafDiseaseBD A Field-Based Annotated Smartpho\RiceLeafDiseaseBD A Field-Based Annotated Smartpho\RiceLeafDiseaseBD\RiceLeafDiseaseBD\Annotated images ( visual with labels)\Sheath blight\labels\Sheath blight_1619.txt,UNIQUE_GROUP_014402,False,calibration
Sheath blight_1638.jpg,.jpg,Original images/Sheath blight/Sheath blight_1638.jpg,406762,True,1024,1024,1.0,RGB,3,JPEG,396afaa20c3391b353d450c08c53a2d3a36cb31d8e28379769c425d66003bae5,,Sheath blight,RiceLeafDiseaseBD,PRIMARY_DEVELOPMENT_DATASET,PRIMARY_016951,D:\BTech Final Year Project\RiceLeafDiseaseBD A Field-Based Annotated Smartpho\RiceLeafDiseaseBD A Field-Based Annotated Smartpho\RiceLeafDiseaseBD\RiceLeafDiseaseBD\Annotated images ( visual with labels)\Sheath blight\labels\Sheath blight_1638.txt,UNIQUE_GROUP_004016,False,calibration
Sheath blight_1645.jpg,.jpg,Original images/Sheath blight/Sheath blight_1645.jpg,322111,True,1024,1024,1.0,RGB,3,JPEG,a6c745719cddca99ccd520bd2fd2f8cad37e749cb42a0a29cc4bbd39dbe68968,,Sheath blight,RiceLeafDiseaseBD,PRIMARY_DEVELOPMENT_DATASET,PRIMARY_016959,D:\BTech Final Year Project\RiceLeafDiseaseBD A Field-Based Annotated Smartpho\RiceLeafDiseaseBD A Field-Based Annotated Smartpho\RiceLeafDiseaseBD\RiceLeafDiseaseBD\Annotated images ( visual with labels)\Sheath blight\labels\Sheath blight_1645.txt,UNIQUE_GROUP_011664,False,calibration
Sheath blight_1646.jpg,.jpg,Original images/Sheath blight/Sheath blight_1646.jpg,340144,True,1024,1024,1.0,RGB,3,JPEG,39e45a37e380a56ea6d1751aa2f6b595f6133070c2711a5b98de07f6829f6089,,Sheath blight,RiceLeafDiseaseBD,PRIMARY_DEVELOPMENT_DATASET,PRIMARY_016960,D:\BTech Final Year Project\RiceLeafDiseaseBD A Field-Based Annotated Smartpho\RiceLeafDiseaseBD A Field-Based Annotated Smartpho\RiceLeafDiseaseBD\RiceLeafDiseaseBD\Annotated images ( visual with labels)\Sheath blight\labels\Sheath blight_1646.txt,UNIQUE_GROUP_004050,False,calibration
Sheath blight_1650.jpg,.jpg,Original images/Sheath blight/Sheath blight_1650.jpg,393590,True,1024,1024,1.0,RGB,3,JPEG,1295e1e34f451f85f5b39aa555bbf278505769607e7ca6fe5ab181e1824bf512,,Sheath blight,RiceLeafDiseaseBD,PRIMARY_DEVELOPMENT_DATASET,PRIMARY_016965,D:\BTech Final Year Project\RiceLeafDiseaseBD A Field-Based Annotated Smartpho\RiceLeafDiseaseBD A Field-Based Annotated Smartpho\RiceLeafDiseaseBD\RiceLeafDiseaseBD\Annotated images ( visual with labels)\Sheath blight\labels\Sheath blight_1650.txt,UNIQUE_GROUP_001284,False,calibration
Sheath blight_1665.jpg,.jpg,Original images/Sheath blight/Sheath blight_1665.jpg,294401,True,1024,1024,1.0,RGB,3,JPEG,599510d9a1aaa9a9c5835dabb6a8846326bb631e3e678fd1d9531c300002d2ae,,Sheath blight,RiceLeafDiseaseBD,PRIMARY_DEVELOPMENT_DATASET,PRIMARY_016981,D:\BTech Final Year Project\RiceLeafDiseaseBD A Field-Based Annotated Smartpho\RiceLeafDiseaseBD A Field-Based Annotated Smartpho\RiceLeafDiseaseBD\RiceLeafDiseaseBD\Annotated images ( visual with labels)\Sheath blight\labels\Sheath blight_1665.txt,UNIQUE_GROUP_006270,False,calibration
Sheath blight_1667.jpg,.jpg,Original images/Sheath blight/Sheath blight_1667.jpg,285653,True,1024,1024,1.0,RGB,3,JPEG,8b08341c0e171d92364a147895dadeea264b4d540830a11c8a327e9f1b2fc051,,Sheath blight,RiceLeafDiseaseBD,PRIMARY_DEVELOPMENT_DATASET,PRIMARY_016983,D:\BTech Final Year Project\RiceLeafDiseaseBD A Field-Based Annotated Smartpho\RiceLeafDiseaseBD A Field-Based Annotated Smartpho\RiceLeafDiseaseBD\RiceLeafDiseaseBD\Annotated images ( visual with labels)\Sheath blight\labels\Sheath blight_1667.txt,UNIQUE_GROUP_009728,False,calibration
Sheath blight_1670.jpg,.jpg,Original images/Sheath blight/Sheath blight_1670.jpg,282991,True,1024,1024,1.0,RGB,3,JPEG,001128bb6852d1e5caf6bba140591e253fb0f486bd3097c58a49b1e4bce5b4a6,,Sheath blight,RiceLeafDiseaseBD,PRIMARY_DEVELOPMENT_DATASET,PRIMARY_016987,D:\BTech Final Year Project\RiceLeafDiseaseBD A Field-Based Annotated Smartpho\RiceLeafDiseaseBD A Field-Based Annotated Smartpho\RiceLeafDiseaseBD\RiceLeafDiseaseBD\Annotated images ( visual with labels)\Sheath blight\labels\Sheath blight_1670.txt,UNIQUE_GROUP_000006,False,calibration
Sheath blight_1673.jpg,.jpg,Original images/Sheath blight/Sheath blight_1673.jpg,283418,True,1024,1024,1.0,RGB,3,JPEG,b1cac3cb97157b7919821e6d5159110193bfe64c9b581cd348e975d2e2f12c2f,,Sheath blight,RiceLeafDiseaseBD,PRIMARY_DEVELOPMENT_DATASET,PRIMARY_016990,D:\BTech Final Year Project\RiceLeafDiseaseBD A Field-Based Annotated Smartpho\RiceLeafDiseaseBD A Field-Based Annotated Smartpho\RiceLeafDiseaseBD\RiceLeafDiseaseBD\Annotated images ( visual with labels)\Sheath blight\labels\Sheath blight_1673.txt,UNIQUE_GROUP_012441,False,calibration
Sheath blight_1677.jpg,.jpg,Original images/Sheath blight/Sheath blight_1677.jpg,293360,True,1024,1024,1.0,RGB,3,JPEG,1508f6a7fb0b87c30dca2f63228fac6bb113dd74f6b15a70d3d13c2f76e06881,,Sheath blight,RiceLeafDiseaseBD,PRIMARY_DEVELOPMENT_DATASET,PRIMARY_016994,D:\BTech Final Year Project\RiceLeafDiseaseBD A Field-Based Annotated Smartpho\RiceLeafDiseaseBD A Field-Based Annotated Smartpho\RiceLeafDiseaseBD\RiceLeafDiseaseBD\Annotated images ( visual with labels)\Sheath blight\labels\Sheath blight_1677.txt,UNIQUE_GROUP_001434,False,calibration
Sheath blight_1683.jpg,.jpg,Original images/Sheath blight/Sheath blight_1683.jpg,377219,True,1024,1024,1.0,RGB,3,JPEG,f1b2cca8c31ced2da05b8f9ab615127fb6ab3ab61bfc17815af09d7ade0f3c84,,Sheath blight,RiceLeafDiseaseBD,PRIMARY_DEVELOPMENT_DATASET,PRIMARY_017001,D:\BTech Final Year Project\RiceLeafDiseaseBD A Field-Based Annotated Smartpho\RiceLeafDiseaseBD A Field-Based Annotated Smartpho\RiceLeafDiseaseBD\RiceLeafDiseaseBD\Annotated images ( visual with labels)\Sheath blight\labels\Sheath blight_1683.txt,UNIQUE_GROUP_016824,False,calibration
Sheath blight_1689.jpg,.jpg,Original images/Sheath blight/Sheath blight_1689.jpg,316660,True,1024,1024,1.0,RGB,3,JPEG,8909207235a5b4e519f0731d907fae15020dfdcb34696b22e40a7b352ea27a23,,Sheath blight,RiceLeafDiseaseBD,PRIMARY_DEVELOPMENT_DATASET,PRIMARY_017007,D:\BTech Final Year Project\RiceLeafDiseaseBD A Field-Based Annotated Smartpho\RiceLeafDiseaseBD A Field-Based Annotated Smartpho\RiceLeafDiseaseBD\RiceLeafDiseaseBD\Annotated images ( visual with labels)\Sheath blight\labels\Sheath blight_1689.txt,UNIQUE_GROUP_009571,False,calibration
Sheath blight_1704.jpg,.jpg,Original images/Sheath blight/Sheath blight_1704.jpg,355030,True,1024,1024,1.0,RGB,3,JPEG,e99543a0ffdba34cf083e47bdc53deee7ab4dfc60807d61d8bc82cac62fe7c82,,Sheath blight,RiceLeafDiseaseBD,PRIMARY_DEVELOPMENT_DATASET,PRIMARY_017025,D:\BTech Final Year Project\RiceLeafDiseaseBD A Field-Based Annotated Smartpho\RiceLeafDiseaseBD A Field-Based Annotated Smartpho\RiceLeafDiseaseBD\RiceLeafDiseaseBD\Annotated images ( visual with labels)\Sheath blight\labels\Sheath blight_1704.txt,UNIQUE_GROUP_016280,False,calibration
Sheath blight_1714.jpg,.jpg,Original images/Sheath blight/Sheath blight_1714.jpg,322002,True,1024,1024,1.0,RGB,3,JPEG,03993ac9fd3db95d7f72a7bcc9abf47526c68cbc8fec515fbe326926bdb5c96b,,Sheath blight,RiceLeafDiseaseBD,PRIMARY_DEVELOPMENT_DATASET,PRIMARY_017036,D:\BTech Final Year Project\RiceLeafDiseaseBD A Field-Based Annotated Smartpho\RiceLeafDiseaseBD A Field-Based Annotated Smartpho\RiceLeafDiseaseBD\RiceLeafDiseaseBD\Annotated images ( visual with labels)\Sheath blight\labels\Sheath blight_1714.txt,UNIQUE_GROUP_000239,False,calibration
Sheath blight_1716.jpg,.jpg,Original images/Sheath blight/Sheath blight_1716.jpg,333094,True,1024,1024,1.0,RGB,3,JPEG,32bb248b64f79598d6336630854dbedd45221f30098896fa90ee379d547aa92a,,Sheath blight,RiceLeafDiseaseBD,PRIMARY_DEVELOPMENT_DATASET,PRIMARY_017038,D:\BTech Final Year Project\RiceLeafDiseaseBD A Field-Based Annotated Smartpho\RiceLeafDiseaseBD A Field-Based Annotated Smartpho\RiceLeafDiseaseBD\RiceLeafDiseaseBD\Annotated images ( visual with labels)\Sheath blight\labels\Sheath blight_1716.txt,UNIQUE_GROUP_003546,False,calibration
Sheath blight_172.jpg,.jpg,Original images/Sheath blight/Sheath blight_172.jpg,330613,True,1024,1024,1.0,RGB,3,JPEG,f8d71c3c54074f4146d34c356b57a00c6c12f21c625dab390a7447f2ce52c560,,Sheath blight,RiceLeafDiseaseBD,PRIMARY_DEVELOPMENT_DATASET,PRIMARY_017042,D:\BTech Final Year Project\RiceLeafDiseaseBD A Field-Based Annotated Smartpho\RiceLeafDiseaseBD A Field-Based Annotated Smartpho\RiceLeafDiseaseBD\RiceLeafDiseaseBD\Annotated images ( visual with labels)\Sheath blight\labels\Sheath blight_172.txt,UNIQUE_GROUP_017335,False,calibration
Sheath blight_174.jpg,.jpg,Original images/Sheath blight/Sheath blight_174.jpg,294997,True,1024,1024,1.0,RGB,3,JPEG,10bf52a61f809335c1d75c01c7443f259d8e05702df783c3fd36b928a5a65685,,Sheath blight,RiceLeafDiseaseBD,PRIMARY_DEVELOPMENT_DATASET,PRIMARY_017047,D:\BTech Final Year Project\RiceLeafDiseaseBD A Field-Based Annotated Smartpho\RiceLeafDiseaseBD A Field-Based Annotated Smartpho\RiceLeafDiseaseBD\RiceLeafDiseaseBD\Annotated images ( visual with labels)\Sheath blight\labels\Sheath blight_174.txt,UNIQUE_GROUP_001147,False,calibration
Sheath blight_202.jpg,.jpg,Original images/Sheath blight/Sheath blight_202.jpg,274466,True,1024,1024,1.0,RGB,3,JPEG,74221ffa048b1adb4c4c52d9818d2378624f99bd14d58cfa7642e863c5b5cca1,,Sheath blight,RiceLeafDiseaseBD,PRIMARY_DEVELOPMENT_DATASET,PRIMARY_017079,D:\BTech Final Year Project\RiceLeafDiseaseBD A Field-Based Annotated Smartpho\RiceLeafDiseaseBD A Field-Based Annotated Smartpho\RiceLeafDiseaseBD\RiceLeafDiseaseBD\Annotated images ( visual with labels)\Sheath blight\labels\Sheath blight_202.txt,UNIQUE_GROUP_008095,False,calibration
Sheath blight_207.jpg,.jpg,Original images/Sheath blight/Sheath blight_207.jpg,336255,True,1024,1024,1.0,RGB,3,JPEG,deabfaf144f17ca480f786c0a7ca12af702c36b866f6cd96335f6d611ea9c894,,Sheath blight,RiceLeafDiseaseBD,PRIMARY_DEVELOPMENT_DATASET,PRIMARY_017084,D:\BTech Final Year Project\RiceLeafDiseaseBD A Field-Based Annotated Smartpho\RiceLeafDiseaseBD A Field-Based Annotated Smartpho\RiceLeafDiseaseBD\RiceLeafDiseaseBD\Annotated images ( visual with labels)\Sheath blight\labels\Sheath blight_207.txt,DUPLICATE_GROUP_0051,True,calibration
Sheath blight_208.jpg,.jpg,Original images/Sheath blight/Sheath blight_208.jpg,336255,True,1024,1024,1.0,RGB,3,JPEG,deabfaf144f17ca480f786c0a7ca12af702c36b866f6cd96335f6d611ea9c894,,Sheath blight,RiceLeafDiseaseBD,PRIMARY_DEVELOPMENT_DATASET,PRIMARY_017085,D:\BTech Final Year Project\RiceLeafDiseaseBD A Field-Based Annotated Smartpho\RiceLeafDiseaseBD A Field-Based Annotated Smartpho\RiceLeafDiseaseBD\RiceLeafDiseaseBD\Annotated images ( visual with labels)\Sheath blight\labels\Sheath blight_208.txt,DUPLICATE_GROUP_0051,True,calibration
Sheath blight_227.jpg,.jpg,Original images/Sheath blight/Sheath blight_227.jpg,309377,True,1024,1024,1.0,RGB,3,JPEG,7859172fcf6b111c6bd07c806dcf08570c34605c8fa6a7c442d3ddbbbf4cef5f,,Sheath blight,RiceLeafDiseaseBD,PRIMARY_DEVELOPMENT_DATASET,PRIMARY_017106,D:\BTech Final Year Project\RiceLeafDiseaseBD A Field-Based Annotated Smartpho\RiceLeafDiseaseBD A Field-Based Annotated Smartpho\RiceLeafDiseaseBD\RiceLeafDiseaseBD\Annotated images ( visual with labels)\Sheath blight\labels\Sheath blight_227.txt,DUPLICATE_GROUP_0025,True,calibration
Sheath blight_228.jpg,.jpg,Original images/Sheath blight/Sheath blight_228.jpg,309377,True,1024,1024,1.0,RGB,3,JPEG,7859172fcf6b111c6bd07c806dcf08570c34605c8fa6a7c442d3ddbbbf4cef5f,,Sheath blight,RiceLeafDiseaseBD,PRIMARY_DEVELOPMENT_DATASET,PRIMARY_017107,D:\BTech Final Year Project\RiceLeafDiseaseBD A Field-Based Annotated Smartpho\RiceLeafDiseaseBD A Field-Based Annotated Smartpho\RiceLeafDiseaseBD\RiceLeafDiseaseBD\Annotated images ( visual with labels)\Sheath blight\labels\Sheath blight_228.txt,DUPLICATE_GROUP_0025,True,calibration
Sheath blight_242.jpg,.jpg,Original images/Sheath blight/Sheath blight_242.jpg,347375,True,1024,1024,1.0,RGB,3,JPEG,6f5c9435ad72aad055f9c4b3c819b90f31ad786d353e215d17d2459cea12db91,,Sheath blight,RiceLeafDiseaseBD,PRIMARY_DEVELOPMENT_DATASET,PRIMARY_017123,D:\BTech Final Year Project\RiceLeafDiseaseBD A Field-Based Annotated Smartpho\RiceLeafDiseaseBD A Field-Based Annotated Smartpho\RiceLeafDiseaseBD\RiceLeafDiseaseBD\Annotated images ( visual with labels)\Sheath blight\labels\Sheath blight_242.txt,UNIQUE_GROUP_007768,False,calibration
Sheath blight_245.jpg,.jpg,Original images/Sheath blight/Sheath blight_245.jpg,310889,True,1024,1024,1.0,RGB,3,JPEG,e1fcb45efa76fe440927604115f610eeb952faa4b6c4fb0df0ddd0d605236189,,Sheath blight,RiceLeafDiseaseBD,PRIMARY_DEVELOPMENT_DATASET,PRIMARY_017126,D:\BTech Final Year Project\RiceLeafDiseaseBD A Field-Based Annotated Smartpho\RiceLeafDiseaseBD A Field-Based Annotated Smartpho\RiceLeafDiseaseBD\RiceLeafDiseaseBD\Annotated images ( visual with labels)\Sheath blight\labels\Sheath blight_245.txt,UNIQUE_GROUP_015785,False,calibration
Sheath blight_246.jpg,.jpg,Original images/Sheath blight/Sheath blight_246.jpg,312915,True,1024,1024,1.0,RGB,3,JPEG,5bcc1ef44d6859f1ef3ca6e4a1498bb2fb4319c193357783f9a17a03b72d9376,,Sheath blight,RiceLeafDiseaseBD,PRIMARY_DEVELOPMENT_DATASET,PRIMARY_017127,D:\BTech Final Year Project\RiceLeafDiseaseBD A Field-Based Annotated Smartpho\RiceLeafDiseaseBD A Field-Based Annotated Smartpho\RiceLeafDiseaseBD\RiceLeafDiseaseBD\Annotated images ( visual with labels)\Sheath blight\labels\Sheath blight_246.txt,UNIQUE_GROUP_006436,False,calibration
Sheath blight_249.jpg,.jpg,Original images/Sheath blight/Sheath blight_249.jpg,304394,True,1024,1024,1.0,RGB,3,JPEG,87958bb6525d6eecbb865f367ae23524d1dea282fac554851974ac9b0465841b,,Sheath blight,RiceLeafDiseaseBD,PRIMARY_DEVELOPMENT_DATASET,PRIMARY_017130,D:\BTech Final Year Project\RiceLeafDiseaseBD A Field-Based Annotated Smartpho\RiceLeafDiseaseBD A Field-Based Annotated Smartpho\RiceLeafDiseaseBD\RiceLeafDiseaseBD\Annotated images ( visual with labels)\Sheath blight\labels\Sheath blight_249.txt,DUPLICATE_GROUP_0030,True,calibration
Sheath blight_250.jpg,.jpg,Original images/Sheath blight/Sheath blight_250.jpg,304394,True,1024,1024,1.0,RGB,3,JPEG,87958bb6525d6eecbb865f367ae23524d1dea282fac554851974ac9b0465841b,,Sheath blight,RiceLeafDiseaseBD,PRIMARY_DEVELOPMENT_DATASET,PRIMARY_017132,D:\BTech Final Year Project\RiceLeafDiseaseBD A Field-Based Annotated Smartpho\RiceLeafDiseaseBD A Field-Based Annotated Smartpho\RiceLeafDiseaseBD\RiceLeafDiseaseBD\Annotated images ( visual with labels)\Sheath blight\labels\Sheath blight_250.txt,DUPLICATE_GROUP_0030,True,calibration
Sheath blight_28.jpg,.jpg,Original images/Sheath blight/Sheath blight_28.jpg,335981,True,1024,1024,1.0,RGB,3,JPEG,361b05eaf9382340a9352f2efe1102640e6169196e8e238cbac24fa63cf769dc,,Sheath blight,RiceLeafDiseaseBD,PRIMARY_DEVELOPMENT_DATASET,PRIMARY_017164,D:\BTech Final Year Project\RiceLeafDiseaseBD A Field-Based Annotated Smartpho\RiceLeafDiseaseBD A Field-Based Annotated Smartpho\RiceLeafDiseaseBD\RiceLeafDiseaseBD\Annotated images ( visual with labels)\Sheath blight\labels\Sheath blight_28.txt,UNIQUE_GROUP_003770,False,calibration
Sheath blight_284.jpg,.jpg,Original images/Sheath blight/Sheath blight_284.jpg,320873,True,1024,1024,1.0,RGB,3,JPEG,fb33289b4c8445ed687d31263b986cc4fb3191fa48f70c3da1998050ff245896,,Sheath blight,RiceLeafDiseaseBD,PRIMARY_DEVELOPMENT_DATASET,PRIMARY_017169,D:\BTech Final Year Project\RiceLeafDiseaseBD A Field-Based Annotated Smartpho\RiceLeafDiseaseBD A Field-Based Annotated Smartpho\RiceLeafDiseaseBD\RiceLeafDiseaseBD\Annotated images ( visual with labels)\Sheath blight\labels\Sheath blight_284.txt,UNIQUE_GROUP_017483,False,calibration
Sheath blight_285.jpg,.jpg,Original images/Sheath blight/Sheath blight_285.jpg,313470,True,1024,1024,1.0,RGB,3,JPEG,9f4f1f9baf0d610bcc2341e7778acf195b44914378c017db7845ffab523a2dfd,,Sheath blight,RiceLeafDiseaseBD,PRIMARY_DEVELOPMENT_DATASET,PRIMARY_017170,D:\BTech Final Year Project\RiceLeafDiseaseBD A Field-Based Annotated Smartpho\RiceLeafDiseaseBD A Field-Based Annotated Smartpho\RiceLeafDiseaseBD\RiceLeafDiseaseBD\Annotated images ( visual with labels)\Sheath blight\labels\Sheath blight_285.txt,UNIQUE_GROUP_011155,False,calibration
Sheath blight_302.jpg,.jpg,Original images/Sheath blight/Sheath blight_302.jpg,319203,True,1024,1024,1.0,RGB,3,JPEG,c9ce540cb9da579b0042049ba73564193bc28dc5c365e672cd583343ee9a0893,,Sheath blight,RiceLeafDiseaseBD,PRIMARY_DEVELOPMENT_DATASET,PRIMARY_017190,D:\BTech Final Year Project\RiceLeafDiseaseBD A Field-Based Annotated Smartpho\RiceLeafDiseaseBD A Field-Based Annotated Smartpho\RiceLeafDiseaseBD\RiceLeafDiseaseBD\Annotated images ( visual with labels)\Sheath blight\labels\Sheath blight_302.txt,UNIQUE_GROUP_014120,False,calibration
Sheath blight_306.jpg,.jpg,Original images/Sheath blight/Sheath blight_306.jpg,316666,True,1024,1024,1.0,RGB,3,JPEG,34663bc3ada2f4f581460471070862a662eed1013fcce300f5cab7b8fca0813c,,Sheath blight,RiceLeafDiseaseBD,PRIMARY_DEVELOPMENT_DATASET,PRIMARY_017194,D:\BTech Final Year Project\RiceLeafDiseaseBD A Field-Based Annotated Smartpho\RiceLeafDiseaseBD A Field-Based Annotated Smartpho\RiceLeafDiseaseBD\RiceLeafDiseaseBD\Annotated images ( visual with labels)\Sheath blight\labels\Sheath blight_306.txt,UNIQUE_GROUP_003669,False,calibration
Sheath blight_307.jpg,.jpg,Original images/Sheath blight/Sheath blight_307.jpg,316300,True,1024,1024,1.0,RGB,3,JPEG,85fff8d79a9e3e2299f47854feba8adeda54f7d963caffdda1f6a3b32a2d28a3,,Sheath blight,RiceLeafDiseaseBD,PRIMARY_DEVELOPMENT_DATASET,PRIMARY_017195,D:\BTech Final Year Project\RiceLeafDiseaseBD A Field-Based Annotated Smartpho\RiceLeafDiseaseBD A Field-Based Annotated Smartpho\RiceLeafDiseaseBD\RiceLeafDiseaseBD\Annotated images ( visual with labels)\Sheath blight\labels\Sheath blight_307.txt,UNIQUE_GROUP_009360,False,calibration
Sheath blight_312.jpg,.jpg,Original images/Sheath blight/Sheath blight_312.jpg,315985,True,1024,1024,1.0,RGB,3,JPEG,5dd1b1be5c69f5d91aeed6f917b6c81f920d94b6faaa5622bcd51edc9ba69386,,Sheath blight,RiceLeafDiseaseBD,PRIMARY_DEVELOPMENT_DATASET,PRIMARY_017201,D:\BTech Final Year Project\RiceLeafDiseaseBD A Field-Based Annotated Smartpho\RiceLeafDiseaseBD A Field-Based Annotated Smartpho\RiceLeafDiseaseBD\RiceLeafDiseaseBD\Annotated images ( visual with labels)\Sheath blight\labels\Sheath blight_312.txt,UNIQUE_GROUP_006564,False,calibration
Sheath blight_323.jpg,.jpg,Original images/Sheath blight/Sheath blight_323.jpg,343292,True,1024,1024,1.0,RGB,3,JPEG,d5f03727c4d98213cd0ecd1a92684859ab6e32a7e82f78d6ec9968821dfc0d71,,Sheath blight,RiceLeafDiseaseBD,PRIMARY_DEVELOPMENT_DATASET,PRIMARY_017213,D:\BTech Final Year Project\RiceLeafDiseaseBD A Field-Based Annotated Smartpho\RiceLeafDiseaseBD A Field-Based Annotated Smartpho\RiceLeafDiseaseBD\RiceLeafDiseaseBD\Annotated images ( visual with labels)\Sheath blight\labels\Sheath blight_323.txt,UNIQUE_GROUP_014965,False,calibration
Sheath blight_337.jpg,.jpg,Original images/Sheath blight/Sheath blight_337.jpg,353433,True,1024,1024,1.0,RGB,3,JPEG,214104e42bb87b0c4ff151a79a0c95a95f2c319538141300fcd7bd6102fb9ba8,,Sheath blight,RiceLeafDiseaseBD,PRIMARY_DEVELOPMENT_DATASET,PRIMARY_017228,D:\BTech Final Year Project\RiceLeafDiseaseBD A Field-Based Annotated Smartpho\RiceLeafDiseaseBD A Field-Based Annotated Smartpho\RiceLeafDiseaseBD\RiceLeafDiseaseBD\Annotated images ( visual with labels)\Sheath blight\labels\Sheath blight_337.txt,UNIQUE_GROUP_002339,False,calibration
Sheath blight_338.jpg,.jpg,Original images/Sheath blight/Sheath blight_338.jpg,354815,True,1024,1024,1.0,RGB,3,JPEG,9552b10e5a4164ba756e5fc2d29737e9a2cf196a843962098ed97691a4fd4ae9,,Sheath blight,RiceLeafDiseaseBD,PRIMARY_DEVELOPMENT_DATASET,PRIMARY_017229,D:\BTech Final Year Project\RiceLeafDiseaseBD A Field-Based Annotated Smartpho\RiceLeafDiseaseBD A Field-Based Annotated Smartpho\RiceLeafDiseaseBD\RiceLeafDiseaseBD\Annotated images ( visual with labels)\Sheath blight\labels\Sheath blight_338.txt,UNIQUE_GROUP_010432,False,calibration
Sheath blight_34.jpg,.jpg,Original images/Sheath blight/Sheath blight_34.jpg,344361,True,1024,1024,1.0,RGB,3,JPEG,da70c3be10fd0ef77cab574d33b169e0bf27048c72bdb1f85e548f3e1cf8020e,,Sheath blight,RiceLeafDiseaseBD,PRIMARY_DEVELOPMENT_DATASET,PRIMARY_017231,D:\BTech Final Year Project\RiceLeafDiseaseBD A Field-Based Annotated Smartpho\RiceLeafDiseaseBD A Field-Based Annotated Smartpho\RiceLeafDiseaseBD\RiceLeafDiseaseBD\Annotated images ( visual with labels)\Sheath blight\labels\Sheath blight_34.txt,UNIQUE_GROUP_015275,False,calibration
Sheath blight_340.jpg,.jpg,Original images/Sheath blight/Sheath blight_340.jpg,290101,True,1024,1024,1.0,RGB,3,JPEG,736fefb1bc05662ab05ae79959988386a54ea3443f34f7d2e1df75b4f73d7880,,Sheath blight,RiceLeafDiseaseBD,PRIMARY_DEVELOPMENT_DATASET,PRIMARY_017232,D:\BTech Final Year Project\RiceLeafDiseaseBD A Field-Based Annotated Smartpho\RiceLeafDiseaseBD A Field-Based Annotated Smartpho\RiceLeafDiseaseBD\RiceLeafDiseaseBD\Annotated images ( visual with labels)\Sheath blight\labels\Sheath blight_340.txt,UNIQUE_GROUP_008052,False,calibration
Sheath blight_344.jpg,.jpg,Original images/Sheath blight/Sheath blight_344.jpg,290922,True,1024,1024,1.0,RGB,3,JPEG,07afac9c674d88146cc5bb465d2fa6cf698b53aecbe087a3c61744252c7d6a3e,,Sheath blight,RiceLeafDiseaseBD,PRIMARY_DEVELOPMENT_DATASET,PRIMARY_017236,D:\BTech Final Year Project\RiceLeafDiseaseBD A Field-Based Annotated Smartpho\RiceLeafDiseaseBD A Field-Based Annotated Smartpho\RiceLeafDiseaseBD\RiceLeafDiseaseBD\Annotated images ( visual with labels)\Sheath blight\labels\Sheath blight_344.txt,UNIQUE_GROUP_000516,False,calibration
Sheath blight_357.jpg,.jpg,Original images/Sheath blight/Sheath blight_357.jpg,314129,True,1024,1024,1.0,RGB,3,JPEG,ebadbc7315b21a7c338e0cadc558d821f92ab1d51e0ab81cd013d100e60f04ca,,Sheath blight,RiceLeafDiseaseBD,PRIMARY_DEVELOPMENT_DATASET,PRIMARY_017250,D:\BTech Final Year Project\RiceLeafDiseaseBD A Field-Based Annotated Smartpho\RiceLeafDiseaseBD A Field-Based Annotated Smartpho\RiceLeafDiseaseBD\RiceLeafDiseaseBD\Annotated images ( visual with labels)\Sheath blight\labels\Sheath blight_357.txt,UNIQUE_GROUP_016426,False,calibration
Sheath blight_37.jpg,.jpg,Original images/Sheath blight/Sheath blight_37.jpg,348063,True,1024,1024,1.0,RGB,3,JPEG,ce3c1a44372b7335145add68fa33e17dc0c3e55f4dacbe47edabe89762bf7553,,Sheath blight,RiceLeafDiseaseBD,PRIMARY_DEVELOPMENT_DATASET,PRIMARY_017264,D:\BTech Final Year Project\RiceLeafDiseaseBD A Field-Based Annotated Smartpho\RiceLeafDiseaseBD A Field-Based Annotated Smartpho\RiceLeafDiseaseBD\RiceLeafDiseaseBD\Annotated images ( visual with labels)\Sheath blight\labels\Sheath blight_37.txt,UNIQUE_GROUP_014426,False,calibration
Sheath blight_372.jpg,.jpg,Original images/Sheath blight/Sheath blight_372.jpg,302736,True,1024,1024,1.0,RGB,3,JPEG,426759831a13bae4735edb00ea67d33a4c85e973c2e6696f696625757f8fddd7,,Sheath blight,RiceLeafDiseaseBD,PRIMARY_DEVELOPMENT_DATASET,PRIMARY_017267,D:\BTech Final Year Project\RiceLeafDiseaseBD A Field-Based Annotated Smartpho\RiceLeafDiseaseBD A Field-Based Annotated Smartpho\RiceLeafDiseaseBD\RiceLeafDiseaseBD\Annotated images ( visual with labels)\Sheath blight\labels\Sheath blight_372.txt,UNIQUE_GROUP_004643,False,calibration
Sheath blight_387.jpg,.jpg,Original images/Sheath blight/Sheath blight_387.jpg,325116,True,1024,1024,1.0,RGB,3,JPEG,9ad7b4c4ef22d1ec6d4cb173b6a258abdf0d74330a73d1fa68fc49c18ed81d42,,Sheath blight,RiceLeafDiseaseBD,PRIMARY_DEVELOPMENT_DATASET,PRIMARY_017283,D:\BTech Final Year Project\RiceLeafDiseaseBD A Field-Based Annotated Smartpho\RiceLeafDiseaseBD A Field-Based Annotated Smartpho\RiceLeafDiseaseBD\RiceLeafDiseaseBD\Annotated images ( visual with labels)\Sheath blight\labels\Sheath blight_387.txt,UNIQUE_GROUP_010834,False,calibration
Sheath blight_405.jpg,.jpg,Original images/Sheath blight/Sheath blight_405.jpg,350156,True,1024,1024,1.0,RGB,3,JPEG,89cc93a97fb8e1925aad8cba1c5fe86f8e75532a2e4c5e9e0779679b47f787a9,,Sheath blight,RiceLeafDiseaseBD,PRIMARY_DEVELOPMENT_DATASET,PRIMARY_017304,D:\BTech Final Year Project\RiceLeafDiseaseBD A Field-Based Annotated Smartpho\RiceLeafDiseaseBD A Field-Based Annotated Smartpho\RiceLeafDiseaseBD\RiceLeafDiseaseBD\Annotated images ( visual with labels)\Sheath blight\labels\Sheath blight_405.txt,UNIQUE_GROUP_009622,False,calibration
Sheath blight_406.jpg,.jpg,Original images/Sheath blight/Sheath blight_406.jpg,354552,True,1024,1024,1.0,RGB,3,JPEG,64d5c449fd08ecf08abf0143303dbce2c0a4fd8ac17a881ed62eef8277ad4717,,Sheath blight,RiceLeafDiseaseBD,PRIMARY_DEVELOPMENT_DATASET,PRIMARY_017305,D:\BTech Final Year Project\RiceLeafDiseaseBD A Field-Based Annotated Smartpho\RiceLeafDiseaseBD A Field-Based Annotated Smartpho\RiceLeafDiseaseBD\RiceLeafDiseaseBD\Annotated images ( visual with labels)\Sheath blight\labels\Sheath blight_406.txt,UNIQUE_GROUP_007065,False,calibration
Sheath blight_409.jpg,.jpg,Original images/Sheath blight/Sheath blight_409.jpg,379476,True,1024,1024,1.0,RGB,3,JPEG,072ca1484774691cdec9e01535381047900e009589e422bc9d8fb9647e38835f,,Sheath blight,RiceLeafDiseaseBD,PRIMARY_DEVELOPMENT_DATASET,PRIMARY_017308,D:\BTech Final Year Project\RiceLeafDiseaseBD A Field-Based Annotated Smartpho\RiceLeafDiseaseBD A Field-Based Annotated Smartpho\RiceLeafDiseaseBD\RiceLeafDiseaseBD\Annotated images ( visual with labels)\Sheath blight\labels\Sheath blight_409.txt,UNIQUE_GROUP_000479,False,calibration
Sheath blight_417.jpg,.jpg,Original images/Sheath blight/Sheath blight_417.jpg,362499,True,1024,1024,1.0,RGB,3,JPEG,9eb1481968751070dbc6877d9836c3a055a3c63023bf7a92ff0ff92c4e0a8cf2,,Sheath blight,RiceLeafDiseaseBD,PRIMARY_DEVELOPMENT_DATASET,PRIMARY_017317,D:\BTech Final Year Project\RiceLeafDiseaseBD A Field-Based Annotated Smartpho\RiceLeafDiseaseBD A Field-Based Annotated Smartpho\RiceLeafDiseaseBD\RiceLeafDiseaseBD\Annotated images ( visual with labels)\Sheath blight\labels\Sheath blight_417.txt,UNIQUE_GROUP_011120,False,calibration
Sheath blight_42.jpg,.jpg,Original images/Sheath blight/Sheath blight_42.jpg,326927,True,1024,1024,1.0,RGB,3,JPEG,52615e7fb94ff12ff3ea51c7b387798b102cb21879ce24876fa8db75f2443a53,,Sheath blight,RiceLeafDiseaseBD,PRIMARY_DEVELOPMENT_DATASET,PRIMARY_017320,D:\BTech Final Year Project\RiceLeafDiseaseBD A Field-Based Annotated Smartpho\RiceLeafDiseaseBD A Field-Based Annotated Smartpho\RiceLeafDiseaseBD\RiceLeafDiseaseBD\Annotated images ( visual with labels)\Sheath blight\labels\Sheath blight_42.txt,UNIQUE_GROUP_005766,False,calibration
Sheath blight_425.jpg,.jpg,Original images/Sheath blight/Sheath blight_425.jpg,290563,True,1024,1024,1.0,RGB,3,JPEG,04c833e5ab68364938dd315b3855f5df80fb3e0b948994c204baf243ae4dd0bc,,Sheath blight,RiceLeafDiseaseBD,PRIMARY_DEVELOPMENT_DATASET,PRIMARY_017326,D:\BTech Final Year Project\RiceLeafDiseaseBD A Field-Based Annotated Smartpho\RiceLeafDiseaseBD A Field-Based Annotated Smartpho\RiceLeafDiseaseBD\RiceLeafDiseaseBD\Annotated images ( visual with labels)\Sheath blight\labels\Sheath blight_425.txt,UNIQUE_GROUP_000307,False,calibration
Sheath blight_428.jpg,.jpg,Original images/Sheath blight/Sheath blight_428.jpg,398285,True,1024,1024,1.0,RGB,3,JPEG,25249bad7f4ccf240530049f7b3e8109f87aae566ba0fff32d6d33fbfa5c5836,,Sheath blight,RiceLeafDiseaseBD,PRIMARY_DEVELOPMENT_DATASET,PRIMARY_017329,D:\BTech Final Year Project\RiceLeafDiseaseBD A Field-Based Annotated Smartpho\RiceLeafDiseaseBD A Field-Based Annotated Smartpho\RiceLeafDiseaseBD\RiceLeafDiseaseBD\Annotated images ( visual with labels)\Sheath blight\labels\Sheath blight_428.txt,UNIQUE_GROUP_002599,False,calibration
Sheath blight_444.jpg,.jpg,Original images/Sheath blight/Sheath blight_444.jpg,313487,True,1024,1024,1.0,RGB,3,JPEG,822796a8f15a2b5951861ddfd60cd13e189d2a31cdce7c2120c17edeb227bec7,,Sheath blight,RiceLeafDiseaseBD,PRIMARY_DEVELOPMENT_DATASET,PRIMARY_017347,D:\BTech Final Year Project\RiceLeafDiseaseBD A Field-Based Annotated Smartpho\RiceLeafDiseaseBD A Field-Based Annotated Smartpho\RiceLeafDiseaseBD\RiceLeafDiseaseBD\Annotated images ( visual with labels)\Sheath blight\labels\Sheath blight_444.txt,UNIQUE_GROUP_009097,False,calibration
Sheath blight_447.jpg,.jpg,Original images/Sheath blight/Sheath blight_447.jpg,343457,True,1024,1024,1.0,RGB,3,JPEG,cecc1405689a78f996034cb3fd581a53fc1736182807c790f14718934cb8e904,,Sheath blight,RiceLeafDiseaseBD,PRIMARY_DEVELOPMENT_DATASET,PRIMARY_017350,D:\BTech Final Year Project\RiceLeafDiseaseBD A Field-Based Annotated Smartpho\RiceLeafDiseaseBD A Field-Based Annotated Smartpho\RiceLeafDiseaseBD\RiceLeafDiseaseBD\Annotated images ( visual with labels)\Sheath blight\labels\Sheath blight_447.txt,UNIQUE_GROUP_014459,False,calibration
Sheath blight_462.jpg,.jpg,Original images/Sheath blight/Sheath blight_462.jpg,312784,True,1024,1024,1.0,RGB,3,JPEG,70a843f092329328155abcf06d821bf28adac5f3a4efe694c57b22ee6fdb2522,,Sheath blight,RiceLeafDiseaseBD,PRIMARY_DEVELOPMENT_DATASET,PRIMARY_017367,D:\BTech Final Year Project\RiceLeafDiseaseBD A Field-Based Annotated Smartpho\RiceLeafDiseaseBD A Field-Based Annotated Smartpho\RiceLeafDiseaseBD\RiceLeafDiseaseBD\Annotated images ( visual with labels)\Sheath blight\labels\Sheath blight_462.txt,UNIQUE_GROUP_007859,False,calibration
Sheath blight_466.jpg,.jpg,Original images/Sheath blight/Sheath blight_466.jpg,367662,True,1024,1024,1.0,RGB,3,JPEG,a9928e6c1d0e97bef28111b1162205972f6fff566f50faa22eacd88a012c3d94,,Sheath blight,RiceLeafDiseaseBD,PRIMARY_DEVELOPMENT_DATASET,PRIMARY_017371,D:\BTech Final Year Project\RiceLeafDiseaseBD A Field-Based Annotated Smartpho\RiceLeafDiseaseBD A Field-Based Annotated Smartpho\RiceLeafDiseaseBD\RiceLeafDiseaseBD\Annotated images ( visual with labels)\Sheath blight\labels\Sheath blight_466.txt,UNIQUE_GROUP_011873,False,calibration
Sheath blight_50.jpg,.jpg,Original images/Sheath blight/Sheath blight_50.jpg,326501,True,1024,1024,1.0,RGB,3,JPEG,ab0937f2db38b7010905f89f516ba05ef2d5a1ddc2c1323d90779e38989b4761,,Sheath blight,RiceLeafDiseaseBD,PRIMARY_DEVELOPMENT_DATASET,PRIMARY_017409,D:\BTech Final Year Project\RiceLeafDiseaseBD A Field-Based Annotated Smartpho\RiceLeafDiseaseBD A Field-Based Annotated Smartpho\RiceLeafDiseaseBD\RiceLeafDiseaseBD\Annotated images ( visual with labels)\Sheath blight\labels\Sheath blight_50.txt,UNIQUE_GROUP_011989,False,calibration
Sheath blight_504.jpg,.jpg,Original images/Sheath blight/Sheath blight_504.jpg,302301,True,1024,1024,1.0,RGB,3,JPEG,172d2b294730006824e02ec7d575761a80f9ab7af517dd0a4e524bf78372cf4a,,Sheath blight,RiceLeafDiseaseBD,PRIMARY_DEVELOPMENT_DATASET,PRIMARY_017414,D:\BTech Final Year Project\RiceLeafDiseaseBD A Field-Based Annotated Smartpho\RiceLeafDiseaseBD A Field-Based Annotated Smartpho\RiceLeafDiseaseBD\RiceLeafDiseaseBD\Annotated images ( visual with labels)\Sheath blight\labels\Sheath blight_504.txt,UNIQUE_GROUP_001585,False,calibration
Sheath blight_507.jpg,.jpg,Original images/Sheath blight/Sheath blight_507.jpg,282791,True,1024,1024,1.0,RGB,3,JPEG,cf0e557e8227e720854885e90634760fe4c500678cbd0e65cb52cf69eab42f5a,,Sheath blight,RiceLeafDiseaseBD,PRIMARY_DEVELOPMENT_DATASET,PRIMARY_017417,D:\BTech Final Year Project\RiceLeafDiseaseBD A Field-Based Annotated Smartpho\RiceLeafDiseaseBD A Field-Based Annotated Smartpho\RiceLeafDiseaseBD\RiceLeafDiseaseBD\Annotated images ( visual with labels)\Sheath blight\labels\Sheath blight_507.txt,UNIQUE_GROUP_014471,False,calibration
Sheath blight_511.jpg,.jpg,Original images/Sheath blight/Sheath blight_511.jpg,414240,True,1024,1024,1.0,RGB,3,JPEG,87bfd9acc25510aeb4e11eed904d53a8062cceaebd0298c820b26f7c50e2108e,,Sheath blight,RiceLeafDiseaseBD,PRIMARY_DEVELOPMENT_DATASET,PRIMARY_017422,D:\BTech Final Year Project\RiceLeafDiseaseBD A Field-Based Annotated Smartpho\RiceLeafDiseaseBD A Field-Based Annotated Smartpho\RiceLeafDiseaseBD\RiceLeafDiseaseBD\Annotated images ( visual with labels)\Sheath blight\labels\Sheath blight_511.txt,UNIQUE_GROUP_009483,False,calibration
Sheath blight_520.jpg,.jpg,Original images/Sheath blight/Sheath blight_520.jpg,365390,True,1024,1024,1.0,RGB,3,JPEG,16d7b4097ef3d73ba3da750f2ea62aed0bf08be54ace962ec299146931f4c1ea,,Sheath blight,RiceLeafDiseaseBD,PRIMARY_DEVELOPMENT_DATASET,PRIMARY_017432,D:\BTech Final Year Project\RiceLeafDiseaseBD A Field-Based Annotated Smartpho\RiceLeafDiseaseBD A Field-Based Annotated Smartpho\RiceLeafDiseaseBD\RiceLeafDiseaseBD\Annotated images ( visual with labels)\Sheath blight\labels\Sheath blight_520.txt,UNIQUE_GROUP_001557,False,calibration
Sheath blight_545.jpg,.jpg,Original images/Sheath blight/Sheath blight_545.jpg,332952,True,1024,1024,1.0,RGB,3,JPEG,68f811f7f8d177dfe8ef55d9d75f164df75cdfb11ca30ab4d76c5bf7539d557c,,Sheath blight,RiceLeafDiseaseBD,PRIMARY_DEVELOPMENT_DATASET,PRIMARY_017459,D:\BTech Final Year Project\RiceLeafDiseaseBD A Field-Based Annotated Smartpho\RiceLeafDiseaseBD A Field-Based Annotated Smartpho\RiceLeafDiseaseBD\RiceLeafDiseaseBD\Annotated images ( visual with labels)\Sheath blight\labels\Sheath blight_545.txt,UNIQUE_GROUP_007347,False,calibration
Sheath blight_553.jpg,.jpg,Original images/Sheath blight/Sheath blight_553.jpg,343435,True,1024,1024,1.0,RGB,3,JPEG,180066b0289130d04187f1f3da30964b7d19c34a54d40cecc514cd890c960087,,Sheath blight,RiceLeafDiseaseBD,PRIMARY_DEVELOPMENT_DATASET,PRIMARY_017468,D:\BTech Final Year Project\RiceLeafDiseaseBD A Field-Based Annotated Smartpho\RiceLeafDiseaseBD A Field-Based Annotated Smartpho\RiceLeafDiseaseBD\RiceLeafDiseaseBD\Annotated images ( visual with labels)\Sheath blight\labels\Sheath blight_553.txt,UNIQUE_GROUP_001636,False,calibration
Sheath blight_555.jpg,.jpg,Original images/Sheath blight/Sheath blight_555.jpg,364127,True,1024,1024,1.0,RGB,3,JPEG,d48550e38f56671d9aa59f125e5a4445a7b215283b9b0d2d877339cfa0b6448e,,Sheath blight,RiceLeafDiseaseBD,PRIMARY_DEVELOPMENT_DATASET,PRIMARY_017470,D:\BTech Final Year Project\RiceLeafDiseaseBD A Field-Based Annotated Smartpho\RiceLeafDiseaseBD A Field-Based Annotated Smartpho\RiceLeafDiseaseBD\RiceLeafDiseaseBD\Annotated images ( visual with labels)\Sheath blight\labels\Sheath blight_555.txt,UNIQUE_GROUP_014883,False,calibration
Sheath blight_559.jpg,.jpg,Original images/Sheath blight/Sheath blight_559.jpg,386330,True,1024,1024,1.0,RGB,3,JPEG,c784cbadae7234637bc45f50fa4db63959e742bc0f2bd7abbd2105e6c74b4464,,Sheath blight,RiceLeafDiseaseBD,PRIMARY_DEVELOPMENT_DATASET,PRIMARY_017474,D:\BTech Final Year Project\RiceLeafDiseaseBD A Field-Based Annotated Smartpho\RiceLeafDiseaseBD A Field-Based Annotated Smartpho\RiceLeafDiseaseBD\RiceLeafDiseaseBD\Annotated images ( visual with labels)\Sheath blight\labels\Sheath blight_559.txt,UNIQUE_GROUP_013961,False,calibration
Sheath blight_567.jpg,.jpg,Original images/Sheath blight/Sheath blight_567.jpg,335900,True,1024,1024,1.0,RGB,3,JPEG,1e70e2599ded95bc782151103d803981ae19ab54a14742e1a841e185d7f00044,,Sheath blight,RiceLeafDiseaseBD,PRIMARY_DEVELOPMENT_DATASET,PRIMARY_017483,D:\BTech Final Year Project\RiceLeafDiseaseBD A Field-Based Annotated Smartpho\RiceLeafDiseaseBD A Field-Based Annotated Smartpho\RiceLeafDiseaseBD\RiceLeafDiseaseBD\Annotated images ( visual with labels)\Sheath blight\labels\Sheath blight_567.txt,UNIQUE_GROUP_002125,False,calibration
Sheath blight_577.jpg,.jpg,Original images/Sheath blight/Sheath blight_577.jpg,325973,True,1024,1024,1.0,RGB,3,JPEG,930be89fad2e1cd2ec1b0e0a3df2958f45915d13481434d22fc80f944b532fa6,,Sheath blight,RiceLeafDiseaseBD,PRIMARY_DEVELOPMENT_DATASET,PRIMARY_017494,D:\BTech Final Year Project\RiceLeafDiseaseBD A Field-Based Annotated Smartpho\RiceLeafDiseaseBD A Field-Based Annotated Smartpho\RiceLeafDiseaseBD\RiceLeafDiseaseBD\Annotated images ( visual with labels)\Sheath blight\labels\Sheath blight_577.txt,UNIQUE_GROUP_010295,False,calibration
Sheath blight_584.jpg,.jpg,Original images/Sheath blight/Sheath blight_584.jpg,341957,True,1024,1024,1.0,RGB,3,JPEG,9d2ab074b5e4fdf25299fa17066f2c9f235fb0bf730bd86588b090d60d7b48e5,,Sheath blight,RiceLeafDiseaseBD,PRIMARY_DEVELOPMENT_DATASET,PRIMARY_017502,D:\BTech Final Year Project\RiceLeafDiseaseBD A Field-Based Annotated Smartpho\RiceLeafDiseaseBD A Field-Based Annotated Smartpho\RiceLeafDiseaseBD\RiceLeafDiseaseBD\Annotated images ( visual with labels)\Sheath blight\labels\Sheath blight_584.txt,UNIQUE_GROUP_011008,False,calibration
Sheath blight_59.jpg,.jpg,Original images/Sheath blight/Sheath blight_59.jpg,331320,True,1024,1024,1.0,RGB,3,JPEG,1b2361b91c2335ca1c1143f939ffc4b3e8dcd1d9cf8b25310b3bb7390153d7ef,,Sheath blight,RiceLeafDiseaseBD,PRIMARY_DEVELOPMENT_DATASET,PRIMARY_017508,D:\BTech Final Year Project\RiceLeafDiseaseBD A Field-Based Annotated Smartpho\RiceLeafDiseaseBD A Field-Based Annotated Smartpho\RiceLeafDiseaseBD\RiceLeafDiseaseBD\Annotated images ( visual with labels)\Sheath blight\labels\Sheath blight_59.txt,UNIQUE_GROUP_001900,False,calibration
Sheath blight_602.jpg,.jpg,Original images/Sheath blight/Sheath blight_602.jpg,351730,True,1024,1024,1.0,RGB,3,JPEG,511df09a69e348a07a848da7c8ff732f3f7b6611b6cf52e1973eee30d282b10c,,Sheath blight,RiceLeafDiseaseBD,PRIMARY_DEVELOPMENT_DATASET,PRIMARY_017523,D:\BTech Final Year Project\RiceLeafDiseaseBD A Field-Based Annotated Smartpho\RiceLeafDiseaseBD A Field-Based Annotated Smartpho\RiceLeafDiseaseBD\RiceLeafDiseaseBD\Annotated images ( visual with labels)\Sheath blight\labels\Sheath blight_602.txt,UNIQUE_GROUP_005666,False,calibration
Sheath blight_620.jpg,.jpg,Original images/Sheath blight/Sheath blight_620.jpg,382450,True,1024,1024,1.0,RGB,3,JPEG,709bdf29c9d90732443523d2d2846e8c1fb20300f01296623a984d117a48e3b5,,Sheath blight,RiceLeafDiseaseBD,PRIMARY_DEVELOPMENT_DATASET,PRIMARY_017543,D:\BTech Final Year Project\RiceLeafDiseaseBD A Field-Based Annotated Smartpho\RiceLeafDiseaseBD A Field-Based Annotated Smartpho\RiceLeafDiseaseBD\RiceLeafDiseaseBD\Annotated images ( visual with labels)\Sheath blight\labels\Sheath blight_620.txt,UNIQUE_GROUP_007856,False,calibration
Sheath blight_622.jpg,.jpg,Original images/Sheath blight/Sheath blight_622.jpg,339741,True,1024,1024,1.0,RGB,3,JPEG,f6c442e83e0b460436064da0e86ee2b208e5fba78cee3f8fa522fd945bdf011c,,Sheath blight,RiceLeafDiseaseBD,PRIMARY_DEVELOPMENT_DATASET,PRIMARY_017545,D:\BTech Final Year Project\RiceLeafDiseaseBD A Field-Based Annotated Smartpho\RiceLeafDiseaseBD A Field-Based Annotated Smartpho\RiceLeafDiseaseBD\RiceLeafDiseaseBD\Annotated images ( visual with labels)\Sheath blight\labels\Sheath blight_622.txt,UNIQUE_GROUP_017171,False,calibration
Sheath blight_636.jpg,.jpg,Original images/Sheath blight/Sheath blight_636.jpg,411021,True,1024,1024,1.0,RGB,3,JPEG,127800caf9907cf0f0e7836f877c74703b909558a448fea8f852bce1b6d099ca,,Sheath blight,RiceLeafDiseaseBD,PRIMARY_DEVELOPMENT_DATASET,PRIMARY_017560,D:\BTech Final Year Project\RiceLeafDiseaseBD A Field-Based Annotated Smartpho\RiceLeafDiseaseBD A Field-Based Annotated Smartpho\RiceLeafDiseaseBD\RiceLeafDiseaseBD\Annotated images ( visual with labels)\Sheath blight\labels\Sheath blight_636.txt,UNIQUE_GROUP_001274,False,calibration
Sheath blight_639.jpg,.jpg,Original images/Sheath blight/Sheath blight_639.jpg,322713,True,1024,1024,1.0,RGB,3,JPEG,9bf8c99c953a8c4af537dee8e6e92c79310bf61c706e038e8342b26359d57fc7,,Sheath blight,RiceLeafDiseaseBD,PRIMARY_DEVELOPMENT_DATASET,PRIMARY_017563,D:\BTech Final Year Project\RiceLeafDiseaseBD A Field-Based Annotated Smartpho\RiceLeafDiseaseBD A Field-Based Annotated Smartpho\RiceLeafDiseaseBD\RiceLeafDiseaseBD\Annotated images ( visual with labels)\Sheath blight\labels\Sheath blight_639.txt,UNIQUE_GROUP_010931,False,calibration
Sheath blight_66.jpg,.jpg,Original images/Sheath blight/Sheath blight_66.jpg,323436,True,1024,1024,1.0,RGB,3,JPEG,f3247f13e6fde74116aa3cac752b6f764163553cfc92a495fc7ac2d708be8cae,,Sheath blight,RiceLeafDiseaseBD,PRIMARY_DEVELOPMENT_DATASET,PRIMARY_017586,D:\BTech Final Year Project\RiceLeafDiseaseBD A Field-Based Annotated Smartpho\RiceLeafDiseaseBD A Field-Based Annotated Smartpho\RiceLeafDiseaseBD\RiceLeafDiseaseBD\Annotated images ( visual with labels)\Sheath blight\labels\Sheath blight_66.txt,UNIQUE_GROUP_016919,False,calibration
Sheath blight_661.jpg,.jpg,Original images/Sheath blight/Sheath blight_661.jpg,331465,True,1024,1024,1.0,RGB,3,JPEG,fd4602624977e8fb2cd3dd9039f55abf7f90f0fe03c035d99f179c3b7656a7f7,,Sheath blight,RiceLeafDiseaseBD,PRIMARY_DEVELOPMENT_DATASET,PRIMARY_017588,D:\BTech Final Year Project\RiceLeafDiseaseBD A Field-Based Annotated Smartpho\RiceLeafDiseaseBD A Field-Based Annotated Smartpho\RiceLeafDiseaseBD\RiceLeafDiseaseBD\Annotated images ( visual with labels)\Sheath blight\labels\Sheath blight_661.txt,UNIQUE_GROUP_017609,False,calibration
Sheath blight_682.jpg,.jpg,Original images/Sheath blight/Sheath blight_682.jpg,354777,True,1024,1024,1.0,RGB,3,JPEG,0ab2f122534b3a1749e263a388fab6c2f996af323bdd80cb7bd2911e93460752,,Sheath blight,RiceLeafDiseaseBD,PRIMARY_DEVELOPMENT_DATASET,PRIMARY_017611,D:\BTech Final Year Project\RiceLeafDiseaseBD A Field-Based Annotated Smartpho\RiceLeafDiseaseBD A Field-Based Annotated Smartpho\RiceLeafDiseaseBD\RiceLeafDiseaseBD\Annotated images ( visual with labels)\Sheath blight\labels\Sheath blight_682.txt,UNIQUE_GROUP_000727,False,calibration
Sheath blight_683.jpg,.jpg,Original images/Sheath blight/Sheath blight_683.jpg,336817,True,1024,1024,1.0,RGB,3,JPEG,efd987fba53fa74e337be10813f5e3ed3ebde43104fe589e56deafb564fd446d,,Sheath blight,RiceLeafDiseaseBD,PRIMARY_DEVELOPMENT_DATASET,PRIMARY_017612,D:\BTech Final Year Project\RiceLeafDiseaseBD A Field-Based Annotated Smartpho\RiceLeafDiseaseBD A Field-Based Annotated Smartpho\RiceLeafDiseaseBD\RiceLeafDiseaseBD\Annotated images ( visual with labels)\Sheath blight\labels\Sheath blight_683.txt,UNIQUE_GROUP_016711,False,calibration
Sheath blight_685.jpg,.jpg,Original images/Sheath blight/Sheath blight_685.jpg,328762,True,1024,1024,1.0,RGB,3,JPEG,fdf1536b42eb2e1d735eda0959e008c5be42f990b0ace6b622cf70570eedb58b,,Sheath blight,RiceLeafDiseaseBD,PRIMARY_DEVELOPMENT_DATASET,PRIMARY_017614,D:\BTech Final Year Project\RiceLeafDiseaseBD A Field-Based Annotated Smartpho\RiceLeafDiseaseBD A Field-Based Annotated Smartpho\RiceLeafDiseaseBD\RiceLeafDiseaseBD\Annotated images ( visual with labels)\Sheath blight\labels\Sheath blight_685.txt,UNIQUE_GROUP_017655,False,calibration
Sheath blight_700.jpg,.jpg,Original images/Sheath blight/Sheath blight_700.jpg,373705,True,1024,1024,1.0,RGB,3,JPEG,22a9ed050408008391edfbc86410c91846ce2f35b163ed7cc85bb31241b21322,,Sheath blight,RiceLeafDiseaseBD,PRIMARY_DEVELOPMENT_DATASET,PRIMARY_017632,D:\BTech Final Year Project\RiceLeafDiseaseBD A Field-Based Annotated Smartpho\RiceLeafDiseaseBD A Field-Based Annotated Smartpho\RiceLeafDiseaseBD\RiceLeafDiseaseBD\Annotated images ( visual with labels)\Sheath blight\labels\Sheath blight_700.txt,UNIQUE_GROUP_002432,False,calibration
Sheath blight_706.jpg,.jpg,Original images/Sheath blight/Sheath blight_706.jpg,387584,True,1024,1024,1.0,RGB,3,JPEG,b5a6d61df1023b49278e87478a96e3d9b5a2af67014c23bdff52475981139fe8,,Sheath blight,RiceLeafDiseaseBD,PRIMARY_DEVELOPMENT_DATASET,PRIMARY_017638,D:\BTech Final Year Project\RiceLeafDiseaseBD A Field-Based Annotated Smartpho\RiceLeafDiseaseBD A Field-Based Annotated Smartpho\RiceLeafDiseaseBD\RiceLeafDiseaseBD\Annotated images ( visual with labels)\Sheath blight\labels\Sheath blight_706.txt,UNIQUE_GROUP_012698,False,calibration
Sheath blight_719.jpg,.jpg,Original images/Sheath blight/Sheath blight_719.jpg,338619,True,1024,1024,1.0,RGB,3,JPEG,3f7d84b6dd4019fafe393eeaf93072f518d3cd9d158b7ca14e455a77819d6554,,Sheath blight,RiceLeafDiseaseBD,PRIMARY_DEVELOPMENT_DATASET,PRIMARY_017652,D:\BTech Final Year Project\RiceLeafDiseaseBD A Field-Based Annotated Smartpho\RiceLeafDiseaseBD A Field-Based Annotated Smartpho\RiceLeafDiseaseBD\RiceLeafDiseaseBD\Annotated images ( visual with labels)\Sheath blight\labels\Sheath blight_719.txt,UNIQUE_GROUP_004443,False,calibration
Sheath blight_720.jpg,.jpg,Original images/Sheath blight/Sheath blight_720.jpg,315556,True,1024,1024,1.0,RGB,3,JPEG,37a472f287563c3ec28b95da0530d6970cb9647189354c2e3d01680776746118,,Sheath blight,RiceLeafDiseaseBD,PRIMARY_DEVELOPMENT_DATASET,PRIMARY_017654,D:\BTech Final Year Project\RiceLeafDiseaseBD A Field-Based Annotated Smartpho\RiceLeafDiseaseBD A Field-Based Annotated Smartpho\RiceLeafDiseaseBD\RiceLeafDiseaseBD\Annotated images ( visual with labels)\Sheath blight\labels\Sheath blight_720.txt,UNIQUE_GROUP_003870,False,calibration
Sheath blight_730.jpg,.jpg,Original images/Sheath blight/Sheath blight_730.jpg,333228,True,1024,1024,1.0,RGB,3,JPEG,cd76d4b5adf6df988f38a48b062da33aaac58c2b60d592968be538da517c065a,,Sheath blight,RiceLeafDiseaseBD,PRIMARY_DEVELOPMENT_DATASET,PRIMARY_017665,D:\BTech Final Year Project\RiceLeafDiseaseBD A Field-Based Annotated Smartpho\RiceLeafDiseaseBD A Field-Based Annotated Smartpho\RiceLeafDiseaseBD\RiceLeafDiseaseBD\Annotated images ( visual with labels)\Sheath blight\labels\Sheath blight_730.txt,UNIQUE_GROUP_014382,False,calibration
Sheath blight_751.jpg,.jpg,Original images/Sheath blight/Sheath blight_751.jpg,326077,True,1024,1024,1.0,RGB,3,JPEG,887d9474e24bd287c0f8b880c2f299cb6907a0b8e8379993029a5c3db80f3a11,,Sheath blight,RiceLeafDiseaseBD,PRIMARY_DEVELOPMENT_DATASET,PRIMARY_017688,D:\BTech Final Year Project\RiceLeafDiseaseBD A Field-Based Annotated Smartpho\RiceLeafDiseaseBD A Field-Based Annotated Smartpho\RiceLeafDiseaseBD\RiceLeafDiseaseBD\Annotated images ( visual with labels)\Sheath blight\labels\Sheath blight_751.txt,UNIQUE_GROUP_009530,False,calibration
Sheath blight_79.jpg,.jpg,Original images/Sheath blight/Sheath blight_79.jpg,319129,True,1024,1024,1.0,RGB,3,JPEG,f5de1ebe6f25a098f7f8edb46f424a0966800138be5d13aa4368db8b6f1aaa7d,,Sheath blight,RiceLeafDiseaseBD,PRIMARY_DEVELOPMENT_DATASET,PRIMARY_017730,D:\BTech Final Year Project\RiceLeafDiseaseBD A Field-Based Annotated Smartpho\RiceLeafDiseaseBD A Field-Based Annotated Smartpho\RiceLeafDiseaseBD\RiceLeafDiseaseBD\Annotated images ( visual with labels)\Sheath blight\labels\Sheath blight_79.txt,UNIQUE_GROUP_017110,False,calibration
Sheath blight_791.jpg,.jpg,Original images/Sheath blight/Sheath blight_791.jpg,339103,True,1024,1024,1.0,RGB,3,JPEG,b8ace2647b38a3ddd48d58232ac56088382d9e3a525c0134a40326e20482fc25,,Sheath blight,RiceLeafDiseaseBD,PRIMARY_DEVELOPMENT_DATASET,PRIMARY_017732,D:\BTech Final Year Project\RiceLeafDiseaseBD A Field-Based Annotated Smartpho\RiceLeafDiseaseBD A Field-Based Annotated Smartpho\RiceLeafDiseaseBD\RiceLeafDiseaseBD\Annotated images ( visual with labels)\Sheath blight\labels\Sheath blight_791.txt,UNIQUE_GROUP_012904,False,calibration
Sheath blight_793.jpg,.jpg,Original images/Sheath blight/Sheath blight_793.jpg,336731,True,1024,1024,1.0,RGB,3,JPEG,692f15c392e9ac1cf61418a07d21b7e76e6974855e27eb46185d438c7cfc8772,,Sheath blight,RiceLeafDiseaseBD,PRIMARY_DEVELOPMENT_DATASET,PRIMARY_017734,D:\BTech Final Year Project\RiceLeafDiseaseBD A Field-Based Annotated Smartpho\RiceLeafDiseaseBD A Field-Based Annotated Smartpho\RiceLeafDiseaseBD\RiceLeafDiseaseBD\Annotated images ( visual with labels)\Sheath blight\labels\Sheath blight_793.txt,UNIQUE_GROUP_007360,False,calibration
Sheath blight_805.jpg,.jpg,Original images/Sheath blight/Sheath blight_805.jpg,321251,True,1024,1024,1.0,RGB,3,JPEG,3544513aa725c05dafbcf74d1934e0fc5f054605b656be02e6bd40fd9c01eac4,,Sheath blight,RiceLeafDiseaseBD,PRIMARY_DEVELOPMENT_DATASET,PRIMARY_017748,D:\BTech Final Year Project\RiceLeafDiseaseBD A Field-Based Annotated Smartpho\RiceLeafDiseaseBD A Field-Based Annotated Smartpho\RiceLeafDiseaseBD\RiceLeafDiseaseBD\Annotated images ( visual with labels)\Sheath blight\labels\Sheath blight_805.txt,UNIQUE_GROUP_003717,False,calibration
Sheath blight_807.jpg,.jpg,Original images/Sheath blight/Sheath blight_807.jpg,372684,True,1024,1024,1.0,RGB,3,JPEG,d20df1a08ca91ab45a936b3fc301bb58d1a91e30a49ade7e9de0ff6fc6bdbf1d,,Sheath blight,RiceLeafDiseaseBD,PRIMARY_DEVELOPMENT_DATASET,PRIMARY_017750,D:\BTech Final Year Project\RiceLeafDiseaseBD A Field-Based Annotated Smartpho\RiceLeafDiseaseBD A Field-Based Annotated Smartpho\RiceLeafDiseaseBD\RiceLeafDiseaseBD\Annotated images ( visual with labels)\Sheath blight\labels\Sheath blight_807.txt,UNIQUE_GROUP_014711,False,calibration
Sheath blight_813.jpg,.jpg,Original images/Sheath blight/Sheath blight_813.jpg,358916,True,1024,1024,1.0,RGB,3,JPEG,ffba5eaedd3cafb6dd012b3fd71bfb5381c7de4a3be84ee04ceae4362ebbecbc,,Sheath blight,RiceLeafDiseaseBD,PRIMARY_DEVELOPMENT_DATASET,PRIMARY_017757,D:\BTech Final Year Project\RiceLeafDiseaseBD A Field-Based Annotated Smartpho\RiceLeafDiseaseBD A Field-Based Annotated Smartpho\RiceLeafDiseaseBD\RiceLeafDiseaseBD\Annotated images ( visual with labels)\Sheath blight\labels\Sheath blight_813.txt,UNIQUE_GROUP_017785,False,calibration
Sheath blight_823.jpg,.jpg,Original images/Sheath blight/Sheath blight_823.jpg,324304,True,1024,1024,1.0,RGB,3,JPEG,f6636e79edf477995b15cbd9504282216b45c177fcb157c0fcb3d04b3deaa72e,,Sheath blight,RiceLeafDiseaseBD,PRIMARY_DEVELOPMENT_DATASET,PRIMARY_017768,D:\BTech Final Year Project\RiceLeafDiseaseBD A Field-Based Annotated Smartpho\RiceLeafDiseaseBD A Field-Based Annotated Smartpho\RiceLeafDiseaseBD\RiceLeafDiseaseBD\Annotated images ( visual with labels)\Sheath blight\labels\Sheath blight_823.txt,UNIQUE_GROUP_017142,False,calibration
Sheath blight_828.jpg,.jpg,Original images/Sheath blight/Sheath blight_828.jpg,360012,True,1024,1024,1.0,RGB,3,JPEG,502a09a7dae6a11bd790dc0d491212884aac1c3dfe7322fb44ec115b4ff33ffb,,Sheath blight,RiceLeafDiseaseBD,PRIMARY_DEVELOPMENT_DATASET,PRIMARY_017773,D:\BTech Final Year Project\RiceLeafDiseaseBD A Field-Based Annotated Smartpho\RiceLeafDiseaseBD A Field-Based Annotated Smartpho\RiceLeafDiseaseBD\RiceLeafDiseaseBD\Annotated images ( visual with labels)\Sheath blight\labels\Sheath blight_828.txt,UNIQUE_GROUP_005598,False,calibration
Sheath blight_831.jpg,.jpg,Original images/Sheath blight/Sheath blight_831.jpg,341686,True,1024,1024,1.0,RGB,3,JPEG,e20d8eedf7cb0df3f8b85154f60885f0a68263528d6f9b92cb59a708bd108f51,,Sheath blight,RiceLeafDiseaseBD,PRIMARY_DEVELOPMENT_DATASET,PRIMARY_017777,D:\BTech Final Year Project\RiceLeafDiseaseBD A Field-Based Annotated Smartpho\RiceLeafDiseaseBD A Field-Based Annotated Smartpho\RiceLeafDiseaseBD\RiceLeafDiseaseBD\Annotated images ( visual with labels)\Sheath blight\labels\Sheath blight_831.txt,UNIQUE_GROUP_015790,False,calibration
Sheath blight_864.jpg,.jpg,Original images/Sheath blight/Sheath blight_864.jpg,305474,True,1024,1024,1.0,RGB,3,JPEG,2bdf9c2280ee4ad75bf42c0d8c683f6de42041f66eed42baa2932c7c87e8a1e0,,Sheath blight,RiceLeafDiseaseBD,PRIMARY_DEVELOPMENT_DATASET,PRIMARY_017813,D:\BTech Final Year Project\RiceLeafDiseaseBD A Field-Based Annotated Smartpho\RiceLeafDiseaseBD A Field-Based Annotated Smartpho\RiceLeafDiseaseBD\RiceLeafDiseaseBD\Annotated images ( visual with labels)\Sheath blight\labels\Sheath blight_864.txt,UNIQUE_GROUP_003066,False,calibration
Sheath blight_869.jpg,.jpg,Original images/Sheath blight/Sheath blight_869.jpg,363140,True,1024,1024,1.0,RGB,3,JPEG,641f38686d1eaa41e98a8a51c42c72270515c6714ab0ae55e82b80177439ac2a,,Sheath blight,RiceLeafDiseaseBD,PRIMARY_DEVELOPMENT_DATASET,PRIMARY_017818,D:\BTech Final Year Project\RiceLeafDiseaseBD A Field-Based Annotated Smartpho\RiceLeafDiseaseBD A Field-Based Annotated Smartpho\RiceLeafDiseaseBD\RiceLeafDiseaseBD\Annotated images ( visual with labels)\Sheath blight\labels\Sheath blight_869.txt,UNIQUE_GROUP_007021,False,calibration
Sheath blight_872.jpg,.jpg,Original images/Sheath blight/Sheath blight_872.jpg,371122,True,1024,1024,1.0,RGB,3,JPEG,f24c7d09da64f3d9d57c2d551cb9683ca05b4368e18021aae6735623cb936783,,Sheath blight,RiceLeafDiseaseBD,PRIMARY_DEVELOPMENT_DATASET,PRIMARY_017822,D:\BTech Final Year Project\RiceLeafDiseaseBD A Field-Based Annotated Smartpho\RiceLeafDiseaseBD A Field-Based Annotated Smartpho\RiceLeafDiseaseBD\RiceLeafDiseaseBD\Annotated images ( visual with labels)\Sheath blight\labels\Sheath blight_872.txt,UNIQUE_GROUP_016871,False,calibration
Sheath blight_879.jpg,.jpg,Original images/Sheath blight/Sheath blight_879.jpg,299963,True,1024,1024,1.0,RGB,3,JPEG,67a59b070a8e91e33544dca826a5248670255a3a98f19f0b32d08e3cde70aa7f,,Sheath blight,RiceLeafDiseaseBD,PRIMARY_DEVELOPMENT_DATASET,PRIMARY_017829,D:\BTech Final Year Project\RiceLeafDiseaseBD A Field-Based Annotated Smartpho\RiceLeafDiseaseBD A Field-Based Annotated Smartpho\RiceLeafDiseaseBD\RiceLeafDiseaseBD\Annotated images ( visual with labels)\Sheath blight\labels\Sheath blight_879.txt,UNIQUE_GROUP_007256,False,calibration
Sheath blight_880.jpg,.jpg,Original images/Sheath blight/Sheath blight_880.jpg,305065,True,1024,1024,1.0,RGB,3,JPEG,0f39b5fd88a5f2eb3dc6dec89611ef8756e1bca7accea9ef6be3e2b7d4bb7ce7,,Sheath blight,RiceLeafDiseaseBD,PRIMARY_DEVELOPMENT_DATASET,PRIMARY_017831,D:\BTech Final Year Project\RiceLeafDiseaseBD A Field-Based Annotated Smartpho\RiceLeafDiseaseBD A Field-Based Annotated Smartpho\RiceLeafDiseaseBD\RiceLeafDiseaseBD\Annotated images ( visual with labels)\Sheath blight\labels\Sheath blight_880.txt,UNIQUE_GROUP_001053,False,calibration
Sheath blight_888.jpg,.jpg,Original images/Sheath blight/Sheath blight_888.jpg,347684,True,1024,1024,1.0,RGB,3,JPEG,27485f8c32de17a415a9f7a6bce9a28a46fbb04e4df9fc5e9491761bdb02d48b,,Sheath blight,RiceLeafDiseaseBD,PRIMARY_DEVELOPMENT_DATASET,PRIMARY_017839,D:\BTech Final Year Project\RiceLeafDiseaseBD A Field-Based Annotated Smartpho\RiceLeafDiseaseBD A Field-Based Annotated Smartpho\RiceLeafDiseaseBD\RiceLeafDiseaseBD\Annotated images ( visual with labels)\Sheath blight\labels\Sheath blight_888.txt,UNIQUE_GROUP_002750,False,calibration
Sheath blight_90.jpg,.jpg,Original images/Sheath blight/Sheath blight_90.jpg,339418,True,1024,1024,1.0,RGB,3,JPEG,81745ca4402b5231d5a026620812dbccb215a756cb304d8c81702a59ed268967,,Sheath blight,RiceLeafDiseaseBD,PRIMARY_DEVELOPMENT_DATASET,PRIMARY_017853,D:\BTech Final Year Project\RiceLeafDiseaseBD A Field-Based Annotated Smartpho\RiceLeafDiseaseBD A Field-Based Annotated Smartpho\RiceLeafDiseaseBD\RiceLeafDiseaseBD\Annotated images ( visual with labels)\Sheath blight\labels\Sheath blight_90.txt,UNIQUE_GROUP_009045,False,calibration
Sheath blight_904.jpg,.jpg,Original images/Sheath blight/Sheath blight_904.jpg,386025,True,1024,1024,1.0,RGB,3,JPEG,1a4bca498b321cab102bebe2cd8d10f2499bd8400061393aa55fda2b8ea32ef2,,Sheath blight,RiceLeafDiseaseBD,PRIMARY_DEVELOPMENT_DATASET,PRIMARY_017858,D:\BTech Final Year Project\RiceLeafDiseaseBD A Field-Based Annotated Smartpho\RiceLeafDiseaseBD A Field-Based Annotated Smartpho\RiceLeafDiseaseBD\RiceLeafDiseaseBD\Annotated images ( visual with labels)\Sheath blight\labels\Sheath blight_904.txt,UNIQUE_GROUP_001818,False,calibration
Sheath blight_909.jpg,.jpg,Original images/Sheath blight/Sheath blight_909.jpg,341856,True,1024,1024,1.0,RGB,3,JPEG,d479721c0bd4536d87c09d1043a303f602029085f3e9c25b02c7debb31738ae2,,Sheath blight,RiceLeafDiseaseBD,PRIMARY_DEVELOPMENT_DATASET,PRIMARY_017863,D:\BTech Final Year Project\RiceLeafDiseaseBD A Field-Based Annotated Smartpho\RiceLeafDiseaseBD A Field-Based Annotated Smartpho\RiceLeafDiseaseBD\RiceLeafDiseaseBD\Annotated images ( visual with labels)\Sheath blight\labels\Sheath blight_909.txt,UNIQUE_GROUP_014878,False,calibration
Sheath blight_923.jpg,.jpg,Original images/Sheath blight/Sheath blight_923.jpg,327547,True,1024,1024,1.0,RGB,3,JPEG,314046dd937456d6cc886ed13628766996eb2ee5a0594a89a499c7cf8ba17be8,,Sheath blight,RiceLeafDiseaseBD,PRIMARY_DEVELOPMENT_DATASET,PRIMARY_017879,D:\BTech Final Year Project\RiceLeafDiseaseBD A Field-Based Annotated Smartpho\RiceLeafDiseaseBD A Field-Based Annotated Smartpho\RiceLeafDiseaseBD\RiceLeafDiseaseBD\Annotated images ( visual with labels)\Sheath blight\labels\Sheath blight_923.txt,UNIQUE_GROUP_003445,False,calibration
Sheath blight_932.jpg,.jpg,Original images/Sheath blight/Sheath blight_932.jpg,360900,True,1024,1024,1.0,RGB,3,JPEG,6c64c42d6890b9c5d7498ceb0fd580f80f4a9abd7609db378ae3877dd782a1c7,,Sheath blight,RiceLeafDiseaseBD,PRIMARY_DEVELOPMENT_DATASET,PRIMARY_017889,D:\BTech Final Year Project\RiceLeafDiseaseBD A Field-Based Annotated Smartpho\RiceLeafDiseaseBD A Field-Based Annotated Smartpho\RiceLeafDiseaseBD\RiceLeafDiseaseBD\Annotated images ( visual with labels)\Sheath blight\labels\Sheath blight_932.txt,UNIQUE_GROUP_007555,False,calibration
Sheath blight_94.jpg,.jpg,Original images/Sheath blight/Sheath blight_94.jpg,378252,True,1024,1024,1.0,RGB,3,JPEG,b09575cefc4f712eab5b277040193518a751da53fabb24aa3971d014547ee154,,Sheath blight,RiceLeafDiseaseBD,PRIMARY_DEVELOPMENT_DATASET,PRIMARY_017897,D:\BTech Final Year Project\RiceLeafDiseaseBD A Field-Based Annotated Smartpho\RiceLeafDiseaseBD A Field-Based Annotated Smartpho\RiceLeafDiseaseBD\RiceLeafDiseaseBD\Annotated images ( visual with labels)\Sheath blight\labels\Sheath blight_94.txt,UNIQUE_GROUP_012350,False,calibration
Sheath blight_941.jpg,.jpg,Original images/Sheath blight/Sheath blight_941.jpg,369668,True,1024,1024,1.0,RGB,3,JPEG,1f50c53dd41a259e316df1040dde13aa90553e9d45914368f5c37712ee190e75,,Sheath blight,RiceLeafDiseaseBD,PRIMARY_DEVELOPMENT_DATASET,PRIMARY_017899,D:\BTech Final Year Project\RiceLeafDiseaseBD A Field-Based Annotated Smartpho\RiceLeafDiseaseBD A Field-Based Annotated Smartpho\RiceLeafDiseaseBD\RiceLeafDiseaseBD\Annotated images ( visual with labels)\Sheath blight\labels\Sheath blight_941.txt,UNIQUE_GROUP_002189,False,calibration
Sheath blight_943.jpg,.jpg,Original images/Sheath blight/Sheath blight_943.jpg,400858,True,1024,1024,1.0,RGB,3,JPEG,4751ebc57234b3a52075f25982a6555f9f7ed35d560ffd03b8de083430bbaff6,,Sheath blight,RiceLeafDiseaseBD,PRIMARY_DEVELOPMENT_DATASET,PRIMARY_017901,D:\BTech Final Year Project\RiceLeafDiseaseBD A Field-Based Annotated Smartpho\RiceLeafDiseaseBD A Field-Based Annotated Smartpho\RiceLeafDiseaseBD\RiceLeafDiseaseBD\Annotated images ( visual with labels)\Sheath blight\labels\Sheath blight_943.txt,UNIQUE_GROUP_004964,False,calibration
Sheath blight_945.jpg,.jpg,Original images/Sheath blight/Sheath blight_945.jpg,376691,True,1024,1024,1.0,RGB,3,JPEG,86cfbab5a46bee843471312a8e778d1b686f67cf0987eeebc93ad00167b038be,,Sheath blight,RiceLeafDiseaseBD,PRIMARY_DEVELOPMENT_DATASET,PRIMARY_017903,D:\BTech Final Year Project\RiceLeafDiseaseBD A Field-Based Annotated Smartpho\RiceLeafDiseaseBD A Field-Based Annotated Smartpho\RiceLeafDiseaseBD\RiceLeafDiseaseBD\Annotated images ( visual with labels)\Sheath blight\labels\Sheath blight_945.txt,UNIQUE_GROUP_009411,False,calibration
Sheath blight_956.jpg,.jpg,Original images/Sheath blight/Sheath blight_956.jpg,331980,True,1024,1024,1.0,RGB,3,JPEG,883e850310829724e05e8eb17e45d679ceca3f03b5df563f2a82d474a00f4c96,,Sheath blight,RiceLeafDiseaseBD,PRIMARY_DEVELOPMENT_DATASET,PRIMARY_017915,D:\BTech Final Year Project\RiceLeafDiseaseBD A Field-Based Annotated Smartpho\RiceLeafDiseaseBD A Field-Based Annotated Smartpho\RiceLeafDiseaseBD\RiceLeafDiseaseBD\Annotated images ( visual with labels)\Sheath blight\labels\Sheath blight_956.txt,UNIQUE_GROUP_009509,False,calibration
Sheath blight_959.jpg,.jpg,Original images/Sheath blight/Sheath blight_959.jpg,334408,True,1024,1024,1.0,RGB,3,JPEG,1d0e9bac9c7e0a09e825d0d12f30e8c898fa002cc7a7560d4161b9e4fd7a58a5,,Sheath blight,RiceLeafDiseaseBD,PRIMARY_DEVELOPMENT_DATASET,PRIMARY_017918,D:\BTech Final Year Project\RiceLeafDiseaseBD A Field-Based Annotated Smartpho\RiceLeafDiseaseBD A Field-Based Annotated Smartpho\RiceLeafDiseaseBD\RiceLeafDiseaseBD\Annotated images ( visual with labels)\Sheath blight\labels\Sheath blight_959.txt,UNIQUE_GROUP_002022,False,calibration
Sheath blight_987.jpg,.jpg,Original images/Sheath blight/Sheath blight_987.jpg,339160,True,1024,1024,1.0,RGB,3,JPEG,e4fa7f3bab990dc59333dcab9f4800b72c798e2213c6ded01f31a2ffafc29d42,,Sheath blight,RiceLeafDiseaseBD,PRIMARY_DEVELOPMENT_DATASET,PRIMARY_017949,D:\BTech Final Year Project\RiceLeafDiseaseBD A Field-Based Annotated Smartpho\RiceLeafDiseaseBD A Field-Based Annotated Smartpho\RiceLeafDiseaseBD\RiceLeafDiseaseBD\Annotated images ( visual with labels)\Sheath blight\labels\Sheath blight_987.txt,UNIQUE_GROUP_015973,False,calibration
Sheath blight_994.jpg,.jpg,Original images/Sheath blight/Sheath blight_994.jpg,331152,True,1024,1024,1.0,RGB,3,JPEG,78da19be83966b7c481b0d0579ebc5e98f79001e156f8bc499a7386abd526cb7,,Sheath blight,RiceLeafDiseaseBD,PRIMARY_DEVELOPMENT_DATASET,PRIMARY_017957,D:\BTech Final Year Project\RiceLeafDiseaseBD A Field-Based Annotated Smartpho\RiceLeafDiseaseBD A Field-Based Annotated Smartpho\RiceLeafDiseaseBD\RiceLeafDiseaseBD\Annotated images ( visual with labels)\Sheath blight\labels\Sheath blight_994.txt,UNIQUE_GROUP_008421,False,calibration
